timestamp,field_id,crop_type,growth_stage,soil_moisture_pct,temperature_c,humidity_pct,rainfall_mm,wind_speed_mps,solar_radiation_wm2,days_since_irrigation,irrigation_needed,water_quantity_liters
2024-01-01 00:00:00,north,tomato,flowering,53.89,9.97,77.34,0.0,1.7,0.0,1,0,0.0
2024-01-01 01:00:00,west,lettuce,flowering,51.83,11.37,75.78,0.0,1.2,0.0,1,0,0.0
2024-01-01 02:00:00,east,cotton,vegetative,47.8,10.69,75.65,0.0,1.88,19.86,1,0,0.0
2024-01-01 03:00:00,south,cotton,vegetative,61.26,12.49,80.17,0.0,2.45,33.27,2,0,0.0
2024-01-01 04:00:00,south,tomato,flowering,54.19,11.53,77.35,0.0,2.58,48.29,2,0,0.0
2024-01-01 05:00:00,west,tomato,flowering,61.34,12.63,70.4,0.0,2.93,0.0,2,0,0.0
2024-01-01 06:00:00,north,cotton,maturity,47.67,13.5,69.36,0.0,2.68,0.0,1,0,0.0
2024-01-01 07:00:00,east,cotton,maturity,57.42,15.07,75.69,0.0,3.18,91.46,0,0,0.0
2024-01-01 08:00:00,north,maize,flowering,47.67,15.38,76.29,0.0,2.07,277.14,1,0,0.0
2024-01-01 09:00:00,north,lettuce,flowering,67.09,15.62,70.91,0.0,4.89,434.98,1,0,0.0
2024-01-01 10:00:00,east,maize,flowering,46.2,18.31,63.03,0.0,1.81,593.19,2,0,0.0
2024-01-01 11:00:00,west,maize,flowering,63.82,20.61,77.87,0.0,4.02,611.02,0,0,0.0
2024-01-01 12:00:00,east,tomato,emergence,54.72,19.83,77.0,0.0,1.68,639.89,0,0,0.0
2024-01-01 13:00:00,west,tomato,flowering,53.89,19.13,56.39,0.0,0.69,638.35,1,0,0.0
2024-01-01 14:00:00,east,tomato,flowering,57.74,19.99,78.98,0.0,0.4,539.45,0,0,0.0
2024-01-01 15:00:00,west,cotton,flowering,50.08,16.96,70.57,0.0,2.76,389.81,1,0,0.0
2024-01-01 16:00:00,east,tomato,maturity,58.69,19.43,71.38,0.0,3.79,298.89,0,0,0.0
2024-01-01 17:00:00,north,tomato,flowering,59.04,18.41,78.84,0.0,1.02,164.01,2,0,0.0
2024-01-01 18:00:00,west,maize,vegetative,54.79,16.78,83.75,0.0,1.35,16.4,0,0,0.0
2024-01-01 19:00:00,south,tomato,emergence,55.97,16.08,79.75,0.0,2.86,0.0,1,0,0.0
2024-01-01 20:00:00,east,tomato,emergence,64.35,15.56,74.84,0.0,2.4,15.81,0,0,0.0
2024-01-01 21:00:00,south,lettuce,vegetative,57.94,16.63,62.67,0.0,1.7,32.36,1,0,0.0
2024-01-01 22:00:00,north,maize,flowering,50.76,15.82,58.76,0.0,0.86,39.22,2,0,0.0
2024-01-01 23:00:00,west,lettuce,vegetative,58.41,11.96,82.18,0.0,2.77,6.03,0,0,0.0
2024-01-02 00:00:00,west,cotton,vegetative,51.95,11.97,85.42,0.0,3.18,0.0,2,0,0.0
2024-01-02 01:00:00,east,tomato,vegetative,68.27,11.6,70.61,9.61,2.99,0.0,0,0,0.0
2024-01-02 02:00:00,south,cotton,maturity,57.17,13.42,72.97,0.0,2.43,0.0,2,0,0.0
2024-01-02 03:00:00,west,cotton,flowering,51.47,12.56,71.65,1.07,1.13,0.0,1,0,0.0
2024-01-02 04:00:00,east,cotton,vegetative,54.81,12.88,71.21,0.0,2.78,3.48,2,0,0.0
2024-01-02 05:00:00,south,lettuce,vegetative,57.93,14.18,81.78,0.0,2.69,66.06,0,0,0.0
2024-01-02 06:00:00,south,lettuce,emergence,64.1,13.31,76.48,0.0,0.82,7.42,2,0,0.0
2024-01-02 07:00:00,north,lettuce,emergence,57.73,17.22,70.22,0.0,2.04,165.29,1,0,0.0
2024-01-02 08:00:00,north,lettuce,vegetative,47.17,16.2,91.24,0.0,2.84,358.67,0,0,0.0
2024-01-02 09:00:00,east,tomato,emergence,47.94,15.96,62.79,0.0,2.31,430.62,2,0,0.0
2024-01-02 10:00:00,west,cotton,vegetative,63.12,17.86,75.15,0.0,0.05,599.39,1,0,0.0
2024-01-02 11:00:00,north,lettuce,maturity,60.03,20.88,61.55,4.85,1.63,661.73,2,0,0.0
2024-01-02 12:00:00,west,lettuce,flowering,46.88,19.03,69.27,0.0,1.55,652.06,0,0,0.0
2024-01-02 13:00:00,west,maize,maturity,66.22,21.5,69.44,9.33,3.07,701.13,0,0,0.0
2024-01-02 14:00:00,south,tomato,vegetative,58.4,19.27,76.1,0.0,5.52,601.95,2,0,0.0
2024-01-02 15:00:00,east,maize,vegetative,54.98,18.92,68.63,0.0,2.56,461.21,1,0,0.0
2024-01-02 16:00:00,north,maize,maturity,57.64,20.66,66.5,0.0,0.96,319.97,0,0,0.0
2024-01-02 17:00:00,west,maize,vegetative,54.22,17.72,69.47,0.0,2.21,153.12,2,0,0.0
2024-01-02 18:00:00,east,maize,flowering,48.86,19.44,62.49,0.0,2.41,0.0,0,0,0.0
2024-01-02 19:00:00,south,tomato,maturity,45.42,17.77,75.81,0.0,3.31,0.0,0,0,0.0
2024-01-02 20:00:00,north,maize,flowering,50.17,14.9,75.65,0.0,3.89,0.0,1,0,0.0
2024-01-02 21:00:00,west,maize,vegetative,54.93,15.06,76.59,0.0,4.07,0.0,0,0,0.0
2024-01-02 22:00:00,south,cotton,flowering,56.02,13.38,74.41,4.24,3.04,0.0,2,0,0.0
2024-01-02 23:00:00,west,tomato,emergence,59.21,13.9,73.13,0.0,2.4,0.0,1,0,0.0
2024-01-03 00:00:00,east,maize,emergence,49.28,15.61,81.34,0.0,4.18,0.0,2,0,0.0
2024-01-03 01:00:00,west,maize,emergence,52.92,11.82,83.3,3.84,1.98,14.51,1,0,0.0
2024-01-03 02:00:00,west,maize,maturity,54.25,13.04,85.07,0.0,2.47,2.8,0,0,0.0
2024-01-03 03:00:00,north,maize,flowering,58.04,12.41,78.28,0.0,2.11,0.0,1,0,0.0
2024-01-03 04:00:00,south,lettuce,vegetative,61.68,12.81,84.82,0.0,0.0,31.02,1,0,0.0
2024-01-03 05:00:00,south,cotton,vegetative,46.15,13.16,72.16,0.0,3.93,0.0,2,0,0.0
2024-01-03 06:00:00,south,maize,flowering,61.31,12.95,73.83,0.0,3.21,0.0,0,0,0.0
2024-01-03 07:00:00,north,lettuce,maturity,55.1,15.71,81.4,0.0,0.0,116.39,2,0,0.0
2024-01-03 08:00:00,east,tomato,vegetative,51.05,15.81,78.86,0.0,3.6,360.81,1,0,0.0
2024-01-03 09:00:00,north,tomato,vegetative,57.55,15.92,70.83,0.0,2.04,480.81,2,0,0.0
2024-01-03 10:00:00,east,maize,maturity,60.91,19.76,62.47,0.0,3.59,609.45,1,0,0.0
2024-01-03 11:00:00,east,tomato,maturity,45.72,19.22,68.8,0.0,2.49,683.24,2,0,0.0
2024-01-03 12:00:00,west,lettuce,maturity,51.95,19.36,65.32,0.0,0.77,635.15,1,0,0.0
2024-01-03 13:00:00,east,lettuce,vegetative,51.36,22.11,79.98,0.0,2.43,602.96,0,0,0.0
2024-01-03 14:00:00,south,lettuce,vegetative,57.2,17.49,76.93,0.0,1.32,500.08,0,0,0.0
2024-01-03 15:00:00,west,maize,vegetative,61.36,22.01,62.63,0.0,0.93,421.19,0,0,0.0
2024-01-03 16:00:00,south,lettuce,vegetative,54.41,18.38,63.58,0.0,3.44,313.63,1,0,0.0
2024-01-03 17:00:00,south,maize,maturity,52.56,19.39,64.64,0.0,2.87,96.1,2,0,0.0
2024-01-03 18:00:00,west,tomato,emergence,56.24,17.36,67.8,0.0,4.2,0.0,1,0,0.0
2024-01-03 19:00:00,south,tomato,flowering,52.82,15.89,71.72,0.0,1.93,0.0,2,0,0.0
2024-01-03 20:00:00,north,lettuce,maturity,43.13,18.21,78.83,0.0,1.24,31.27,1,0,0.0
2024-01-03 21:00:00,south,cotton,maturity,56.55,17.99,64.44,0.0,3.17,0.0,2,0,0.0
2024-01-03 22:00:00,west,tomato,flowering,58.88,13.91,90.5,0.0,1.4,4.48,0,0,0.0
2024-01-03 23:00:00,north,lettuce,maturity,59.3,13.91,67.87,0.0,2.03,65.23,0,0,0.0
2024-01-04 00:00:00,south,lettuce,emergence,48.14,12.9,65.42,0.0,3.03,0.0,2,0,0.0
2024-01-04 01:00:00,north,cotton,vegetative,56.94,15.01,85.41,0.0,2.25,38.01,0,0,0.0
2024-01-04 02:00:00,east,maize,emergence,61.55,9.1,87.57,0.0,1.81,13.33,2,0,0.0
2024-01-04 03:00:00,south,lettuce,maturity,66.53,12.98,73.94,0.0,0.72,44.33,2,0,0.0
2024-01-04 04:00:00,south,lettuce,maturity,56.25,11.72,78.89,0.0,3.52,33.84,0,0,0.0
2024-01-04 05:00:00,north,cotton,emergence,58.76,9.91,80.52,0.0,1.96,0.0,0,0,0.0
2024-01-04 06:00:00,east,tomato,emergence,48.87,13.73,75.57,0.0,3.14,0.06,2,0,0.0
2024-01-04 07:00:00,east,cotton,vegetative,48.2,18.01,62.12,0.0,2.98,117.11,2,0,0.0
2024-01-04 08:00:00,west,tomato,vegetative,58.74,15.29,55.99,0.0,3.71,306.7,1,0,0.0
2024-01-04 09:00:00,south,cotton,maturity,53.18,18.5,64.89,5.32,2.12,460.64,1,0,0.0
2024-01-04 10:00:00,north,tomato,vegetative,54.55,20.07,82.26,0.0,1.98,573.54,1,0,0.0
2024-01-04 11:00:00,west,tomato,maturity,62.89,19.08,83.32,1.1,1.07,655.48,2,0,0.0
2024-01-04 12:00:00,east,tomato,flowering,57.3,19.92,67.83,0.0,1.75,705.4,1,0,0.0
2024-01-04 13:00:00,east,maize,vegetative,57.26,17.56,64.84,0.0,2.81,612.61,0,0,0.0
2024-01-04 14:00:00,north,maize,vegetative,75.42,19.2,72.19,12.2,1.42,602.98,2,0,0.0
2024-01-04 15:00:00,south,tomato,maturity,51.65,21.5,71.47,0.0,2.78,468.98,2,0,0.0
2024-01-04 16:00:00,west,maize,flowering,64.45,19.83,73.94,0.0,4.16,279.24,0,0,0.0
2024-01-04 17:00:00,west,maize,vegetative,59.83,19.65,52.19,0.0,1.87,162.97,1,0,0.0
2024-01-04 18:00:00,south,lettuce,vegetative,57.88,18.47,92.93,0.0,0.82,4.06,1,0,0.0
2024-01-04 19:00:00,west,cotton,maturity,53.77,20.6,77.05,0.0,1.9,0.0,2,0,0.0
2024-01-04 20:00:00,west,lettuce,maturity,56.26,15.63,71.71,3.09,0.69,0.0,1,0,0.0
2024-01-04 21:00:00,south,tomato,maturity,59.0,17.65,66.45,0.0,4.0,0.0,0,0,0.0
2024-01-04 22:00:00,west,maize,flowering,52.06,14.47,80.93,0.0,2.5,0.0,1,0,0.0
2024-01-04 23:00:00,south,cotton,maturity,53.97,15.99,76.28,0.0,1.53,0.0,0,0,0.0
2024-01-05 00:00:00,north,tomato,vegetative,56.64,11.01,77.44,0.0,1.73,43.06,1,0,0.0
2024-01-05 01:00:00,east,maize,flowering,54.59,12.72,78.63,0.0,0.98,0.0,0,0,0.0
2024-01-05 02:00:00,east,cotton,vegetative,61.28,11.72,75.43,0.0,3.61,3.89,2,0,0.0
2024-01-05 03:00:00,north,cotton,flowering,46.92,12.66,78.29,0.0,4.6,18.49,2,0,0.0
2024-01-05 04:00:00,west,maize,maturity,53.84,14.68,78.94,0.0,0.61,0.0,2,0,0.0
2024-01-05 05:00:00,north,lettuce,maturity,64.18,14.05,76.76,0.0,3.65,0.0,0,0,0.0
2024-01-05 06:00:00,west,maize,flowering,57.96,16.14,74.72,0.0,2.1,0.0,1,0,0.0
2024-01-05 07:00:00,north,lettuce,flowering,52.47,14.27,83.93,0.0,3.92,165.52,2,0,0.0
2024-01-05 08:00:00,west,tomato,maturity,57.43,15.08,62.36,0.0,0.2,348.2,1,0,0.0
2024-01-05 09:00:00,west,tomato,maturity,53.19,17.37,66.12,0.0,2.67,479.69,0,0,0.0
2024-01-05 10:00:00,west,lettuce,flowering,60.74,18.25,71.18,0.0,1.91,541.92,1,0,0.0
2024-01-05 11:00:00,east,tomato,emergence,57.5,18.86,65.4,0.0,3.19,575.2,1,0,0.0
2024-01-05 12:00:00,south,lettuce,vegetative,49.05,18.34,68.16,0.0,2.47,655.78,2,0,0.0
2024-01-05 13:00:00,east,maize,maturity,54.56,21.97,77.04,0.0,2.43,604.87,0,0,0.0
2024-01-05 14:00:00,south,cotton,flowering,66.33,19.77,68.74,6.05,2.27,544.45,1,0,0.0
2024-01-05 15:00:00,west,cotton,flowering,55.68,22.31,54.94,0.0,4.27,467.44,2,0,0.0
2024-01-05 16:00:00,east,maize,flowering,54.91,19.79,66.8,0.0,2.19,309.77,2,0,0.0
2024-01-05 17:00:00,south,lettuce,vegetative,56.13,20.11,69.92,0.0,3.44,178.97,0,0,0.0
2024-01-05 18:00:00,east,tomato,vegetative,55.39,19.15,70.56,0.0,3.15,87.95,2,0,0.0
2024-01-05 19:00:00,east,maize,maturity,49.67,16.11,76.6,0.0,3.47,24.0,2,0,0.0
2024-01-05 20:00:00,north,tomato,vegetative,50.98,16.86,75.43,0.0,1.18,47.07,0,0,0.0
2024-01-05 21:00:00,north,cotton,flowering,67.71,18.17,70.09,8.74,3.25,17.88,1,0,0.0
2024-01-05 22:00:00,north,cotton,flowering,53.71,14.69,65.5,0.0,2.8,2.7,2,0,0.0
2024-01-05 23:00:00,north,cotton,maturity,51.96,14.83,70.64,0.0,0.97,18.41,0,0,0.0
2024-01-06 00:00:00,south,cotton,vegetative,58.71,13.93,70.1,0.0,2.15,16.71,0,0,0.0
2024-01-06 01:00:00,east,cotton,flowering,48.38,12.95,73.25,0.0,5.15,30.2,2,0,0.0
2024-01-06 02:00:00,east,tomato,emergence,44.5,12.63,80.33,0.0,1.93,2.08,0,0,0.0
2024-01-06 03:00:00,south,cotton,vegetative,62.99,13.31,77.78,0.0,1.96,0.0,0,0,0.0
2024-01-06 04:00:00,west,lettuce,vegetative,49.05,14.03,80.14,0.0,2.94,0.0,2,0,0.0
2024-01-06 05:00:00,east,maize,emergence,58.63,11.49,73.72,0.0,1.75,16.14,1,0,0.0
2024-01-06 06:00:00,north,lettuce,maturity,56.15,14.72,84.38,0.0,2.57,0.0,1,0,0.0
2024-01-06 07:00:00,west,maize,maturity,49.18,15.04,78.28,0.0,1.86,192.26,1,0,0.0
2024-01-06 08:00:00,east,maize,emergence,52.42,15.76,73.78,0.0,2.88,371.85,1,0,0.0
2024-01-06 09:00:00,east,tomato,maturity,51.66,19.33,74.36,0.0,2.33,451.9,2,0,0.0
2024-01-06 10:00:00,east,tomato,flowering,60.83,17.25,67.07,3.33,4.74,605.31,0,0,0.0
2024-01-06 11:00:00,east,maize,flowering,49.2,17.09,57.17,0.0,2.46,636.91,0,0,0.0
2024-01-06 12:00:00,north,cotton,maturity,52.14,21.01,64.55,0.0,2.13,650.91,1,0,0.0
2024-01-06 13:00:00,east,lettuce,flowering,52.82,18.08,76.37,0.0,3.64,630.4,0,0,0.0
2024-01-06 14:00:00,west,maize,emergence,58.5,17.46,72.19,0.0,0.73,533.84,1,0,0.0
2024-01-06 15:00:00,south,maize,emergence,50.92,21.58,67.38,0.0,4.43,426.07,2,0,0.0
2024-01-06 16:00:00,east,maize,flowering,48.08,20.05,63.62,0.0,1.21,267.46,2,0,0.0
2024-01-06 17:00:00,north,tomato,maturity,50.22,19.89,56.0,0.0,3.83,142.57,0,0,0.0
2024-01-06 18:00:00,south,cotton,flowering,60.31,17.69,81.42,3.08,4.15,74.88,0,0,0.0
2024-01-06 19:00:00,south,tomato,vegetative,44.06,15.31,71.9,0.0,1.77,0.0,1,0,0.0
2024-01-06 20:00:00,west,lettuce,emergence,58.89,14.57,70.94,0.0,1.88,0.0,1,0,0.0
2024-01-06 21:00:00,north,lettuce,maturity,54.98,14.91,68.97,1.11,2.27,0.0,2,0,0.0
2024-01-06 22:00:00,south,lettuce,vegetative,55.04,12.44,84.43,0.0,3.15,0.0,1,0,0.0
2024-01-06 23:00:00,south,cotton,flowering,53.95,13.98,80.58,0.0,1.2,9.43,0,0,0.0
2024-01-07 00:00:00,west,maize,flowering,49.5,12.23,69.04,0.0,2.27,0.0,2,0,0.0
2024-01-07 01:00:00,west,cotton,vegetative,55.93,12.81,83.51,4.73,2.02,0.0,0,0,0.0
2024-01-07 02:00:00,north,lettuce,emergence,49.31,12.62,74.49,0.0,1.02,0.0,2,0,0.0
2024-01-07 03:00:00,north,lettuce,vegetative,45.26,13.11,70.84,0.0,1.15,0.0,0,0,0.0
2024-01-07 04:00:00,west,lettuce,vegetative,54.52,13.68,72.6,0.0,2.55,0.0,2,0,0.0
2024-01-07 05:00:00,north,cotton,flowering,51.95,13.05,69.68,0.0,2.53,0.0,2,0,0.0
2024-01-07 06:00:00,west,cotton,maturity,45.08,14.67,64.62,0.0,1.48,69.33,0,0,0.0
2024-01-07 07:00:00,south,maize,vegetative,53.47,15.71,78.46,2.12,2.5,167.25,2,0,0.0
2024-01-07 08:00:00,west,cotton,flowering,60.5,12.75,73.86,2.51,1.62,317.66,2,0,0.0
2024-01-07 09:00:00,south,lettuce,emergence,59.17,18.4,75.2,0.0,3.97,372.23,2,0,0.0
2024-01-07 10:00:00,south,maize,vegetative,46.27,18.62,72.72,0.0,2.28,571.31,0,0,0.0
2024-01-07 11:00:00,east,cotton,flowering,63.48,20.07,73.39,0.0,3.72,558.72,1,0,0.0
2024-01-07 12:00:00,north,maize,maturity,47.86,17.93,56.94,0.0,0.37,669.31,1,0,0.0
2024-01-07 13:00:00,east,lettuce,flowering,44.12,19.78,63.71,0.0,2.79,632.84,1,0,0.0
2024-01-07 14:00:00,east,tomato,vegetative,61.42,18.75,74.58,0.0,3.12,590.84,2,0,0.0
2024-01-07 15:00:00,west,tomato,flowering,47.41,21.37,59.58,0.0,2.23,437.41,2,0,0.0
2024-01-07 16:00:00,west,cotton,vegetative,60.22,17.75,74.01,0.0,1.75,325.94,2,0,0.0
2024-01-07 17:00:00,east,maize,maturity,49.26,17.83,61.6,0.0,2.22,191.88,2,0,0.0
2024-01-07 18:00:00,south,maize,flowering,51.1,19.19,70.36,0.0,3.29,0.0,0,0,0.0
2024-01-07 19:00:00,south,tomato,maturity,46.03,16.48,,0.0,0.95,21.35,0,0,0.0
2024-01-07 20:00:00,south,maize,vegetative,58.93,15.0,79.02,0.0,3.24,19.75,0,0,0.0
2024-01-07 21:00:00,west,cotton,vegetative,58.23,16.72,59.27,0.0,2.78,0.0,0,0,0.0
2024-01-07 22:00:00,south,cotton,flowering,49.21,15.81,78.89,0.0,2.09,55.25,2,0,0.0
2024-01-07 23:00:00,north,tomato,vegetative,52.12,14.65,86.64,0.0,2.14,18.04,1,0,0.0
2024-01-08 00:00:00,south,lettuce,flowering,55.79,14.24,93.78,0.0,2.47,0.0,1,0,0.0
2024-01-08 01:00:00,north,maize,flowering,51.78,12.22,79.15,0.93,4.39,34.6,2,0,0.0
2024-01-08 02:00:00,north,lettuce,maturity,59.27,12.13,66.35,0.0,2.82,0.0,0,0,0.0
2024-01-08 03:00:00,north,maize,vegetative,51.91,11.6,79.36,0.0,1.27,27.92,1,0,0.0
2024-01-08 04:00:00,west,maize,maturity,70.13,13.22,86.19,11.28,1.88,10.34,1,0,0.0
2024-01-08 05:00:00,east,maize,vegetative,44.49,12.81,74.04,0.0,1.03,0.0,0,0,0.0
2024-01-08 06:00:00,east,lettuce,flowering,45.92,13.79,81.87,0.0,0.13,21.17,0,0,0.0
2024-01-08 07:00:00,south,maize,flowering,55.32,16.3,66.68,0.0,1.01,160.47,2,0,0.0
2024-01-08 08:00:00,east,maize,vegetative,53.54,18.21,73.64,0.0,2.54,308.92,2,0,0.0
2024-01-08 09:00:00,north,cotton,maturity,56.42,18.07,53.72,0.0,3.93,444.84,1,0,0.0
2024-01-08 10:00:00,west,lettuce,maturity,49.52,21.13,62.05,0.0,3.59,590.53,2,0,0.0
2024-01-08 11:00:00,east,maize,maturity,44.11,18.21,70.99,0.0,1.01,595.61,0,0,0.0
2024-01-08 12:00:00,west,cotton,maturity,59.65,17.14,69.34,5.46,1.44,688.96,2,0,0.0
2024-01-08 13:00:00,north,cotton,flowering,62.47,21.37,59.4,0.0,1.27,574.66,1,0,0.0
2024-01-08 14:00:00,south,tomato,vegetative,47.45,19.28,66.68,0.0,0.0,573.27,0,0,0.0
2024-01-08 15:00:00,east,lettuce,maturity,52.07,19.89,72.0,0.0,2.2,486.65,2,0,0.0
2024-01-08 16:00:00,south,maize,emergence,48.99,17.24,71.2,4.9,3.36,351.18,0,0,0.0
2024-01-08 17:00:00,south,lettuce,maturity,49.63,17.91,71.69,0.0,2.1,174.68,1,0,0.0
2024-01-08 18:00:00,north,tomato,flowering,50.14,16.18,77.78,0.0,0.88,0.0,1,0,0.0
2024-01-08 19:00:00,south,lettuce,flowering,53.85,16.82,69.74,0.0,1.39,0.0,2,0,0.0
2024-01-08 20:00:00,north,tomato,vegetative,50.59,15.84,82.44,0.0,2.01,0.0,0,0,0.0
2024-01-08 21:00:00,south,maize,vegetative,44.57,15.53,66.25,0.0,3.32,0.0,2,0,0.0
2024-01-08 22:00:00,east,cotton,emergence,48.83,16.29,86.06,0.0,2.18,0.0,0,0,0.0
2024-01-08 23:00:00,east,maize,vegetative,62.11,14.62,81.69,6.11,3.16,0.0,0,0,0.0
2024-01-09 00:00:00,east,cotton,vegetative,47.14,10.58,74.64,0.0,2.3,63.13,0,0,0.0
2024-01-09 01:00:00,south,cotton,vegetative,55.81,13.53,72.75,4.42,2.68,0.0,0,0,0.0
2024-01-09 02:00:00,west,cotton,vegetative,64.69,12.65,76.93,4.21,1.27,39.39,2,0,0.0
2024-01-09 03:00:00,north,tomato,flowering,54.03,12.47,79.81,2.82,1.58,0.0,0,0,0.0
2024-01-09 04:00:00,south,cotton,vegetative,54.26,12.98,82.88,0.0,0.89,0.0,0,0,0.0
2024-01-09 05:00:00,north,tomato,maturity,51.16,13.96,65.05,0.0,3.12,0.0,1,0,0.0
2024-01-09 06:00:00,south,maize,emergence,45.88,13.44,77.91,0.0,2.05,0.0,0,0,0.0
2024-01-09 07:00:00,west,cotton,flowering,50.35,15.17,58.65,0.0,0.0,200.53,1,0,0.0
2024-01-09 08:00:00,south,lettuce,vegetative,53.45,18.26,69.75,0.0,2.98,345.59,2,0,0.0
2024-01-09 09:00:00,west,maize,flowering,60.67,16.46,82.61,0.0,3.57,451.48,2,0,0.0
2024-01-09 10:00:00,south,maize,flowering,48.11,16.94,62.13,0.0,1.43,657.67,0,0,0.0
2024-01-09 11:00:00,east,cotton,flowering,51.53,19.22,59.03,0.0,2.98,627.27,1,0,0.0
2024-01-09 12:00:00,south,lettuce,vegetative,56.49,18.25,72.55,0.0,2.15,652.1,0,0,0.0
2024-01-09 13:00:00,south,maize,flowering,58.23,17.76,81.1,0.0,0.0,603.85,0,0,0.0
2024-01-09 14:00:00,west,cotton,vegetative,48.67,19.96,71.91,0.0,4.74,534.75,0,0,0.0
2024-01-09 15:00:00,west,tomato,flowering,51.12,22.52,54.25,0.0,2.16,440.96,0,0,0.0
2024-01-09 16:00:00,south,tomato,vegetative,57.44,19.89,57.91,0.0,2.64,354.81,2,0,0.0
2024-01-09 17:00:00,west,lettuce,flowering,54.42,19.58,70.62,0.0,1.65,188.22,1,0,0.0
2024-01-09 18:00:00,south,cotton,vegetative,57.02,15.29,65.12,0.0,2.05,45.17,0,0,0.0
2024-01-09 19:00:00,east,tomato,flowering,57.69,18.17,72.02,0.0,2.59,0.0,0,0,0.0
2024-01-09 20:00:00,west,tomato,vegetative,54.59,16.62,73.68,0.0,1.15,20.63,0,0,0.0
2024-01-09 21:00:00,south,tomato,vegetative,52.52,14.45,70.61,0.0,4.43,10.69,0,0,0.0
2024-01-09 22:00:00,east,cotton,vegetative,48.44,14.75,86.5,0.0,3.41,15.2,2,0,0.0
2024-01-09 23:00:00,south,tomato,emergence,62.85,13.91,78.61,6.83,3.02,0.0,2,0,0.0
2024-01-10 00:00:00,north,maize,flowering,50.87,11.48,84.9,0.0,2.23,0.0,0,0,0.0
2024-01-10 01:00:00,north,cotton,maturity,57.74,13.16,81.51,0.0,1.49,18.87,1,0,0.0
2024-01-10 02:00:00,south,tomato,flowering,52.61,14.33,73.09,0.0,3.64,30.55,2,0,0.0
2024-01-10 03:00:00,west,lettuce,vegetative,52.64,12.32,74.38,0.0,3.13,0.0,1,0,0.0
2024-01-10 04:00:00,north,maize,vegetative,46.73,11.76,74.11,0.0,1.92,21.32,1,0,0.0
2024-01-10 05:00:00,south,cotton,maturity,57.71,13.43,79.62,0.0,1.1,41.98,0,0,0.0
2024-01-10 06:00:00,east,maize,emergence,50.86,15.81,68.4,1.68,0.51,0.0,0,0,0.0
2024-01-10 07:00:00,north,maize,vegetative,50.23,13.65,86.75,0.0,2.43,117.87,2,0,0.0
2024-01-10 08:00:00,east,tomato,maturity,64.99,17.4,66.46,3.78,2.1,279.02,1,0,0.0
2024-01-10 09:00:00,south,lettuce,vegetative,56.06,16.55,73.86,0.0,3.82,435.94,2,0,0.0
2024-01-10 10:00:00,west,lettuce,emergence,47.36,18.89,68.88,0.0,3.59,547.31,2,0,0.0
2024-01-10 11:00:00,east,tomato,vegetative,46.2,18.51,67.64,0.0,2.45,626.59,1,0,0.0
2024-01-10 12:00:00,east,maize,flowering,50.56,19.14,85.49,0.0,2.3,649.45,2,0,0.0
2024-01-10 13:00:00,north,cotton,vegetative,48.68,22.68,64.38,0.0,1.02,618.32,0,0,0.0
2024-01-10 14:00:00,south,tomato,flowering,44.21,18.42,68.73,0.0,3.67,586.69,2,0,0.0
2024-01-10 15:00:00,west,maize,vegetative,47.77,21.12,64.05,0.0,2.33,432.99,2,0,0.0
2024-01-10 16:00:00,north,lettuce,vegetative,46.47,22.59,67.81,4.83,3.13,369.26,1,0,0.0
2024-01-10 17:00:00,west,maize,vegetative,59.19,20.39,68.58,1.76,3.81,201.13,1,0,0.0
2024-01-10 18:00:00,south,tomato,maturity,55.7,16.53,64.54,0.0,1.72,30.34,1,0,0.0
2024-01-10 19:00:00,east,maize,vegetative,58.52,15.64,70.12,0.0,1.41,0.0,2,0,0.0
2024-01-10 20:00:00,east,tomato,flowering,53.23,15.4,77.55,0.0,5.36,0.0,1,0,0.0
2024-01-10 21:00:00,south,maize,vegetative,49.2,15.73,80.2,0.0,3.11,25.3,1,0,0.0
2024-01-10 22:00:00,south,lettuce,emergence,56.55,14.87,73.87,0.0,2.07,0.0,1,0,0.0
2024-01-10 23:00:00,east,lettuce,vegetative,47.91,11.79,76.58,0.0,3.89,0.0,2,0,0.0
2024-01-11 00:00:00,north,tomato,flowering,52.8,11.81,73.63,4.46,2.03,0.0,0,0,0.0
2024-01-11 01:00:00,east,cotton,vegetative,50.65,11.5,72.88,0.0,2.79,0.0,2,0,0.0
2024-01-11 02:00:00,north,tomato,maturity,53.43,12.31,69.32,0.0,1.72,0.0,1,0,0.0
2024-01-11 03:00:00,east,lettuce,maturity,47.3,15.69,62.15,0.0,2.38,100.46,1,0,0.0
2024-01-11 04:00:00,east,maize,maturity,46.1,11.72,71.31,0.0,2.07,0.0,1,0,0.0
2024-01-11 05:00:00,north,lettuce,flowering,49.24,12.29,82.1,0.0,1.5,0.0,2,0,0.0
2024-01-11 06:00:00,west,tomato,flowering,53.37,12.88,72.33,0.0,2.69,20.86,1,0,0.0
2024-01-11 07:00:00,south,tomato,flowering,59.95,16.5,69.98,5.21,1.63,144.38,0,0,0.0
2024-01-11 08:00:00,west,maize,vegetative,64.46,16.52,69.83,0.0,3.09,312.69,2,0,0.0
2024-01-11 09:00:00,north,tomato,maturity,50.58,16.27,81.3,0.0,2.03,473.45,1,0,0.0
2024-01-11 10:00:00,north,tomato,maturity,57.34,18.04,64.67,1.3,0.34,599.05,2,0,0.0
2024-01-11 11:00:00,south,lettuce,vegetative,43.99,18.22,72.96,0.0,3.15,618.28,1,0,0.0
2024-01-11 12:00:00,north,cotton,maturity,54.15,20.49,68.73,0.0,3.17,682.27,2,0,0.0
2024-01-11 13:00:00,south,tomato,maturity,48.61,24.47,66.5,0.0,5.1,568.44,1,0,0.0
2024-01-11 14:00:00,east,cotton,vegetative,51.14,21.41,70.19,0.0,2.42,541.71,1,0,0.0
2024-01-11 15:00:00,north,lettuce,maturity,77.9,20.3,69.76,10.16,2.62,476.94,2,0,0.0
2024-01-11 16:00:00,east,cotton,vegetative,49.3,19.05,75.91,0.0,2.97,394.06,2,0,0.0
2024-01-11 17:00:00,north,lettuce,emergence,53.14,17.39,71.48,4.74,3.62,134.44,0,0,0.0
2024-01-11 18:00:00,north,lettuce,vegetative,53.2,19.68,82.07,4.35,3.55,0.0,2,0,0.0
2024-01-11 19:00:00,east,maize,flowering,51.98,18.63,71.0,0.0,2.78,11.95,0,0,0.0
2024-01-11 20:00:00,west,lettuce,vegetative,51.69,15.88,60.97,0.0,2.36,1.86,2,0,0.0
2024-01-11 21:00:00,north,cotton,maturity,51.47,17.36,76.18,0.0,3.41,0.0,1,0,0.0
2024-01-11 22:00:00,south,tomato,vegetative,44.64,14.61,76.66,0.0,2.31,0.0,1,0,0.0
2024-01-11 23:00:00,west,maize,vegetative,61.19,14.91,73.9,0.0,0.85,0.0,0,0,0.0
2024-01-12 00:00:00,west,tomato,flowering,58.36,13.61,72.89,0.0,0.6,18.24,0,0,0.0
2024-01-12 01:00:00,east,cotton,emergence,58.1,12.5,60.8,3.57,2.05,0.0,0,0,0.0
2024-01-12 02:00:00,south,maize,flowering,43.4,11.2,63.01,0.0,2.54,40.99,0,0,0.0
2024-01-12 03:00:00,south,lettuce,vegetative,58.92,12.55,87.09,0.0,5.37,0.0,2,0,0.0
2024-01-12 04:00:00,east,cotton,maturity,56.66,14.43,69.96,0.0,2.26,21.05,1,0,0.0
2024-01-12 05:00:00,east,cotton,flowering,51.48,13.04,81.93,0.0,2.46,9.75,1,0,0.0
2024-01-12 06:00:00,south,tomato,emergence,56.94,15.29,62.15,0.0,1.91,0.0,2,0,0.0
2024-01-12 07:00:00,north,lettuce,emergence,48.46,13.97,67.09,0.0,3.14,197.39,2,0,0.0
2024-01-12 08:00:00,north,cotton,emergence,46.12,17.8,76.11,0.0,2.74,282.4,1,0,0.0
2024-01-12 09:00:00,west,tomato,maturity,51.69,18.14,70.37,0.0,1.63,440.24,2,0,0.0
2024-01-12 10:00:00,south,lettuce,flowering,43.13,16.83,75.9,0.0,1.19,548.43,0,0,0.0
2024-01-12 11:00:00,south,maize,vegetative,45.32,19.12,70.2,0.0,1.92,641.21,1,0,0.0
2024-01-12 12:00:00,south,lettuce,vegetative,53.58,21.49,66.95,0.0,1.39,672.08,1,0,0.0
2024-01-12 13:00:00,west,maize,maturity,52.04,18.61,65.95,0.0,2.12,599.32,0,0,0.0
2024-01-12 14:00:00,north,tomato,vegetative,43.92,19.03,62.02,0.0,2.57,529.45,1,0,0.0
2024-01-12 15:00:00,north,tomato,flowering,48.77,20.39,79.11,0.0,1.8,462.37,0,0,0.0
2024-01-12 16:00:00,south,tomato,flowering,44.11,23.3,77.93,0.0,4.15,271.18,1,0,0.0
2024-01-12 17:00:00,south,tomato,vegetative,48.34,18.45,63.57,0.0,3.79,203.51,1,0,0.0
2024-01-12 18:00:00,east,lettuce,flowering,47.78,19.38,62.37,0.0,2.12,0.0,0,0,0.0
2024-01-12 19:00:00,south,maize,vegetative,55.72,18.06,68.72,0.0,1.24,0.0,1,0,0.0
2024-01-12 20:00:00,south,tomato,vegetative,49.96,15.75,75.38,0.0,2.36,0.0,0,0,0.0
2024-01-12 21:00:00,west,lettuce,maturity,49.51,15.84,71.66,0.0,2.24,10.96,1,0,0.0
2024-01-12 22:00:00,north,lettuce,flowering,48.75,13.96,77.93,0.0,2.32,10.01,2,0,0.0
2024-01-12 23:00:00,east,maize,maturity,42.09,13.27,74.64,0.0,1.92,0.0,3,1,5.09
2024-01-13 00:00:00,east,cotton,flowering,50.19,10.73,76.21,0.0,1.14,0.0,1,0,0.0
2024-01-13 01:00:00,south,maize,vegetative,62.37,12.79,92.26,5.16,2.44,0.0,0,0,0.0
2024-01-13 02:00:00,west,cotton,flowering,51.81,14.04,70.7,0.0,1.98,0.0,2,0,0.0
2024-01-13 03:00:00,south,tomato,flowering,54.1,12.91,86.75,0.0,2.09,51.64,1,0,0.0
2024-01-13 04:00:00,west,lettuce,vegetative,68.74,14.86,83.84,8.01,2.51,74.57,0,0,0.0
2024-01-13 05:00:00,south,cotton,vegetative,61.6,14.73,77.35,0.0,2.32,0.0,0,0,0.0
2024-01-13 06:00:00,east,cotton,flowering,44.95,14.6,60.44,0.0,2.49,15.11,2,0,0.0
2024-01-13 07:00:00,east,lettuce,flowering,51.75,14.71,74.05,0.0,1.92,181.96,1,0,0.0
2024-01-13 08:00:00,west,lettuce,vegetative,52.29,15.96,69.23,0.0,2.83,264.76,0,0,0.0
2024-01-13 09:00:00,south,maize,maturity,48.95,15.52,73.33,0.0,1.54,419.37,1,0,0.0
2024-01-13 10:00:00,south,lettuce,vegetative,47.37,18.29,63.53,0.0,1.09,481.87,0,0,0.0
2024-01-13 11:00:00,north,lettuce,vegetative,53.01,19.73,75.11,0.0,1.33,643.57,2,0,0.0
2024-01-13 12:00:00,south,cotton,vegetative,52.51,22.72,74.32,0.0,1.59,718.09,0,0,0.0
2024-01-13 13:00:00,west,maize,maturity,45.22,21.34,76.72,0.0,0.85,665.16,2,0,0.0
2024-01-13 14:00:00,north,tomato,vegetative,41.48,19.39,67.41,0.0,0.37,564.47,3,1,10.3
2024-01-13 15:00:00,west,lettuce,flowering,48.0,18.39,63.47,0.0,3.0,456.24,2,0,0.0
2024-01-13 16:00:00,east,tomato,vegetative,47.07,19.84,72.19,0.0,3.93,312.67,0,0,0.0
2024-01-13 17:00:00,north,tomato,flowering,53.44,20.73,81.31,0.0,3.07,205.32,2,0,0.0
2024-01-13 18:00:00,south,maize,maturity,45.79,18.36,71.4,0.0,1.82,7.55,1,0,0.0
2024-01-13 19:00:00,east,lettuce,vegetative,49.51,18.54,73.94,0.0,0.34,2.19,0,0,0.0
2024-01-13 20:00:00,south,tomato,maturity,41.85,16.42,70.82,0.0,2.63,0.0,2,1,7.99
2024-01-13 21:00:00,north,tomato,emergence,42.61,16.73,68.69,0.0,0.47,21.04,2,0,0.0
2024-01-13 22:00:00,east,tomato,vegetative,46.5,12.29,80.38,0.0,2.3,0.0,0,0,0.0
2024-01-13 23:00:00,east,cotton,flowering,49.08,16.26,71.85,0.0,1.44,13.89,1,0,0.0
2024-01-14 00:00:00,north,lettuce,flowering,46.22,11.61,79.14,0.0,0.0,34.97,0,0,0.0
2024-01-14 01:00:00,south,tomato,vegetative,51.02,14.07,77.9,0.0,4.18,0.0,2,0,0.0
2024-01-14 02:00:00,north,tomato,flowering,41.78,12.34,78.16,0.0,0.89,0.0,4,1,7.24
2024-01-14 03:00:00,east,lettuce,vegetative,49.2,12.71,79.34,0.0,1.97,0.0,0,0,0.0
2024-01-14 04:00:00,east,maize,flowering,49.24,12.92,69.29,0.0,2.25,0.0,1,0,0.0
2024-01-14 05:00:00,east,lettuce,flowering,43.01,14.3,67.76,0.0,1.84,0.0,0,0,0.0
2024-01-14 06:00:00,west,maize,maturity,51.37,15.43,72.96,0.0,2.96,0.0,0,0,0.0
2024-01-14 07:00:00,west,cotton,vegetative,39.37,17.3,71.63,0.0,1.51,129.79,3,1,9.32
2024-01-14 08:00:00,south,maize,flowering,46.77,18.86,66.86,0.0,2.86,353.87,2,0,0.0
2024-01-14 09:00:00,north,lettuce,flowering,54.12,18.28,72.67,0.0,2.78,472.83,0,0,0.0
2024-01-14 10:00:00,east,tomato,vegetative,46.62,21.31,74.91,4.21,0.75,573.7,1,0,0.0
2024-01-14 11:00:00,west,cotton,vegetative,53.51,19.71,78.14,0.0,2.68,560.41,1,0,0.0
2024-01-14 12:00:00,west,cotton,maturity,44.31,21.82,78.03,0.0,1.14,718.21,0,0,0.0
2024-01-14 13:00:00,north,lettuce,vegetative,47.17,21.25,59.4,0.0,1.0,613.55,0,0,0.0
2024-01-14 14:00:00,north,maize,maturity,57.14,19.92,61.52,0.0,2.75,623.98,2,0,0.0
2024-01-14 15:00:00,north,tomato,vegetative,46.96,20.88,66.87,0.0,1.91,485.84,0,0,0.0
2024-01-14 16:00:00,north,cotton,maturity,58.15,20.96,69.39,0.0,2.85,316.89,1,0,0.0
2024-01-14 17:00:00,east,lettuce,vegetative,48.54,19.52,68.31,0.0,2.86,239.74,2,0,0.0
2024-01-14 18:00:00,east,tomato,maturity,49.63,19.36,66.24,0.0,0.69,19.86,1,0,0.0
2024-01-14 19:00:00,south,maize,flowering,54.25,19.08,68.21,0.0,3.29,0.0,1,0,0.0
2024-01-14 20:00:00,south,maize,emergence,52.74,16.71,75.62,0.0,2.74,0.0,1,0,0.0
2024-01-14 21:00:00,west,cotton,flowering,50.78,11.29,67.26,0.0,1.7,36.12,1,0,0.0
2024-01-14 22:00:00,south,lettuce,flowering,47.67,17.26,88.19,0.0,2.24,0.0,0,0,0.0
2024-01-14 23:00:00,west,lettuce,vegetative,42.22,13.47,74.97,0.0,3.32,0.0,0,0,0.0
2024-01-15 00:00:00,west,lettuce,vegetative,42.45,12.1,83.27,0.0,2.02,0.0,1,0,0.0
2024-01-15 01:00:00,south,tomato,flowering,83.69,11.25,72.54,15.1,4.94,0.0,0,0,0.0
2024-01-15 02:00:00,north,maize,flowering,60.35,12.3,79.78,1.07,4.19,0.0,1,0,0.0
2024-01-15 03:00:00,west,tomato,vegetative,50.56,12.1,76.62,0.0,2.54,62.04,1,0,0.0
2024-01-15 04:00:00,east,lettuce,maturity,41.03,12.23,81.81,0.0,2.13,35.27,2,0,0.0
2024-01-15 05:00:00,south,maize,vegetative,46.02,12.95,73.85,0.0,2.18,8.24,0,0,0.0
2024-01-15 06:00:00,east,maize,emergence,45.76,15.6,83.98,0.0,1.68,0.0,0,0,0.0
2024-01-15 07:00:00,east,tomato,flowering,47.08,18.81,60.11,0.0,2.55,148.93,0,0,0.0
2024-01-15 08:00:00,west,tomato,emergence,45.42,18.03,77.82,0.0,3.23,312.17,2,0,0.0
2024-01-15 09:00:00,south,lettuce,vegetative,52.43,19.52,70.81,0.0,0.78,522.23,1,0,0.0
2024-01-15 10:00:00,west,tomato,flowering,59.58,18.24,63.88,4.74,3.17,573.1,0,0,0.0
2024-01-15 11:00:00,west,tomato,vegetative,57.7,19.79,83.43,0.0,3.52,654.02,0,0,0.0
2024-01-15 12:00:00,north,lettuce,vegetative,47.83,20.91,81.82,0.0,3.09,656.99,2,0,0.0
2024-01-15 13:00:00,north,maize,flowering,50.77,19.68,55.34,0.0,2.24,596.85,2,0,0.0
2024-01-15 14:00:00,east,maize,flowering,53.46,20.16,70.71,0.0,3.04,566.51,0,0,0.0
2024-01-15 15:00:00,north,maize,maturity,54.84,21.95,72.98,0.0,3.96,421.97,1,0,0.0
2024-01-15 16:00:00,south,cotton,flowering,43.55,21.9,71.17,0.0,2.33,366.84,2,0,0.0
2024-01-15 17:00:00,south,maize,flowering,51.73,19.73,80.42,0.0,2.43,142.03,0,0,0.0
2024-01-15 18:00:00,west,lettuce,vegetative,50.42,17.01,81.15,0.0,4.96,0.0,0,0,0.0
2024-01-15 19:00:00,west,cotton,maturity,51.19,17.39,73.54,0.0,2.77,28.46,1,0,0.0
2024-01-15 20:00:00,north,lettuce,vegetative,49.96,14.64,89.83,0.0,1.19,0.0,0,0,0.0
2024-01-15 21:00:00,west,maize,vegetative,58.21,15.88,79.45,0.0,3.45,0.0,1,0,0.0
2024-01-15 22:00:00,north,lettuce,maturity,45.18,15.19,70.99,0.0,2.88,0.0,2,0,0.0
2024-01-15 23:00:00,east,maize,flowering,44.86,13.57,70.88,0.0,1.61,0.0,1,0,0.0
2024-01-16 00:00:00,west,maize,flowering,62.29,13.76,83.29,9.33,1.08,20.8,2,0,0.0
2024-01-16 01:00:00,west,maize,emergence,60.82,13.63,69.15,7.05,2.69,0.0,2,0,0.0
2024-01-16 02:00:00,north,maize,vegetative,65.85,13.25,72.13,8.23,2.33,19.57,2,0,0.0
2024-01-16 03:00:00,west,tomato,flowering,57.61,11.2,74.96,5.74,0.91,0.0,1,0,0.0
2024-01-16 04:00:00,north,maize,flowering,54.57,13.02,77.67,0.0,2.29,38.07,0,0,0.0
2024-01-16 05:00:00,east,tomato,flowering,49.51,14.65,72.53,0.0,2.22,0.0,0,0,0.0
2024-01-16 06:00:00,south,maize,emergence,49.03,17.23,62.6,0.0,2.33,0.0,2,0,0.0
2024-01-16 07:00:00,south,lettuce,vegetative,42.84,15.42,81.4,0.0,2.99,116.79,1,0,0.0
2024-01-16 08:00:00,north,cotton,flowering,58.59,17.69,68.62,0.0,0.29,321.78,1,0,0.0
2024-01-16 09:00:00,west,tomato,flowering,49.23,19.22,84.37,0.0,1.07,444.87,2,0,0.0
2024-01-16 10:00:00,south,lettuce,emergence,57.64,18.57,72.87,0.0,1.82,596.52,0,0,0.0
2024-01-16 11:00:00,east,maize,emergence,46.32,21.42,77.34,0.0,3.99,605.99,0,0,0.0
2024-01-16 12:00:00,south,tomato,vegetative,53.57,22.13,72.31,0.0,5.24,635.17,1,0,0.0
2024-01-16 13:00:00,south,tomato,emergence,46.59,22.8,76.57,0.0,2.41,604.22,2,0,0.0
2024-01-16 14:00:00,west,tomato,flowering,58.49,21.55,72.35,0.0,2.45,563.87,1,0,0.0
2024-01-16 15:00:00,north,tomato,vegetative,54.82,24.27,67.83,0.0,0.0,529.22,0,0,0.0
2024-01-16 16:00:00,east,tomato,flowering,55.57,19.41,77.73,1.09,3.49,202.58,1,0,0.0
2024-01-16 17:00:00,east,maize,flowering,45.72,22.88,84.7,0.0,2.94,166.56,0,0,0.0
2024-01-16 18:00:00,south,maize,maturity,58.86,20.02,67.7,0.0,2.74,41.1,1,0,0.0
2024-01-16 19:00:00,south,tomato,maturity,59.5,19.91,75.24,0.0,0.9,0.0,2,0,0.0
2024-01-16 20:00:00,north,tomato,vegetative,47.4,16.38,72.46,0.0,4.78,18.44,0,0,0.0
2024-01-16 21:00:00,west,tomato,emergence,50.09,17.1,75.47,0.0,4.22,41.21,0,0,0.0
2024-01-16 22:00:00,west,maize,vegetative,53.9,17.0,72.29,0.0,2.75,0.0,1,0,0.0
2024-01-16 23:00:00,north,maize,flowering,39.39,12.4,60.57,0.0,3.59,0.0,1,1,14.15
2024-01-17 00:00:00,north,maize,emergence,54.97,13.22,73.62,0.0,2.46,32.74,0,0,0.0
2024-01-17 01:00:00,north,tomato,vegetative,54.34,9.85,84.72,0.0,3.39,17.34,0,0,0.0
2024-01-17 02:00:00,north,tomato,vegetative,46.39,12.66,70.12,0.0,0.83,0.0,2,0,0.0
2024-01-17 03:00:00,west,cotton,vegetative,38.23,11.84,82.57,0.0,0.0,21.39,4,1,11.28
2024-01-17 04:00:00,west,tomato,flowering,50.85,13.14,76.38,0.0,0.88,33.61,0,0,0.0
2024-01-17 05:00:00,north,tomato,flowering,43.5,18.48,69.47,0.0,1.43,0.0,1,0,0.0
2024-01-17 06:00:00,east,tomato,flowering,41.21,17.5,77.94,0.0,1.63,10.69,2,1,9.25
2024-01-17 07:00:00,north,cotton,maturity,65.93,13.73,79.38,8.3,2.94,186.52,2,0,0.0
2024-01-17 08:00:00,south,lettuce,emergence,55.71,17.76,74.33,0.0,2.09,308.83,0,0,0.0
2024-01-17 09:00:00,east,lettuce,vegetative,48.01,19.16,77.38,0.0,2.37,501.2,1,0,0.0
2024-01-17 10:00:00,east,cotton,vegetative,55.02,18.42,72.29,0.0,0.98,526.83,1,0,0.0
2024-01-17 11:00:00,west,tomato,flowering,52.4,20.02,58.07,0.0,0.87,623.26,2,0,0.0
2024-01-17 12:00:00,north,cotton,flowering,42.19,20.81,66.31,0.0,2.45,676.86,2,0,0.0
2024-01-17 13:00:00,north,tomato,emergence,46.27,18.77,57.95,0.0,1.75,590.88,2,0,0.0
2024-01-17 14:00:00,south,lettuce,maturity,54.43,19.38,74.7,0.0,2.41,593.41,0,0,0.0
2024-01-17 15:00:00,south,maize,vegetative,46.2,21.05,75.03,0.0,3.05,466.28,2,0,0.0
2024-01-17 16:00:00,west,maize,vegetative,53.1,20.54,75.76,0.0,4.37,371.38,0,0,0.0
2024-01-17 17:00:00,west,cotton,flowering,46.93,18.69,74.07,0.0,2.38,189.68,0,0,0.0
2024-01-17 18:00:00,south,tomato,maturity,52.58,17.74,78.19,0.0,4.58,0.0,2,0,0.0
2024-01-17 19:00:00,west,cotton,flowering,51.1,17.83,60.3,0.0,2.89,8.11,2,0,0.0
2024-01-17 20:00:00,south,maize,maturity,47.7,18.26,70.24,0.0,3.23,9.36,2,0,0.0
2024-01-17 21:00:00,east,lettuce,vegetative,52.39,15.78,63.07,0.0,3.66,70.81,1,0,0.0
2024-01-17 22:00:00,south,cotton,flowering,38.11,17.36,69.2,0.0,3.26,2.96,1,1,17.43
2024-01-17 23:00:00,north,tomato,maturity,43.47,13.06,86.47,0.0,1.44,0.0,2,0,0.0
2024-01-18 00:00:00,west,cotton,flowering,46.56,13.82,82.2,0.0,3.7,0.0,0,0,0.0
2024-01-18 01:00:00,north,lettuce,vegetative,54.73,12.6,80.16,0.0,1.95,6.61,1,0,0.0
2024-01-18 02:00:00,north,lettuce,maturity,56.83,13.87,73.23,8.45,2.76,0.0,1,0,0.0
2024-01-18 03:00:00,north,tomato,vegetative,48.66,11.96,69.08,0.0,2.56,0.0,0,0,0.0
2024-01-18 04:00:00,south,maize,vegetative,50.41,16.42,73.77,0.0,3.77,0.0,1,0,0.0
2024-01-18 05:00:00,north,lettuce,maturity,50.04,11.63,84.07,0.0,2.87,0.0,2,0,0.0
2024-01-18 06:00:00,north,maize,maturity,48.3,17.57,74.42,0.0,0.74,28.14,0,0,0.0
2024-01-18 07:00:00,east,tomato,maturity,45.67,16.09,61.63,0.0,4.91,169.15,2,0,0.0
2024-01-18 08:00:00,west,tomato,maturity,47.53,17.82,72.08,0.0,3.4,299.04,2,0,0.0
2024-01-18 09:00:00,north,cotton,emergence,53.62,20.03,56.18,0.0,1.74,454.36,2,0,0.0
2024-01-18 10:00:00,south,tomato,maturity,45.29,20.28,75.01,0.0,1.04,554.3,2,0,0.0
2024-01-18 11:00:00,east,lettuce,vegetative,37.92,18.73,65.77,0.0,3.54,629.7,2,1,14.69
2024-01-18 12:00:00,west,cotton,flowering,51.03,21.36,59.95,0.0,1.18,597.25,2,0,0.0
2024-01-18 13:00:00,east,tomato,vegetative,56.16,23.66,72.4,0.0,3.36,589.66,2,0,0.0
2024-01-18 14:00:00,west,tomato,maturity,49.17,19.66,73.79,3.2,3.68,512.47,2,0,0.0
2024-01-18 15:00:00,east,lettuce,flowering,55.44,24.03,68.0,0.0,1.62,428.13,1,0,0.0
2024-01-18 16:00:00,south,tomato,maturity,51.24,21.04,84.11,0.0,1.51,299.7,2,0,0.0
2024-01-18 17:00:00,north,lettuce,vegetative,42.84,19.17,74.71,0.0,1.84,132.02,1,0,0.0
2024-01-18 18:00:00,west,lettuce,vegetative,45.09,17.65,66.96,0.0,1.21,26.75,2,0,0.0
2024-01-18 19:00:00,west,lettuce,vegetative,44.86,17.69,75.08,0.0,2.68,64.4,1,0,0.0
2024-01-18 20:00:00,north,maize,emergence,49.43,14.06,72.35,0.0,2.85,28.9,0,0,0.0
2024-01-18 21:00:00,east,lettuce,flowering,47.66,15.33,82.2,0.0,3.27,0.0,1,0,0.0
2024-01-18 22:00:00,north,lettuce,vegetative,59.69,14.6,75.89,3.12,1.4,7.36,1,0,0.0
2024-01-18 23:00:00,east,tomato,flowering,52.78,12.55,78.22,0.0,3.41,0.0,2,0,0.0
2024-01-19 00:00:00,west,lettuce,emergence,40.79,14.72,63.73,0.0,1.21,0.0,2,1,7.49
2024-01-19 01:00:00,north,cotton,vegetative,41.41,12.87,,0.0,3.41,46.37,4,1,9.34
2024-01-19 02:00:00,south,lettuce,flowering,51.56,12.11,75.52,0.0,0.62,70.25,0,0,0.0
2024-01-19 03:00:00,north,maize,vegetative,45.9,12.71,68.26,0.0,4.28,0.0,2,0,0.0
2024-01-19 04:00:00,east,maize,vegetative,47.59,14.13,72.75,0.0,1.77,50.41,2,0,0.0
2024-01-19 05:00:00,west,tomato,vegetative,51.18,14.34,77.18,0.0,3.12,0.0,2,0,0.0
2024-01-19 06:00:00,north,tomato,vegetative,52.72,14.01,74.36,0.0,3.21,0.0,0,0,0.0
2024-01-19 07:00:00,south,tomato,flowering,42.25,16.21,62.74,0.0,0.88,178.13,2,0,0.0
2024-01-19 08:00:00,west,cotton,vegetative,37.29,16.98,70.1,0.0,3.4,379.17,4,1,15.16
2024-01-19 09:00:00,south,tomato,vegetative,47.82,16.39,69.21,0.0,1.74,469.46,2,0,0.0
2024-01-19 10:00:00,north,cotton,flowering,44.1,18.63,72.05,0.0,2.03,577.35,2,0,0.0
2024-01-19 11:00:00,south,tomato,flowering,48.69,20.76,69.59,0.0,1.6,657.72,2,0,0.0
2024-01-19 12:00:00,east,maize,flowering,47.9,21.38,65.61,0.0,4.34,685.39,1,0,0.0
2024-01-19 13:00:00,east,maize,vegetative,43.45,20.58,65.98,0.0,1.0,645.74,1,0,0.0
2024-01-19 14:00:00,south,maize,maturity,58.74,22.08,68.41,0.0,2.92,598.52,0,0,0.0
2024-01-19 15:00:00,west,lettuce,vegetative,48.38,19.45,76.78,0.0,1.65,438.69,1,0,0.0
2024-01-19 16:00:00,east,cotton,vegetative,45.41,19.1,72.27,0.0,3.71,264.29,2,0,0.0
2024-01-19 17:00:00,south,cotton,maturity,52.79,19.51,79.95,2.23,5.19,232.11,2,0,0.0
2024-01-19 18:00:00,west,tomato,flowering,50.9,21.31,76.49,0.0,1.64,0.0,0,0,0.0
2024-01-19 19:00:00,west,lettuce,flowering,45.07,18.34,81.4,0.0,2.57,0.0,1,0,0.0
2024-01-19 20:00:00,south,tomato,maturity,59.82,16.65,81.86,0.0,1.94,0.0,0,0,0.0
2024-01-19 21:00:00,north,cotton,emergence,40.59,18.34,81.87,0.0,3.65,0.0,2,1,12.34
2024-01-19 22:00:00,east,maize,maturity,40.92,14.63,65.82,0.0,2.1,0.0,2,1,7.94
2024-01-19 23:00:00,east,maize,flowering,40.18,17.58,76.06,0.0,3.49,16.23,3,1,12.76
2024-01-20 00:00:00,north,tomato,vegetative,48.18,12.9,83.81,0.0,1.92,16.6,0,0,0.0
2024-01-20 01:00:00,east,tomato,vegetative,50.51,11.75,85.99,0.0,5.09,21.7,0,0,0.0
2024-01-20 02:00:00,west,tomato,emergence,46.48,12.88,69.9,0.0,0.0,19.5,0,0,0.0
2024-01-20 03:00:00,north,cotton,maturity,50.46,12.89,79.89,0.0,2.85,0.0,2,0,0.0
2024-01-20 04:00:00,east,lettuce,vegetative,50.38,12.45,76.16,0.0,2.39,0.0,0,0,0.0
2024-01-20 05:00:00,north,cotton,vegetative,46.28,18.2,83.97,0.0,2.34,39.17,2,0,0.0
2024-01-20 06:00:00,east,tomato,flowering,50.21,15.61,63.4,0.0,2.74,0.0,2,0,0.0
2024-01-20 07:00:00,south,lettuce,flowering,47.07,16.79,66.78,0.0,2.47,149.29,2,0,0.0
2024-01-20 08:00:00,north,tomato,vegetative,45.99,16.44,59.78,0.0,2.66,357.53,1,0,0.0
2024-01-20 09:00:00,west,maize,maturity,45.53,17.3,72.77,0.0,2.89,458.97,2,0,0.0
2024-01-20 10:00:00,north,maize,flowering,49.18,20.67,84.91,0.0,4.5,545.24,0,0,0.0
2024-01-20 11:00:00,east,maize,maturity,54.08,17.44,71.33,0.0,0.0,610.51,2,0,0.0
2024-01-20 12:00:00,north,lettuce,emergence,41.95,18.88,71.2,0.0,4.62,689.34,1,0,0.0
2024-01-20 13:00:00,west,tomato,emergence,45.56,20.62,72.95,0.0,5.47,648.36,1,0,0.0
2024-01-20 14:00:00,east,maize,flowering,48.76,23.16,66.26,0.0,0.3,571.2,2,0,0.0
2024-01-20 15:00:00,west,lettuce,vegetative,56.72,20.43,71.82,0.0,2.46,418.8,0,0,0.0
2024-01-20 16:00:00,south,tomato,flowering,50.08,21.22,71.37,0.0,4.05,333.43,0,0,0.0
2024-01-20 17:00:00,south,cotton,emergence,43.84,20.0,63.68,0.0,3.5,160.78,1,0,0.0
2024-01-20 18:00:00,east,maize,flowering,43.27,21.07,68.08,0.0,4.41,0.0,2,0,0.0
2024-01-20 19:00:00,west,cotton,maturity,52.8,15.79,78.16,0.0,2.85,0.0,2,0,0.0
2024-01-20 20:00:00,west,lettuce,maturity,46.29,18.23,77.51,0.0,0.0,24.37,2,0,0.0
2024-01-20 21:00:00,north,lettuce,maturity,41.69,15.8,82.05,0.0,3.97,43.48,1,0,0.0
2024-01-20 22:00:00,east,lettuce,maturity,56.95,16.52,74.73,2.25,3.16,0.0,1,0,0.0
2024-01-20 23:00:00,north,cotton,vegetative,49.36,13.07,77.63,0.0,4.16,0.0,2,0,0.0
2024-01-21 00:00:00,south,lettuce,vegetative,41.83,13.77,79.83,0.0,0.56,24.29,0,0,0.0
2024-01-21 01:00:00,west,tomato,maturity,41.08,13.18,70.89,0.0,0.94,0.0,3,1,8.43
2024-01-21 02:00:00,south,tomato,maturity,36.93,11.7,71.79,0.0,2.42,19.35,4,1,14.62
2024-01-21 03:00:00,west,lettuce,maturity,44.64,11.42,75.59,0.0,4.0,0.0,0,0,0.0
2024-01-21 04:00:00,south,tomato,flowering,49.26,12.87,66.38,0.0,4.33,20.19,1,0,0.0
2024-01-21 05:00:00,north,tomato,vegetative,52.53,14.57,76.79,0.0,1.53,0.0,1,0,0.0
2024-01-21 06:00:00,south,tomato,maturity,49.83,14.07,81.69,0.0,1.91,19.23,2,0,0.0
2024-01-21 07:00:00,east,maize,maturity,41.17,15.67,68.09,0.0,5.85,94.76,4,1,15.24
2024-01-21 08:00:00,west,tomato,flowering,46.26,14.37,77.15,0.0,1.74,357.39,2,0,0.0
2024-01-21 09:00:00,east,lettuce,maturity,67.29,17.68,67.05,6.93,3.21,458.43,1,0,0.0
2024-01-21 10:00:00,west,lettuce,flowering,45.09,20.74,61.89,0.0,1.86,578.36,1,0,0.0
2024-01-21 11:00:00,west,cotton,maturity,51.48,21.09,83.12,0.0,2.97,636.15,0,0,0.0
2024-01-21 12:00:00,west,maize,emergence,50.85,20.54,62.16,0.0,1.36,590.3,2,0,0.0
2024-01-21 13:00:00,east,maize,maturity,51.4,21.43,59.5,0.0,1.39,675.69,1,0,0.0
2024-01-21 14:00:00,south,lettuce,emergence,49.75,19.96,71.14,0.0,1.96,574.62,1,0,0.0
2024-01-21 15:00:00,south,maize,vegetative,51.36,23.5,68.68,0.0,1.75,486.09,2,0,0.0
2024-01-21 16:00:00,north,lettuce,vegetative,40.15,23.77,71.26,0.0,2.04,297.03,2,1,12.73
2024-01-21 17:00:00,south,tomato,flowering,55.12,20.28,83.39,0.0,3.03,176.66,2,0,0.0
2024-01-21 18:00:00,west,cotton,vegetative,38.5,23.09,61.69,0.0,4.67,0.0,4,1,18.82
2024-01-21 19:00:00,south,tomato,maturity,49.07,17.22,67.78,0.0,1.69,5.22,2,0,0.0
2024-01-21 20:00:00,north,cotton,flowering,47.26,15.32,84.6,0.0,1.21,0.0,2,0,0.0
2024-01-21 21:00:00,east,lettuce,maturity,44.36,15.1,80.09,0.0,2.41,175.25,2,0,0.0
2024-01-21 22:00:00,west,tomato,vegetative,42.59,14.87,79.3,0.0,1.38,21.18,1,0,0.0
2024-01-21 23:00:00,west,lettuce,emergence,50.2,17.84,67.2,0.0,0.44,46.58,2,0,0.0
2024-01-22 00:00:00,south,tomato,flowering,51.45,13.39,82.77,0.0,3.68,0.0,2,0,0.0
2024-01-22 01:00:00,south,lettuce,flowering,46.91,12.12,81.52,0.0,2.5,13.97,0,0,0.0
2024-01-22 02:00:00,east,lettuce,flowering,52.34,11.93,77.38,3.54,2.61,31.69,1,0,0.0
2024-01-22 03:00:00,north,tomato,maturity,53.8,15.12,69.41,0.0,0.09,0.0,0,0,0.0
2024-01-22 04:00:00,south,tomato,maturity,54.31,15.31,74.1,5.02,1.7,0.0,0,0,0.0
2024-01-22 05:00:00,north,lettuce,flowering,47.15,13.72,86.16,0.0,0.7,34.04,1,0,0.0
2024-01-22 06:00:00,west,maize,maturity,46.33,12.46,67.97,0.0,2.38,0.0,2,0,0.0
2024-01-22 07:00:00,east,cotton,flowering,59.69,14.55,68.36,0.0,2.56,142.06,2,0,0.0
2024-01-22 08:00:00,west,lettuce,flowering,43.12,19.86,65.32,0.0,2.56,302.92,2,0,0.0
2024-01-22 09:00:00,west,lettuce,vegetative,51.46,19.34,67.25,0.0,1.6,416.83,1,0,0.0
2024-01-22 10:00:00,west,tomato,emergence,38.79,19.37,69.99,0.0,1.38,494.34,3,1,16.61
2024-01-22 11:00:00,north,lettuce,vegetative,42.49,22.91,73.98,0.0,2.17,568.49,2,0,0.0
2024-01-22 12:00:00,west,cotton,flowering,45.71,23.68,69.89,0.0,2.83,651.6,0,0,0.0
2024-01-22 13:00:00,north,tomato,flowering,46.59,21.08,69.16,0.0,1.7,651.36,1,0,0.0
2024-01-22 14:00:00,south,maize,vegetative,45.86,21.25,70.54,0.0,1.28,651.08,1,0,0.0
2024-01-22 15:00:00,east,tomato,flowering,49.42,20.27,73.76,1.5,1.33,458.17,0,0,0.0
2024-01-22 16:00:00,south,maize,vegetative,43.75,20.31,57.58,0.0,1.61,280.2,1,0,0.0
2024-01-22 17:00:00,north,lettuce,vegetative,53.62,17.87,78.8,0.0,1.86,167.24,1,0,0.0
2024-01-22 18:00:00,north,maize,maturity,42.17,17.04,66.18,0.0,1.08,24.6,4,1,6.32
2024-01-22 19:00:00,west,lettuce,vegetative,50.88,15.73,69.91,0.0,1.87,36.06,2,0,0.0
2024-01-22 20:00:00,south,maize,vegetative,69.64,18.9,72.86,10.62,3.88,32.66,1,0,0.0
2024-01-22 21:00:00,south,tomato,flowering,42.39,13.9,73.95,0.0,2.05,20.05,1,0,0.0
2024-01-22 22:00:00,west,tomato,vegetative,45.28,18.2,74.45,0.0,0.91,3.34,1,0,0.0
2024-01-22 23:00:00,north,cotton,flowering,47.08,13.35,75.91,0.0,0.0,25.79,0,0,0.0
2024-01-23 00:00:00,west,lettuce,maturity,55.46,16.49,70.38,0.0,4.6,0.0,1,0,0.0
2024-01-23 01:00:00,west,maize,flowering,45.22,12.94,85.95,0.0,3.77,0.0,1,0,0.0
2024-01-23 02:00:00,east,lettuce,flowering,65.17,11.0,81.76,0.0,2.74,73.26,1,0,0.0
2024-01-23 03:00:00,north,tomato,vegetative,50.87,15.41,75.38,0.0,3.8,0.0,0,0,0.0
2024-01-23 04:00:00,north,tomato,flowering,48.74,15.99,77.66,0.0,3.03,18.69,1,0,0.0
2024-01-23 05:00:00,south,tomato,vegetative,51.43,13.16,70.13,0.0,2.31,0.0,1,0,0.0
2024-01-23 06:00:00,east,cotton,emergence,38.4,14.85,88.94,0.0,0.91,54.07,1,1,10.98
2024-01-23 07:00:00,north,lettuce,maturity,52.83,14.96,66.02,0.0,4.69,208.69,2,0,0.0
2024-01-23 08:00:00,south,lettuce,vegetative,40.35,17.17,72.66,0.0,1.88,270.2,1,1,8.8
2024-01-23 09:00:00,north,tomato,flowering,51.29,18.55,68.76,0.0,1.94,448.51,0,0,0.0
2024-01-23 10:00:00,east,tomato,emergence,43.97,18.82,68.27,0.0,2.44,572.23,2,0,0.0
2024-01-23 11:00:00,north,lettuce,maturity,42.92,17.45,68.46,0.0,2.47,583.62,1,0,0.0
2024-01-23 12:00:00,east,maize,vegetative,69.44,19.94,64.24,7.6,3.09,667.11,1,0,0.0
2024-01-23 13:00:00,north,cotton,vegetative,46.39,22.27,76.1,0.0,2.95,664.45,2,0,0.0
2024-01-23 14:00:00,north,lettuce,maturity,39.21,21.04,60.34,0.0,1.71,574.26,1,1,12.9
2024-01-23 15:00:00,north,maize,vegetative,63.39,20.72,75.91,6.48,2.43,404.8,1,0,0.0
2024-01-23 16:00:00,west,lettuce,maturity,40.74,19.42,74.6,0.0,3.05,288.71,2,1,12.01
2024-01-23 17:00:00,north,cotton,vegetative,53.63,19.26,67.52,0.0,1.61,163.9,1,0,0.0
2024-01-23 18:00:00,south,maize,flowering,46.73,21.46,72.16,0.0,4.14,0.0,1,0,0.0
2024-01-23 19:00:00,east,lettuce,maturity,40.43,16.68,71.15,0.0,2.38,0.0,1,1,9.81
2024-01-23 20:00:00,east,cotton,flowering,53.44,18.43,63.15,1.42,4.32,0.0,2,0,0.0
2024-01-23 21:00:00,east,tomato,flowering,49.37,16.39,64.86,0.0,0.73,0.0,2,0,0.0
2024-01-23 22:00:00,west,cotton,vegetative,36.13,15.72,77.61,0.0,3.19,28.2,3,1,18.36
2024-01-23 23:00:00,south,tomato,flowering,46.42,13.42,79.09,0.0,1.33,21.95,2,0,0.0
2024-01-24 00:00:00,west,lettuce,maturity,48.21,13.44,76.54,0.0,1.64,18.28,1,0,0.0
2024-01-24 01:00:00,south,lettuce,flowering,47.91,13.56,72.01,0.0,3.49,15.04,0,0,0.0
2024-01-24 02:00:00,west,lettuce,maturity,45.77,12.65,74.15,0.0,2.13,0.0,1,0,0.0
2024-01-24 03:00:00,east,maize,flowering,50.4,14.06,72.07,0.0,5.52,0.0,2,0,0.0
2024-01-24 04:00:00,east,lettuce,flowering,49.5,14.65,61.65,0.0,3.02,0.0,1,0,0.0
2024-01-24 05:00:00,west,tomato,vegetative,55.62,17.86,71.74,4.9,1.57,54.0,0,0,0.0
2024-01-24 06:00:00,west,tomato,flowering,45.45,15.85,76.58,0.0,3.02,0.0,1,0,0.0
2024-01-24 07:00:00,west,tomato,maturity,47.36,13.52,75.25,0.0,2.12,110.11,0,0,0.0
2024-01-24 08:00:00,east,lettuce,flowering,43.58,19.17,82.65,0.0,3.4,323.98,0,0,0.0
2024-01-24 09:00:00,north,maize,vegetative,41.47,18.16,64.04,0.0,2.04,386.67,2,1,11.91
2024-01-24 10:00:00,south,tomato,flowering,40.95,22.45,63.02,0.0,2.89,571.6,3,1,14.8
2024-01-24 11:00:00,north,cotton,flowering,46.05,22.46,68.56,0.0,2.64,632.86,2,0,0.0
2024-01-24 12:00:00,west,maize,maturity,53.86,20.13,71.2,6.45,2.49,631.03,2,0,0.0
2024-01-24 13:00:00,north,maize,vegetative,45.73,22.37,54.39,0.0,3.65,594.97,0,0,0.0
2024-01-24 14:00:00,north,maize,vegetative,53.16,20.54,73.39,0.0,0.24,582.6,0,0,0.0
2024-01-24 15:00:00,north,tomato,vegetative,45.46,21.3,70.3,0.0,2.52,456.71,0,0,0.0
2024-01-24 16:00:00,east,lettuce,vegetative,47.17,21.91,53.24,0.0,1.56,257.04,0,0,0.0
2024-01-24 17:00:00,east,maize,maturity,45.32,21.93,67.24,0.0,0.78,210.37,0,0,0.0
2024-01-24 18:00:00,west,tomato,vegetative,52.98,20.77,63.32,0.0,1.39,0.0,2,0,0.0
2024-01-24 19:00:00,south,cotton,flowering,54.72,18.58,67.57,0.0,1.66,0.0,1,0,0.0
2024-01-24 20:00:00,south,cotton,vegetative,44.07,21.15,59.31,0.0,2.12,47.55,0,0,0.0
2024-01-24 21:00:00,north,lettuce,vegetative,50.04,15.85,75.84,0.0,2.8,37.09,1,0,0.0
2024-01-24 22:00:00,north,cotton,maturity,56.85,13.02,87.52,0.0,3.05,0.0,0,0,0.0
2024-01-24 23:00:00,south,cotton,flowering,40.57,12.48,77.47,0.0,1.91,0.0,4,1,5.36
2024-01-25 00:00:00,west,maize,emergence,70.67,16.25,57.48,10.78,4.3,0.0,0,0,0.0
2024-01-25 01:00:00,east,lettuce,vegetative,37.64,13.53,76.78,0.0,1.95,0.0,4,1,14.28
2024-01-25 02:00:00,west,lettuce,maturity,46.48,13.75,73.24,0.0,0.06,42.57,2,0,0.0
2024-01-25 03:00:00,north,tomato,maturity,45.61,12.83,67.63,0.0,1.99,45.32,0,0,0.0
2024-01-25 04:00:00,north,tomato,vegetative,37.76,13.36,77.38,0.0,2.46,5.81,4,1,13.15
2024-01-25 05:00:00,west,tomato,flowering,57.01,13.5,80.96,2.93,0.0,22.75,2,0,0.0
2024-01-25 06:00:00,north,lettuce,emergence,47.01,16.21,67.95,0.0,3.85,0.0,1,0,0.0
2024-01-25 07:00:00,north,lettuce,flowering,41.62,16.33,61.03,0.0,2.28,137.68,0,0,0.0
2024-01-25 08:00:00,south,lettuce,vegetative,47.88,18.16,56.99,0.0,1.02,272.48,2,0,0.0
2024-01-25 09:00:00,west,maize,maturity,50.74,19.05,65.7,0.0,1.25,470.92,0,0,0.0
2024-01-25 10:00:00,east,tomato,maturity,37.37,18.87,69.42,0.0,3.31,594.43,1,1,17.96
2024-01-25 11:00:00,north,maize,vegetative,30.45,18.15,67.47,0.0,3.46,609.98,3,1,30.66
2024-01-25 12:00:00,west,maize,flowering,45.97,18.65,65.89,0.0,1.62,691.56,1,0,0.0
2024-01-25 13:00:00,west,cotton,emergence,41.18,25.91,68.85,0.0,0.77,614.38,3,1,12.2
2024-01-25 14:00:00,west,cotton,vegetative,52.84,23.72,69.86,0.0,2.56,565.85,1,0,0.0
2024-01-25 15:00:00,west,cotton,emergence,52.98,23.38,68.29,4.83,2.78,451.88,2,0,0.0
2024-01-25 16:00:00,north,cotton,vegetative,47.67,19.96,75.35,0.0,3.08,368.28,1,0,0.0
2024-01-25 17:00:00,west,cotton,maturity,45.17,20.35,64.73,0.0,1.72,185.48,0,0,0.0
2024-01-25 18:00:00,south,maize,emergence,38.36,18.28,63.31,0.0,2.25,0.0,3,1,16.63
2024-01-25 19:00:00,west,tomato,maturity,51.43,16.57,68.68,2.89,2.42,2.68,1,0,0.0
2024-01-25 20:00:00,east,tomato,emergence,39.43,16.62,68.16,0.0,3.56,0.0,4,1,13.11
2024-01-25 21:00:00,west,maize,flowering,39.17,18.46,56.47,0.0,4.0,0.0,3,1,17.54
2024-01-25 22:00:00,east,tomato,vegetative,50.95,16.77,68.37,5.78,4.32,0.0,2,0,0.0
2024-01-25 23:00:00,east,tomato,maturity,40.09,13.22,82.75,0.0,3.96,0.0,2,1,12.47
2024-01-26 00:00:00,east,cotton,vegetative,44.95,13.65,80.28,0.0,4.58,18.59,2,0,0.0
2024-01-26 01:00:00,west,tomato,vegetative,44.03,14.85,77.4,0.0,3.62,0.0,1,0,0.0
2024-01-26 02:00:00,east,cotton,flowering,51.06,12.73,76.34,2.04,1.69,0.0,1,0,0.0
2024-01-26 03:00:00,north,lettuce,flowering,38.08,13.84,84.67,0.0,4.24,0.0,4,1,14.05
2024-01-26 04:00:00,west,lettuce,flowering,44.68,14.73,66.4,0.0,0.75,18.45,0,0,0.0
2024-01-26 05:00:00,east,lettuce,emergence,43.52,15.35,66.57,0.0,5.24,7.39,1,0,0.0
2024-01-26 06:00:00,south,maize,vegetative,46.92,15.97,80.69,0.0,1.23,28.48,0,0,0.0
2024-01-26 07:00:00,east,lettuce,maturity,81.04,15.57,73.33,18.83,3.47,169.19,2,0,0.0
2024-01-26 08:00:00,west,tomato,flowering,46.66,16.76,67.49,0.0,4.13,365.14,2,0,0.0
2024-01-26 09:00:00,west,cotton,flowering,60.21,16.92,75.92,10.72,2.95,440.35,2,0,0.0
2024-01-26 10:00:00,west,maize,vegetative,45.97,17.25,68.73,0.0,0.0,561.5,1,0,0.0
2024-01-26 11:00:00,south,tomato,vegetative,43.27,20.25,63.54,0.0,1.26,636.27,2,0,0.0
2024-01-26 12:00:00,west,lettuce,maturity,52.39,22.28,61.72,0.0,2.83,673.1,1,0,0.0
2024-01-26 13:00:00,south,lettuce,flowering,46.36,19.38,72.34,0.0,3.16,642.43,1,0,0.0
2024-01-26 14:00:00,east,maize,vegetative,46.19,22.0,69.44,0.0,2.19,579.63,2,0,0.0
2024-01-26 15:00:00,east,lettuce,maturity,39.37,22.63,78.11,0.0,2.49,469.03,2,1,13.52
2024-01-26 16:00:00,north,tomato,flowering,42.81,18.3,68.93,0.0,0.64,318.26,1,0,0.0
2024-01-26 17:00:00,south,lettuce,vegetative,47.04,20.01,67.44,0.0,4.53,199.78,0,0,0.0
2024-01-26 18:00:00,north,tomato,vegetative,45.34,22.06,78.03,0.0,1.95,0.0,0,0,0.0
2024-01-26 19:00:00,north,tomato,flowering,45.27,19.45,76.94,0.0,3.35,0.0,2,0,0.0
2024-01-26 20:00:00,south,tomato,vegetative,36.93,14.78,74.79,0.0,4.08,55.71,2,1,19.19
2024-01-26 21:00:00,south,maize,flowering,41.61,17.54,60.64,0.0,1.01,0.0,2,1,7.79
2024-01-26 22:00:00,north,maize,flowering,44.3,14.47,68.34,0.0,2.55,0.0,0,0,0.0
2024-01-26 23:00:00,south,maize,vegetative,76.38,15.8,65.58,13.73,2.73,48.57,0,0,0.0
2024-01-27 00:00:00,east,tomato,maturity,46.1,13.17,75.32,5.51,2.09,0.0,2,0,0.0
2024-01-27 01:00:00,north,tomato,vegetative,40.4,13.73,71.06,0.0,3.51,0.0,2,1,8.54
2024-01-27 02:00:00,south,maize,vegetative,36.12,12.87,86.53,0.0,1.6,41.94,4,1,14.72
2024-01-27 03:00:00,south,tomato,flowering,47.22,13.81,63.55,0.0,2.47,0.0,2,0,0.0
2024-01-27 04:00:00,east,lettuce,flowering,51.51,13.36,66.78,0.0,1.95,0.0,0,0,0.0
2024-01-27 05:00:00,south,cotton,vegetative,47.37,14.51,75.71,0.0,5.19,0.0,1,0,0.0
2024-01-27 06:00:00,east,maize,flowering,48.44,13.91,78.12,0.0,1.6,0.0,1,0,0.0
2024-01-27 07:00:00,south,cotton,maturity,40.37,17.37,53.59,0.0,3.29,192.14,4,1,14.67
2024-01-27 08:00:00,south,tomato,maturity,47.37,17.94,59.1,0.0,4.56,309.92,0,0,0.0
2024-01-27 09:00:00,south,tomato,maturity,41.64,16.28,70.73,0.0,1.3,414.77,3,1,7.51
2024-01-27 10:00:00,north,lettuce,vegetative,45.79,21.16,78.16,0.0,2.51,546.1,0,0,0.0
2024-01-27 11:00:00,east,lettuce,vegetative,47.99,20.24,82.63,0.0,1.22,606.32,1,0,0.0
2024-01-27 12:00:00,north,cotton,flowering,44.0,21.38,65.6,0.0,0.0,641.12,2,0,0.0
2024-01-27 13:00:00,south,tomato,emergence,61.52,22.68,66.26,6.65,1.46,609.74,1,0,0.0
2024-01-27 14:00:00,west,lettuce,flowering,44.61,22.16,62.01,0.0,1.72,621.18,1,0,0.0
2024-01-27 15:00:00,west,maize,vegetative,54.15,23.28,71.41,4.09,1.79,470.2,2,0,0.0
2024-01-27 16:00:00,east,maize,vegetative,54.85,20.7,79.74,0.0,2.04,264.09,1,0,0.0
2024-01-27 17:00:00,west,tomato,vegetative,47.87,22.05,76.75,0.0,2.41,170.73,1,0,0.0
2024-01-27 18:00:00,west,cotton,vegetative,41.62,19.86,69.51,0.0,0.96,0.0,2,1,8.42
2024-01-27 19:00:00,south,tomato,vegetative,42.95,19.47,64.15,0.0,2.82,41.81,0,0,0.0
2024-01-27 20:00:00,west,cotton,flowering,49.71,18.28,71.04,0.0,3.86,0.0,1,0,0.0
2024-01-27 21:00:00,south,lettuce,flowering,50.54,18.5,80.47,0.0,4.0,0.0,2,0,0.0
2024-01-27 22:00:00,south,lettuce,vegetative,45.13,16.75,69.39,0.0,2.09,65.2,0,0,0.0
2024-01-27 23:00:00,east,lettuce,vegetative,45.78,14.18,61.55,4.51,3.47,0.0,2,0,0.0
2024-01-28 00:00:00,west,cotton,maturity,40.53,13.33,72.41,0.0,1.58,27.92,2,1,9.12
2024-01-28 01:00:00,west,tomato,emergence,46.17,13.82,72.59,0.0,1.99,2.24,0,0,0.0
2024-01-28 02:00:00,south,tomato,flowering,48.15,12.62,62.76,0.0,2.88,0.0,0,0,0.0
2024-01-28 03:00:00,east,lettuce,flowering,50.26,12.32,77.37,0.0,2.0,0.0,0,0,0.0
2024-01-28 04:00:00,north,maize,flowering,35.06,11.1,80.26,0.0,0.88,47.54,2,1,15.69
2024-01-28 05:00:00,west,tomato,maturity,49.56,12.61,88.53,0.0,3.4,16.29,1,0,0.0
2024-01-28 06:00:00,east,tomato,flowering,52.33,18.74,61.28,0.0,1.41,21.04,2,0,0.0
2024-01-28 07:00:00,east,maize,maturity,33.21,15.74,78.12,0.0,1.78,199.37,2,1,24.25
2024-01-28 08:00:00,west,tomato,maturity,55.97,20.61,75.88,6.02,3.67,336.97,1,0,0.0
2024-01-28 09:00:00,east,tomato,vegetative,48.93,19.4,73.72,0.0,3.04,422.48,2,0,0.0
2024-01-28 10:00:00,north,cotton,vegetative,38.07,19.68,62.81,0.0,2.61,507.91,1,1,18.06
2024-01-28 11:00:00,south,maize,vegetative,42.62,18.34,63.48,0.0,0.64,681.74,0,0,0.0
2024-01-28 12:00:00,north,cotton,vegetative,47.9,21.23,69.3,0.0,1.0,657.28,0,0,0.0
2024-01-28 13:00:00,east,cotton,flowering,42.2,24.46,66.66,0.0,2.88,630.63,0,0,0.0
2024-01-28 14:00:00,north,tomato,vegetative,43.2,24.09,62.41,0.0,3.16,626.08,2,0,0.0
2024-01-28 15:00:00,north,lettuce,vegetative,46.16,22.03,77.02,0.0,2.7,422.37,0,0,0.0
2024-01-28 16:00:00,east,lettuce,vegetative,39.19,19.5,67.2,0.0,1.83,236.68,4,1,13.37
2024-01-28 17:00:00,east,lettuce,flowering,39.69,19.15,57.02,0.0,1.79,104.83,1,1,11.32
2024-01-28 18:00:00,east,tomato,flowering,47.35,18.48,69.25,0.0,2.66,0.0,1,0,0.0
2024-01-28 19:00:00,west,tomato,maturity,49.74,20.71,72.39,0.0,0.9,4.1,0,0,0.0
2024-01-28 20:00:00,west,tomato,vegetative,46.97,20.21,71.83,0.0,2.51,48.71,0,0,0.0
2024-01-28 21:00:00,north,lettuce,vegetative,51.77,17.02,74.33,0.0,0.73,29.51,1,0,0.0
2024-01-28 22:00:00,west,cotton,maturity,56.07,15.3,83.82,5.01,1.14,0.0,1,0,0.0
2024-01-28 23:00:00,east,lettuce,flowering,54.17,17.25,63.99,0.0,2.61,98.02,2,0,0.0
2024-01-29 00:00:00,east,lettuce,flowering,45.25,12.91,72.3,0.0,3.1,0.0,1,0,0.0
2024-01-29 01:00:00,north,cotton,flowering,46.17,14.06,85.17,0.0,2.81,42.97,0,0,0.0
2024-01-29 02:00:00,east,lettuce,emergence,47.82,14.54,60.2,0.51,1.06,19.11,2,0,0.0
2024-01-29 03:00:00,east,tomato,maturity,58.53,12.69,75.07,9.33,0.15,0.19,2,0,0.0
2024-01-29 04:00:00,east,cotton,flowering,40.98,13.43,83.46,0.0,2.39,0.0,3,1,6.51
2024-01-29 05:00:00,north,maize,flowering,40.34,13.95,82.94,0.0,0.12,0.0,4,1,6.53
2024-01-29 06:00:00,east,tomato,flowering,42.05,17.97,75.84,0.0,3.53,0.0,1,0,0.0
2024-01-29 07:00:00,west,maize,vegetative,55.17,19.68,74.65,0.0,1.1,162.41,0,0,0.0
2024-01-29 08:00:00,east,cotton,vegetative,53.91,18.02,63.9,0.0,5.08,276.41,1,0,0.0
2024-01-29 09:00:00,north,tomato,flowering,48.02,18.48,80.43,2.71,1.25,517.3,2,0,0.0
2024-01-29 10:00:00,west,maize,flowering,42.67,18.94,62.04,0.0,2.96,566.31,2,0,0.0
2024-01-29 11:00:00,west,tomato,emergence,46.66,20.68,61.08,7.02,1.52,701.1,2,0,0.0
2024-01-29 12:00:00,north,tomato,vegetative,39.77,20.48,71.93,0.0,2.2,634.75,4,1,13.78
2024-01-29 13:00:00,west,tomato,maturity,43.31,21.56,64.9,1.46,2.62,607.18,0,0,0.0
2024-01-29 14:00:00,south,lettuce,vegetative,42.51,22.46,69.08,0.0,3.43,583.6,1,0,0.0
2024-01-29 15:00:00,east,cotton,vegetative,41.85,21.1,71.74,0.0,3.62,450.54,2,0,0.0
2024-01-29 16:00:00,south,tomato,flowering,45.75,21.02,81.23,0.0,3.27,359.06,2,0,0.0
2024-01-29 17:00:00,west,maize,maturity,48.54,20.39,72.32,0.0,3.65,218.57,1,0,0.0
2024-01-29 18:00:00,west,tomato,flowering,46.83,19.37,65.78,3.23,1.66,38.47,0,0,0.0
2024-01-29 19:00:00,west,tomato,maturity,51.82,18.22,75.76,0.0,3.18,47.75,2,0,0.0
2024-01-29 20:00:00,west,lettuce,emergence,46.35,18.99,64.59,0.0,1.99,28.62,2,0,0.0
2024-01-29 21:00:00,west,lettuce,maturity,49.05,14.15,80.67,0.0,3.58,0.0,1,0,0.0
2024-01-29 22:00:00,north,lettuce,maturity,42.39,18.21,71.49,0.0,2.54,39.9,1,0,0.0
2024-01-29 23:00:00,south,maize,flowering,47.31,15.22,76.23,0.0,3.14,24.42,2,0,0.0
2024-01-30 00:00:00,east,lettuce,flowering,46.83,15.38,60.83,0.0,2.75,0.0,0,0,0.0
2024-01-30 01:00:00,east,tomato,vegetative,51.88,15.16,57.72,0.0,3.31,0.0,2,0,0.0
2024-01-30 02:00:00,north,tomato,vegetative,47.79,12.87,64.79,0.0,1.43,0.0,0,0,0.0
2024-01-30 03:00:00,north,cotton,vegetative,48.78,12.7,87.66,0.0,0.51,38.9,2,0,0.0
2024-01-30 04:00:00,east,lettuce,emergence,41.85,12.92,67.23,0.0,3.59,4.09,2,0,0.0
2024-01-30 05:00:00,east,cotton,maturity,50.46,14.73,78.94,0.0,4.01,0.0,0,0,0.0
2024-01-30 06:00:00,north,cotton,vegetative,38.09,16.98,67.52,0.0,2.26,0.0,3,1,14.05
2024-01-30 07:00:00,north,lettuce,flowering,41.59,16.02,71.1,0.0,3.37,155.87,1,0,0.0
2024-01-30 08:00:00,north,cotton,vegetative,45.85,18.85,70.21,0.0,0.44,284.26,1,0,0.0
2024-01-30 09:00:00,east,maize,vegetative,38.66,15.42,84.77,0.0,1.65,487.45,3,1,11.85
2024-01-30 10:00:00,north,tomato,vegetative,61.27,19.36,74.21,11.93,2.5,527.31,2,0,0.0
2024-01-30 11:00:00,east,tomato,vegetative,39.78,22.51,70.29,0.0,0.32,630.22,4,1,14.07
2024-01-30 12:00:00,south,tomato,flowering,46.27,21.14,77.76,0.0,0.56,635.69,0,0,0.0
2024-01-30 13:00:00,south,tomato,maturity,43.57,20.55,64.72,0.0,2.59,654.67,2,0,0.0
2024-01-30 14:00:00,east,maize,vegetative,49.17,20.95,76.32,0.0,1.67,550.95,1,0,0.0
2024-01-30 15:00:00,east,lettuce,maturity,53.74,17.26,78.1,0.0,1.98,424.4,0,0,0.0
2024-01-30 16:00:00,east,lettuce,flowering,45.67,19.88,75.93,0.0,1.91,359.63,1,0,0.0
2024-01-30 17:00:00,west,lettuce,flowering,41.75,22.35,66.64,0.0,0.86,139.32,2,0,0.0
2024-01-30 18:00:00,west,tomato,vegetative,46.13,19.06,67.29,0.0,2.14,5.41,1,0,0.0
2024-01-30 19:00:00,west,lettuce,emergence,39.8,18.27,64.89,0.0,2.38,44.58,4,1,13.08
2024-01-30 20:00:00,east,maize,maturity,43.94,14.44,68.4,0.0,1.7,0.0,1,0,0.0
2024-01-30 21:00:00,south,tomato,flowering,56.56,14.45,67.62,0.0,1.8,0.0,2,0,0.0
2024-01-30 22:00:00,north,maize,vegetative,43.21,17.72,73.99,0.0,2.16,0.0,2,0,0.0
2024-01-30 23:00:00,east,maize,maturity,45.73,16.03,71.18,0.0,3.38,4.6,1,0,0.0
2024-01-31 00:00:00,north,tomato,vegetative,43.39,12.61,78.53,0.0,2.29,0.0,2,0,0.0
2024-01-31 01:00:00,west,cotton,maturity,42.14,13.21,78.44,0.0,0.09,32.21,2,0,0.0
2024-01-31 02:00:00,west,lettuce,vegetative,46.57,13.98,67.0,0.0,0.97,0.0,0,0,0.0
2024-01-31 03:00:00,north,lettuce,maturity,37.8,12.37,68.08,0.0,3.52,44.6,1,1,14.78
2024-01-31 04:00:00,west,tomato,vegetative,43.31,11.55,74.76,0.0,1.58,56.16,2,0,0.0
2024-01-31 05:00:00,north,cotton,vegetative,37.34,14.96,68.21,0.0,2.29,8.98,3,1,14.42
2024-01-31 06:00:00,east,lettuce,flowering,51.83,16.88,65.93,0.0,4.71,0.0,2,0,0.0
2024-01-31 07:00:00,north,tomato,vegetative,49.03,17.88,83.17,0.0,3.16,166.79,2,0,0.0
2024-01-31 08:00:00,south,lettuce,maturity,40.24,19.34,59.4,0.0,0.0,320.63,1,1,12.18
2024-01-31 09:00:00,east,maize,flowering,34.79,16.73,86.38,0.0,4.13,521.65,3,1,23.75
2024-01-31 10:00:00,east,maize,vegetative,51.49,20.11,,2.77,2.58,559.31,1,0,0.0
2024-01-31 11:00:00,south,tomato,vegetative,43.82,20.45,76.14,0.0,2.84,676.25,1,0,0.0
2024-01-31 12:00:00,west,maize,maturity,55.24,21.36,74.59,0.0,2.77,653.9,2,0,0.0
2024-01-31 13:00:00,west,tomato,flowering,51.01,21.57,72.66,0.0,3.5,629.46,2,0,0.0
2024-01-31 14:00:00,north,tomato,maturity,82.93,21.03,80.41,19.87,2.3,550.51,1,0,0.0
2024-01-31 15:00:00,east,tomato,emergence,41.33,17.36,64.13,0.0,0.62,450.48,1,1,7.46
2024-01-31 16:00:00,east,cotton,maturity,42.65,23.23,65.92,0.0,2.79,356.14,2,0,0.0
2024-01-31 17:00:00,south,maize,flowering,45.46,21.35,62.55,0.0,0.74,142.66,1,0,0.0
2024-01-31 18:00:00,east,maize,flowering,45.71,17.8,59.49,0.0,4.58,33.59,1,0,0.0
2024-01-31 19:00:00,west,maize,vegetative,40.38,19.77,65.16,0.0,1.97,50.43,4,1,13.47
2024-01-31 20:00:00,west,cotton,emergence,37.08,17.35,84.83,0.0,2.34,0.0,4,1,17.65
2024-01-31 21:00:00,west,lettuce,maturity,53.53,16.36,71.3,0.0,1.59,42.28,2,0,0.0
2024-01-31 22:00:00,east,cotton,maturity,44.04,14.87,87.59,0.0,2.81,36.69,2,0,0.0
2024-01-31 23:00:00,south,maize,vegetative,63.72,16.0,87.4,9.86,2.95,30.42,0,0,0.0
2024-02-01 00:00:00,west,tomato,maturity,39.55,13.45,95.8,0.0,1.59,0.0,2,1,13.24
2024-02-01 01:00:00,south,lettuce,vegetative,50.66,12.61,88.85,0.0,2.94,0.0,1,0,0.0
2024-02-01 02:00:00,east,maize,vegetative,49.01,15.81,89.46,0.0,2.48,0.0,2,0,0.0
2024-02-01 03:00:00,south,cotton,emergence,44.1,13.98,76.69,0.0,2.28,73.17,1,0,0.0
2024-02-01 04:00:00,south,cotton,vegetative,49.56,14.43,75.65,2.63,1.5,0.0,1,0,0.0
2024-02-01 05:00:00,north,maize,emergence,50.55,16.33,74.6,2.98,5.18,0.0,2,0,0.0
2024-02-01 06:00:00,west,cotton,vegetative,44.24,15.12,73.51,0.0,3.82,0.0,2,0,0.0
2024-02-01 07:00:00,north,lettuce,vegetative,46.52,16.38,73.54,0.0,3.27,134.22,1,0,0.0
2024-02-01 08:00:00,north,tomato,flowering,45.6,18.58,76.01,0.0,3.75,301.05,1,0,0.0
2024-02-01 09:00:00,west,maize,maturity,42.83,16.84,68.87,0.0,2.76,472.27,1,0,0.0
2024-02-01 10:00:00,east,tomato,flowering,37.85,20.45,59.6,0.0,1.98,513.07,3,1,15.33
2024-02-01 11:00:00,south,cotton,vegetative,43.55,19.81,72.3,0.0,0.0,604.55,2,0,0.0
2024-02-01 12:00:00,east,tomato,flowering,53.12,22.86,62.46,3.17,0.94,584.87,0,0,0.0
2024-02-01 13:00:00,south,maize,vegetative,47.01,22.8,63.23,0.0,5.0,676.92,2,0,0.0
2024-02-01 14:00:00,north,lettuce,flowering,50.19,22.74,66.41,0.0,3.79,566.64,1,0,0.0
2024-02-01 15:00:00,east,tomato,flowering,50.71,19.57,67.34,0.0,2.64,470.48,2,0,0.0
2024-02-01 16:00:00,north,tomato,vegetative,47.11,21.43,76.23,0.0,0.51,286.85,1,0,0.0
2024-02-01 17:00:00,east,lettuce,emergence,44.52,19.18,69.09,0.0,3.16,208.88,1,0,0.0
2024-02-01 18:00:00,west,tomato,maturity,45.29,20.06,77.67,0.0,2.07,52.61,1,0,0.0
2024-02-01 19:00:00,west,maize,maturity,40.68,15.68,74.5,0.0,3.24,2.34,4,1,13.6
2024-02-01 20:00:00,south,maize,flowering,47.54,15.81,72.34,0.0,1.07,0.0,0,0,0.0
2024-02-01 21:00:00,west,tomato,maturity,50.14,18.86,71.62,0.0,1.81,19.33,0,0,0.0
2024-02-01 22:00:00,east,tomato,maturity,48.72,16.67,63.22,0.0,3.46,25.72,2,0,0.0
2024-02-01 23:00:00,south,lettuce,vegetative,50.87,14.76,,2.55,4.71,30.46,1,0,0.0
2024-02-02 00:00:00,north,cotton,flowering,57.56,13.38,80.84,8.49,1.61,23.24,1,0,0.0
2024-02-02 01:00:00,south,tomato,vegetative,48.85,12.72,82.36,3.98,1.2,33.74,1,0,0.0
2024-02-02 02:00:00,east,cotton,flowering,42.65,14.51,64.53,0.0,3.63,0.0,1,0,0.0
2024-02-02 03:00:00,west,lettuce,vegetative,42.11,13.83,63.9,1.29,0.89,31.92,1,0,0.0
2024-02-02 04:00:00,north,lettuce,maturity,44.79,17.07,68.19,0.0,0.97,0.0,1,0,0.0
2024-02-02 05:00:00,east,lettuce,flowering,29.42,15.11,83.21,0.0,2.72,0.0,2,1,26.76
2024-02-02 06:00:00,west,lettuce,vegetative,40.7,16.3,74.11,0.0,4.9,0.0,3,1,8.48
2024-02-02 07:00:00,west,cotton,vegetative,43.72,15.09,68.1,0.0,1.38,148.85,2,0,0.0
2024-02-02 08:00:00,south,maize,vegetative,55.87,17.67,61.29,0.0,1.96,333.44,1,0,0.0
2024-02-02 09:00:00,north,maize,flowering,43.37,19.51,65.2,0.0,2.53,488.95,2,0,0.0
2024-02-02 10:00:00,south,maize,maturity,43.54,19.65,64.62,0.0,1.83,569.66,0,0,0.0
2024-02-02 11:00:00,west,tomato,vegetative,39.15,20.31,75.9,0.0,0.28,698.15,4,1,12.61
2024-02-02 12:00:00,west,lettuce,flowering,51.9,22.17,74.96,0.0,3.36,631.62,0,0,0.0
2024-02-02 13:00:00,east,tomato,flowering,39.01,24.35,58.77,0.0,2.62,558.28,1,1,14.87
2024-02-02 14:00:00,north,tomato,vegetative,53.43,22.43,72.93,0.0,2.84,572.65,1,0,0.0
2024-02-02 15:00:00,north,tomato,flowering,39.56,23.79,71.12,0.0,2.23,440.55,4,1,17.63
2024-02-02 16:00:00,south,tomato,emergence,47.95,22.61,59.26,0.0,4.22,287.0,0,0,0.0
2024-02-02 17:00:00,east,lettuce,vegetative,42.94,22.67,66.88,0.0,1.79,157.82,1,0,0.0
2024-02-02 18:00:00,north,lettuce,vegetative,40.4,19.3,72.55,0.0,1.11,0.0,2,1,8.31
2024-02-02 19:00:00,east,maize,maturity,48.24,18.94,71.59,0.0,4.4,0.0,0,0,0.0
2024-02-02 20:00:00,east,tomato,vegetative,49.82,17.91,59.3,0.0,0.0,53.29,1,0,0.0
2024-02-02 21:00:00,north,maize,vegetative,42.24,17.99,72.12,0.0,2.22,4.35,1,1,8.73
2024-02-02 22:00:00,north,maize,flowering,52.07,17.4,76.13,5.02,2.31,0.0,1,0,0.0
2024-02-02 23:00:00,south,lettuce,maturity,45.14,15.57,84.2,2.26,2.26,55.92,1,0,0.0
2024-02-03 00:00:00,east,lettuce,vegetative,44.24,16.16,67.99,0.0,0.54,0.0,0,0,0.0
2024-02-03 01:00:00,west,maize,emergence,37.63,13.6,70.9,0.0,0.98,0.0,3,1,14.01
2024-02-03 02:00:00,south,maize,flowering,29.62,15.63,71.63,0.0,3.55,0.0,1,1,30.16
2024-02-03 03:00:00,south,cotton,vegetative,33.72,15.97,74.87,0.0,4.06,0.0,1,1,24.07
2024-02-03 04:00:00,west,lettuce,flowering,41.95,15.86,73.59,0.0,1.9,0.0,2,0,0.0
2024-02-03 05:00:00,south,maize,vegetative,37.7,15.68,77.29,0.0,1.28,0.0,4,1,15.53
2024-02-03 06:00:00,south,maize,emergence,42.44,17.38,63.82,0.0,0.26,0.0,0,0,0.0
2024-02-03 07:00:00,south,tomato,vegetative,40.45,15.93,75.63,0.0,3.53,207.85,3,1,12.12
2024-02-03 08:00:00,north,cotton,flowering,39.47,18.6,65.52,0.0,3.6,370.21,4,1,17.17
2024-02-03 09:00:00,south,maize,vegetative,39.74,19.79,68.76,0.0,0.0,482.71,4,1,11.89
2024-02-03 10:00:00,east,tomato,vegetative,47.81,18.31,82.91,0.0,0.0,562.78,1,0,0.0
2024-02-03 11:00:00,west,cotton,flowering,44.13,21.85,58.33,0.0,2.56,607.89,1,0,0.0
2024-02-03 12:00:00,east,lettuce,flowering,50.76,19.9,67.73,0.0,2.72,663.59,1,0,0.0
2024-02-03 13:00:00,west,tomato,emergence,43.44,21.53,59.45,0.0,1.83,690.22,2,0,0.0
2024-02-03 14:00:00,east,tomato,flowering,33.36,22.37,68.78,0.0,2.36,567.87,2,1,21.47
2024-02-03 15:00:00,north,tomato,flowering,37.68,21.07,76.08,0.0,2.1,443.45,1,1,16.16
2024-02-03 16:00:00,south,lettuce,vegetative,43.46,21.89,69.27,0.0,2.43,319.48,2,0,0.0
2024-02-03 17:00:00,west,tomato,maturity,44.07,21.24,67.79,0.0,1.32,158.9,2,0,0.0
2024-02-03 18:00:00,north,cotton,maturity,39.92,19.08,79.64,0.0,2.39,19.21,3,1,12.56
2024-02-03 19:00:00,west,cotton,vegetative,38.86,20.19,71.76,0.0,1.59,0.0,1,1,12.97
2024-02-03 20:00:00,east,maize,emergence,43.42,17.16,77.61,2.02,1.49,14.22,2,0,0.0
2024-02-03 21:00:00,south,lettuce,vegetative,42.08,20.7,74.04,0.0,0.16,19.89,0,0,0.0
2024-02-03 22:00:00,west,maize,vegetative,42.54,16.14,52.55,0.0,2.19,12.04,2,0,0.0
2024-02-03 23:00:00,west,tomato,flowering,37.29,13.72,74.09,0.0,3.36,0.0,3,1,17.41
2024-02-04 00:00:00,north,lettuce,maturity,43.99,13.46,67.28,0.0,2.01,0.0,0,0,0.0
2024-02-04 01:00:00,north,tomato,maturity,48.21,16.26,66.79,2.38,1.98,0.0,1,0,0.0
2024-02-04 02:00:00,east,tomato,vegetative,42.18,13.79,84.89,0.0,3.91,0.0,1,0,0.0
2024-02-04 03:00:00,west,maize,vegetative,44.93,12.49,72.98,3.15,3.63,0.0,2,0,0.0
2024-02-04 04:00:00,north,tomato,emergence,52.81,16.22,85.87,3.75,4.48,43.52,0,0,0.0
2024-02-04 05:00:00,east,maize,flowering,49.3,14.95,63.78,0.0,5.11,6.54,0,0,0.0
2024-02-04 06:00:00,north,lettuce,emergence,42.88,17.38,64.11,1.36,2.47,0.0,1,0,0.0
2024-02-04 07:00:00,east,cotton,maturity,39.51,18.77,75.92,0.0,1.01,121.69,2,1,12.33
2024-02-04 08:00:00,east,lettuce,maturity,44.97,18.82,68.16,0.0,1.77,367.17,2,0,0.0
2024-02-04 09:00:00,north,cotton,vegetative,36.77,23.03,69.32,0.0,3.09,453.32,3,1,18.93
2024-02-04 10:00:00,east,maize,flowering,36.23,17.82,70.56,0.0,4.13,549.27,1,1,21.13
2024-02-04 11:00:00,west,cotton,flowering,39.35,20.01,68.6,0.0,1.14,667.35,1,1,9.2
2024-02-04 12:00:00,west,maize,maturity,55.31,21.48,66.28,6.21,2.71,644.7,1,0,0.0
2024-02-04 13:00:00,north,tomato,flowering,37.17,25.66,66.33,0.0,1.45,586.02,2,1,19.03
2024-02-04 14:00:00,north,cotton,vegetative,41.8,25.1,70.01,0.0,2.22,523.45,1,1,8.14
2024-02-04 15:00:00,north,tomato,flowering,54.44,24.2,77.54,12.26,2.21,481.58,2,0,0.0
2024-02-04 16:00:00,south,tomato,emergence,45.6,20.68,67.64,0.0,2.86,396.03,0,0,0.0
2024-02-04 17:00:00,north,tomato,flowering,49.71,20.22,66.67,0.0,4.84,197.62,2,0,0.0
2024-02-04 18:00:00,west,maize,vegetative,52.41,19.16,66.61,8.04,2.97,0.0,0,0,0.0
2024-02-04 19:00:00,west,maize,flowering,44.7,18.26,81.28,0.0,1.88,0.0,1,0,0.0
2024-02-04 20:00:00,west,maize,maturity,41.42,20.64,73.92,0.0,1.69,1.7,4,1,8.92
2024-02-04 21:00:00,north,cotton,emergence,42.98,17.0,58.7,0.0,2.17,0.0,0,0,0.0
2024-02-04 22:00:00,north,maize,vegetative,42.66,16.24,59.01,0.81,1.35,0.82,2,0,0.0
2024-02-04 23:00:00,west,maize,flowering,40.9,16.74,66.4,0.0,2.57,20.44,4,1,12.68
2024-02-05 00:00:00,south,maize,vegetative,38.23,12.54,77.18,0.0,0.0,62.05,3,1,10.64
2024-02-05 01:00:00,east,cotton,flowering,36.92,14.72,73.59,0.0,2.15,38.18,4,1,12.98
2024-02-05 02:00:00,west,tomato,flowering,47.87,12.86,78.92,0.0,2.24,67.55,1,0,0.0
2024-02-05 03:00:00,north,tomato,vegetative,33.96,14.2,73.01,0.0,1.01,58.82,3,1,16.66
2024-02-05 04:00:00,north,maize,maturity,42.25,14.16,84.05,0.0,1.94,48.81,3,1,7.86
2024-02-05 05:00:00,north,lettuce,flowering,42.0,14.72,79.23,0.0,3.74,0.92,0,0,0.0
2024-02-05 06:00:00,north,lettuce,flowering,54.69,16.84,72.67,7.01,3.83,12.07,0,0,0.0
2024-02-05 07:00:00,north,lettuce,vegetative,45.62,17.8,79.38,0.0,1.76,109.78,0,0,0.0
2024-02-05 08:00:00,west,lettuce,emergence,40.43,18.17,59.52,0.0,3.03,329.56,4,1,9.56
2024-02-05 09:00:00,east,maize,emergence,45.53,20.09,68.93,0.0,0.6,479.44,2,0,0.0
2024-02-05 10:00:00,west,tomato,maturity,52.18,19.2,71.2,0.0,2.04,553.0,0,0,0.0
2024-02-05 11:00:00,west,tomato,maturity,41.47,22.35,71.93,0.0,2.68,573.89,4,1,10.85
2024-02-05 12:00:00,west,tomato,maturity,32.06,21.66,56.27,0.0,4.23,705.4,3,1,30.55
2024-02-05 13:00:00,north,maize,vegetative,41.49,21.64,66.46,0.0,3.83,642.06,2,1,12.69
2024-02-05 14:00:00,south,maize,flowering,40.99,21.31,71.35,0.0,2.65,623.14,1,1,12.48
2024-02-05 15:00:00,west,maize,maturity,44.19,22.01,71.34,0.0,1.31,485.6,1,0,0.0
2024-02-05 16:00:00,north,lettuce,flowering,31.73,24.77,74.08,0.0,4.03,372.9,2,1,26.85
2024-02-05 17:00:00,north,maize,emergence,43.77,21.24,73.94,0.0,1.99,208.94,1,0,0.0
2024-02-05 18:00:00,east,lettuce,maturity,40.02,18.79,70.14,0.0,2.94,0.0,3,1,9.83
2024-02-05 19:00:00,west,lettuce,vegetative,46.13,20.92,73.59,0.0,2.25,0.0,1,0,0.0
2024-02-05 20:00:00,west,maize,vegetative,39.51,17.8,69.95,0.0,4.79,0.0,1,1,16.94
2024-02-05 21:00:00,west,maize,maturity,46.42,17.89,72.31,0.0,1.67,0.0,1,0,0.0
2024-02-05 22:00:00,north,lettuce,flowering,34.52,15.6,78.69,0.0,3.5,61.78,2,1,18.7
2024-02-05 23:00:00,west,lettuce,vegetative,42.14,17.6,71.21,0.0,2.3,1.48,0,0,0.0
2024-02-06 00:00:00,west,maize,flowering,37.18,14.25,76.73,0.0,3.08,16.08,4,1,15.48
2024-02-06 01:00:00,east,maize,maturity,39.58,16.84,78.86,0.0,4.34,0.0,2,1,12.62
2024-02-06 02:00:00,west,lettuce,emergence,55.61,13.03,80.16,0.0,0.0,28.65,0,0,0.0
2024-02-06 03:00:00,west,lettuce,flowering,37.25,14.3,82.79,0.0,2.32,0.0,2,1,12.17
2024-02-06 04:00:00,south,tomato,vegetative,40.12,17.24,88.11,0.0,1.33,44.13,4,1,8.58
2024-02-06 05:00:00,north,maize,emergence,36.25,16.03,77.7,0.0,2.93,0.0,3,1,17.05
2024-02-06 06:00:00,south,cotton,vegetative,40.42,20.01,66.36,0.0,3.23,46.62,2,1,13.4
2024-02-06 07:00:00,north,tomato,flowering,41.19,17.17,75.45,0.0,1.84,201.16,2,1,9.17
2024-02-06 08:00:00,north,cotton,vegetative,38.25,18.99,73.69,0.0,1.77,308.7,2,1,12.81
2024-02-06 09:00:00,north,tomato,vegetative,49.79,22.5,71.9,0.0,2.64,509.24,1,0,0.0
2024-02-06 10:00:00,east,maize,flowering,47.67,18.33,81.4,0.0,0.87,603.12,2,0,0.0
2024-02-06 11:00:00,east,maize,flowering,37.14,18.98,58.63,0.0,2.8,644.99,4,1,15.68
2024-02-06 12:00:00,east,tomato,flowering,45.94,20.88,79.5,0.0,1.42,615.22,2,0,0.0
2024-02-06 13:00:00,east,cotton,maturity,39.44,23.69,79.6,0.0,3.28,655.86,3,1,15.7
2024-02-06 14:00:00,east,maize,vegetative,35.68,20.19,73.42,0.0,0.82,565.23,4,1,17.54
2024-02-06 15:00:00,east,cotton,vegetative,38.23,23.36,71.05,0.0,1.72,461.35,2,1,15.95
2024-02-06 16:00:00,north,maize,flowering,68.28,22.86,65.62,18.2,1.5,327.58,2,0,0.0
2024-02-06 17:00:00,west,cotton,flowering,52.72,24.45,66.08,3.61,2.04,167.18,1,0,0.0
2024-02-06 18:00:00,south,cotton,emergence,37.39,22.17,72.75,0.0,4.05,0.0,3,1,23.28
2024-02-06 19:00:00,north,lettuce,vegetative,48.2,20.19,73.89,0.0,3.42,0.0,2,0,0.0
2024-02-06 20:00:00,west,tomato,vegetative,42.44,20.64,74.13,0.0,1.82,0.0,0,0,0.0
2024-02-06 21:00:00,east,lettuce,vegetative,39.71,18.38,75.28,0.0,1.82,10.48,3,1,8.5
2024-02-06 22:00:00,north,maize,maturity,39.2,15.91,,0.0,3.46,0.0,2,1,13.98
2024-02-06 23:00:00,north,cotton,flowering,50.46,14.06,79.86,0.0,1.0,25.42,0,0,0.0
2024-02-07 00:00:00,north,maize,vegetative,41.73,14.39,66.92,0.0,2.43,17.72,1,1,9.91
2024-02-07 01:00:00,south,tomato,flowering,39.14,14.78,79.6,0.0,1.67,0.0,4,1,10.69
2024-02-07 02:00:00,north,tomato,flowering,45.92,14.97,86.63,0.0,2.19,35.93,1,0,0.0
2024-02-07 03:00:00,east,lettuce,vegetative,44.56,11.64,76.1,0.0,3.37,0.0,0,0,0.0
2024-02-07 04:00:00,east,cotton,vegetative,36.68,14.91,84.17,0.0,1.6,14.65,1,1,16.63
2024-02-07 05:00:00,west,tomato,flowering,41.63,15.92,66.44,0.0,3.57,0.0,2,1,11.67
2024-02-07 06:00:00,east,lettuce,emergence,35.82,17.53,71.37,1.82,5.04,0.0,1,1,16.82
2024-02-07 07:00:00,east,cotton,flowering,41.41,20.11,65.02,0.0,3.12,160.0,4,1,12.25
2024-02-07 08:00:00,east,tomato,flowering,43.13,18.99,80.07,0.0,2.3,339.8,0,0,0.0
2024-02-07 09:00:00,north,tomato,flowering,57.39,18.38,82.38,7.56,3.79,492.88,0,0,0.0
2024-02-07 10:00:00,north,lettuce,maturity,36.53,17.98,70.52,0.0,1.07,556.71,3,1,15.03
2024-02-07 11:00:00,east,lettuce,maturity,37.82,22.57,75.74,0.0,4.23,636.48,1,1,18.24
2024-02-07 12:00:00,north,tomato,flowering,42.74,20.87,80.46,0.0,1.5,677.52,2,0,0.0
2024-02-07 13:00:00,north,cotton,vegetative,47.74,23.87,66.27,0.0,5.0,623.38,0,0,0.0
2024-02-07 14:00:00,north,maize,flowering,41.45,24.8,66.67,0.0,1.54,583.47,4,1,12.99
2024-02-07 15:00:00,west,cotton,maturity,38.66,20.25,74.53,0.0,3.19,420.11,3,1,14.6
2024-02-07 16:00:00,south,cotton,maturity,48.27,23.0,61.3,1.1,0.53,267.02,1,0,0.0
2024-02-07 17:00:00,east,cotton,maturity,42.07,23.47,67.59,0.0,2.14,149.55,2,0,0.0
2024-02-07 18:00:00,south,maize,vegetative,42.3,22.24,82.81,0.0,1.1,27.12,4,1,8.63
2024-02-07 19:00:00,north,tomato,flowering,45.38,16.6,68.82,0.0,0.67,0.0,2,0,0.0
2024-02-07 20:00:00,south,maize,maturity,40.9,17.43,77.64,0.0,3.85,22.78,3,1,12.41
2024-02-07 21:00:00,north,tomato,flowering,58.96,15.75,76.67,12.37,0.93,0.0,1,0,0.0
2024-02-07 22:00:00,west,lettuce,flowering,40.58,17.49,70.46,0.0,1.52,0.0,3,1,8.78
2024-02-07 23:00:00,north,tomato,flowering,46.9,16.5,73.95,0.0,1.38,8.47,2,0,0.0
2024-02-08 00:00:00,south,maize,flowering,50.78,11.3,88.83,0.0,3.77,0.0,2,0,0.0
2024-02-08 01:00:00,west,tomato,vegetative,35.21,14.5,77.88,0.0,3.62,0.0,3,1,22.58
2024-02-08 02:00:00,east,maize,emergence,49.48,16.01,77.76,0.0,3.92,0.0,2,0,0.0
2024-02-08 03:00:00,south,tomato,maturity,39.44,15.17,84.67,0.0,1.46,29.37,1,1,11.41
2024-02-08 04:00:00,east,lettuce,maturity,41.36,15.57,71.12,0.0,4.02,0.0,0,0,0.0
2024-02-08 05:00:00,west,lettuce,maturity,49.74,15.44,65.92,0.0,1.45,0.0,1,0,0.0
2024-02-08 06:00:00,south,tomato,vegetative,55.09,15.22,85.8,8.84,1.49,64.14,0,0,0.0
2024-02-08 07:00:00,east,cotton,emergence,39.84,17.75,72.36,0.0,1.56,140.61,1,1,10.59
2024-02-08 08:00:00,west,cotton,vegetative,37.99,18.89,76.74,0.0,1.61,306.96,3,1,14.11
2024-02-08 09:00:00,east,maize,maturity,41.37,20.77,63.65,0.0,2.29,425.96,2,1,13.31
2024-02-08 10:00:00,south,lettuce,flowering,42.73,21.86,70.84,0.0,1.39,601.55,1,0,0.0
2024-02-08 11:00:00,north,maize,maturity,37.72,21.77,60.51,0.0,2.68,678.03,4,1,18.0
2024-02-08 12:00:00,north,tomato,vegetative,48.39,23.92,66.91,0.0,0.0,696.69,1,0,0.0
2024-02-08 13:00:00,west,maize,flowering,58.48,22.11,63.37,11.72,2.67,674.2,1,0,0.0
2024-02-08 14:00:00,east,tomato,maturity,43.6,20.64,62.94,0.0,1.09,542.01,1,0,0.0
2024-02-08 15:00:00,south,cotton,vegetative,41.23,23.39,64.77,0.0,1.6,518.15,3,1,9.48
2024-02-08 16:00:00,south,cotton,maturity,47.3,22.46,51.57,0.0,1.63,318.15,0,0,0.0
2024-02-08 17:00:00,east,cotton,flowering,37.05,22.38,59.57,0.0,3.53,114.24,1,1,20.39
2024-02-08 18:00:00,east,lettuce,emergence,43.91,18.91,75.95,0.0,3.01,0.0,0,0,0.0
2024-02-08 19:00:00,east,lettuce,emergence,53.14,22.53,70.01,0.0,2.2,11.41,2,0,0.0
2024-02-08 20:00:00,south,cotton,maturity,33.81,19.88,62.18,0.0,1.54,0.0,3,1,19.21
2024-02-08 21:00:00,east,tomato,flowering,36.5,17.34,75.56,0.0,3.34,5.14,3,1,19.54
2024-02-08 22:00:00,south,tomato,flowering,51.41,15.41,67.13,0.0,4.55,18.78,0,0,0.0
2024-02-08 23:00:00,west,lettuce,maturity,51.73,17.6,76.58,6.35,2.37,14.37,1,0,0.0
2024-02-09 00:00:00,north,maize,vegetative,41.53,13.8,73.75,0.0,0.48,22.93,1,1,6.83
2024-02-09 01:00:00,north,maize,maturity,39.28,18.44,68.57,0.0,1.56,0.0,1,1,14.31
2024-02-09 02:00:00,south,tomato,maturity,49.2,14.0,73.77,0.0,3.07,0.0,2,0,0.0
2024-02-09 03:00:00,east,lettuce,vegetative,32.85,17.63,89.41,0.0,1.87,0.0,3,1,19.85
2024-02-09 04:00:00,east,tomato,flowering,47.09,15.18,68.15,0.0,1.37,0.0,0,0,0.0
2024-02-09 05:00:00,south,tomato,vegetative,33.5,18.46,72.42,0.0,1.32,0.0,1,1,21.26
2024-02-09 06:00:00,west,tomato,vegetative,33.04,15.81,78.42,0.0,2.51,0.0,4,1,19.61
2024-02-09 07:00:00,south,maize,vegetative,35.42,17.91,64.54,0.0,0.56,95.76,3,1,18.04
2024-02-09 08:00:00,north,cotton,maturity,40.2,20.12,58.34,0.0,2.36,271.85,1,1,14.91
2024-02-09 09:00:00,north,maize,emergence,37.25,20.94,64.64,0.0,2.51,477.47,4,1,19.14
2024-02-09 10:00:00,west,lettuce,vegetative,36.94,22.57,72.86,0.0,1.86,505.67,3,1,14.66
2024-02-09 11:00:00,north,lettuce,flowering,36.16,21.01,66.39,0.0,1.15,621.2,1,1,17.07
2024-02-09 12:00:00,west,maize,emergence,36.23,22.51,65.98,0.0,3.62,620.92,2,1,23.21
2024-02-09 13:00:00,south,cotton,maturity,35.71,24.65,72.25,0.0,0.8,596.55,1,1,16.67
2024-02-09 14:00:00,north,lettuce,maturity,41.92,21.86,62.47,0.0,2.61,565.9,2,0,0.0
2024-02-09 15:00:00,south,lettuce,emergence,37.56,23.64,66.07,0.0,3.27,460.62,3,1,19.33
2024-02-09 16:00:00,east,tomato,vegetative,27.39,22.05,57.36,0.0,2.59,344.12,1,1,31.65
2024-02-09 17:00:00,south,tomato,maturity,40.52,22.05,70.2,0.0,3.88,129.66,1,1,13.93
2024-02-09 18:00:00,west,cotton,vegetative,44.44,21.04,70.37,0.0,1.04,0.0,0,0,0.0
2024-02-09 19:00:00,east,lettuce,emergence,39.28,18.77,76.15,0.0,1.45,39.31,3,1,10.29
2024-02-09 20:00:00,south,cotton,maturity,34.36,18.53,62.76,0.0,1.85,0.0,2,1,22.49
2024-02-09 21:00:00,east,cotton,maturity,44.37,18.1,69.78,0.0,6.35,12.81,2,0,0.0
2024-02-09 22:00:00,west,tomato,flowering,33.77,16.76,63.24,0.0,3.01,0.0,3,1,21.9
2024-02-09 23:00:00,south,lettuce,flowering,39.01,18.45,69.12,0.0,3.23,15.93,1,1,11.67
2024-02-10 00:00:00,north,maize,maturity,40.49,17.07,82.31,0.0,3.18,0.0,1,1,14.44
2024-02-10 01:00:00,south,lettuce,flowering,45.98,15.59,70.88,0.0,2.49,40.3,0,0,0.0
2024-02-10 02:00:00,west,tomato,flowering,43.46,13.88,64.94,0.0,3.66,0.0,1,0,0.0
2024-02-10 03:00:00,north,maize,maturity,41.75,13.92,69.7,0.0,0.16,0.0,4,1,7.07
2024-02-10 04:00:00,west,lettuce,flowering,45.19,18.52,59.51,0.0,2.73,0.0,1,0,0.0
2024-02-10 05:00:00,east,lettuce,flowering,34.73,14.68,64.79,0.0,2.91,0.0,2,1,17.06
2024-02-10 06:00:00,east,lettuce,vegetative,48.41,17.19,76.54,0.0,3.62,0.0,0,0,0.0
2024-02-10 07:00:00,south,maize,flowering,25.17,18.53,60.65,0.0,1.01,173.17,1,1,35.0
2024-02-10 08:00:00,west,maize,flowering,47.62,18.56,72.94,0.0,1.1,283.26,1,0,0.0
2024-02-10 09:00:00,north,cotton,vegetative,46.91,18.56,70.94,5.92,1.18,490.11,0,0,0.0
2024-02-10 10:00:00,south,maize,vegetative,42.35,19.85,66.0,0.0,3.03,544.57,4,1,9.17
2024-02-10 11:00:00,south,maize,maturity,47.68,21.03,70.37,0.0,3.04,607.75,1,0,0.0
2024-02-10 12:00:00,south,lettuce,vegetative,43.22,21.42,61.9,0.0,1.26,642.08,0,0,0.0
2024-02-10 13:00:00,south,maize,emergence,41.74,24.88,71.58,0.0,4.7,651.05,1,1,15.57
2024-02-10 14:00:00,north,lettuce,vegetative,44.72,23.01,62.3,0.0,2.74,561.73,0,0,0.0
2024-02-10 15:00:00,north,maize,vegetative,32.98,22.1,65.21,0.0,2.55,440.64,2,1,25.47
2024-02-10 16:00:00,north,cotton,maturity,33.71,22.65,63.94,0.0,2.15,313.67,1,1,23.94
2024-02-10 17:00:00,east,cotton,vegetative,41.7,22.85,72.14,0.0,3.52,210.9,4,1,12.91
2024-02-10 18:00:00,south,cotton,vegetative,39.34,20.51,73.01,0.0,2.87,36.94,2,1,13.91
2024-02-10 19:00:00,east,lettuce,maturity,38.75,21.41,50.12,0.0,4.67,12.8,4,1,16.28
2024-02-10 20:00:00,east,maize,emergence,46.49,17.12,73.69,0.0,0.94,5.2,2,0,0.0
2024-02-10 21:00:00,east,lettuce,vegetative,72.72,19.75,57.59,14.82,0.55,80.98,0,0,0.0
2024-02-10 22:00:00,east,cotton,maturity,35.67,17.01,69.6,0.0,1.51,16.22,4,1,19.8
2024-02-10 23:00:00,east,lettuce,flowering,45.4,16.12,71.94,1.63,3.06,6.32,1,0,0.0
2024-02-11 00:00:00,east,lettuce,flowering,32.42,14.63,71.43,0.0,1.89,0.0,3,1,20.91
2024-02-11 01:00:00,east,lettuce,maturity,32.28,13.43,78.36,0.0,3.93,12.49,3,1,22.85
2024-02-11 02:00:00,east,lettuce,maturity,35.75,12.63,80.53,0.0,1.93,0.0,4,1,15.51
2024-02-11 03:00:00,south,lettuce,emergence,39.93,14.12,68.89,0.0,3.7,35.97,4,1,9.91
2024-02-11 04:00:00,north,tomato,maturity,36.91,16.55,66.69,0.0,1.4,0.0,2,1,14.8
2024-02-11 05:00:00,west,maize,flowering,42.42,14.86,73.46,0.0,3.82,0.0,0,0,0.0
2024-02-11 06:00:00,south,lettuce,vegetative,40.07,14.81,62.95,0.0,4.04,0.0,1,1,8.88
2024-02-11 07:00:00,east,tomato,maturity,45.71,16.73,68.87,0.0,1.72,142.46,1,0,0.0
2024-02-11 08:00:00,north,cotton,vegetative,46.88,18.55,80.19,2.24,2.99,313.09,2,0,0.0
2024-02-11 09:00:00,south,lettuce,maturity,41.09,19.65,59.34,3.43,2.72,490.75,1,0,0.0
2024-02-11 10:00:00,east,tomato,flowering,44.59,20.94,66.47,0.0,3.02,608.03,0,0,0.0
2024-02-11 11:00:00,east,cotton,flowering,35.77,23.51,62.65,0.0,3.94,695.79,4,1,20.49
2024-02-11 12:00:00,east,lettuce,vegetative,41.84,24.47,80.06,0.0,3.57,653.58,0,0,0.0
2024-02-11 13:00:00,south,lettuce,maturity,36.38,26.0,61.03,0.0,3.02,620.18,4,1,23.7
2024-02-11 14:00:00,west,maize,flowering,46.65,20.69,65.69,0.0,3.2,590.2,1,0,0.0
2024-02-11 15:00:00,east,cotton,emergence,43.67,21.71,61.01,0.0,0.88,429.72,0,0,0.0
2024-02-11 16:00:00,west,maize,emergence,36.54,23.64,66.75,0.0,2.35,291.2,2,1,20.16
2024-02-11 17:00:00,east,lettuce,flowering,57.44,21.28,70.47,10.77,1.08,155.38,2,0,0.0
2024-02-11 18:00:00,east,tomato,vegetative,56.32,22.42,61.46,0.0,2.38,0.0,1,0,0.0
2024-02-11 19:00:00,west,lettuce,flowering,33.65,20.48,76.14,0.0,3.74,0.0,2,1,22.51
2024-02-11 20:00:00,north,lettuce,flowering,36.34,21.5,70.3,0.0,2.39,37.34,2,1,14.72
2024-02-11 21:00:00,west,lettuce,vegetative,36.57,19.66,75.83,0.0,0.0,8.4,4,1,16.66
2024-02-11 22:00:00,west,maize,flowering,34.12,18.72,68.32,0.0,1.14,27.94,1,1,20.93
2024-02-11 23:00:00,east,cotton,vegetative,34.63,15.69,74.75,0.0,3.1,0.0,4,1,19.13
2024-02-12 00:00:00,east,lettuce,maturity,39.34,15.63,71.6,0.0,1.75,0.0,2,1,10.25
2024-02-12 01:00:00,east,tomato,maturity,42.25,14.92,83.87,0.0,3.34,0.0,1,0,0.0
2024-02-12 02:00:00,south,cotton,vegetative,31.88,12.98,76.03,0.0,0.95,0.0,2,1,20.05
2024-02-12 03:00:00,west,lettuce,flowering,50.49,17.59,71.59,7.31,2.86,0.0,1,0,0.0
2024-02-12 04:00:00,north,cotton,flowering,35.8,16.9,68.88,0.0,2.92,30.44,3,1,17.94
2024-02-12 05:00:00,south,cotton,maturity,33.95,15.9,69.27,0.0,3.35,3.46,1,1,21.77
2024-02-12 06:00:00,east,cotton,vegetative,44.77,19.2,71.9,0.0,1.61,0.0,2,0,0.0
2024-02-12 07:00:00,west,lettuce,flowering,35.95,17.26,77.53,0.0,3.34,244.8,4,1,17.53
2024-02-12 08:00:00,south,lettuce,maturity,32.91,16.48,67.62,0.0,4.21,315.71,2,1,22.53
2024-02-12 09:00:00,south,tomato,vegetative,44.15,21.79,69.06,0.0,0.0,427.88,2,0,0.0
2024-02-12 10:00:00,north,maize,flowering,45.99,19.32,71.43,0.0,2.46,496.94,1,0,0.0
2024-02-12 11:00:00,north,lettuce,emergence,40.9,21.78,70.69,0.0,0.23,631.02,4,1,6.69
2024-02-12 12:00:00,north,maize,flowering,35.0,23.02,55.24,0.0,1.37,674.18,4,1,22.14
2024-02-12 13:00:00,north,cotton,vegetative,38.3,23.68,60.18,0.0,1.47,587.95,1,1,13.58
2024-02-12 14:00:00,west,tomato,maturity,36.09,24.51,56.43,0.0,2.32,584.79,1,1,22.13
2024-02-12 15:00:00,west,maize,vegetative,39.41,23.98,66.65,0.0,2.85,462.55,1,1,16.02
2024-02-12 16:00:00,west,maize,vegetative,43.22,23.53,60.47,0.0,3.49,262.93,2,0,0.0
2024-02-12 17:00:00,north,maize,maturity,39.5,20.88,65.42,0.0,2.72,190.13,2,1,15.38
2024-02-12 18:00:00,north,tomato,maturity,39.59,21.68,59.89,0.0,3.21,0.0,2,1,14.46
2024-02-12 19:00:00,south,tomato,flowering,44.84,18.02,68.36,4.34,1.11,0.0,1,0,0.0
2024-02-12 20:00:00,east,cotton,flowering,44.99,21.59,60.46,1.16,3.67,33.49,0,0,0.0
2024-02-12 21:00:00,south,maize,vegetative,57.59,16.1,78.02,8.99,0.0,32.83,2,0,0.0
2024-02-12 22:00:00,south,tomato,flowering,30.36,16.72,75.58,0.0,4.23,0.0,4,1,26.86
2024-02-12 23:00:00,north,tomato,emergence,30.63,14.44,75.1,0.0,4.02,10.27,1,1,27.14
2024-02-13 00:00:00,east,maize,vegetative,37.86,14.79,71.65,0.0,3.3,7.11,4,1,15.9
2024-02-13 01:00:00,south,tomato,maturity,44.36,15.51,58.93,0.0,5.07,0.0,0,0,0.0
2024-02-13 02:00:00,north,lettuce,flowering,45.32,14.56,70.74,0.0,0.24,0.0,0,0,0.0
2024-02-13 03:00:00,east,lettuce,vegetative,47.74,17.21,66.5,2.47,3.34,0.0,2,0,0.0
2024-02-13 04:00:00,west,tomato,emergence,38.71,16.23,74.35,0.0,2.56,32.85,1,1,15.39
2024-02-13 05:00:00,north,lettuce,maturity,46.77,15.83,77.27,0.0,2.69,14.32,2,0,0.0
2024-02-13 06:00:00,south,tomato,emergence,35.82,17.15,74.15,0.0,1.0,0.0,4,1,16.01
2024-02-13 07:00:00,west,maize,vegetative,37.71,20.15,78.32,0.0,2.87,93.21,4,1,20.23
2024-02-13 08:00:00,east,cotton,vegetative,32.3,20.72,65.05,0.0,2.82,260.0,4,1,26.11
2024-02-13 09:00:00,west,maize,emergence,37.66,18.68,66.39,0.0,1.57,412.08,1,1,17.14
2024-02-13 10:00:00,south,cotton,vegetative,35.06,20.33,76.6,0.0,2.32,536.49,2,1,21.53
2024-02-13 11:00:00,south,tomato,maturity,57.43,22.89,68.45,5.77,0.82,612.01,2,0,0.0
2024-02-13 12:00:00,east,maize,vegetative,46.05,23.35,65.19,0.0,1.93,647.71,2,0,0.0
2024-02-13 13:00:00,north,maize,flowering,65.94,21.64,81.21,14.61,3.55,626.67,2,0,0.0
2024-02-13 14:00:00,north,maize,flowering,41.36,24.48,70.06,0.0,3.58,561.22,3,1,12.9
2024-02-13 15:00:00,east,cotton,flowering,55.64,21.88,66.76,10.76,3.32,499.65,1,0,0.0
2024-02-13 16:00:00,east,tomato,flowering,26.13,24.77,60.98,0.0,3.55,266.32,1,1,35.0
2024-02-13 17:00:00,north,cotton,flowering,35.45,22.98,76.5,0.0,3.57,179.92,3,1,23.66
2024-02-13 18:00:00,east,cotton,flowering,42.99,19.66,71.32,0.0,1.63,11.52,1,0,0.0
2024-02-13 19:00:00,south,lettuce,flowering,41.43,19.6,70.1,0.0,2.81,0.0,1,0,0.0
2024-02-13 20:00:00,east,maize,maturity,37.26,18.53,75.51,0.0,3.7,18.68,1,1,19.51
2024-02-13 21:00:00,west,maize,flowering,42.9,18.56,76.91,0.0,0.74,13.04,0,0,0.0
2024-02-13 22:00:00,north,maize,maturity,36.84,17.05,75.81,0.0,0.74,0.0,3,1,13.03
2024-02-13 23:00:00,west,lettuce,vegetative,33.77,14.81,79.94,0.17,0.67,0.0,3,1,17.01
2024-02-14 00:00:00,south,maize,flowering,42.86,13.91,77.63,0.0,0.26,33.73,2,0,0.0
2024-02-14 01:00:00,west,cotton,flowering,36.09,16.43,76.34,0.0,1.14,7.93,4,1,16.91
2024-02-14 02:00:00,south,lettuce,vegetative,44.26,15.9,67.76,0.0,1.77,14.13,0,0,0.0
2024-02-14 03:00:00,south,maize,maturity,29.13,15.76,85.66,0.0,4.21,0.0,1,1,32.71
2024-02-14 04:00:00,west,lettuce,vegetative,36.25,16.41,63.84,0.0,1.88,0.0,3,1,14.36
2024-02-14 05:00:00,east,maize,vegetative,42.07,15.71,75.2,0.0,0.58,0.0,1,1,4.72
2024-02-14 06:00:00,north,cotton,maturity,62.69,17.74,62.05,11.75,2.6,45.27,2,0,0.0
2024-02-14 07:00:00,east,tomato,vegetative,37.95,22.24,67.12,0.0,2.17,129.56,2,1,19.69
2024-02-14 08:00:00,west,cotton,vegetative,40.48,21.23,64.62,0.0,1.46,376.77,3,1,15.7
2024-02-14 09:00:00,south,cotton,vegetative,39.73,20.07,70.5,0.0,1.69,492.97,4,1,15.21
2024-02-14 10:00:00,west,cotton,maturity,32.97,20.68,71.45,0.78,3.68,570.66,3,1,21.55
2024-02-14 11:00:00,east,maize,vegetative,37.18,18.0,64.5,0.0,0.71,667.59,2,1,13.37
2024-02-14 12:00:00,south,cotton,flowering,39.8,24.53,65.77,0.0,0.4,616.95,1,1,10.64
2024-02-14 13:00:00,north,maize,maturity,44.41,24.51,75.75,1.79,2.96,601.07,0,0,0.0
2024-02-14 14:00:00,east,lettuce,flowering,38.62,22.65,58.29,0.0,1.66,595.2,3,1,16.72
2024-02-14 15:00:00,north,tomato,maturity,36.18,21.18,62.68,0.0,4.26,426.73,4,1,22.78
2024-02-14 16:00:00,west,maize,maturity,32.25,21.2,74.67,0.0,2.21,278.6,1,1,26.38
2024-02-14 17:00:00,east,maize,vegetative,42.67,22.96,67.77,0.0,2.28,156.99,1,0,0.0
2024-02-14 18:00:00,south,maize,maturity,42.1,21.33,69.59,0.0,3.34,0.0,3,1,11.19
2024-02-14 19:00:00,north,maize,flowering,43.81,21.54,75.52,0.0,0.39,65.29,2,0,0.0
2024-02-14 20:00:00,east,cotton,emergence,33.47,19.6,64.36,0.0,2.81,27.14,1,1,24.6
2024-02-14 21:00:00,north,tomato,vegetative,44.03,19.88,66.06,2.54,1.96,0.0,1,0,0.0
2024-02-14 22:00:00,south,lettuce,flowering,35.37,18.02,,0.0,3.63,0.0,4,1,19.91
2024-02-14 23:00:00,west,tomato,vegetative,39.05,17.88,68.86,0.0,1.62,11.85,3,1,13.18
2024-02-15 00:00:00,west,lettuce,flowering,53.33,12.98,84.59,0.0,2.61,41.56,1,0,0.0
2024-02-15 01:00:00,west,lettuce,vegetative,43.3,13.87,62.6,0.0,1.97,10.18,0,0,0.0
2024-02-15 02:00:00,west,maize,flowering,34.99,15.03,65.21,0.0,2.9,0.0,3,1,20.48
2024-02-15 03:00:00,east,lettuce,emergence,46.98,17.34,62.17,5.27,2.1,0.0,2,0,0.0
2024-02-15 04:00:00,north,cotton,maturity,36.93,18.94,80.26,0.0,2.71,0.0,4,1,16.23
2024-02-15 05:00:00,west,cotton,vegetative,39.34,16.51,68.09,0.0,4.5,11.05,2,1,15.99
2024-02-15 06:00:00,west,maize,vegetative,31.09,16.66,69.98,0.0,2.06,0.0,3,1,28.55
2024-02-15 07:00:00,west,maize,vegetative,46.06,15.61,61.81,3.19,2.88,203.5,0,0,0.0
2024-02-15 08:00:00,east,lettuce,flowering,28.09,20.88,67.06,0.0,5.14,343.45,3,1,33.55
2024-02-15 09:00:00,north,maize,flowering,30.3,19.79,75.83,0.0,2.87,467.93,3,1,30.58
2024-02-15 10:00:00,east,cotton,flowering,47.45,26.02,66.56,0.0,0.0,580.68,1,0,0.0
2024-02-15 11:00:00,south,maize,emergence,36.83,21.3,67.81,0.0,1.6,579.23,1,1,19.84
2024-02-15 12:00:00,west,cotton,maturity,44.43,26.2,53.68,0.0,0.96,632.56,2,0,0.0
2024-02-15 13:00:00,south,tomato,vegetative,37.36,24.57,63.65,1.75,3.51,591.44,4,1,17.25
2024-02-15 14:00:00,south,tomato,emergence,28.08,22.04,69.0,0.0,2.29,576.37,2,1,35.0
2024-02-15 15:00:00,north,cotton,flowering,33.32,23.79,59.62,0.0,3.68,423.74,3,1,27.84
2024-02-15 16:00:00,west,cotton,flowering,51.88,24.2,70.82,0.0,3.13,327.87,1,0,0.0
2024-02-15 17:00:00,west,cotton,flowering,31.49,22.07,74.14,0.0,3.13,162.47,1,1,29.28
2024-02-15 18:00:00,north,cotton,vegetative,51.61,22.84,63.63,2.33,0.93,21.0,0,0,0.0
2024-02-15 19:00:00,south,maize,vegetative,40.24,21.84,73.21,0.0,3.01,0.0,3,1,14.1
2024-02-15 20:00:00,south,maize,flowering,39.1,20.48,68.45,0.0,4.04,15.81,3,1,18.14
2024-02-15 21:00:00,south,tomato,emergence,38.43,18.52,78.81,2.05,0.66,0.0,2,0,0.0
2024-02-15 22:00:00,west,maize,vegetative,33.96,15.82,87.18,0.0,2.02,0.0,3,1,20.13
2024-02-15 23:00:00,north,tomato,maturity,41.28,16.64,64.63,0.0,2.83,0.0,1,1,10.05
2024-02-16 00:00:00,south,cotton,flowering,63.9,16.5,77.79,10.48,2.52,41.8,2,0,0.0
2024-02-16 01:00:00,north,tomato,vegetative,39.41,13.02,84.32,0.0,4.12,0.0,2,1,13.1
2024-02-16 02:00:00,north,tomato,vegetative,42.11,15.95,66.05,0.0,3.27,0.0,0,0,0.0
2024-02-16 03:00:00,west,tomato,flowering,36.27,15.69,69.02,0.0,2.89,0.0,2,1,18.59
2024-02-16 04:00:00,west,tomato,vegetative,59.9,14.29,70.07,5.92,3.38,0.0,0,0,0.0
2024-02-16 05:00:00,north,tomato,vegetative,39.56,16.37,71.58,0.0,3.32,65.42,3,1,14.99
2024-02-16 06:00:00,east,lettuce,vegetative,48.52,17.23,69.32,0.0,2.45,13.59,2,0,0.0
2024-02-16 07:00:00,north,maize,flowering,33.51,21.56,66.97,0.0,1.97,141.87,2,1,22.98
2024-02-16 08:00:00,north,lettuce,flowering,38.09,20.03,75.45,0.0,3.59,320.06,3,1,13.7
2024-02-16 09:00:00,south,cotton,emergence,43.66,22.29,54.5,0.0,1.51,514.6,2,0,0.0
2024-02-16 10:00:00,north,lettuce,emergence,56.77,21.52,61.57,9.87,2.31,554.5,0,0,0.0
2024-02-16 11:00:00,south,lettuce,flowering,40.86,19.71,74.52,0.0,1.01,619.86,4,1,7.92
2024-02-16 12:00:00,west,maize,flowering,33.27,24.17,70.13,0.0,3.28,635.81,2,1,26.81
2024-02-16 13:00:00,east,tomato,flowering,36.22,22.57,60.13,0.0,3.88,652.21,2,1,20.02
2024-02-16 14:00:00,east,maize,vegetative,33.85,23.19,70.96,0.0,1.28,544.53,2,1,25.69
2024-02-16 15:00:00,south,cotton,flowering,37.79,21.98,77.3,0.0,2.22,490.15,2,1,15.59
2024-02-16 16:00:00,north,lettuce,maturity,37.26,23.27,66.64,0.0,1.82,362.2,4,1,17.54
2024-02-16 17:00:00,north,tomato,flowering,37.57,24.12,59.25,1.17,3.69,189.7,2,1,15.91
2024-02-16 18:00:00,south,maize,vegetative,41.33,23.1,73.25,0.0,4.1,0.0,1,1,14.39
2024-02-16 19:00:00,north,cotton,flowering,32.83,23.11,79.17,0.0,1.83,0.0,4,1,25.13
2024-02-16 20:00:00,west,lettuce,vegetative,27.39,22.29,61.57,0.0,0.0,0.0,1,1,29.77
2024-02-16 21:00:00,west,lettuce,emergence,35.27,15.59,73.4,0.0,3.78,0.0,3,1,18.41
2024-02-16 22:00:00,west,cotton,vegetative,48.87,15.91,80.51,0.0,2.45,0.0,1,0,0.0
2024-02-16 23:00:00,east,lettuce,maturity,40.64,14.16,75.08,0.0,2.46,0.0,1,1,7.62
2024-02-17 00:00:00,east,lettuce,vegetative,33.85,17.3,59.53,0.0,3.56,16.77,1,1,20.4
2024-02-17 01:00:00,east,tomato,maturity,40.29,14.91,76.78,0.0,1.96,0.0,2,1,10.61
2024-02-17 02:00:00,south,tomato,flowering,37.38,15.08,66.69,0.0,1.64,0.0,1,1,17.23
2024-02-17 03:00:00,east,cotton,flowering,39.97,15.62,64.21,0.0,1.97,0.0,4,1,11.1
2024-02-17 04:00:00,west,lettuce,emergence,42.42,16.92,59.97,0.0,2.99,59.16,2,0,0.0
2024-02-17 05:00:00,west,maize,flowering,38.97,14.76,82.13,0.0,3.45,19.21,1,1,16.07
2024-02-17 06:00:00,east,lettuce,emergence,38.59,15.92,67.02,0.0,4.36,0.0,2,1,13.54
2024-02-17 07:00:00,north,tomato,flowering,56.08,18.78,72.91,5.93,2.88,213.35,2,0,0.0
2024-02-17 08:00:00,east,cotton,vegetative,40.66,21.61,72.36,0.0,2.23,316.6,1,1,11.84
2024-02-17 09:00:00,south,tomato,vegetative,38.92,20.81,70.08,0.0,3.46,539.35,3,1,17.3
2024-02-17 10:00:00,east,cotton,flowering,38.14,20.63,71.18,0.0,1.23,572.09,2,1,17.45
2024-02-17 11:00:00,east,maize,emergence,35.09,19.42,72.73,0.0,4.1,647.64,3,1,21.54
2024-02-17 12:00:00,west,tomato,vegetative,31.25,24.71,66.8,0.0,2.65,679.31,2,1,30.42
2024-02-17 13:00:00,south,tomato,maturity,41.24,22.57,62.22,0.0,2.13,679.86,1,1,11.85
2024-02-17 14:00:00,west,cotton,emergence,44.25,22.09,61.98,0.0,1.24,547.55,2,0,0.0
2024-02-17 15:00:00,west,tomato,vegetative,39.99,21.1,67.98,0.0,3.15,508.6,3,1,12.49
2024-02-17 16:00:00,south,tomato,vegetative,40.67,21.12,67.82,0.0,2.06,303.17,4,1,10.91
2024-02-17 17:00:00,south,lettuce,vegetative,33.39,21.2,71.65,0.0,2.29,155.58,1,1,22.97
2024-02-17 18:00:00,east,maize,flowering,34.83,21.45,76.15,0.0,0.39,0.31,1,1,21.89
2024-02-17 19:00:00,west,maize,vegetative,31.39,19.03,72.78,0.0,1.88,32.22,2,1,22.26
2024-02-17 20:00:00,east,tomato,flowering,36.53,20.09,63.85,0.0,1.72,0.0,4,1,18.44
2024-02-17 21:00:00,west,cotton,flowering,42.68,18.41,55.61,0.0,2.9,57.78,2,0,0.0
2024-02-17 22:00:00,south,maize,vegetative,34.26,21.15,63.3,0.0,2.08,46.43,3,1,21.99
2024-02-17 23:00:00,east,tomato,maturity,37.36,14.43,64.65,0.0,0.0,1.39,1,1,13.1
2024-02-18 00:00:00,south,maize,maturity,41.23,16.71,67.12,0.0,1.9,0.0,4,1,12.69
2024-02-18 01:00:00,west,tomato,emergence,43.75,16.33,74.23,0.0,0.65,35.04,0,0,0.0
2024-02-18 02:00:00,south,maize,vegetative,45.4,14.38,74.68,8.86,1.15,0.0,0,0,0.0
2024-02-18 03:00:00,east,tomato,vegetative,35.29,16.21,85.64,0.0,3.6,25.95,2,1,18.01
2024-02-18 04:00:00,north,tomato,vegetative,33.97,17.62,74.88,0.0,0.37,0.0,4,1,20.09
2024-02-18 05:00:00,west,maize,flowering,33.26,17.25,85.17,0.0,2.75,43.97,4,1,22.65
2024-02-18 06:00:00,south,cotton,flowering,35.72,20.01,74.6,0.0,1.79,0.0,2,1,21.07
2024-02-18 07:00:00,south,tomato,vegetative,27.88,15.63,80.7,0.0,1.56,145.06,3,1,30.32
2024-02-18 08:00:00,east,tomato,vegetative,35.76,18.67,68.15,0.0,1.22,340.34,4,1,17.44
2024-02-18 09:00:00,south,cotton,vegetative,37.76,23.18,59.54,0.0,2.78,480.68,2,1,17.22
2024-02-18 10:00:00,west,cotton,maturity,32.35,23.3,63.82,0.0,2.92,541.0,3,1,27.02
2024-02-18 11:00:00,east,lettuce,maturity,35.15,23.57,66.66,0.0,0.33,616.23,2,1,19.01
2024-02-18 12:00:00,east,tomato,emergence,36.89,25.24,61.01,0.0,3.78,683.34,3,1,19.42
2024-02-18 13:00:00,north,maize,flowering,38.12,20.92,61.86,0.0,0.98,663.09,3,1,15.01
2024-02-18 14:00:00,north,tomato,vegetative,28.66,25.12,68.42,0.0,2.87,550.6,1,1,33.28
2024-02-18 15:00:00,south,tomato,flowering,40.16,25.39,58.25,0.0,0.98,438.37,4,1,13.23
2024-02-18 16:00:00,west,maize,flowering,41.1,22.41,56.94,0.0,1.85,277.08,2,1,13.91
2024-02-18 17:00:00,west,lettuce,maturity,32.13,26.7,56.38,0.0,0.87,177.11,3,1,22.35
2024-02-18 18:00:00,east,maize,emergence,45.84,22.23,66.18,0.0,1.77,28.44,2,0,0.0
2024-02-18 19:00:00,east,lettuce,vegetative,39.71,17.68,64.52,0.0,2.16,5.3,3,1,11.17
2024-02-18 20:00:00,south,maize,maturity,38.98,20.5,,0.0,1.02,0.0,1,1,13.03
2024-02-18 21:00:00,north,maize,vegetative,40.82,17.82,75.55,0.0,2.78,62.53,4,1,13.03
2024-02-18 22:00:00,north,lettuce,vegetative,77.35,19.68,73.88,25.07,2.93,0.0,0,0,0.0
2024-02-18 23:00:00,south,cotton,flowering,35.61,17.92,66.63,0.0,5.65,30.74,1,1,19.67
2024-02-19 00:00:00,south,maize,flowering,40.45,15.69,63.92,0.0,3.51,7.58,3,1,7.33
2024-02-19 01:00:00,north,lettuce,flowering,33.36,18.44,66.82,0.0,3.81,16.4,2,1,21.05
2024-02-19 02:00:00,south,tomato,flowering,35.57,17.46,76.22,0.0,0.28,0.0,3,1,15.89
2024-02-19 03:00:00,north,tomato,flowering,40.32,14.94,79.87,0.0,0.05,0.0,4,1,8.23
2024-02-19 04:00:00,east,lettuce,vegetative,38.85,16.36,74.98,0.0,2.04,10.27,2,1,12.31
2024-02-19 05:00:00,west,tomato,flowering,37.39,18.0,79.61,0.0,4.54,0.0,4,1,18.29
2024-02-19 06:00:00,east,maize,flowering,37.58,17.5,83.7,0.0,5.37,0.0,4,1,17.62
2024-02-19 07:00:00,south,maize,maturity,36.38,18.51,67.41,0.0,1.57,228.17,1,1,17.27
2024-02-19 08:00:00,south,tomato,vegetative,41.5,20.1,79.92,0.0,1.7,347.76,2,1,9.37
2024-02-19 09:00:00,south,tomato,vegetative,47.68,19.49,68.19,0.0,3.05,460.83,2,0,0.0
2024-02-19 10:00:00,north,maize,maturity,38.67,18.7,77.78,0.0,2.16,566.38,2,1,15.72
2024-02-19 11:00:00,east,cotton,vegetative,43.61,23.24,71.97,0.0,2.19,686.78,1,0,0.0
2024-02-19 12:00:00,east,lettuce,emergence,35.0,20.53,55.34,0.0,3.16,624.0,3,1,19.8
2024-02-19 13:00:00,north,maize,maturity,33.76,22.42,60.9,0.0,5.66,593.96,3,1,28.95
2024-02-19 14:00:00,south,tomato,flowering,33.21,21.39,59.94,0.0,3.97,592.67,3,1,25.95
2024-02-19 15:00:00,south,lettuce,vegetative,32.54,21.44,55.97,0.0,4.64,475.81,3,1,23.71
2024-02-19 16:00:00,north,tomato,emergence,35.56,24.15,72.43,0.0,0.19,289.65,1,1,20.19
2024-02-19 17:00:00,east,maize,emergence,41.54,22.54,82.05,0.0,3.69,206.34,3,1,13.88
2024-02-19 18:00:00,east,lettuce,maturity,42.1,21.66,66.47,0.0,1.26,10.32,2,0,0.0
2024-02-19 19:00:00,east,maize,flowering,34.53,19.11,76.29,0.0,4.41,0.0,4,1,22.93
2024-02-19 20:00:00,east,maize,vegetative,63.79,19.07,80.74,15.75,4.03,17.16,1,0,0.0
2024-02-19 21:00:00,west,tomato,vegetative,37.03,19.58,71.39,0.0,3.12,11.92,1,1,15.51
2024-02-19 22:00:00,west,tomato,vegetative,38.2,17.97,71.05,0.0,1.51,0.0,3,1,11.7
2024-02-19 23:00:00,east,maize,emergence,77.84,18.46,69.12,21.05,1.82,13.45,2,0,0.0
2024-02-20 00:00:00,west,cotton,vegetative,35.0,18.15,74.84,0.0,1.92,21.92,3,1,19.79
2024-02-20 01:00:00,south,tomato,flowering,35.98,15.93,78.98,0.0,3.31,32.0,2,1,16.8
2024-02-20 02:00:00,west,lettuce,vegetative,61.02,13.39,78.12,9.6,2.88,3.76,1,0,0.0
2024-02-20 03:00:00,west,lettuce,vegetative,35.56,15.17,76.46,0.0,4.1,0.0,1,1,18.01
2024-02-20 04:00:00,east,tomato,flowering,43.98,16.56,71.99,5.51,4.33,8.37,1,0,0.0
2024-02-20 05:00:00,west,tomato,vegetative,38.28,16.18,61.51,0.99,1.39,41.68,4,1,10.74
2024-02-20 06:00:00,east,maize,vegetative,37.3,16.59,78.61,0.0,2.97,22.05,2,1,16.82
2024-02-20 07:00:00,east,lettuce,emergence,29.19,19.24,61.22,0.0,2.96,156.8,4,1,27.82
2024-02-20 08:00:00,south,maize,emergence,34.66,23.82,70.88,0.0,2.29,326.95,4,1,24.87
2024-02-20 09:00:00,west,lettuce,vegetative,38.96,20.47,74.51,0.0,3.53,517.92,4,1,15.29
2024-02-20 10:00:00,east,cotton,flowering,46.87,22.17,59.88,0.0,2.99,589.14,1,0,0.0
2024-02-20 11:00:00,west,lettuce,vegetative,34.19,21.03,64.52,0.0,1.71,633.17,4,1,18.97
2024-02-20 12:00:00,south,cotton,maturity,39.74,25.5,80.05,0.0,2.23,689.91,1,1,13.9
2024-02-20 13:00:00,west,lettuce,flowering,36.89,25.35,64.77,0.0,1.98,608.84,2,1,18.34
2024-02-20 14:00:00,north,cotton,emergence,41.76,25.38,56.76,0.0,1.53,574.43,1,1,9.74
2024-02-20 15:00:00,north,cotton,emergence,32.44,26.07,70.35,0.0,2.3,525.27,2,1,25.24
2024-02-20 16:00:00,east,lettuce,vegetative,42.28,22.99,61.8,0.0,0.84,347.87,2,0,0.0
2024-02-20 17:00:00,east,cotton,emergence,43.76,22.54,54.12,0.0,2.97,224.96,2,0,0.0
2024-02-20 18:00:00,west,cotton,flowering,43.51,24.73,69.45,0.0,4.08,0.0,0,0,0.0
2024-02-20 19:00:00,south,maize,emergence,43.85,22.15,61.46,0.0,2.46,0.0,0,0,0.0
2024-02-20 20:00:00,east,lettuce,maturity,37.65,16.84,74.38,0.0,3.54,40.61,1,1,15.35
2024-02-20 21:00:00,east,maize,flowering,39.61,19.82,64.06,0.0,2.59,0.0,4,1,12.67
2024-02-20 22:00:00,west,cotton,flowering,34.57,17.3,76.71,0.0,1.17,6.31,4,1,19.62
2024-02-20 23:00:00,east,maize,flowering,25.54,18.69,71.93,0.0,4.81,36.08,3,1,35.0
2024-02-21 00:00:00,south,cotton,flowering,37.92,17.44,53.52,0.0,0.0,19.69,4,1,13.58
2024-02-21 01:00:00,west,lettuce,maturity,35.82,13.82,77.22,0.0,2.41,0.0,2,1,16.54
2024-02-21 02:00:00,north,cotton,maturity,41.43,16.69,70.22,0.0,1.48,0.0,4,1,7.55
2024-02-21 03:00:00,west,tomato,vegetative,40.9,16.74,82.12,0.0,4.3,0.0,4,1,11.22
2024-02-21 04:00:00,north,lettuce,vegetative,31.27,17.37,74.47,0.0,2.66,16.62,2,1,23.3
2024-02-21 05:00:00,south,lettuce,vegetative,61.58,18.33,76.23,7.4,5.47,17.99,2,0,0.0
2024-02-21 06:00:00,west,cotton,vegetative,38.49,20.54,64.2,0.0,2.44,0.0,4,1,11.73
2024-02-21 07:00:00,east,cotton,flowering,30.11,19.88,64.17,0.0,1.49,193.79,2,1,24.65
2024-02-21 08:00:00,west,lettuce,vegetative,30.8,20.33,69.16,0.0,0.35,340.29,1,1,25.47
2024-02-21 09:00:00,east,lettuce,flowering,25.62,23.05,64.64,0.0,3.73,455.12,4,1,35.0
2024-02-21 10:00:00,east,tomato,flowering,39.31,25.66,74.44,0.0,1.4,581.73,2,1,15.35
2024-02-21 11:00:00,south,cotton,vegetative,33.55,24.49,64.93,0.0,1.9,605.19,3,1,20.88
2024-02-21 12:00:00,north,tomato,flowering,32.22,24.07,57.77,0.0,3.87,672.29,1,1,29.14
2024-02-21 13:00:00,north,lettuce,vegetative,32.74,24.8,59.96,0.0,3.66,598.21,3,1,24.45
2024-02-21 14:00:00,south,lettuce,maturity,34.52,24.68,72.61,0.0,1.67,579.98,4,1,20.69
2024-02-21 15:00:00,north,maize,flowering,39.18,24.18,65.08,0.0,1.86,475.82,1,1,16.26
2024-02-21 16:00:00,east,tomato,emergence,26.38,27.0,62.45,0.0,0.29,314.54,2,1,35.0
2024-02-21 17:00:00,west,tomato,flowering,31.04,22.0,75.42,0.0,0.0,190.46,3,1,24.27
2024-02-21 18:00:00,west,cotton,vegetative,38.68,24.02,59.98,0.0,3.32,53.99,3,1,18.97
2024-02-21 19:00:00,south,maize,flowering,33.38,21.14,53.04,0.0,3.45,0.0,2,1,26.84
2024-02-21 20:00:00,west,tomato,flowering,39.25,18.07,65.17,0.0,2.83,33.4,2,1,12.39
2024-02-21 21:00:00,west,lettuce,vegetative,33.84,18.97,72.12,0.0,2.62,38.03,3,1,20.27
2024-02-21 22:00:00,west,tomato,flowering,44.18,17.47,69.88,0.0,1.55,0.0,1,0,0.0
2024-02-21 23:00:00,south,cotton,maturity,37.34,18.33,60.01,0.0,4.16,28.03,1,1,18.04
2024-02-22 00:00:00,south,maize,flowering,42.41,17.09,79.04,0.0,0.26,0.0,0,0,0.0
2024-02-22 01:00:00,west,tomato,flowering,38.85,15.02,74.73,0.0,1.84,43.97,2,1,9.54
2024-02-22 02:00:00,north,tomato,flowering,39.14,18.62,73.43,0.0,2.59,0.0,3,1,10.97
2024-02-22 03:00:00,south,maize,vegetative,32.47,18.19,73.99,0.0,2.4,50.57,1,1,23.64
2024-02-22 04:00:00,north,maize,maturity,42.06,19.33,61.05,0.0,2.4,0.0,4,1,11.98
2024-02-22 05:00:00,west,lettuce,maturity,37.28,17.94,73.37,0.0,1.78,3.15,4,1,14.54
2024-02-22 06:00:00,east,maize,vegetative,31.42,18.36,77.26,0.0,3.05,0.0,1,1,29.71
2024-02-22 07:00:00,north,maize,vegetative,25.63,20.43,77.23,0.0,0.94,220.61,2,1,34.79
2024-02-22 08:00:00,north,tomato,vegetative,36.86,19.55,75.01,0.0,2.23,316.98,2,1,16.25
2024-02-22 09:00:00,east,tomato,vegetative,43.68,21.64,71.88,0.0,2.92,440.65,1,0,0.0
2024-02-22 10:00:00,east,cotton,vegetative,31.59,22.15,55.72,0.0,2.0,602.12,3,1,25.04
2024-02-22 11:00:00,west,tomato,vegetative,31.41,21.05,68.65,0.0,2.41,653.48,3,1,26.03
2024-02-22 12:00:00,south,cotton,flowering,34.48,24.07,59.65,0.0,2.66,638.32,3,1,19.43
2024-02-22 13:00:00,west,maize,emergence,41.59,23.62,75.68,0.0,0.29,593.16,4,1,8.61
2024-02-22 14:00:00,south,tomato,vegetative,26.86,24.05,74.27,0.0,0.4,523.5,3,1,31.81
2024-02-22 15:00:00,west,tomato,flowering,32.31,24.82,59.09,0.0,2.56,504.25,4,1,27.04
2024-02-22 16:00:00,north,tomato,vegetative,29.94,25.79,64.65,0.0,1.67,339.66,4,1,30.1
2024-02-22 17:00:00,north,lettuce,vegetative,38.84,21.97,69.76,0.0,1.74,174.3,4,1,13.55
2024-02-22 18:00:00,north,maize,maturity,35.3,21.91,74.38,0.0,3.08,17.23,3,1,19.99
2024-02-22 19:00:00,south,maize,maturity,34.26,20.3,57.63,0.0,1.21,0.0,4,1,19.76
2024-02-22 20:00:00,west,lettuce,flowering,35.08,19.17,54.8,0.0,0.0,0.0,2,1,17.57
2024-02-22 21:00:00,north,lettuce,emergence,39.89,18.49,71.08,0.0,4.39,0.0,4,1,12.69
2024-02-22 22:00:00,south,cotton,emergence,41.56,18.12,53.38,0.0,3.85,34.35,3,1,12.24
2024-02-22 23:00:00,north,cotton,maturity,41.06,18.46,71.94,0.0,3.84,0.0,2,1,11.66
2024-02-23 00:00:00,west,lettuce,flowering,38.8,17.55,75.7,0.0,1.06,36.88,1,1,11.11
2024-02-23 01:00:00,east,cotton,flowering,42.82,15.09,82.18,0.0,2.31,62.8,1,0,0.0
2024-02-23 02:00:00,west,lettuce,flowering,31.23,18.48,66.46,0.0,0.88,0.0,2,1,22.23
2024-02-23 03:00:00,east,maize,vegetative,37.81,18.09,72.26,0.0,2.33,0.58,1,1,15.23
2024-02-23 04:00:00,east,lettuce,vegetative,47.6,15.72,77.58,0.0,1.98,17.48,2,0,0.0
2024-02-23 05:00:00,west,tomato,maturity,26.66,19.55,61.73,0.0,1.11,30.56,4,1,32.48
2024-02-23 06:00:00,north,lettuce,maturity,33.16,19.03,76.78,0.0,3.0,0.0,2,1,23.37
2024-02-23 07:00:00,west,cotton,vegetative,30.64,19.27,72.11,0.0,2.09,180.05,4,1,26.3
2024-02-23 08:00:00,east,tomato,flowering,37.24,21.07,64.5,0.0,4.47,317.34,2,1,21.63
2024-02-23 09:00:00,east,cotton,vegetative,42.97,21.53,69.36,0.0,2.5,449.7,0,0,0.0
2024-02-23 10:00:00,south,cotton,maturity,38.46,23.36,65.94,0.0,0.0,635.33,4,1,12.2
2024-02-23 11:00:00,west,tomato,vegetative,34.67,23.65,72.14,0.0,0.23,620.31,3,1,22.04
2024-02-23 12:00:00,south,maize,flowering,38.47,23.5,64.28,0.0,4.91,665.74,3,1,19.89
2024-02-23 13:00:00,north,cotton,vegetative,34.28,21.36,70.1,0.0,1.97,623.64,1,1,22.25
2024-02-23 14:00:00,west,cotton,flowering,35.88,25.33,60.99,0.0,2.69,571.36,3,1,21.09
2024-02-23 15:00:00,north,tomato,flowering,38.79,23.84,59.96,0.0,2.41,478.96,4,1,17.96
2024-02-23 16:00:00,north,maize,vegetative,43.74,25.17,66.67,0.0,4.1,356.27,2,0,0.0
2024-02-23 17:00:00,east,lettuce,maturity,37.86,24.09,60.05,0.0,0.11,141.04,1,1,13.06
2024-02-23 18:00:00,north,tomato,maturity,39.71,22.02,73.59,1.65,4.0,5.34,4,1,11.84
2024-02-23 19:00:00,west,maize,maturity,45.81,23.11,71.26,0.0,3.91,6.58,1,0,0.0
2024-02-23 20:00:00,south,tomato,vegetative,25.84,20.85,63.57,0.0,2.41,0.0,1,1,34.94
2024-02-23 21:00:00,north,tomato,flowering,35.14,19.75,71.3,0.0,2.9,0.0,3,1,22.9
2024-02-23 22:00:00,west,lettuce,flowering,31.88,18.33,65.55,0.0,1.96,31.18,1,1,24.78
2024-02-23 23:00:00,east,lettuce,flowering,34.38,20.23,58.18,0.0,0.38,0.0,2,1,17.12
2024-02-24 00:00:00,south,lettuce,flowering,38.58,16.13,68.52,0.0,3.1,91.42,1,1,11.28
2024-02-24 01:00:00,east,lettuce,flowering,40.45,16.31,72.2,0.0,2.7,33.71,4,1,10.99
2024-02-24 02:00:00,east,maize,vegetative,32.93,14.81,77.4,0.0,2.72,15.81,2,1,23.97
2024-02-24 03:00:00,north,tomato,vegetative,58.61,17.89,72.34,10.97,2.98,52.86,1,0,0.0
2024-02-24 04:00:00,west,tomato,vegetative,31.01,16.33,78.89,0.0,1.67,27.05,1,1,29.46
2024-02-24 05:00:00,south,tomato,vegetative,42.47,17.13,65.03,7.44,4.19,6.45,0,0,0.0
2024-02-24 06:00:00,east,maize,vegetative,35.82,17.89,68.65,0.0,2.41,0.0,3,1,21.98
2024-02-24 07:00:00,west,tomato,vegetative,34.36,19.72,81.33,0.0,3.05,191.52,1,1,22.74
2024-02-24 08:00:00,east,tomato,maturity,42.89,18.79,57.05,0.0,2.07,373.88,2,0,0.0
2024-02-24 09:00:00,east,tomato,flowering,46.07,18.33,67.77,0.0,3.66,438.87,0,0,0.0
2024-02-24 10:00:00,south,lettuce,emergence,32.37,23.35,59.42,0.0,2.52,499.01,2,1,22.56
2024-02-24 11:00:00,north,lettuce,maturity,31.99,20.32,67.98,3.14,2.3,590.43,0,0,0.0
2024-02-24 12:00:00,south,cotton,maturity,27.7,25.41,62.23,0.0,3.85,711.57,1,1,34.06
2024-02-24 13:00:00,west,lettuce,maturity,29.47,26.86,68.32,0.0,0.33,630.66,3,1,27.91
2024-02-24 14:00:00,east,lettuce,maturity,51.63,24.42,67.86,8.61,2.06,614.01,2,0,0.0
2024-02-24 15:00:00,south,tomato,maturity,48.37,26.48,55.28,8.79,1.66,460.29,0,0,0.0
2024-02-24 16:00:00,west,lettuce,flowering,28.97,24.09,62.21,0.0,2.85,307.62,4,1,28.62
2024-02-24 17:00:00,west,tomato,maturity,43.1,25.89,64.89,0.0,2.78,242.94,0,0,0.0
2024-02-24 18:00:00,west,maize,maturity,49.57,21.98,73.19,6.09,2.39,0.0,1,0,0.0
2024-02-24 19:00:00,south,maize,vegetative,44.07,18.15,88.11,0.0,1.54,0.0,0,0,0.0
2024-02-24 20:00:00,east,maize,maturity,26.25,20.54,74.09,0.0,2.37,16.12,2,1,35.0
2024-02-24 21:00:00,east,tomato,maturity,41.61,22.19,60.76,0.0,2.79,0.0,2,1,9.7
2024-02-24 22:00:00,south,lettuce,flowering,34.48,19.46,69.37,0.0,2.19,27.24,4,1,21.75
2024-02-24 23:00:00,south,cotton,maturity,33.26,17.06,73.22,0.0,3.73,15.61,3,1,24.44
2024-02-25 00:00:00,north,lettuce,vegetative,35.32,17.82,67.71,0.0,3.13,16.99,3,1,18.61
2024-02-25 01:00:00,south,lettuce,vegetative,31.69,18.38,74.19,0.0,2.42,0.0,4,1,23.29
2024-02-25 02:00:00,east,maize,flowering,42.48,16.66,56.37,4.46,0.0,0.0,1,0,0.0
2024-02-25 03:00:00,west,tomato,flowering,39.89,20.86,72.78,0.0,2.14,0.0,4,1,11.85
2024-02-25 04:00:00,west,lettuce,maturity,25.32,16.55,69.03,0.0,3.16,0.0,3,1,35.0
2024-02-25 05:00:00,north,maize,maturity,42.61,19.46,69.26,0.0,2.06,10.24,1,0,0.0
2024-02-25 06:00:00,east,tomato,flowering,37.07,19.93,79.92,0.0,2.76,0.0,3,1,16.33
2024-02-25 07:00:00,north,maize,maturity,34.54,18.7,61.81,0.0,2.13,116.95,1,1,23.4
2024-02-25 08:00:00,east,cotton,vegetative,58.21,20.15,71.39,10.25,2.68,284.87,0,0,0.0
2024-02-25 09:00:00,south,lettuce,maturity,36.88,23.35,72.48,0.0,4.08,473.19,3,1,17.87
2024-02-25 10:00:00,south,maize,emergence,32.65,23.01,68.39,0.0,3.34,586.98,3,1,30.29
2024-02-25 11:00:00,east,lettuce,flowering,31.1,24.12,55.0,0.0,0.85,610.12,4,1,23.58
2024-02-25 12:00:00,south,maize,emergence,42.52,21.8,77.61,0.0,0.41,636.0,0,0,0.0
2024-02-25 13:00:00,west,maize,flowering,26.63,25.64,63.61,0.0,2.93,649.34,3,1,35.0
2024-02-25 14:00:00,east,maize,vegetative,33.27,25.22,61.73,0.0,3.8,568.71,1,1,28.09
2024-02-25 15:00:00,west,maize,emergence,27.59,24.56,63.78,0.0,0.41,501.13,3,1,31.61
2024-02-25 16:00:00,east,lettuce,flowering,36.92,24.79,63.09,0.0,2.15,319.48,3,1,14.25
2024-02-25 17:00:00,south,tomato,flowering,40.27,23.0,58.87,3.23,5.25,139.13,0,0,0.0
2024-02-25 18:00:00,west,lettuce,vegetative,28.68,21.9,69.23,0.0,2.08,38.02,3,1,28.09
2024-02-25 19:00:00,south,maize,flowering,30.57,21.46,64.25,0.0,5.43,0.0,3,1,31.87
2024-02-25 20:00:00,east,lettuce,vegetative,35.12,20.09,74.22,0.0,1.41,0.0,1,1,16.77
2024-02-25 21:00:00,north,lettuce,vegetative,36.31,23.02,70.8,0.0,1.62,31.25,4,1,15.72
2024-02-25 22:00:00,north,lettuce,vegetative,25.18,20.16,80.85,0.0,1.56,50.72,2,1,33.67
2024-02-25 23:00:00,east,lettuce,flowering,31.33,16.51,70.91,0.0,0.86,6.41,4,1,21.26
2024-02-26 00:00:00,north,cotton,flowering,35.64,20.51,63.57,0.0,0.37,0.0,1,1,16.18
2024-02-26 01:00:00,west,maize,flowering,40.87,16.4,62.19,0.0,2.13,53.72,4,1,11.98
2024-02-26 02:00:00,west,lettuce,maturity,39.01,16.96,87.39,0.0,2.57,13.19,2,1,10.46
2024-02-26 03:00:00,east,lettuce,flowering,32.52,18.4,75.52,0.0,1.54,7.69,1,1,21.32
2024-02-26 04:00:00,east,tomato,maturity,39.78,14.5,69.16,0.0,1.83,0.0,4,1,10.59
2024-02-26 05:00:00,east,maize,maturity,33.19,17.73,,0.0,4.14,39.54,4,1,22.96
2024-02-26 06:00:00,north,maize,vegetative,19.14,18.05,80.65,0.0,3.57,0.0,4,1,35.0
2024-02-26 07:00:00,south,tomato,vegetative,41.94,20.19,59.99,0.0,2.09,126.1,4,1,9.4
2024-02-26 08:00:00,south,maize,vegetative,37.01,21.47,63.15,0.0,2.92,391.31,3,1,19.23
2024-02-26 09:00:00,west,maize,flowering,35.65,21.83,67.21,0.0,0.44,429.43,3,1,17.75
2024-02-26 10:00:00,north,lettuce,flowering,34.73,22.73,59.93,0.0,2.72,596.51,1,1,20.94
2024-02-26 11:00:00,south,tomato,vegetative,35.38,25.34,64.65,0.0,2.33,676.1,2,1,22.41
2024-02-26 12:00:00,south,cotton,maturity,34.2,24.83,70.72,0.0,1.95,657.36,2,1,23.88
2024-02-26 13:00:00,north,maize,maturity,32.7,24.84,56.11,0.0,2.44,597.02,2,1,27.9
2024-02-26 14:00:00,north,lettuce,vegetative,30.68,25.14,67.54,0.0,2.25,584.96,2,1,29.59
2024-02-26 15:00:00,south,tomato,vegetative,32.88,27.53,71.75,0.0,0.82,508.33,3,1,25.3
2024-02-26 16:00:00,north,maize,vegetative,29.81,24.64,68.69,0.0,4.42,336.99,3,1,31.54
2024-02-26 17:00:00,north,tomato,vegetative,28.87,22.97,66.69,0.0,3.54,142.11,3,1,32.5
2024-02-26 18:00:00,south,lettuce,maturity,35.92,20.05,64.88,0.0,1.93,10.71,2,1,15.37
2024-02-26 19:00:00,north,maize,flowering,52.14,19.8,75.58,7.05,0.29,0.0,0,0,0.0
2024-02-26 20:00:00,east,cotton,emergence,30.56,20.21,61.19,0.0,0.0,0.0,3,1,27.12
2024-02-26 21:00:00,north,maize,flowering,39.08,19.72,71.53,4.26,4.81,0.0,2,0,0.0
2024-02-26 22:00:00,south,lettuce,emergence,26.03,18.08,71.31,0.0,2.19,2.15,4,1,34.43
2024-02-26 23:00:00,south,tomato,vegetative,34.68,18.61,78.59,3.76,3.32,0.0,0,0,0.0
2024-02-27 00:00:00,west,lettuce,vegetative,38.92,16.73,68.14,6.02,1.26,8.74,2,0,0.0
2024-02-27 01:00:00,east,maize,flowering,39.34,15.81,69.47,0.0,2.03,18.26,3,1,13.46
2024-02-27 02:00:00,west,maize,flowering,33.53,17.96,62.54,4.31,2.09,0.0,1,0,0.0
2024-02-27 03:00:00,south,tomato,maturity,36.73,19.23,73.27,0.0,2.69,0.0,4,1,16.03
2024-02-27 04:00:00,south,tomato,emergence,33.09,15.92,69.9,0.0,2.51,3.66,1,1,22.95
2024-02-27 05:00:00,south,tomato,flowering,37.43,18.58,64.7,0.0,1.29,63.52,2,1,16.07
2024-02-27 06:00:00,west,cotton,emergence,40.22,16.18,67.28,0.0,1.28,16.02,2,1,7.45
2024-02-27 07:00:00,west,maize,vegetative,41.25,17.8,75.12,3.9,2.3,168.78,1,0,0.0
2024-02-27 08:00:00,west,tomato,maturity,40.03,20.16,61.75,0.0,0.29,311.96,1,1,12.17
2024-02-27 09:00:00,west,cotton,flowering,42.09,23.78,59.48,0.0,1.41,479.82,0,0,0.0
2024-02-27 10:00:00,east,tomato,vegetative,41.06,21.87,74.38,0.0,2.22,570.21,1,1,12.21
2024-02-27 11:00:00,east,maize,flowering,30.95,22.65,66.32,0.0,2.88,652.61,2,1,27.98
2024-02-27 12:00:00,west,lettuce,flowering,24.12,24.56,72.64,0.0,4.2,611.63,4,1,35.0
2024-02-27 13:00:00,south,cotton,maturity,33.08,24.96,63.12,0.0,1.83,632.1,2,1,24.54
2024-02-27 14:00:00,south,lettuce,flowering,35.16,23.86,66.5,0.0,2.44,546.77,2,1,21.43
2024-02-27 15:00:00,west,maize,emergence,22.16,27.89,64.39,0.0,0.16,472.63,4,1,35.0
2024-02-27 16:00:00,south,cotton,flowering,34.48,24.11,76.02,0.0,2.8,256.9,3,1,25.8
2024-02-27 17:00:00,north,tomato,vegetative,27.96,24.04,75.51,3.68,1.31,154.49,1,0,0.0
2024-02-27 18:00:00,east,cotton,emergence,41.94,22.44,75.72,0.0,2.03,18.99,0,0,0.0
2024-02-27 19:00:00,south,cotton,flowering,67.52,22.74,63.01,17.19,2.97,24.63,1,0,0.0
2024-02-27 20:00:00,west,cotton,flowering,30.09,22.89,60.38,0.0,3.02,0.0,2,1,28.34
2024-02-27 21:00:00,west,tomato,emergence,34.8,22.5,72.92,0.0,0.66,0.0,4,1,22.37
2024-02-27 22:00:00,south,tomato,maturity,57.41,17.9,80.92,12.23,3.36,22.45,1,0,0.0
2024-02-27 23:00:00,east,lettuce,flowering,36.55,19.86,77.85,0.0,2.35,55.44,4,1,17.04
2024-02-28 00:00:00,west,maize,flowering,34.47,18.53,70.87,0.0,3.92,0.0,4,1,24.71
2024-02-28 01:00:00,east,maize,vegetative,38.83,18.77,75.68,0.0,4.15,0.0,4,1,15.72
2024-02-28 02:00:00,north,cotton,vegetative,27.75,17.03,77.19,0.0,4.33,28.23,4,1,33.62
2024-02-28 03:00:00,east,lettuce,emergence,33.43,17.03,73.02,0.0,0.69,29.16,2,1,18.82
2024-02-28 04:00:00,east,maize,vegetative,42.99,19.11,71.66,0.0,2.88,38.4,1,0,0.0
2024-02-28 05:00:00,east,maize,vegetative,32.29,19.77,70.47,0.0,0.51,35.51,3,1,23.67
2024-02-28 06:00:00,north,tomato,vegetative,35.24,21.52,62.87,0.0,3.96,0.0,4,1,18.43
2024-02-28 07:00:00,south,tomato,vegetative,29.04,20.43,64.45,0.0,4.13,151.45,2,1,31.03
2024-02-28 08:00:00,west,tomato,vegetative,44.78,21.01,,0.0,3.57,346.93,1,0,0.0
2024-02-28 09:00:00,north,cotton,maturity,35.41,18.52,59.59,0.0,1.89,456.6,2,1,21.67
2024-02-28 10:00:00,south,lettuce,maturity,27.68,20.75,70.0,0.0,3.05,575.72,2,1,34.06
2024-02-28 11:00:00,south,maize,vegetative,39.41,23.41,66.59,0.0,1.74,623.29,3,1,11.67
2024-02-28 12:00:00,north,maize,maturity,28.57,22.98,72.55,0.0,2.42,634.75,3,1,31.31
2024-02-28 13:00:00,north,lettuce,vegetative,39.37,26.26,73.42,1.88,2.29,619.39,2,1,8.47
2024-02-28 14:00:00,south,cotton,vegetative,39.06,23.21,76.31,0.0,0.0,523.65,3,1,12.83
2024-02-28 15:00:00,west,cotton,maturity,43.86,24.28,76.1,0.0,1.43,434.3,0,0,0.0
2024-02-28 16:00:00,north,maize,vegetative,35.0,23.94,61.15,0.0,5.13,322.66,3,1,25.46
2024-02-28 17:00:00,south,cotton,vegetative,33.03,25.81,54.93,0.0,2.3,166.53,3,1,23.53
2024-02-28 18:00:00,north,maize,vegetative,23.72,22.26,74.31,0.0,2.59,19.86,2,1,35.0
2024-02-28 19:00:00,east,maize,flowering,31.55,22.88,76.97,0.0,2.39,0.0,1,1,25.48
2024-02-28 20:00:00,south,cotton,flowering,30.25,21.46,79.32,0.0,1.91,58.65,1,1,31.85
2024-02-28 21:00:00,west,maize,vegetative,32.9,21.49,71.8,0.0,2.44,43.05,4,1,27.66
2024-02-28 22:00:00,east,maize,vegetative,31.19,20.45,55.27,0.0,1.91,0.0,4,1,30.92
2024-02-28 23:00:00,west,maize,vegetative,37.71,18.29,73.53,0.0,0.0,6.92,4,1,14.82
2024-02-29 00:00:00,east,maize,flowering,43.35,15.29,77.26,6.88,3.34,42.45,2,0,0.0
2024-02-29 01:00:00,south,maize,vegetative,36.12,17.09,80.69,0.0,4.34,0.0,2,1,22.13
2024-02-29 02:00:00,west,lettuce,maturity,33.15,17.27,81.79,0.0,1.0,0.0,4,1,18.2
2024-02-29 03:00:00,south,maize,flowering,30.6,17.87,77.68,0.0,1.9,45.48,4,1,26.67
2024-02-29 04:00:00,west,tomato,vegetative,30.13,16.73,68.11,0.0,4.2,24.2,2,1,30.1
2024-02-29 05:00:00,west,cotton,flowering,34.85,20.18,62.25,0.0,1.47,37.58,4,1,21.53
2024-02-29 06:00:00,east,maize,emergence,40.52,19.32,73.88,0.0,2.87,11.04,1,1,12.91
2024-02-29 07:00:00,east,cotton,vegetative,30.0,18.88,64.95,0.0,7.59,159.31,3,1,34.67
2024-02-29 08:00:00,south,tomato,vegetative,33.88,20.61,79.44,0.0,3.16,278.03,1,1,23.19
2024-02-29 09:00:00,west,lettuce,flowering,35.31,25.23,53.49,0.0,2.48,464.41,3,1,20.05
2024-02-29 10:00:00,east,maize,flowering,33.33,24.3,70.13,0.0,3.46,606.04,2,1,24.61
2024-02-29 11:00:00,west,cotton,maturity,27.41,25.7,67.28,2.02,3.33,671.38,0,0,0.0
2024-02-29 12:00:00,south,tomato,vegetative,35.98,23.2,65.59,0.0,1.61,687.48,4,1,18.79
2024-02-29 13:00:00,west,cotton,vegetative,25.95,24.13,59.82,0.0,0.32,655.4,4,1,32.22
2024-02-29 14:00:00,south,maize,flowering,25.92,24.28,51.75,0.0,3.11,640.3,2,1,35.0
2024-02-29 15:00:00,north,lettuce,vegetative,26.15,25.44,61.53,0.0,3.29,405.31,1,1,35.0
2024-02-29 16:00:00,north,maize,vegetative,32.41,24.5,62.4,0.0,2.04,333.08,2,1,27.81
2024-02-29 17:00:00,east,tomato,maturity,28.69,23.39,74.67,0.0,4.37,135.45,4,1,34.02
2024-02-29 18:00:00,south,maize,maturity,26.31,22.75,61.92,0.0,4.13,54.34,4,1,35.0
2024-02-29 19:00:00,north,tomato,maturity,35.37,21.14,71.85,0.0,3.33,0.0,2,1,23.9
2024-02-29 20:00:00,south,maize,vegetative,33.33,21.03,59.73,0.0,2.07,35.3,3,1,23.72
2024-02-29 21:00:00,east,lettuce,emergence,37.23,21.93,71.41,0.0,0.0,0.0,3,1,15.16
2024-02-29 22:00:00,south,maize,vegetative,40.46,17.03,56.31,5.93,2.19,14.71,1,0,0.0
2024-02-29 23:00:00,west,tomato,maturity,40.03,18.99,85.07,3.85,0.2,0.0,2,0,0.0
2024-03-01 00:00:00,west,tomato,vegetative,37.4,20.04,68.58,0.0,0.0,0.0,1,1,12.95
2024-03-01 01:00:00,east,tomato,emergence,26.82,17.29,52.21,0.0,3.18,11.68,2,1,32.54
2024-03-01 02:00:00,west,tomato,emergence,30.06,16.64,67.27,0.0,3.81,32.18,3,1,28.45
2024-03-01 03:00:00,south,lettuce,flowering,38.32,18.95,64.31,0.0,0.06,0.0,4,1,13.96
2024-03-01 04:00:00,north,tomato,maturity,33.44,16.49,67.82,0.0,2.09,31.2,4,1,20.99
2024-03-01 05:00:00,north,cotton,flowering,32.57,18.57,68.19,0.0,2.38,36.32,2,1,23.32
2024-03-01 06:00:00,west,tomato,emergence,33.12,17.87,66.67,0.0,2.05,0.0,1,1,22.95
2024-03-01 07:00:00,west,tomato,flowering,39.41,17.59,65.81,0.0,0.75,234.21,1,1,9.14
2024-03-01 08:00:00,east,cotton,vegetative,33.16,21.2,60.53,0.0,4.0,351.08,1,1,25.86
2024-03-01 09:00:00,north,maize,vegetative,33.49,20.57,74.9,0.0,0.78,444.52,4,1,23.29
2024-03-01 10:00:00,south,maize,vegetative,33.17,23.41,75.28,0.0,0.06,584.41,1,1,25.26
2024-03-01 11:00:00,north,cotton,flowering,24.0,25.93,63.07,0.0,0.75,664.2,2,1,35.0
2024-03-01 12:00:00,north,cotton,vegetative,42.78,27.68,63.34,5.14,2.98,670.64,0,0,0.0
2024-03-01 13:00:00,north,lettuce,maturity,28.24,25.43,57.37,0.0,2.08,634.92,1,1,31.27
2024-03-01 14:00:00,east,tomato,flowering,25.1,26.96,64.53,0.0,1.48,442.12,2,1,35.0
2024-03-01 15:00:00,north,lettuce,vegetative,23.31,25.89,66.5,0.0,3.03,425.76,1,1,35.0
2024-03-01 16:00:00,west,cotton,flowering,25.27,24.32,64.61,0.0,2.8,348.75,2,1,35.0
2024-03-01 17:00:00,south,cotton,flowering,38.16,21.37,71.28,9.09,0.0,133.68,1,0,0.0
2024-03-01 18:00:00,south,tomato,emergence,43.28,25.87,67.07,9.11,3.02,17.99,1,0,0.0
2024-03-01 19:00:00,east,maize,flowering,30.94,20.89,61.51,0.0,3.82,30.97,4,1,30.85
2024-03-01 20:00:00,west,maize,vegetative,38.41,23.5,75.15,0.0,2.25,0.0,4,1,17.54
2024-03-01 21:00:00,south,tomato,vegetative,33.39,21.2,67.19,0.0,2.12,0.0,3,1,22.39
2024-03-01 22:00:00,north,lettuce,flowering,34.34,17.97,82.96,0.0,4.67,0.0,3,1,24.32
2024-03-01 23:00:00,north,tomato,flowering,39.45,19.07,73.29,0.0,1.55,23.97,1,1,12.77
2024-03-02 00:00:00,west,maize,vegetative,18.78,21.3,82.36,0.0,2.2,43.99,3,1,35.0
2024-03-02 01:00:00,north,tomato,vegetative,34.98,20.0,77.83,0.0,2.8,0.0,3,1,22.72
2024-03-02 02:00:00,east,maize,flowering,34.58,16.79,73.76,0.0,2.46,2.83,4,1,20.08
2024-03-02 03:00:00,south,tomato,vegetative,37.11,16.63,67.24,0.0,2.07,0.0,3,1,15.3
2024-03-02 04:00:00,west,maize,maturity,24.0,18.25,66.09,0.0,2.51,3.17,4,1,35.0
2024-03-02 05:00:00,north,tomato,flowering,52.83,18.48,74.54,12.63,4.28,0.0,1,0,0.0
2024-03-02 06:00:00,west,cotton,maturity,28.3,21.36,69.51,0.0,3.37,82.61,1,1,32.7
2024-03-02 07:00:00,east,tomato,vegetative,26.5,21.63,64.17,0.0,2.31,149.37,3,1,35.0
2024-03-02 08:00:00,south,maize,maturity,47.26,19.02,76.21,1.54,1.36,361.71,2,0,0.0
2024-03-02 09:00:00,north,tomato,emergence,30.07,23.28,67.24,0.0,1.52,494.93,2,1,27.25
2024-03-02 10:00:00,west,tomato,vegetative,41.27,23.29,72.84,2.08,3.54,556.1,2,0,0.0
2024-03-02 11:00:00,south,tomato,emergence,36.14,24.44,59.22,0.0,0.49,632.01,4,1,17.39
2024-03-02 12:00:00,south,tomato,emergence,24.82,25.4,72.28,0.0,5.28,650.02,4,1,35.0
2024-03-02 13:00:00,south,tomato,maturity,28.29,27.22,67.33,0.0,2.36,601.82,2,1,35.0
2024-03-02 14:00:00,north,maize,flowering,31.31,27.03,72.36,0.0,0.75,533.86,2,1,26.81
2024-03-02 15:00:00,south,lettuce,flowering,34.61,24.3,73.0,0.0,2.62,445.28,4,1,20.5
2024-03-02 16:00:00,north,tomato,flowering,33.89,24.94,65.06,0.0,1.44,285.16,2,1,23.45
2024-03-02 17:00:00,north,maize,flowering,41.55,23.72,65.47,0.0,1.9,150.72,1,1,8.56
2024-03-02 18:00:00,south,lettuce,flowering,42.09,21.04,81.25,2.65,0.59,0.0,1,0,0.0
2024-03-02 19:00:00,north,tomato,maturity,36.04,22.43,65.62,0.0,2.11,5.66,3,1,19.91
2024-03-02 20:00:00,south,maize,flowering,41.45,24.33,71.38,2.26,0.0,15.53,2,0,0.0
2024-03-02 21:00:00,west,tomato,flowering,39.49,17.96,68.56,0.0,1.68,0.0,1,1,11.34
2024-03-02 22:00:00,north,tomato,vegetative,29.59,19.52,56.95,0.0,1.41,0.0,3,1,29.26
2024-03-02 23:00:00,north,maize,maturity,24.8,18.65,62.09,0.0,1.8,14.89,4,1,35.0
2024-03-03 00:00:00,north,cotton,emergence,29.65,18.66,73.51,0.0,1.48,27.68,3,1,29.45
2024-03-03 01:00:00,east,cotton,vegetative,25.8,16.38,77.4,0.0,2.44,0.0,2,1,31.46
2024-03-03 02:00:00,south,cotton,maturity,27.74,15.55,76.02,0.0,3.47,0.0,4,1,31.85
2024-03-03 03:00:00,south,maize,vegetative,33.13,15.76,81.01,0.0,2.83,0.0,4,1,23.52
2024-03-03 04:00:00,north,tomato,vegetative,29.85,20.22,72.16,0.0,3.96,0.0,2,1,31.34
2024-03-03 05:00:00,south,maize,vegetative,35.85,17.39,66.26,0.0,1.8,40.08,4,1,20.66
2024-03-03 06:00:00,south,tomato,vegetative,34.11,18.94,74.61,0.0,2.79,24.28,4,1,20.28
2024-03-03 07:00:00,south,tomato,maturity,35.93,23.81,67.74,0.85,2.84,168.12,1,1,17.38
2024-03-03 08:00:00,east,tomato,maturity,26.24,20.59,65.1,0.0,3.78,391.52,3,1,35.0
2024-03-03 09:00:00,west,maize,flowering,55.57,23.24,70.31,15.23,1.52,458.4,2,0,0.0
2024-03-03 10:00:00,south,maize,maturity,22.21,25.29,65.93,0.0,3.35,612.4,3,1,35.0
2024-03-03 11:00:00,west,tomato,flowering,34.13,26.04,60.53,0.0,1.37,670.6,4,1,24.62
2024-03-03 12:00:00,east,lettuce,maturity,42.11,23.16,65.83,0.0,1.72,690.27,2,0,0.0
2024-03-03 13:00:00,south,maize,vegetative,33.09,24.49,75.91,0.0,1.97,639.09,3,1,26.81
2024-03-03 14:00:00,north,cotton,flowering,32.52,26.15,74.35,0.0,2.94,567.0,3,1,29.14
2024-03-03 15:00:00,south,tomato,emergence,27.13,28.45,64.16,0.0,1.1,459.8,4,1,34.04
2024-03-03 16:00:00,east,maize,emergence,31.35,24.01,66.79,0.0,1.26,354.76,1,1,26.93
2024-03-03 17:00:00,north,tomato,flowering,38.8,23.78,56.54,0.0,1.63,140.61,3,1,15.75
2024-03-03 18:00:00,west,maize,emergence,32.67,24.32,78.18,0.0,2.46,0.0,2,1,26.03
2024-03-03 19:00:00,south,tomato,flowering,35.59,23.66,73.93,0.0,1.28,58.34,4,1,18.55
2024-03-03 20:00:00,west,tomato,flowering,38.88,22.71,72.69,0.0,2.72,21.82,1,1,15.13
2024-03-03 21:00:00,east,lettuce,emergence,37.87,19.39,54.17,0.0,1.97,33.39,2,1,14.54
2024-03-03 22:00:00,south,tomato,vegetative,32.51,18.89,70.77,0.0,3.19,0.0,4,1,26.67
2024-03-03 23:00:00,north,tomato,flowering,32.86,19.19,69.36,0.0,2.48,0.0,3,1,22.15
2024-03-04 00:00:00,east,cotton,maturity,30.39,20.25,74.18,0.0,4.5,11.68,3,1,30.02
2024-03-04 01:00:00,south,tomato,vegetative,47.94,17.6,68.36,7.3,2.55,0.0,1,0,0.0
2024-03-04 02:00:00,north,lettuce,maturity,30.22,17.79,69.75,0.0,0.94,0.0,2,1,22.42
2024-03-04 03:00:00,west,maize,maturity,34.03,16.42,76.8,0.0,2.14,26.59,3,1,22.18
2024-03-04 04:00:00,south,tomato,flowering,37.45,21.16,63.26,0.0,2.43,37.71,4,1,17.19
2024-03-04 05:00:00,north,maize,vegetative,23.81,19.23,66.2,0.0,1.31,0.0,4,1,35.0
2024-03-04 06:00:00,south,tomato,flowering,22.94,21.44,69.8,0.0,4.22,27.85,1,1,35.0
2024-03-04 07:00:00,south,lettuce,maturity,31.99,20.83,78.3,0.0,2.03,239.25,1,1,24.74
2024-03-04 08:00:00,west,tomato,vegetative,35.54,21.95,73.7,0.0,1.63,378.39,2,1,21.27
2024-03-04 09:00:00,east,tomato,maturity,33.62,20.61,76.64,0.0,2.62,451.2,4,1,24.01
2024-03-04 10:00:00,north,maize,maturity,26.12,20.6,69.56,0.0,1.31,524.29,4,1,35.0
2024-03-04 11:00:00,north,cotton,flowering,35.14,26.53,74.84,0.0,3.56,635.91,3,1,25.54
2024-03-04 12:00:00,east,lettuce,flowering,40.84,25.41,53.09,0.0,3.32,732.14,3,1,13.63
2024-03-04 13:00:00,north,cotton,flowering,26.58,26.0,78.96,0.0,2.56,674.68,1,1,35.0
2024-03-04 14:00:00,south,lettuce,flowering,28.48,23.95,81.5,0.0,3.11,562.7,4,1,33.52
2024-03-04 15:00:00,north,lettuce,maturity,32.02,24.33,69.33,0.0,1.8,514.3,3,1,23.71
2024-03-04 16:00:00,north,maize,emergence,29.72,26.88,69.92,0.0,0.6,365.9,2,1,31.47
2024-03-04 17:00:00,west,cotton,emergence,36.12,27.26,63.52,0.0,2.01,101.75,3,1,17.17
2024-03-04 18:00:00,north,maize,vegetative,33.47,22.89,65.82,0.0,1.8,37.16,4,1,23.54
2024-03-04 19:00:00,north,maize,maturity,30.58,23.87,62.23,0.0,0.0,4.16,4,1,25.17
2024-03-04 20:00:00,west,lettuce,vegetative,29.07,22.11,67.57,0.0,1.13,0.0,3,1,27.64
2024-03-04 21:00:00,north,maize,maturity,24.37,20.61,73.0,0.0,0.92,3.19,3,1,34.77
2024-03-04 22:00:00,west,tomato,flowering,38.84,22.6,70.46,0.0,1.14,14.5,3,1,14.26
2024-03-04 23:00:00,north,maize,vegetative,35.11,18.32,84.85,0.0,4.0,0.0,1,1,23.17
2024-03-05 00:00:00,north,maize,maturity,31.51,20.35,,0.0,3.01,0.0,2,1,26.89
2024-03-05 01:00:00,north,cotton,flowering,32.49,18.67,60.25,0.0,3.56,0.0,4,1,24.86
2024-03-05 02:00:00,east,maize,vegetative,31.39,17.93,82.76,0.0,3.01,27.83,1,1,27.53
2024-03-05 03:00:00,east,cotton,emergence,23.09,20.15,60.93,0.0,3.7,0.0,2,1,35.0
2024-03-05 04:00:00,south,maize,emergence,24.79,18.93,66.54,0.0,2.43,0.0,4,1,35.0
2024-03-05 05:00:00,north,lettuce,vegetative,30.86,18.98,72.31,0.0,4.22,0.0,3,1,26.48
2024-03-05 06:00:00,north,tomato,vegetative,30.76,22.03,70.9,0.0,0.92,0.0,2,1,27.51
2024-03-05 07:00:00,east,cotton,flowering,31.79,22.8,57.25,0.0,2.32,122.94,3,1,26.93
2024-03-05 08:00:00,north,maize,vegetative,40.33,23.76,61.37,0.0,1.17,366.31,4,1,10.54
2024-03-05 09:00:00,east,tomato,emergence,32.25,17.16,61.51,1.03,3.89,487.74,2,1,23.96
2024-03-05 10:00:00,east,tomato,vegetative,27.63,24.62,70.26,0.0,2.9,529.07,4,1,34.68
2024-03-05 11:00:00,west,tomato,vegetative,31.4,25.1,73.8,0.0,3.82,583.42,2,1,29.22
2024-03-05 12:00:00,south,maize,maturity,23.97,25.37,56.75,0.0,0.72,646.41,4,1,35.0
2024-03-05 13:00:00,north,lettuce,vegetative,30.9,26.74,71.18,0.0,1.68,581.53,3,1,29.29
2024-03-05 14:00:00,south,cotton,emergence,26.72,26.35,71.04,0.0,0.26,554.44,1,1,32.5
2024-03-05 15:00:00,west,lettuce,flowering,31.16,26.84,59.52,0.0,2.83,462.09,4,1,29.21
2024-03-05 16:00:00,east,maize,maturity,30.21,25.02,51.71,0.0,1.89,335.66,1,1,31.46
2024-03-05 17:00:00,east,maize,maturity,29.18,27.03,56.47,0.0,3.31,180.14,4,1,34.47
2024-03-05 18:00:00,south,cotton,maturity,34.15,25.13,61.33,0.0,2.44,0.0,1,1,22.07
2024-03-05 19:00:00,north,cotton,maturity,56.82,23.81,77.35,11.93,0.0,2.47,0,0,0.0
2024-03-05 20:00:00,west,maize,flowering,41.83,22.7,66.61,0.0,0.41,44.82,2,1,10.1
2024-03-05 21:00:00,west,cotton,maturity,38.54,22.66,60.43,1.9,2.5,0.0,1,1,12.86
2024-03-05 22:00:00,west,maize,emergence,45.02,21.49,69.44,8.12,2.96,11.4,0,0,0.0
2024-03-05 23:00:00,west,cotton,maturity,28.45,18.96,61.36,0.0,0.0,0.0,1,1,29.97
2024-03-06 00:00:00,south,cotton,maturity,33.33,20.11,73.11,0.0,2.3,49.14,3,1,25.35
2024-03-06 01:00:00,south,lettuce,maturity,38.89,18.49,63.97,0.0,1.18,28.6,1,1,13.36
2024-03-06 02:00:00,north,tomato,flowering,35.85,20.97,63.0,0.0,1.07,27.48,4,1,20.58
2024-03-06 03:00:00,west,lettuce,maturity,27.99,19.87,72.33,0.0,1.61,0.0,4,1,29.52
2024-03-06 04:00:00,east,tomato,vegetative,33.8,17.69,83.7,0.0,2.55,9.23,2,1,20.11
2024-03-06 05:00:00,south,lettuce,flowering,32.64,22.76,82.78,0.0,1.55,13.13,1,1,22.57
2024-03-06 06:00:00,west,maize,vegetative,36.76,16.94,64.77,0.0,0.02,0.0,1,1,14.81
2024-03-06 07:00:00,east,lettuce,flowering,33.0,22.01,63.81,0.0,2.54,173.36,3,1,22.35
2024-03-06 08:00:00,west,cotton,flowering,32.8,21.05,72.37,0.0,1.98,346.46,4,1,23.37
2024-03-06 09:00:00,west,tomato,vegetative,24.39,25.95,73.02,0.0,1.27,410.13,4,1,35.0
2024-03-06 10:00:00,north,maize,vegetative,35.13,24.47,50.88,0.0,2.03,583.99,1,1,23.5
2024-03-06 11:00:00,south,lettuce,vegetative,32.64,23.73,67.23,4.53,1.98,631.34,0,0,0.0
2024-03-06 12:00:00,east,maize,flowering,31.18,25.15,62.07,0.0,2.45,698.34,1,1,33.04
2024-03-06 13:00:00,west,tomato,flowering,28.12,24.88,52.23,0.0,2.1,613.39,1,1,33.6
2024-03-06 14:00:00,north,tomato,flowering,27.36,25.63,55.73,0.0,2.6,569.13,2,1,34.99
2024-03-06 15:00:00,south,maize,vegetative,33.41,25.46,61.26,0.0,2.34,471.56,1,1,25.81
2024-03-06 16:00:00,east,lettuce,maturity,31.09,24.43,66.47,0.0,3.38,226.74,1,1,30.17
2024-03-06 17:00:00,west,lettuce,flowering,18.58,25.32,72.4,0.0,4.3,155.82,3,1,35.0
2024-03-06 18:00:00,north,tomato,emergence,29.93,24.68,68.34,0.0,2.38,3.02,1,1,30.2
2024-03-06 19:00:00,east,maize,vegetative,29.37,21.63,74.93,0.0,1.65,0.0,2,1,32.04
2024-03-06 20:00:00,south,maize,flowering,37.59,19.6,70.1,0.0,0.68,23.6,4,1,15.55
2024-03-06 21:00:00,north,tomato,vegetative,25.07,21.52,63.45,0.0,3.18,3.01,3,1,35.0
2024-03-06 22:00:00,east,lettuce,emergence,40.85,20.89,67.6,0.0,1.32,2.81,1,1,8.76
2024-03-06 23:00:00,south,maize,vegetative,35.54,20.36,74.18,0.0,5.22,25.24,1,1,26.4
2024-03-07 00:00:00,east,maize,emergence,43.24,19.59,77.16,7.44,5.74,0.0,1,0,0.0
2024-03-07 01:00:00,south,cotton,emergence,29.13,20.72,67.99,0.0,2.14,1.52,4,1,29.12
2024-03-07 02:00:00,west,maize,vegetative,28.02,19.72,63.32,0.0,0.4,30.28,1,1,31.76
2024-03-07 03:00:00,north,lettuce,maturity,32.79,22.38,70.05,0.0,3.18,1.94,4,1,25.54
2024-03-07 04:00:00,west,tomato,flowering,27.24,23.41,70.22,0.0,4.92,0.0,2,1,35.0
2024-03-07 05:00:00,north,tomato,vegetative,30.58,16.76,80.82,0.0,0.83,1.8,3,1,23.93
2024-03-07 06:00:00,east,tomato,flowering,25.72,16.93,67.31,0.0,4.68,2.24,3,1,35.0
2024-03-07 07:00:00,south,lettuce,flowering,34.7,21.18,63.98,0.0,0.18,199.75,2,1,15.23
2024-03-07 08:00:00,south,cotton,vegetative,31.97,22.98,72.51,0.0,0.65,312.99,2,1,23.51
2024-03-07 09:00:00,north,tomato,vegetative,28.77,23.15,64.23,0.0,2.77,425.39,2,1,32.06
2024-03-07 10:00:00,east,tomato,vegetative,29.11,25.28,62.23,0.0,3.62,528.8,3,1,35.0
2024-03-07 11:00:00,north,maize,flowering,33.7,24.65,74.66,3.6,2.32,678.34,0,0,0.0
2024-03-07 12:00:00,east,lettuce,flowering,32.24,24.65,56.28,0.0,2.94,660.12,4,1,26.17
2024-03-07 13:00:00,east,lettuce,vegetative,24.01,25.27,79.77,0.0,3.73,676.56,4,1,35.0
2024-03-07 14:00:00,west,lettuce,flowering,34.39,25.92,60.57,0.0,3.86,616.69,3,1,24.35
2024-03-07 15:00:00,east,cotton,maturity,29.87,27.35,69.78,0.0,1.65,433.6,2,1,28.01
2024-03-07 16:00:00,south,maize,vegetative,28.18,24.96,64.87,0.0,1.36,296.3,4,1,34.3
2024-03-07 17:00:00,east,lettuce,flowering,33.55,24.62,67.8,0.0,3.66,163.76,1,1,25.92
2024-03-07 18:00:00,west,lettuce,flowering,32.27,25.08,63.7,0.0,2.95,21.5,4,1,26.07
2024-03-07 19:00:00,south,maize,flowering,25.73,22.96,73.23,0.0,3.11,0.0,4,1,35.0
2024-03-07 20:00:00,north,cotton,flowering,37.48,23.9,64.05,0.0,1.61,15.92,2,1,18.57
2024-03-07 21:00:00,west,tomato,flowering,18.44,19.81,65.74,0.0,3.17,14.15,4,1,35.0
2024-03-07 22:00:00,north,lettuce,vegetative,36.36,18.52,83.48,0.0,1.09,0.0,2,1,14.89
2024-03-07 23:00:00,east,lettuce,vegetative,30.08,19.85,69.92,0.0,2.7,0.0,2,1,25.4
2024-03-08 00:00:00,north,cotton,maturity,35.83,19.5,65.27,0.0,2.53,15.56,2,1,18.63
2024-03-08 01:00:00,north,maize,vegetative,38.07,17.2,61.41,0.0,2.54,72.56,3,1,14.25
2024-03-08 02:00:00,west,maize,maturity,28.71,20.37,82.36,0.0,3.34,0.0,4,1,31.19
2024-03-08 03:00:00,north,cotton,vegetative,28.93,21.38,64.63,0.0,1.18,11.54,4,1,28.27
2024-03-08 04:00:00,east,lettuce,flowering,32.39,17.95,85.67,0.0,3.21,0.0,4,1,20.65
2024-03-08 05:00:00,east,maize,flowering,29.2,21.76,70.98,2.26,2.42,8.28,1,0,0.0
2024-03-08 06:00:00,north,lettuce,vegetative,29.13,16.79,73.17,0.0,1.45,0.0,3,1,26.79
2024-03-08 07:00:00,north,tomato,maturity,28.69,22.94,68.44,0.0,0.81,159.17,4,1,31.96
2024-03-08 08:00:00,west,lettuce,vegetative,24.83,21.07,84.25,0.0,4.67,410.72,1,1,35.0
2024-03-08 09:00:00,east,cotton,flowering,33.82,24.86,50.37,3.3,2.32,463.37,1,0,0.0
2024-03-08 10:00:00,north,maize,flowering,34.5,22.92,68.77,0.0,1.97,508.17,1,1,24.03
2024-03-08 11:00:00,west,maize,maturity,37.7,25.08,63.68,2.35,1.03,650.35,0,0,0.0
2024-03-08 12:00:00,south,cotton,flowering,29.45,24.61,64.42,0.0,3.71,689.53,3,1,34.41
2024-03-08 13:00:00,north,lettuce,maturity,29.86,25.9,65.92,0.0,3.61,651.49,1,1,30.11
2024-03-08 14:00:00,west,cotton,maturity,26.09,29.1,60.45,0.0,3.38,556.73,1,1,35.0
2024-03-08 15:00:00,north,maize,vegetative,20.61,26.06,66.07,0.0,2.33,427.51,1,1,35.0
2024-03-08 16:00:00,east,cotton,maturity,33.83,28.99,62.24,6.26,3.3,293.75,1,0,0.0
2024-03-08 17:00:00,west,tomato,maturity,35.05,24.61,56.72,0.0,1.41,161.59,3,1,20.33
2024-03-08 18:00:00,east,maize,vegetative,35.04,26.6,66.99,0.0,2.66,0.0,3,1,25.95
2024-03-08 19:00:00,east,maize,flowering,26.3,20.96,73.85,0.0,2.33,0.0,2,1,33.61
2024-03-08 20:00:00,south,lettuce,vegetative,36.18,21.93,64.26,0.0,2.72,42.54,4,1,18.54
2024-03-08 21:00:00,north,cotton,flowering,24.56,20.52,82.26,0.0,0.22,32.24,3,1,34.74
2024-03-08 22:00:00,east,lettuce,emergence,27.96,22.67,76.82,0.0,4.64,44.34,2,1,32.37
2024-03-08 23:00:00,west,lettuce,flowering,29.94,19.81,75.66,0.0,4.34,0.0,1,1,28.41
2024-03-09 00:00:00,north,maize,vegetative,29.15,15.9,78.7,0.0,1.02,0.0,4,1,28.63
2024-03-09 01:00:00,west,maize,flowering,27.04,16.67,72.48,0.0,3.09,2.71,4,1,33.3
2024-03-09 02:00:00,south,maize,emergence,31.12,16.98,80.01,0.0,0.62,14.52,2,1,23.21
2024-03-09 03:00:00,east,tomato,flowering,38.23,20.03,80.57,2.15,2.5,2.5,0,0,0.0
2024-03-09 04:00:00,north,maize,flowering,23.19,20.24,75.07,0.0,0.0,12.14,4,1,35.0
2024-03-09 05:00:00,east,cotton,flowering,31.08,19.22,66.24,0.0,2.05,55.48,3,1,26.63
2024-03-09 06:00:00,north,lettuce,vegetative,35.25,19.67,69.59,0.0,1.81,0.0,1,1,19.71
2024-03-09 07:00:00,south,lettuce,vegetative,28.35,22.53,71.59,0.0,3.79,196.48,1,1,34.61
2024-03-09 08:00:00,east,maize,vegetative,27.67,20.8,74.82,0.0,4.4,343.13,3,1,32.27
2024-03-09 09:00:00,north,maize,maturity,26.0,24.22,65.68,0.0,4.43,462.96,4,1,35.0
2024-03-09 10:00:00,south,tomato,vegetative,66.96,25.05,61.59,15.12,3.79,589.55,2,0,0.0
2024-03-09 11:00:00,east,maize,flowering,57.87,24.91,76.76,11.44,2.5,600.97,1,0,0.0
2024-03-09 12:00:00,north,maize,emergence,27.33,26.55,56.85,0.0,2.87,616.08,3,1,35.0
2024-03-09 13:00:00,south,tomato,flowering,35.01,26.51,57.8,0.16,2.86,643.0,1,1,24.75
2024-03-09 14:00:00,south,tomato,vegetative,46.96,27.24,54.52,11.79,0.98,505.59,1,0,0.0
2024-03-09 15:00:00,east,lettuce,vegetative,29.3,24.36,59.51,0.0,3.78,477.52,2,1,30.86
2024-03-09 16:00:00,west,maize,vegetative,23.25,26.88,72.83,0.0,3.23,285.51,4,1,35.0
2024-03-09 17:00:00,west,maize,emergence,19.33,26.86,73.08,0.0,3.28,221.36,4,1,35.0
2024-03-09 18:00:00,north,tomato,vegetative,26.76,24.98,65.1,0.0,0.0,0.0,1,1,35.0
2024-03-09 19:00:00,north,maize,vegetative,40.47,24.43,69.53,7.01,2.94,50.86,1,0,0.0
2024-03-09 20:00:00,north,maize,flowering,32.35,22.33,67.66,0.0,3.61,0.0,2,1,27.53
2024-03-09 21:00:00,east,maize,maturity,33.48,22.8,59.02,0.0,2.38,0.0,3,1,25.64
2024-03-09 22:00:00,north,lettuce,flowering,29.58,20.59,84.65,0.0,1.8,30.31,2,1,28.46
2024-03-09 23:00:00,north,tomato,maturity,37.8,17.94,80.87,6.99,0.77,10.25,2,0,0.0
2024-03-10 00:00:00,west,cotton,flowering,26.87,20.4,71.76,0.0,0.68,0.0,1,1,29.79
2024-03-10 01:00:00,west,tomato,emergence,38.1,16.31,66.56,0.0,2.59,0.0,4,1,13.38
2024-03-10 02:00:00,west,maize,vegetative,33.28,19.05,68.78,0.0,2.12,0.0,4,1,24.11
2024-03-10 03:00:00,south,tomato,vegetative,48.17,18.19,66.2,6.08,2.1,82.51,0,0,0.0
2024-03-10 04:00:00,east,maize,vegetative,38.98,18.49,71.49,0.0,4.23,0.0,2,1,15.27
2024-03-10 05:00:00,east,maize,maturity,43.83,20.06,71.72,9.46,0.89,0.0,2,0,0.0
2024-03-10 06:00:00,north,cotton,flowering,34.17,19.57,67.56,0.0,1.99,41.19,2,1,20.07
2024-03-10 07:00:00,east,maize,flowering,25.54,22.36,57.53,0.0,4.43,206.8,3,1,35.0
2024-03-10 08:00:00,east,lettuce,flowering,35.21,22.71,82.35,0.0,2.03,292.71,3,1,19.31
2024-03-10 09:00:00,south,tomato,vegetative,34.16,22.74,69.07,0.0,2.48,398.28,2,1,22.04
2024-03-10 10:00:00,west,tomato,flowering,17.86,26.64,67.49,0.0,2.19,607.45,2,1,35.0
2024-03-10 11:00:00,east,maize,vegetative,30.95,25.77,62.03,0.0,3.25,591.21,3,1,32.83
2024-03-10 12:00:00,east,maize,vegetative,23.87,27.04,53.03,0.0,0.0,632.81,3,1,35.0
2024-03-10 13:00:00,east,maize,vegetative,25.49,28.62,62.12,0.0,2.16,631.22,4,1,35.0
2024-03-10 14:00:00,west,cotton,vegetative,23.81,28.73,60.35,0.0,2.47,525.38,2,1,35.0
2024-03-10 15:00:00,east,lettuce,flowering,32.46,27.36,68.68,0.0,1.2,491.97,4,1,23.21
2024-03-10 16:00:00,south,cotton,emergence,25.52,25.64,71.43,0.0,2.81,325.73,2,1,35.0
2024-03-10 17:00:00,west,maize,vegetative,23.51,23.31,72.3,0.0,3.34,137.36,1,1,35.0
2024-03-10 18:00:00,east,lettuce,maturity,25.29,24.94,72.57,0.0,2.94,0.0,4,1,35.0
2024-03-10 19:00:00,west,lettuce,maturity,28.02,25.31,77.98,0.0,4.54,45.39,1,1,33.69
2024-03-10 20:00:00,north,lettuce,flowering,31.91,23.16,69.8,0.0,1.88,0.0,4,1,25.54
2024-03-10 21:00:00,south,cotton,flowering,35.82,16.43,80.15,0.0,3.0,21.51,2,1,17.7
2024-03-10 22:00:00,west,lettuce,flowering,32.4,21.93,71.51,0.0,2.97,0.0,1,1,25.89
2024-03-10 23:00:00,east,cotton,emergence,32.73,21.2,55.34,0.0,2.12,0.0,2,1,23.86
2024-03-11 00:00:00,west,lettuce,vegetative,33.49,18.85,69.44,0.0,3.76,26.14,1,1,22.97
2024-03-11 01:00:00,north,tomato,emergence,33.87,20.38,63.22,0.0,2.75,37.58,3,1,23.11
2024-03-11 02:00:00,north,lettuce,vegetative,34.94,19.71,71.45,0.0,0.96,64.49,4,1,18.7
2024-03-11 03:00:00,west,maize,maturity,42.28,17.87,65.76,0.0,3.3,0.0,3,1,11.89
2024-03-11 04:00:00,south,cotton,flowering,33.74,21.21,72.87,0.0,1.8,0.0,4,1,20.81
2024-03-11 05:00:00,east,cotton,maturity,31.16,18.04,78.04,0.0,2.01,22.37,4,1,28.19
2024-03-11 06:00:00,south,tomato,flowering,27.38,20.68,77.48,0.0,2.1,0.0,4,1,31.65
2024-03-11 07:00:00,south,tomato,flowering,31.24,21.49,79.74,0.0,3.28,118.18,3,1,28.07
2024-03-11 08:00:00,west,tomato,flowering,48.01,21.53,56.65,6.98,3.69,328.76,0,0,0.0
2024-03-11 09:00:00,north,maize,flowering,23.42,24.26,57.8,0.0,2.21,443.89,3,1,35.0
2024-03-11 10:00:00,west,tomato,flowering,34.3,26.73,84.71,0.0,2.14,518.25,2,1,22.43
2024-03-11 11:00:00,west,lettuce,vegetative,45.71,27.47,70.69,11.27,0.0,624.95,0,0,0.0
2024-03-11 12:00:00,east,lettuce,flowering,26.47,27.32,65.32,0.0,1.55,669.83,4,1,31.2
2024-03-11 13:00:00,south,cotton,vegetative,42.76,24.09,66.56,5.89,1.26,633.97,2,0,0.0
2024-03-11 14:00:00,north,tomato,flowering,26.5,24.76,65.39,0.0,2.77,569.3,2,1,35.0
2024-03-11 15:00:00,east,maize,vegetative,30.14,26.88,50.56,0.0,2.27,475.14,2,1,30.96
2024-03-11 16:00:00,south,tomato,flowering,22.49,26.18,59.25,0.0,1.31,265.8,1,1,35.0
2024-03-11 17:00:00,north,cotton,vegetative,33.42,24.85,64.94,0.0,2.58,166.44,1,1,24.85
2024-03-11 18:00:00,south,tomato,vegetative,28.34,27.62,58.49,0.0,2.32,8.4,1,1,33.55
2024-03-11 19:00:00,west,tomato,flowering,29.5,23.96,62.34,0.0,0.0,0.0,2,1,26.15
2024-03-11 20:00:00,south,tomato,vegetative,30.87,23.58,84.65,0.0,3.73,0.0,1,1,28.98
2024-03-11 21:00:00,north,cotton,maturity,29.38,23.21,65.27,0.0,3.61,0.0,4,1,33.16
2024-03-11 22:00:00,east,tomato,vegetative,31.68,20.85,70.87,0.0,2.11,0.0,4,1,25.53
2024-03-11 23:00:00,north,lettuce,vegetative,28.42,23.82,68.24,0.0,2.82,32.0,4,1,30.39
2024-03-12 00:00:00,west,lettuce,emergence,27.99,18.03,75.3,0.0,2.01,53.45,3,1,29.41
2024-03-12 01:00:00,west,lettuce,maturity,20.59,18.13,67.76,0.0,0.47,46.32,1,1,35.0
2024-03-12 02:00:00,west,tomato,flowering,36.23,17.49,80.34,0.0,5.0,0.0,1,1,21.82
2024-03-12 03:00:00,west,tomato,vegetative,23.58,21.38,71.6,0.0,3.3,0.0,1,1,35.0
2024-03-12 04:00:00,north,maize,vegetative,37.46,20.64,60.08,0.0,3.53,23.01,3,1,20.83
2024-03-12 05:00:00,north,tomato,flowering,28.15,19.26,69.44,0.0,2.06,45.53,4,1,31.23
2024-03-12 06:00:00,south,lettuce,maturity,35.44,19.61,68.71,0.0,3.75,0.0,3,1,19.53
2024-03-12 07:00:00,south,maize,vegetative,34.55,23.94,64.92,0.0,0.76,174.65,3,1,23.09
2024-03-12 08:00:00,west,maize,vegetative,34.13,23.44,70.41,0.0,2.11,285.38,2,1,22.69
2024-03-12 09:00:00,east,tomato,emergence,28.31,26.05,69.2,0.0,3.29,469.3,1,1,34.04
2024-03-12 10:00:00,east,lettuce,emergence,22.83,24.81,69.37,0.0,1.65,540.4,1,1,35.0
2024-03-12 11:00:00,west,tomato,flowering,42.15,26.5,66.77,8.49,3.49,634.25,1,0,0.0
2024-03-12 12:00:00,east,lettuce,maturity,26.0,26.82,64.75,0.0,2.76,607.59,3,1,35.0
2024-03-12 13:00:00,south,tomato,maturity,40.92,25.83,49.88,7.38,2.65,570.67,0,0,0.0
2024-03-12 14:00:00,south,cotton,maturity,25.46,26.69,69.7,2.21,1.54,671.36,2,0,0.0
2024-03-12 15:00:00,east,lettuce,vegetative,27.19,24.99,69.03,0.0,2.89,462.05,2,1,35.0
2024-03-12 16:00:00,north,tomato,maturity,19.85,27.11,57.02,3.96,4.72,399.71,1,0,0.0
2024-03-12 17:00:00,east,tomato,vegetative,25.96,26.87,66.07,0.0,2.61,221.05,3,1,35.0
2024-03-12 18:00:00,east,maize,vegetative,28.37,26.39,69.03,0.0,3.07,0.0,4,1,33.17
2024-03-12 19:00:00,east,tomato,flowering,24.68,24.94,73.85,0.0,3.24,12.66,4,1,35.0
2024-03-12 20:00:00,east,tomato,emergence,27.79,22.71,71.0,0.0,1.03,0.0,4,1,28.68
2024-03-12 21:00:00,west,cotton,maturity,29.82,24.19,68.5,0.0,2.24,0.0,3,1,28.58
2024-03-12 22:00:00,west,lettuce,maturity,34.17,22.24,74.44,0.0,2.2,0.0,4,1,18.69
2024-03-12 23:00:00,east,tomato,flowering,34.37,22.16,65.73,0.0,0.0,0.0,3,1,17.21
2024-03-13 00:00:00,south,lettuce,maturity,30.61,21.75,71.08,0.0,3.35,0.0,2,1,27.18
2024-03-13 01:00:00,north,tomato,vegetative,28.92,18.99,66.06,0.0,1.28,0.0,1,1,29.53
2024-03-13 02:00:00,west,cotton,emergence,30.83,19.62,77.68,0.0,3.22,1.36,4,1,26.96
2024-03-13 03:00:00,west,tomato,maturity,38.03,20.34,58.06,0.0,1.49,0.0,3,1,14.28
2024-03-13 04:00:00,east,lettuce,flowering,31.53,17.85,77.04,0.0,4.85,5.23,3,1,25.64
2024-03-13 05:00:00,west,lettuce,maturity,30.31,18.52,70.91,0.0,2.07,39.75,4,1,26.07
2024-03-13 06:00:00,west,tomato,emergence,34.35,19.09,77.09,0.0,4.71,9.59,1,1,23.18
2024-03-13 07:00:00,west,tomato,vegetative,29.22,21.84,62.66,0.0,2.19,165.88,2,1,29.0
2024-03-13 08:00:00,east,maize,vegetative,24.69,22.54,68.2,0.0,2.34,336.96,3,1,35.0
2024-03-13 09:00:00,north,cotton,flowering,31.24,21.92,68.49,0.0,4.28,409.4,2,1,27.97
2024-03-13 10:00:00,north,maize,maturity,29.02,25.26,68.43,0.0,1.3,596.24,3,1,29.76
2024-03-13 11:00:00,north,lettuce,maturity,26.79,25.72,57.69,0.0,2.46,585.93,3,1,35.0
2024-03-13 12:00:00,south,lettuce,vegetative,29.05,28.28,67.43,0.0,3.05,704.32,2,1,29.84
2024-03-13 13:00:00,east,cotton,flowering,16.27,29.92,48.74,0.0,2.88,654.83,3,1,35.0
2024-03-13 14:00:00,south,maize,emergence,23.93,27.72,58.75,0.0,2.45,582.4,2,1,35.0
2024-03-13 15:00:00,north,maize,vegetative,25.08,25.86,53.98,0.96,2.29,480.62,4,1,35.0
2024-03-13 16:00:00,north,lettuce,vegetative,22.88,27.47,69.42,0.0,3.42,324.93,1,1,35.0
2024-03-13 17:00:00,west,tomato,flowering,37.06,25.88,67.7,5.63,2.61,140.71,1,0,0.0
2024-03-13 18:00:00,west,cotton,flowering,23.85,24.68,69.05,0.0,3.56,0.0,4,1,35.0
2024-03-13 19:00:00,south,tomato,vegetative,37.18,22.78,77.69,0.0,2.87,61.3,3,1,17.37
2024-03-13 20:00:00,west,tomato,flowering,31.04,22.34,65.51,0.0,3.18,3.62,2,1,26.45
2024-03-13 21:00:00,east,cotton,maturity,24.79,21.74,72.48,0.0,3.76,0.0,4,1,35.0
2024-03-13 22:00:00,west,maize,vegetative,20.05,22.24,68.27,0.0,2.03,18.08,3,1,35.0
2024-03-13 23:00:00,west,tomato,vegetative,25.82,20.98,68.22,0.0,3.73,12.0,3,1,35.0
2024-03-14 00:00:00,east,tomato,flowering,27.07,22.45,76.79,0.0,2.21,0.0,1,1,33.1
2024-03-14 01:00:00,south,maize,flowering,25.53,20.32,83.91,0.0,0.72,0.0,2,1,33.82
2024-03-14 02:00:00,east,cotton,maturity,41.4,19.81,66.73,0.0,2.0,25.74,2,1,9.51
2024-03-14 03:00:00,south,tomato,vegetative,20.4,18.85,76.35,0.0,1.53,33.11,2,1,35.0
2024-03-14 04:00:00,south,tomato,flowering,28.92,18.15,73.31,0.0,2.85,11.28,2,1,30.42
2024-03-14 05:00:00,east,maize,maturity,28.0,19.49,72.32,0.0,2.06,2.5,1,1,31.48
2024-03-14 06:00:00,east,cotton,vegetative,27.38,20.13,71.23,0.0,2.55,0.0,3,1,32.37
2024-03-14 07:00:00,east,tomato,vegetative,18.92,18.3,68.63,0.0,3.62,185.03,1,1,35.0
2024-03-14 08:00:00,south,cotton,maturity,28.39,21.66,43.18,0.0,4.18,302.79,2,1,30.02
2024-03-14 09:00:00,south,cotton,emergence,27.92,26.61,75.05,0.0,2.75,415.08,2,1,33.94
2024-03-14 10:00:00,north,maize,flowering,31.08,25.73,60.15,0.0,3.7,602.31,4,1,32.36
2024-03-14 11:00:00,east,cotton,maturity,30.11,25.44,63.56,0.0,2.19,591.81,3,1,32.11
2024-03-14 12:00:00,east,lettuce,vegetative,32.69,27.24,62.27,0.0,0.52,583.61,2,1,25.17
2024-03-14 13:00:00,west,maize,flowering,18.23,24.11,60.83,0.0,0.98,673.67,4,1,35.0
2024-03-14 14:00:00,east,maize,flowering,25.18,27.6,65.2,0.0,2.17,501.86,4,1,35.0
2024-03-14 15:00:00,south,cotton,maturity,38.04,28.96,62.13,0.0,3.35,445.98,4,1,19.01
2024-03-14 16:00:00,north,lettuce,maturity,32.31,26.46,59.42,0.0,2.17,286.65,1,1,24.41
2024-03-14 17:00:00,north,lettuce,maturity,21.2,23.35,67.97,0.0,3.82,142.9,4,1,35.0
2024-03-14 18:00:00,south,cotton,emergence,28.56,24.55,65.73,0.0,4.6,77.84,1,1,33.43
2024-03-14 19:00:00,south,maize,flowering,21.92,26.13,71.19,0.0,1.33,0.0,1,1,35.0
2024-03-14 20:00:00,south,cotton,maturity,26.26,23.56,57.37,0.0,4.95,12.6,2,1,35.0
2024-03-14 21:00:00,south,cotton,flowering,38.4,20.01,63.95,0.0,0.44,27.67,1,1,14.32
2024-03-14 22:00:00,west,tomato,flowering,32.75,24.73,70.9,0.0,4.62,0.0,1,1,29.45
2024-03-14 23:00:00,north,tomato,emergence,20.78,18.47,66.35,0.0,2.36,37.63,1,1,35.0
2024-03-15 00:00:00,south,maize,maturity,24.53,19.48,63.69,0.0,2.12,13.16,2,1,35.0
2024-03-15 01:00:00,north,cotton,emergence,28.35,17.89,67.15,0.0,2.39,26.38,3,1,30.87
2024-03-15 02:00:00,south,maize,vegetative,27.01,17.76,70.69,0.0,1.44,0.0,1,1,31.33
2024-03-15 03:00:00,east,lettuce,maturity,29.88,18.77,69.9,0.0,4.2,15.54,1,1,31.68
2024-03-15 04:00:00,north,tomato,maturity,24.43,20.8,67.49,0.0,1.57,0.0,3,1,35.0
2024-03-15 05:00:00,south,maize,maturity,26.45,22.42,60.46,0.0,1.72,39.54,1,1,32.75
2024-03-15 06:00:00,north,lettuce,flowering,24.34,20.73,74.43,0.0,0.74,0.0,2,1,34.97
2024-03-15 07:00:00,west,tomato,vegetative,26.42,20.76,78.27,0.0,1.52,239.36,1,1,34.72
2024-03-15 08:00:00,east,cotton,flowering,31.74,24.03,53.0,0.0,1.56,336.86,3,1,25.77
2024-03-15 09:00:00,north,tomato,emergence,29.04,25.11,54.64,0.0,1.48,455.24,3,1,33.01
2024-03-15 10:00:00,north,cotton,maturity,23.7,25.67,72.08,0.0,2.19,554.44,4,1,35.0
2024-03-15 11:00:00,north,tomato,flowering,32.32,26.55,75.35,0.0,1.06,627.61,4,1,24.71
2024-03-15 12:00:00,south,cotton,vegetative,31.93,26.61,49.41,0.0,4.31,628.0,3,1,28.95
2024-03-15 13:00:00,west,lettuce,emergence,26.17,27.32,69.45,0.0,2.22,651.19,1,1,35.0
2024-03-15 14:00:00,east,tomato,vegetative,25.04,27.04,75.43,0.0,2.85,562.5,3,1,35.0
2024-03-15 15:00:00,west,tomato,maturity,34.08,28.78,56.54,0.0,3.43,527.65,1,1,28.34
2024-03-15 16:00:00,south,tomato,flowering,32.48,30.12,72.56,0.0,4.83,309.83,3,1,32.33
2024-03-15 17:00:00,south,lettuce,emergence,19.08,26.41,63.23,0.0,3.49,164.01,2,1,35.0
2024-03-15 18:00:00,south,cotton,vegetative,33.28,25.3,67.56,0.0,2.1,0.0,2,1,24.55
2024-03-15 19:00:00,north,maize,vegetative,36.26,24.73,60.78,0.0,1.11,65.42,3,1,17.85
2024-03-15 20:00:00,west,maize,emergence,31.34,22.33,74.75,0.0,2.81,0.0,2,1,30.78
2024-03-15 21:00:00,north,lettuce,maturity,25.71,23.42,72.7,0.0,3.67,3.28,2,1,35.0
2024-03-15 22:00:00,south,maize,flowering,26.3,21.97,80.09,0.0,2.57,10.95,2,1,35.0
2024-03-15 23:00:00,east,lettuce,emergence,36.57,19.85,79.8,0.0,2.48,0.0,2,1,15.72
2024-03-16 00:00:00,north,maize,maturity,32.18,21.34,68.47,0.0,2.66,92.51,1,1,23.78
2024-03-16 01:00:00,south,lettuce,vegetative,30.72,19.61,91.67,0.0,0.16,0.0,1,1,21.6
2024-03-16 02:00:00,south,cotton,vegetative,39.63,17.99,80.66,0.0,2.58,1.17,1,1,12.22
2024-03-16 03:00:00,south,maize,flowering,22.92,20.11,73.29,0.0,3.28,58.94,2,1,35.0
2024-03-16 04:00:00,north,tomato,emergence,30.6,20.34,62.35,1.73,2.35,0.0,3,1,25.28
2024-03-16 05:00:00,north,tomato,flowering,54.25,22.06,57.24,14.1,3.75,5.03,1,0,0.0
2024-03-16 06:00:00,north,lettuce,maturity,26.85,22.7,57.33,0.0,3.79,0.0,2,1,35.0
2024-03-16 07:00:00,south,maize,maturity,18.69,22.25,61.26,0.0,1.8,166.37,3,1,35.0
2024-03-16 08:00:00,north,cotton,vegetative,32.9,22.74,77.05,0.0,2.93,362.85,4,1,26.19
2024-03-16 09:00:00,west,lettuce,flowering,23.82,24.49,69.42,0.0,2.45,444.86,4,1,35.0
2024-03-16 10:00:00,north,maize,vegetative,22.81,25.99,60.51,0.0,0.0,470.01,3,1,35.0
2024-03-16 11:00:00,east,lettuce,flowering,35.92,27.0,63.05,6.49,2.18,626.7,1,0,0.0
2024-03-16 12:00:00,east,tomato,vegetative,24.65,27.37,61.9,0.0,1.16,652.2,4,1,35.0
2024-03-16 13:00:00,south,cotton,flowering,25.29,27.18,69.46,0.0,2.56,634.69,2,1,35.0
2024-03-16 14:00:00,west,tomato,vegetative,29.64,28.94,56.29,0.0,3.22,556.5,2,1,34.41
2024-03-16 15:00:00,north,lettuce,maturity,32.24,26.3,67.01,0.0,2.14,429.43,4,1,25.66
2024-03-16 16:00:00,north,cotton,maturity,22.48,30.63,63.19,0.0,1.32,316.42,3,1,35.0
2024-03-16 17:00:00,south,lettuce,vegetative,22.7,27.42,57.72,0.0,2.68,230.01,3,1,35.0
2024-03-16 18:00:00,north,cotton,flowering,27.09,23.76,77.71,0.0,5.33,0.0,2,1,35.0
2024-03-16 19:00:00,south,maize,emergence,23.8,24.76,63.72,0.56,0.0,22.85,2,1,35.0
2024-03-16 20:00:00,south,cotton,flowering,27.19,24.61,58.96,0.0,2.68,0.0,3,1,35.0
2024-03-16 21:00:00,west,lettuce,vegetative,22.95,21.89,74.06,0.0,1.75,0.0,1,1,35.0
2024-03-16 22:00:00,south,lettuce,vegetative,38.31,19.21,70.62,0.0,1.89,0.0,4,1,15.05
2024-03-16 23:00:00,west,tomato,flowering,28.29,19.06,73.21,0.0,2.27,45.28,2,1,27.81
2024-03-17 00:00:00,west,tomato,flowering,24.95,20.94,60.56,0.0,1.99,0.0,2,1,35.0
2024-03-17 01:00:00,west,lettuce,flowering,46.38,17.09,77.61,8.46,3.12,13.03,1,0,0.0
2024-03-17 02:00:00,north,tomato,flowering,21.45,17.41,86.88,0.0,2.11,11.93,4,1,35.0
2024-03-17 03:00:00,west,lettuce,emergence,24.04,20.53,60.34,0.0,0.0,9.66,4,1,33.78
2024-03-17 04:00:00,east,cotton,emergence,29.7,19.79,72.25,0.0,3.94,0.0,4,1,32.7
2024-03-17 05:00:00,west,cotton,flowering,36.18,19.71,64.33,4.41,3.76,0.0,0,0,0.0
2024-03-17 06:00:00,south,tomato,flowering,32.79,20.84,87.75,0.0,1.67,4.1,4,1,22.32
2024-03-17 07:00:00,west,cotton,emergence,13.89,20.35,78.0,0.0,2.46,135.92,4,1,35.0
2024-03-17 08:00:00,east,tomato,vegetative,31.42,24.31,68.12,0.0,3.86,302.5,3,1,28.97
2024-03-17 09:00:00,north,maize,flowering,24.79,23.41,58.27,0.0,3.64,444.76,1,1,35.0
2024-03-17 10:00:00,south,cotton,flowering,21.17,24.78,58.87,0.0,4.03,526.06,1,1,35.0
2024-03-17 11:00:00,north,tomato,maturity,17.1,26.94,69.28,0.0,2.85,584.97,3,1,35.0
2024-03-17 12:00:00,west,tomato,vegetative,23.08,26.67,54.73,0.0,3.32,650.0,1,1,35.0
2024-03-17 13:00:00,south,tomato,flowering,33.96,26.39,55.17,0.0,4.09,561.14,1,1,25.01
2024-03-17 14:00:00,north,maize,flowering,31.91,24.6,65.98,0.0,1.99,545.21,3,1,27.15
2024-03-17 15:00:00,east,cotton,vegetative,33.19,28.0,64.13,0.0,2.93,436.26,2,1,28.25
2024-03-17 16:00:00,south,tomato,emergence,24.93,27.17,66.52,0.0,0.0,324.17,4,1,35.0
2024-03-17 17:00:00,north,tomato,emergence,30.28,25.64,62.01,1.86,0.5,251.78,4,1,25.38
2024-03-17 18:00:00,west,lettuce,maturity,37.55,24.03,72.82,10.05,3.0,0.0,1,0,0.0
2024-03-17 19:00:00,west,tomato,vegetative,19.07,24.64,59.85,0.0,3.18,14.22,2,1,35.0
2024-03-17 20:00:00,east,lettuce,flowering,26.42,24.31,70.54,0.0,1.94,7.73,2,1,32.04
2024-03-17 21:00:00,east,cotton,flowering,35.82,22.7,68.94,8.54,1.67,19.6,0,0,0.0
2024-03-17 22:00:00,south,lettuce,vegetative,23.0,24.04,70.57,0.0,1.97,0.0,2,1,35.0
2024-03-17 23:00:00,east,cotton,maturity,27.51,21.82,76.42,0.0,2.63,50.45,4,1,34.29
2024-03-18 00:00:00,east,maize,flowering,33.64,20.1,66.33,0.0,0.0,23.99,4,1,21.17
2024-03-18 01:00:00,north,cotton,emergence,27.31,20.97,64.2,0.0,2.96,24.54,2,1,35.0
2024-03-18 02:00:00,north,tomato,flowering,20.45,19.8,57.94,0.0,2.44,0.0,3,1,35.0
2024-03-18 03:00:00,south,tomato,flowering,18.13,19.93,55.52,0.0,2.7,3.37,1,1,35.0
2024-03-18 04:00:00,south,lettuce,vegetative,27.82,22.21,66.6,0.0,2.25,0.0,1,1,28.98
2024-03-18 05:00:00,north,tomato,flowering,24.06,19.55,69.21,0.0,0.74,0.0,2,1,35.0
2024-03-18 06:00:00,north,cotton,flowering,27.77,21.76,60.59,0.0,1.08,0.0,2,1,31.11
2024-03-18 07:00:00,west,lettuce,vegetative,33.97,24.47,59.92,4.5,4.23,166.28,1,0,0.0
2024-03-18 08:00:00,south,cotton,maturity,26.69,24.19,76.91,0.0,1.63,340.99,2,1,34.27
2024-03-18 09:00:00,east,maize,flowering,33.03,24.21,72.37,0.0,3.37,493.98,2,1,29.42
2024-03-18 10:00:00,east,maize,flowering,61.25,23.17,58.24,16.03,1.1,595.63,2,0,0.0
2024-03-18 11:00:00,east,lettuce,emergence,28.96,23.15,63.99,0.0,2.38,638.1,4,1,29.45
2024-03-18 12:00:00,east,tomato,vegetative,18.84,30.3,64.2,0.0,1.87,651.95,3,1,35.0
2024-03-18 13:00:00,south,maize,vegetative,21.9,28.05,58.77,0.0,2.06,616.49,1,1,35.0
2024-03-18 14:00:00,west,lettuce,flowering,29.18,26.85,58.46,0.0,1.99,554.25,2,1,31.03
2024-03-18 15:00:00,south,cotton,flowering,31.09,28.11,60.74,0.0,4.13,432.31,3,1,31.7
2024-03-18 16:00:00,west,lettuce,flowering,19.61,25.77,72.62,0.0,4.71,310.0,2,1,35.0
2024-03-18 17:00:00,south,tomato,vegetative,33.43,26.06,73.02,0.0,2.69,180.62,1,1,27.66
2024-03-18 18:00:00,north,maize,flowering,27.6,24.31,61.0,2.6,1.9,53.91,2,0,0.0
2024-03-18 19:00:00,west,lettuce,maturity,30.34,22.64,70.71,0.0,0.8,0.0,1,1,23.06
2024-03-18 20:00:00,north,tomato,flowering,40.99,20.57,69.1,0.0,0.72,0.0,1,1,6.91
2024-03-18 21:00:00,west,maize,flowering,19.02,20.29,62.31,0.0,4.14,33.92,1,1,35.0
2024-03-18 22:00:00,north,maize,maturity,29.48,23.26,64.92,0.0,0.64,0.0,1,1,30.25
2024-03-18 23:00:00,north,tomato,emergence,25.37,19.42,61.22,0.0,1.87,36.51,1,1,35.0
2024-03-19 00:00:00,east,maize,flowering,29.16,21.2,76.78,0.0,2.59,0.0,1,1,31.97
2024-03-19 01:00:00,west,tomato,maturity,23.81,21.43,79.32,0.0,0.0,23.0,3,1,35.0
2024-03-19 02:00:00,south,lettuce,flowering,14.49,19.89,66.82,0.0,0.9,0.0,4,1,35.0
2024-03-19 03:00:00,north,tomato,vegetative,23.11,19.55,65.42,0.0,0.79,11.23,4,1,35.0
2024-03-19 04:00:00,north,lettuce,maturity,28.6,20.6,76.5,0.0,1.6,72.91,3,1,26.02
2024-03-19 05:00:00,west,tomato,vegetative,33.59,20.41,77.79,0.0,2.71,0.0,4,1,22.72
2024-03-19 06:00:00,east,cotton,vegetative,39.82,23.67,58.86,6.09,3.63,0.0,1,0,0.0
2024-03-19 07:00:00,north,tomato,vegetative,33.19,25.64,64.05,0.0,1.6,170.97,3,1,22.82
2024-03-19 08:00:00,south,maize,flowering,23.11,26.04,64.36,0.0,1.85,378.39,2,1,35.0
2024-03-19 09:00:00,south,maize,vegetative,23.91,21.67,62.87,0.0,2.26,465.89,2,1,35.0
2024-03-19 10:00:00,north,tomato,flowering,27.76,25.21,68.14,0.0,1.43,564.48,1,1,30.8
2024-03-19 11:00:00,west,maize,maturity,42.88,26.7,59.34,10.9,2.9,633.77,1,0,0.0
2024-03-19 12:00:00,east,cotton,flowering,29.94,28.02,59.4,0.0,2.94,614.84,1,1,33.18
2024-03-19 13:00:00,north,cotton,flowering,19.02,25.14,64.78,0.0,0.0,634.12,2,1,35.0
2024-03-19 14:00:00,east,maize,maturity,30.28,25.25,54.98,0.0,3.17,549.17,3,1,31.61
2024-03-19 15:00:00,south,tomato,maturity,29.32,29.69,47.46,0.0,2.55,505.91,2,1,34.89
2024-03-19 16:00:00,north,lettuce,vegetative,27.01,26.49,70.84,0.0,2.71,352.93,4,1,32.89
2024-03-19 17:00:00,south,lettuce,emergence,36.87,24.46,60.85,3.29,3.82,121.9,1,0,0.0
2024-03-19 18:00:00,north,tomato,flowering,23.28,24.21,81.18,0.0,0.26,0.0,4,1,35.0
2024-03-19 19:00:00,north,lettuce,maturity,21.59,25.48,79.02,0.0,0.89,18.48,3,1,35.0
2024-03-19 20:00:00,west,maize,flowering,28.38,22.63,63.95,0.0,2.32,0.0,3,1,32.86
2024-03-19 21:00:00,east,lettuce,vegetative,22.99,23.19,83.42,0.0,0.0,0.0,4,1,34.05
2024-03-19 22:00:00,north,maize,flowering,28.09,20.39,75.85,0.0,2.15,0.0,1,1,31.06
2024-03-19 23:00:00,west,maize,flowering,28.08,18.42,66.35,0.0,3.42,12.06,1,1,33.37
2024-03-20 00:00:00,east,tomato,flowering,26.22,22.67,49.39,0.0,2.88,36.3,2,1,33.57
2024-03-20 01:00:00,west,lettuce,maturity,27.96,20.73,73.83,0.0,2.49,8.12,1,1,31.32
2024-03-20 02:00:00,east,tomato,maturity,29.7,19.5,70.22,0.0,2.12,86.18,4,1,26.71
2024-03-20 03:00:00,south,lettuce,flowering,26.01,19.35,73.14,0.0,1.89,0.0,4,1,33.64
2024-03-20 04:00:00,east,lettuce,flowering,24.12,22.73,65.81,0.0,1.82,25.91,1,1,34.93
2024-03-20 05:00:00,east,lettuce,flowering,30.6,22.06,59.95,0.0,2.67,0.0,2,1,27.97
2024-03-20 06:00:00,east,tomato,flowering,27.84,23.72,63.63,0.0,0.54,56.38,1,1,32.78
2024-03-20 07:00:00,north,tomato,flowering,28.71,22.09,72.88,0.0,4.16,215.81,4,1,33.31
2024-03-20 08:00:00,south,maize,flowering,29.31,24.08,63.86,0.0,1.51,349.9,4,1,30.92
2024-03-20 09:00:00,north,lettuce,flowering,26.18,25.64,62.57,0.0,3.07,398.85,2,1,35.0
2024-03-20 10:00:00,south,cotton,flowering,30.12,25.17,54.82,3.41,2.5,587.49,0,0,0.0
2024-03-20 11:00:00,north,maize,vegetative,21.7,26.69,64.89,0.0,1.02,599.18,1,1,35.0
2024-03-20 12:00:00,north,cotton,flowering,24.38,26.59,56.55,0.0,3.95,665.88,1,1,35.0
2024-03-20 13:00:00,west,tomato,flowering,26.1,28.46,69.26,0.0,3.7,576.94,3,1,35.0
2024-03-20 14:00:00,north,maize,vegetative,27.78,26.02,59.65,0.0,0.52,572.37,2,1,32.7
2024-03-20 15:00:00,west,tomato,vegetative,24.22,28.72,60.55,0.0,2.31,447.25,1,1,35.0
2024-03-20 16:00:00,north,lettuce,vegetative,25.72,27.93,78.4,0.0,2.65,297.76,3,1,35.0
2024-03-20 17:00:00,west,tomato,maturity,19.27,26.52,62.24,0.0,0.0,188.97,4,1,35.0
2024-03-20 18:00:00,south,tomato,maturity,22.36,26.67,61.18,0.0,0.0,0.0,3,1,35.0
2024-03-20 19:00:00,east,lettuce,flowering,29.34,24.49,70.11,0.0,1.4,0.0,2,1,26.98
2024-03-20 20:00:00,south,maize,vegetative,22.09,22.99,54.71,0.0,0.82,25.8,1,1,35.0
2024-03-20 21:00:00,south,tomato,flowering,39.44,23.78,75.33,6.94,1.15,66.64,0,0,0.0
2024-03-20 22:00:00,south,tomato,flowering,26.49,22.88,74.25,0.0,0.82,9.65,4,1,34.56
2024-03-20 23:00:00,east,maize,maturity,27.32,20.41,72.94,0.93,2.25,0.0,2,1,30.43
2024-03-21 00:00:00,south,maize,emergence,29.59,19.78,46.13,0.0,1.33,0.0,4,1,31.41
2024-03-21 01:00:00,east,tomato,emergence,27.32,20.0,67.78,0.0,3.74,2.41,1,1,35.0
2024-03-21 02:00:00,west,lettuce,flowering,20.18,19.31,61.24,0.0,2.62,35.93,3,1,35.0
2024-03-21 03:00:00,south,tomato,vegetative,28.74,22.56,75.42,0.0,3.35,4.71,3,1,33.39
2024-03-21 04:00:00,south,lettuce,flowering,23.6,21.15,76.05,0.0,0.37,17.9,2,1,35.0
2024-03-21 05:00:00,north,maize,maturity,19.31,21.33,71.25,0.0,1.65,0.0,1,1,35.0
2024-03-21 06:00:00,south,tomato,vegetative,29.82,20.74,60.59,0.0,2.56,33.67,3,1,29.85
2024-03-21 07:00:00,north,tomato,vegetative,20.04,24.21,76.69,0.0,2.94,189.81,3,1,35.0
2024-03-21 08:00:00,north,tomato,flowering,24.31,23.22,65.19,0.0,1.62,289.31,2,1,35.0
2024-03-21 09:00:00,west,tomato,maturity,27.42,24.19,78.88,0.0,1.8,475.29,2,1,31.66
2024-03-21 10:00:00,north,maize,flowering,31.68,27.3,65.62,4.43,1.93,508.92,2,0,0.0
2024-03-21 11:00:00,south,cotton,vegetative,20.79,27.55,67.11,0.0,2.04,643.53,4,1,35.0
2024-03-21 12:00:00,west,cotton,flowering,21.05,23.85,63.3,0.0,5.0,640.11,2,1,35.0
2024-03-21 13:00:00,west,maize,vegetative,19.95,27.76,73.24,0.0,2.78,633.48,3,1,35.0
2024-03-21 14:00:00,north,lettuce,flowering,18.01,28.33,67.2,0.0,2.45,574.26,2,1,35.0
2024-03-21 15:00:00,north,lettuce,flowering,23.25,27.49,73.71,0.0,0.89,469.48,4,1,35.0
2024-03-21 16:00:00,south,cotton,vegetative,20.93,27.84,64.57,0.0,0.92,374.61,2,1,35.0
2024-03-21 17:00:00,east,tomato,flowering,18.9,24.25,65.87,0.0,2.14,169.43,1,1,35.0
2024-03-21 18:00:00,west,maize,flowering,24.48,21.89,72.25,0.0,3.76,6.61,1,1,35.0
2024-03-21 19:00:00,north,maize,vegetative,22.7,23.71,76.73,0.0,2.16,46.54,3,1,35.0
2024-03-21 20:00:00,north,tomato,flowering,26.9,24.56,73.07,0.0,2.21,66.39,1,1,35.0
2024-03-21 21:00:00,south,maize,maturity,27.7,18.26,71.96,0.0,1.51,0.0,3,1,32.04
2024-03-21 22:00:00,west,cotton,flowering,32.58,20.87,55.9,0.0,0.31,0.0,3,1,21.99
2024-03-21 23:00:00,north,cotton,vegetative,29.09,18.43,76.53,0.0,2.92,0.0,1,1,30.34
2024-03-22 00:00:00,south,tomato,flowering,20.4,20.45,59.17,0.0,2.09,15.78,3,1,35.0
2024-03-22 01:00:00,north,maize,vegetative,14.96,23.35,67.17,0.0,2.94,0.0,1,1,35.0
2024-03-22 02:00:00,north,maize,flowering,30.69,19.95,68.83,6.93,2.59,0.0,0,0,0.0
2024-03-22 03:00:00,west,maize,flowering,32.89,20.25,59.48,5.34,1.24,39.31,0,0,0.0
2024-03-22 04:00:00,north,lettuce,vegetative,17.74,22.07,70.55,0.0,2.67,28.54,1,1,35.0
2024-03-22 05:00:00,south,tomato,vegetative,22.68,21.48,83.5,0.0,0.85,40.13,2,1,35.0
2024-03-22 06:00:00,west,cotton,maturity,25.91,21.95,65.85,0.0,2.66,47.04,4,1,35.0
2024-03-22 07:00:00,east,cotton,vegetative,22.54,24.63,71.26,0.0,2.32,174.9,1,1,35.0
2024-03-22 08:00:00,north,lettuce,maturity,33.8,24.98,82.1,4.04,4.25,334.12,2,0,0.0
2024-03-22 09:00:00,south,lettuce,flowering,21.62,25.74,71.04,0.0,1.36,494.85,3,1,35.0
2024-03-22 10:00:00,west,maize,flowering,20.64,26.07,60.23,0.0,0.81,520.39,3,1,35.0
2024-03-22 11:00:00,south,maize,vegetative,32.66,26.58,65.99,0.0,1.9,615.52,2,1,27.15
2024-03-22 12:00:00,east,tomato,vegetative,22.43,29.12,65.67,0.0,3.13,647.92,1,1,35.0
2024-03-22 13:00:00,east,lettuce,vegetative,24.02,27.63,73.53,0.0,0.0,660.12,2,1,34.82
2024-03-22 14:00:00,east,tomato,flowering,26.18,30.12,70.0,0.0,3.45,544.07,2,1,35.0
2024-03-22 15:00:00,north,cotton,maturity,34.42,26.57,44.96,3.31,2.15,434.69,1,0,0.0
2024-03-22 16:00:00,west,maize,maturity,20.24,29.89,55.69,0.0,1.03,309.92,3,1,35.0
2024-03-22 17:00:00,west,maize,emergence,28.53,27.81,62.86,0.0,1.96,184.67,2,1,35.0
2024-03-22 18:00:00,north,maize,vegetative,22.83,24.82,58.63,0.0,1.51,0.0,2,1,35.0
2024-03-22 19:00:00,west,cotton,vegetative,50.04,26.07,38.84,11.47,0.93,0.0,1,0,0.0
2024-03-22 20:00:00,west,tomato,maturity,19.37,23.3,61.88,0.0,0.07,0.0,4,1,35.0
2024-03-22 21:00:00,east,tomato,vegetative,23.99,23.29,66.94,0.0,3.28,4.78,4,1,35.0
2024-03-22 22:00:00,south,tomato,vegetative,26.62,21.55,64.69,0.0,1.73,5.95,4,1,32.72
2024-03-22 23:00:00,south,lettuce,flowering,27.3,21.25,61.62,0.0,1.93,0.97,2,1,32.54
2024-03-23 00:00:00,west,cotton,flowering,21.26,22.36,68.0,0.0,3.41,0.0,2,1,35.0
2024-03-23 01:00:00,north,tomato,vegetative,17.22,21.33,70.94,0.0,2.47,27.57,2,1,35.0
2024-03-23 02:00:00,west,cotton,flowering,27.75,18.72,67.34,0.0,0.53,12.91,1,1,29.0
2024-03-23 03:00:00,west,tomato,emergence,24.4,18.95,80.04,0.0,3.21,11.72,4,1,35.0
2024-03-23 04:00:00,east,lettuce,emergence,23.47,21.36,68.92,0.0,4.18,12.96,2,1,35.0
2024-03-23 05:00:00,south,tomato,emergence,33.68,22.1,61.82,0.0,3.0,55.91,3,1,22.94
2024-03-23 06:00:00,east,maize,vegetative,23.92,21.4,60.61,0.0,1.36,0.0,4,1,35.0
2024-03-23 07:00:00,north,lettuce,maturity,21.73,25.76,63.5,0.0,0.63,153.49,1,1,35.0
2024-03-23 08:00:00,west,maize,flowering,15.38,25.63,72.89,0.0,1.32,313.23,2,1,35.0
2024-03-23 09:00:00,south,tomato,flowering,19.63,24.51,60.23,0.0,2.52,503.64,4,1,35.0
2024-03-23 10:00:00,north,cotton,vegetative,28.91,25.33,69.51,0.0,4.11,549.84,2,1,35.0
2024-03-23 11:00:00,west,cotton,flowering,19.95,26.9,64.74,0.0,1.49,600.12,4,1,35.0
2024-03-23 12:00:00,east,maize,maturity,26.41,27.38,77.65,0.0,1.62,646.3,3,1,35.0
2024-03-23 13:00:00,east,lettuce,vegetative,15.13,30.16,64.2,0.0,3.63,631.51,2,1,35.0
2024-03-23 14:00:00,north,lettuce,maturity,17.39,29.89,56.8,0.0,1.88,604.79,2,1,35.0
2024-03-23 15:00:00,west,tomato,flowering,18.18,28.33,68.09,0.0,4.46,446.33,4,1,35.0
2024-03-23 16:00:00,east,cotton,flowering,24.69,28.89,67.88,0.0,2.22,300.94,1,1,35.0
2024-03-23 17:00:00,west,maize,vegetative,21.48,28.48,60.04,0.0,3.8,136.39,3,1,35.0
2024-03-23 18:00:00,west,lettuce,flowering,30.81,26.5,56.25,7.03,2.86,0.0,1,0,0.0
2024-03-23 19:00:00,north,tomato,flowering,27.54,26.05,68.51,0.0,3.25,89.73,4,1,35.0
2024-03-23 20:00:00,north,maize,maturity,26.87,25.3,65.8,0.0,2.19,13.38,3,1,35.0
2024-03-23 21:00:00,west,maize,maturity,26.8,24.11,55.7,0.0,2.27,20.94,2,1,34.79
2024-03-23 22:00:00,east,maize,vegetative,26.63,21.24,70.39,0.0,2.9,0.0,4,1,35.0
2024-03-23 23:00:00,south,cotton,maturity,32.31,20.57,64.69,6.36,3.36,4.81,0,0,0.0
2024-03-24 00:00:00,south,cotton,maturity,31.41,20.65,58.47,0.0,3.03,27.53,2,1,29.13
2024-03-24 01:00:00,east,tomato,flowering,24.6,19.63,67.43,0.0,0.28,19.69,3,1,32.56
2024-03-24 02:00:00,west,tomato,emergence,26.43,18.34,79.91,0.0,2.71,12.22,2,1,34.6
2024-03-24 03:00:00,north,maize,vegetative,31.2,21.7,76.7,2.34,1.61,0.56,2,0,0.0
2024-03-24 04:00:00,east,maize,emergence,20.34,21.61,74.94,0.0,1.74,0.0,2,1,35.0
2024-03-24 05:00:00,west,maize,emergence,34.53,19.71,71.71,0.0,2.95,14.85,3,1,23.78
2024-03-24 06:00:00,south,cotton,maturity,24.89,22.19,72.02,0.0,4.44,2.92,1,1,35.0
2024-03-24 07:00:00,south,lettuce,vegetative,25.18,23.24,67.7,0.0,2.12,242.88,3,1,35.0
2024-03-24 08:00:00,west,tomato,flowering,27.99,24.82,58.01,3.08,4.77,361.77,2,0,0.0
2024-03-24 09:00:00,north,maize,flowering,30.73,23.96,60.09,0.0,1.08,436.02,1,1,27.28
2024-03-24 10:00:00,south,lettuce,flowering,30.62,24.52,61.73,0.0,3.88,521.98,1,1,28.85
2024-03-24 11:00:00,south,maize,vegetative,29.88,28.16,72.88,3.68,2.92,613.91,2,0,0.0
2024-03-24 12:00:00,west,tomato,flowering,16.58,25.71,72.57,0.0,2.65,612.09,4,1,35.0
2024-03-24 13:00:00,north,maize,flowering,23.28,28.07,55.59,0.9,4.06,611.81,1,1,35.0
2024-03-24 14:00:00,south,maize,flowering,22.15,28.06,63.52,0.0,1.64,528.98,1,1,35.0
2024-03-24 15:00:00,north,tomato,vegetative,20.1,28.23,60.2,0.0,3.93,448.17,4,1,35.0
2024-03-24 16:00:00,west,lettuce,flowering,28.94,28.39,61.8,6.45,2.15,313.97,1,0,0.0
2024-03-24 17:00:00,east,maize,emergence,17.16,29.78,58.03,1.96,1.63,173.38,3,1,35.0
2024-03-24 18:00:00,south,lettuce,flowering,32.12,24.15,76.12,0.0,0.81,0.0,4,1,23.23
2024-03-24 19:00:00,south,maize,vegetative,26.8,26.9,63.95,0.0,4.3,0.0,2,1,35.0
2024-03-24 20:00:00,north,cotton,vegetative,24.99,20.78,70.49,0.0,3.77,42.52,2,1,35.0
2024-03-24 21:00:00,west,tomato,maturity,20.59,25.61,66.69,0.0,1.83,14.1,4,1,35.0
2024-03-24 22:00:00,east,tomato,vegetative,30.71,19.49,62.82,2.29,3.05,0.0,2,0,0.0
2024-03-24 23:00:00,south,maize,maturity,24.97,25.38,66.06,0.0,2.55,0.0,2,1,35.0
2024-03-25 00:00:00,south,maize,maturity,25.27,20.64,76.53,1.4,1.98,0.0,3,1,30.87
2024-03-25 01:00:00,east,maize,vegetative,26.69,22.76,77.7,0.0,3.56,0.0,2,1,35.0
2024-03-25 02:00:00,east,lettuce,vegetative,27.29,22.31,59.71,0.0,1.65,36.66,2,1,30.58
2024-03-25 03:00:00,south,tomato,vegetative,28.15,20.17,58.83,0.0,0.0,32.94,1,1,31.19
2024-03-25 04:00:00,south,tomato,maturity,20.26,20.68,69.49,0.0,2.71,0.0,1,1,35.0
2024-03-25 05:00:00,east,maize,flowering,26.84,20.6,76.88,0.0,2.48,47.82,3,1,35.0
2024-03-25 06:00:00,east,lettuce,emergence,30.56,23.87,69.02,0.0,1.69,21.59,2,1,25.3
2024-03-25 07:00:00,east,cotton,flowering,38.03,23.02,71.95,6.61,1.33,175.35,1,0,0.0
2024-03-25 08:00:00,north,lettuce,emergence,35.68,23.46,57.31,0.0,0.53,355.17,3,1,18.17
2024-03-25 09:00:00,south,lettuce,flowering,22.21,26.53,60.37,0.0,1.96,481.27,3,1,35.0
2024-03-25 10:00:00,east,lettuce,flowering,20.2,25.34,49.95,2.77,1.35,568.3,2,0,0.0
2024-03-25 11:00:00,west,lettuce,emergence,39.43,27.02,62.98,11.61,3.56,619.45,1,0,0.0
2024-03-25 12:00:00,east,tomato,maturity,18.65,28.31,47.8,0.0,3.02,646.25,4,1,35.0
2024-03-25 13:00:00,south,lettuce,vegetative,25.21,27.59,72.86,0.0,1.82,571.57,4,1,35.0
2024-03-25 14:00:00,east,lettuce,flowering,26.34,27.95,74.12,0.0,3.03,534.89,3,1,35.0
2024-03-25 15:00:00,north,maize,flowering,21.1,30.85,61.9,0.0,2.27,522.63,3,1,35.0
2024-03-25 16:00:00,north,lettuce,maturity,23.68,27.85,52.74,0.0,2.08,296.04,4,1,35.0
2024-03-25 17:00:00,east,maize,flowering,32.29,26.98,66.65,0.0,2.33,103.46,3,1,30.09
2024-03-25 18:00:00,west,maize,maturity,18.88,26.43,77.47,0.0,4.53,31.64,2,1,35.0
2024-03-25 19:00:00,west,tomato,vegetative,22.67,26.4,67.81,0.0,3.17,8.7,4,1,35.0
2024-03-25 20:00:00,east,lettuce,maturity,22.2,23.14,75.39,0.0,2.04,10.67,4,1,35.0
2024-03-25 21:00:00,north,cotton,vegetative,18.4,24.29,62.77,0.0,3.47,0.0,2,1,35.0
2024-03-25 22:00:00,west,tomato,flowering,14.31,23.07,61.04,0.0,3.43,31.88,2,1,35.0
2024-03-25 23:00:00,south,maize,emergence,30.9,19.18,69.76,0.0,2.71,53.54,3,1,28.95
2024-03-26 00:00:00,south,tomato,maturity,20.55,24.05,52.87,0.0,2.01,0.0,3,1,35.0
2024-03-26 01:00:00,west,tomato,maturity,23.13,23.15,82.93,0.0,1.93,22.15,2,1,35.0
2024-03-26 02:00:00,east,cotton,vegetative,26.52,19.62,70.88,0.0,1.11,39.15,3,1,32.6
2024-03-26 03:00:00,east,maize,flowering,18.41,19.28,76.25,0.0,2.62,0.0,2,1,35.0
2024-03-26 04:00:00,south,maize,flowering,20.17,21.7,65.01,0.0,1.67,52.84,1,1,35.0
2024-03-26 05:00:00,west,tomato,vegetative,24.22,19.86,58.91,0.0,1.88,39.03,1,1,35.0
2024-03-26 06:00:00,south,cotton,flowering,21.6,24.87,75.68,0.0,3.15,0.0,4,1,35.0
2024-03-26 07:00:00,east,tomato,flowering,17.92,23.09,59.26,0.0,4.42,224.06,4,1,35.0
2024-03-26 08:00:00,west,lettuce,flowering,25.36,27.26,66.24,0.0,2.85,283.36,1,1,35.0
2024-03-26 09:00:00,east,maize,vegetative,21.57,24.62,69.0,0.0,2.27,435.56,4,1,35.0
2024-03-26 10:00:00,north,tomato,maturity,23.34,26.66,64.79,0.0,2.38,586.84,2,1,35.0
2024-03-26 11:00:00,south,lettuce,emergence,21.19,29.55,56.46,0.0,3.77,664.3,1,1,35.0
2024-03-26 12:00:00,south,tomato,flowering,26.79,27.8,62.31,0.0,2.87,653.45,2,1,35.0
2024-03-26 13:00:00,west,lettuce,emergence,40.8,29.1,55.67,9.94,2.63,605.81,0,0,0.0
2024-03-26 14:00:00,east,tomato,vegetative,16.0,30.46,66.89,0.0,2.72,553.81,1,1,35.0
2024-03-26 15:00:00,south,lettuce,emergence,27.67,27.85,67.32,0.0,0.69,446.37,1,1,31.11
2024-03-26 16:00:00,east,lettuce,vegetative,20.36,26.4,64.33,0.0,2.87,354.44,1,1,35.0
2024-03-26 17:00:00,east,lettuce,flowering,19.2,25.47,61.25,0.0,1.35,154.03,2,1,35.0
2024-03-26 18:00:00,south,tomato,flowering,19.28,27.7,78.19,1.21,2.87,0.0,4,1,35.0
2024-03-26 19:00:00,south,lettuce,flowering,10.93,26.44,55.33,0.0,1.52,0.0,3,1,35.0
2024-03-26 20:00:00,west,cotton,flowering,19.61,26.42,53.65,0.0,3.11,0.0,1,1,35.0
2024-03-26 21:00:00,east,tomato,vegetative,26.07,23.38,66.32,0.0,2.22,0.0,3,1,35.0
2024-03-26 22:00:00,north,tomato,emergence,17.26,20.68,67.25,0.0,1.03,0.0,4,1,35.0
2024-03-26 23:00:00,east,cotton,flowering,32.6,18.47,78.51,0.0,2.05,0.0,1,1,23.01
2024-03-27 00:00:00,east,tomato,flowering,11.76,25.8,69.48,0.0,5.05,34.3,1,1,35.0
2024-03-27 01:00:00,east,lettuce,flowering,20.11,21.89,68.3,0.0,0.0,0.0,2,1,35.0
2024-03-27 02:00:00,east,lettuce,vegetative,16.57,21.17,72.17,0.0,2.6,0.0,1,1,35.0
2024-03-27 03:00:00,west,tomato,maturity,28.59,21.52,71.76,0.0,1.19,54.93,3,1,30.84
2024-03-27 04:00:00,south,lettuce,emergence,27.24,19.35,84.84,0.0,4.05,29.71,3,1,29.88
2024-03-27 05:00:00,south,lettuce,flowering,29.55,20.94,70.62,3.84,3.38,35.89,2,0,0.0
2024-03-27 06:00:00,north,maize,vegetative,15.9,25.58,60.37,0.0,2.62,17.68,2,1,35.0
2024-03-27 07:00:00,east,cotton,flowering,17.39,24.91,67.06,0.0,3.5,214.13,3,1,35.0
2024-03-27 08:00:00,south,tomato,vegetative,25.17,23.82,48.22,0.0,2.69,355.92,3,1,35.0
2024-03-27 09:00:00,south,maize,flowering,20.43,24.16,66.05,0.0,2.41,447.56,3,1,35.0
2024-03-27 10:00:00,east,cotton,emergence,19.77,26.19,72.3,0.0,1.68,525.64,1,1,35.0
2024-03-27 11:00:00,south,tomato,flowering,21.52,27.32,67.96,0.0,1.97,582.94,3,1,35.0
2024-03-27 12:00:00,south,cotton,vegetative,17.3,31.5,62.49,0.0,1.84,645.11,3,1,35.0
2024-03-27 13:00:00,south,tomato,flowering,12.37,28.54,67.31,0.0,2.41,589.35,3,1,35.0
2024-03-27 14:00:00,south,maize,emergence,15.27,27.18,71.58,0.0,0.13,535.0,2,1,35.0
2024-03-27 15:00:00,north,tomato,emergence,14.44,28.74,72.59,0.0,3.64,454.29,4,1,35.0
2024-03-27 16:00:00,west,lettuce,flowering,17.27,28.82,65.67,0.0,4.74,373.93,1,1,35.0
2024-03-27 17:00:00,north,lettuce,emergence,23.11,25.87,62.69,0.0,1.88,115.36,3,1,35.0
2024-03-27 18:00:00,south,cotton,vegetative,21.88,27.56,47.35,0.0,3.81,1.04,1,1,35.0
2024-03-27 19:00:00,east,cotton,maturity,27.4,27.81,70.2,0.0,2.24,0.0,4,1,35.0
2024-03-27 20:00:00,north,lettuce,maturity,16.0,25.17,69.07,0.0,1.68,0.0,4,1,35.0
2024-03-27 21:00:00,east,lettuce,maturity,25.26,22.73,68.48,0.0,1.94,32.54,3,1,35.0
2024-03-27 22:00:00,east,maize,vegetative,19.78,22.17,63.05,0.0,2.5,0.0,3,1,35.0
2024-03-27 23:00:00,east,cotton,flowering,33.57,19.64,76.64,0.0,1.53,0.0,1,1,25.12
2024-03-28 00:00:00,south,lettuce,flowering,27.04,21.43,66.65,2.16,3.13,4.94,1,0,0.0
2024-03-28 01:00:00,north,cotton,vegetative,20.86,21.7,68.0,0.0,1.78,24.54,1,1,35.0
2024-03-28 02:00:00,west,tomato,flowering,30.12,19.75,69.41,2.83,1.11,0.0,1,0,0.0
2024-03-28 03:00:00,south,maize,emergence,24.53,24.14,69.43,0.0,2.38,44.13,2,1,35.0
2024-03-28 04:00:00,west,lettuce,maturity,21.72,22.82,59.3,0.0,1.57,0.0,1,1,35.0
2024-03-28 05:00:00,north,tomato,flowering,26.57,19.58,73.87,0.0,2.01,16.95,4,1,34.07
2024-03-28 06:00:00,north,tomato,flowering,31.14,20.44,64.2,0.0,2.33,0.0,3,1,24.85
2024-03-28 07:00:00,west,cotton,flowering,28.17,22.59,62.73,0.0,0.79,194.16,3,1,29.91
2024-03-28 08:00:00,west,maize,vegetative,20.74,27.46,69.83,0.0,4.15,395.96,3,1,35.0
2024-03-28 09:00:00,west,tomato,vegetative,30.35,27.47,56.66,0.0,3.38,449.9,1,1,31.3
2024-03-28 10:00:00,west,maize,flowering,22.62,29.53,68.16,0.0,1.64,562.36,2,1,35.0
2024-03-28 11:00:00,north,maize,flowering,15.66,27.94,63.96,0.0,2.38,612.73,1,1,35.0
2024-03-28 12:00:00,west,lettuce,flowering,21.23,28.25,51.46,0.0,3.16,629.49,1,1,35.0
2024-03-28 13:00:00,east,cotton,vegetative,41.01,27.09,73.48,11.37,2.65,603.38,1,0,0.0
2024-03-28 14:00:00,north,cotton,flowering,17.39,29.62,64.07,0.0,4.66,562.26,2,1,35.0
2024-03-28 15:00:00,north,lettuce,vegetative,22.23,28.67,65.42,0.0,2.11,432.43,2,1,35.0
2024-03-28 16:00:00,west,lettuce,vegetative,11.52,28.21,70.08,0.0,3.83,298.87,3,1,35.0
2024-03-28 17:00:00,south,maize,maturity,27.63,30.35,71.81,0.0,0.8,57.44,3,1,33.78
2024-03-28 18:00:00,west,cotton,flowering,27.24,26.91,65.48,1.4,0.98,48.47,2,1,30.09
2024-03-28 19:00:00,north,tomato,flowering,11.71,28.13,67.42,0.0,4.42,57.53,1,1,35.0
2024-03-28 20:00:00,south,tomato,maturity,26.38,22.72,70.03,0.0,1.88,22.71,2,1,31.14
2024-03-28 21:00:00,south,cotton,vegetative,23.12,28.1,60.72,0.0,1.0,0.0,2,1,35.0
2024-03-28 22:00:00,south,cotton,maturity,30.68,22.54,56.49,0.0,2.34,0.0,1,1,29.05
2024-03-28 23:00:00,east,maize,flowering,31.96,23.33,68.44,0.0,3.92,0.0,3,1,29.67
2024-03-29 00:00:00,west,lettuce,flowering,32.78,23.07,76.8,0.0,1.48,22.37,2,1,22.07
2024-03-29 01:00:00,west,maize,vegetative,21.92,20.62,73.18,0.0,2.35,44.29,4,1,35.0
2024-03-29 02:00:00,east,maize,emergence,25.99,22.46,60.16,0.0,0.17,5.81,1,1,32.49
2024-03-29 03:00:00,north,maize,vegetative,20.87,22.68,75.14,0.0,1.84,30.02,4,1,35.0
2024-03-29 04:00:00,west,tomato,emergence,28.15,20.7,66.87,0.0,3.6,15.57,2,1,30.83
2024-03-29 05:00:00,east,maize,emergence,12.44,21.35,53.87,0.0,1.46,0.0,2,1,35.0
2024-03-29 06:00:00,east,maize,flowering,16.85,23.3,74.08,0.0,0.87,35.33,2,1,35.0
2024-03-29 07:00:00,east,maize,flowering,21.03,24.03,59.76,0.0,1.47,201.33,2,1,35.0
2024-03-29 08:00:00,west,tomato,vegetative,20.9,27.32,76.21,0.0,1.67,290.33,1,1,35.0
2024-03-29 09:00:00,west,cotton,flowering,22.01,27.32,71.78,0.0,3.32,487.87,4,1,35.0
2024-03-29 10:00:00,east,lettuce,maturity,27.66,27.13,62.3,0.0,2.86,557.75,2,1,30.88
2024-03-29 11:00:00,east,cotton,flowering,16.92,28.97,65.64,0.0,3.09,618.72,4,1,35.0
2024-03-29 12:00:00,east,tomato,maturity,15.7,25.63,82.06,0.0,2.43,663.67,4,1,35.0
2024-03-29 13:00:00,south,lettuce,flowering,18.68,28.18,70.06,0.0,1.66,640.44,3,1,35.0
2024-03-29 14:00:00,south,cotton,vegetative,16.68,29.67,63.53,0.0,1.47,594.02,2,1,35.0
2024-03-29 15:00:00,east,maize,vegetative,21.8,30.77,81.21,0.0,2.92,429.89,3,1,35.0
2024-03-29 16:00:00,north,tomato,maturity,27.71,29.0,63.22,0.0,4.31,344.8,2,1,35.0
2024-03-29 17:00:00,south,tomato,flowering,26.49,30.25,65.47,0.0,1.27,127.63,3,1,35.0
2024-03-29 18:00:00,east,tomato,maturity,37.21,28.54,56.22,6.35,1.18,0.0,1,0,0.0
2024-03-29 19:00:00,west,maize,maturity,19.26,25.54,53.45,0.0,1.04,0.0,3,1,35.0
2024-03-29 20:00:00,east,maize,vegetative,21.6,25.02,63.57,0.0,3.4,33.95,2,1,35.0
2024-03-29 21:00:00,south,tomato,vegetative,24.64,24.81,66.02,0.0,2.35,0.32,4,1,35.0
2024-03-29 22:00:00,south,lettuce,flowering,19.14,22.56,69.86,0.0,3.07,0.0,1,1,35.0
2024-03-29 23:00:00,east,tomato,emergence,19.17,24.7,55.9,0.0,1.79,49.91,3,1,35.0
2024-03-30 00:00:00,east,maize,flowering,24.83,20.24,74.03,0.0,3.14,0.0,4,1,35.0
2024-03-30 01:00:00,north,lettuce,maturity,16.12,21.98,62.2,0.0,2.05,0.0,3,1,35.0
2024-03-30 02:00:00,east,tomato,flowering,28.39,22.47,71.88,0.0,0.55,0.0,2,1,31.76
2024-03-30 03:00:00,south,tomato,vegetative,20.91,21.04,75.32,0.0,3.51,0.0,4,1,35.0
2024-03-30 04:00:00,east,tomato,flowering,25.6,21.1,65.95,0.0,2.36,0.0,1,1,33.96
2024-03-30 05:00:00,west,tomato,vegetative,23.92,22.43,60.91,0.0,2.03,0.0,4,1,35.0
2024-03-30 06:00:00,west,maize,maturity,28.79,24.59,76.73,0.0,2.74,8.4,2,1,33.37
2024-03-30 07:00:00,east,tomato,emergence,20.73,23.59,72.84,4.73,0.67,130.25,1,0,0.0
2024-03-30 08:00:00,south,tomato,maturity,29.14,23.77,67.65,0.0,2.92,296.2,2,1,32.11
2024-03-30 09:00:00,south,cotton,flowering,26.54,28.13,73.37,0.0,1.69,403.64,4,1,35.0
2024-03-30 10:00:00,north,cotton,vegetative,21.83,27.97,63.81,0.0,2.21,545.07,2,1,35.0
2024-03-30 11:00:00,west,tomato,flowering,21.98,29.71,57.49,0.0,3.77,594.79,2,1,35.0
2024-03-30 12:00:00,west,maize,vegetative,22.18,29.97,54.61,0.0,3.17,725.05,3,1,35.0
2024-03-30 13:00:00,west,maize,vegetative,13.16,32.5,58.84,0.0,2.19,680.49,1,1,35.0
2024-03-30 14:00:00,south,cotton,maturity,22.29,31.04,66.17,1.94,2.28,609.88,2,1,35.0
2024-03-30 15:00:00,south,cotton,maturity,24.7,28.15,72.81,0.0,0.0,414.3,1,1,35.0
2024-03-30 16:00:00,west,tomato,vegetative,10.46,29.54,62.13,0.0,1.41,318.79,3,1,35.0
2024-03-30 17:00:00,east,tomato,flowering,23.04,27.36,72.2,0.0,2.6,126.12,1,1,35.0
2024-03-30 18:00:00,east,maize,maturity,21.51,26.69,62.75,0.0,1.48,64.5,3,1,35.0
2024-03-30 19:00:00,south,cotton,maturity,45.6,24.29,60.7,11.09,0.81,29.09,1,0,0.0
2024-03-30 20:00:00,south,cotton,vegetative,36.42,24.94,56.5,11.49,2.98,0.0,2,0,0.0
2024-03-30 21:00:00,east,tomato,emergence,18.24,25.15,61.93,0.0,3.97,12.93,4,1,35.0
2024-03-30 22:00:00,west,lettuce,maturity,15.65,23.27,58.1,0.0,1.53,0.0,2,1,35.0
2024-03-30 23:00:00,south,tomato,vegetative,15.58,20.89,82.95,0.0,3.45,0.0,2,1,35.0
2024-03-31 00:00:00,west,lettuce,vegetative,26.75,19.76,72.87,0.0,3.27,0.0,1,1,33.5
2024-03-31 01:00:00,north,cotton,flowering,19.15,24.81,65.08,0.0,1.23,25.89,4,1,35.0
2024-03-31 02:00:00,south,maize,vegetative,19.26,21.99,80.06,0.0,1.53,34.57,4,1,35.0
2024-03-31 03:00:00,west,tomato,maturity,40.75,20.41,60.16,7.08,4.56,0.71,1,0,0.0
2024-03-31 04:00:00,west,lettuce,emergence,20.82,22.73,66.45,0.0,1.06,0.0,2,1,35.0
2024-03-31 05:00:00,west,maize,flowering,26.17,25.96,78.83,0.0,1.67,0.0,1,1,35.0
2024-03-31 06:00:00,south,cotton,maturity,17.0,24.44,65.04,0.0,4.76,54.67,3,1,35.0
2024-03-31 07:00:00,west,maize,maturity,20.76,20.29,86.5,0.0,1.72,145.22,1,1,35.0
2024-03-31 08:00:00,west,cotton,maturity,14.66,29.48,67.51,0.0,4.02,328.58,2,1,35.0
2024-03-31 09:00:00,west,tomato,maturity,25.2,23.77,75.73,0.0,1.17,538.69,3,1,35.0
2024-03-31 10:00:00,north,tomato,vegetative,19.5,27.2,73.19,0.0,2.57,521.12,4,1,35.0
2024-03-31 11:00:00,east,maize,maturity,37.9,26.63,64.3,7.44,3.7,628.6,1,0,0.0
2024-03-31 12:00:00,west,tomato,maturity,20.87,27.86,59.89,0.0,1.84,667.39,2,1,35.0
2024-03-31 13:00:00,west,maize,flowering,17.89,29.8,60.96,4.83,2.52,666.09,2,0,0.0
2024-03-31 14:00:00,north,lettuce,vegetative,25.93,26.4,57.57,3.5,3.29,562.96,0,0,0.0
2024-03-31 15:00:00,west,tomato,emergence,29.49,29.23,61.75,9.96,1.32,500.76,1,0,0.0
2024-03-31 16:00:00,north,tomato,flowering,20.08,30.69,61.02,0.0,5.09,310.45,2,1,35.0
2024-03-31 17:00:00,south,tomato,flowering,28.37,27.07,75.77,2.83,3.65,187.26,2,0,0.0
2024-03-31 18:00:00,east,tomato,vegetative,24.77,25.42,69.42,0.0,1.97,14.49,2,1,34.94
2024-03-31 19:00:00,south,cotton,vegetative,20.3,26.33,81.07,0.0,2.12,0.0,3,1,35.0
2024-03-31 20:00:00,east,cotton,flowering,18.4,25.0,50.48,2.7,4.69,11.32,0,0,0.0
2024-03-31 21:00:00,north,tomato,emergence,23.33,23.58,58.22,0.0,1.97,0.0,2,1,35.0
2024-03-31 22:00:00,east,lettuce,maturity,44.88,21.72,65.73,11.43,1.83,0.0,1,0,0.0
2024-03-31 23:00:00,east,lettuce,vegetative,26.98,23.46,77.28,3.13,3.78,0.0,1,0,0.0
2024-04-01 00:00:00,east,cotton,vegetative,22.67,23.07,66.38,0.0,0.72,0.0,3,1,35.0
2024-04-01 01:00:00,south,maize,emergence,12.79,20.18,59.18,0.0,2.31,39.84,3,1,35.0
2024-04-01 02:00:00,south,maize,maturity,30.97,20.25,67.68,4.68,2.5,14.71,0,0,0.0
2024-04-01 03:00:00,south,maize,maturity,21.65,21.98,59.63,0.0,1.56,10.78,2,1,35.0
2024-04-01 04:00:00,south,cotton,emergence,16.12,20.73,59.26,0.0,0.52,0.0,1,1,35.0
2024-04-01 05:00:00,east,lettuce,vegetative,24.81,23.08,81.13,0.0,2.48,11.2,3,1,35.0
2024-04-01 06:00:00,south,maize,vegetative,18.57,25.84,62.46,0.0,3.23,0.0,1,1,35.0
2024-04-01 07:00:00,south,tomato,vegetative,22.97,24.52,67.2,0.0,1.59,187.04,4,1,35.0
2024-04-01 08:00:00,south,lettuce,flowering,24.56,23.82,65.89,0.0,0.98,373.41,4,1,35.0
2024-04-01 09:00:00,north,cotton,emergence,21.79,27.26,62.03,0.0,3.91,445.31,1,1,35.0
2024-04-01 10:00:00,east,maize,flowering,13.36,27.37,57.82,0.0,3.03,551.87,1,1,35.0
2024-04-01 11:00:00,west,lettuce,vegetative,17.61,28.24,60.83,0.0,1.97,659.99,3,1,35.0
2024-04-01 12:00:00,south,maize,flowering,29.22,29.82,64.11,0.0,3.51,628.88,3,1,35.0
2024-04-01 13:00:00,west,maize,vegetative,34.48,30.54,71.1,5.21,2.69,630.91,1,0,0.0
2024-04-01 14:00:00,east,maize,vegetative,22.79,29.69,68.48,0.0,4.55,493.04,1,1,35.0
2024-04-01 15:00:00,north,lettuce,vegetative,27.21,29.41,53.54,3.93,3.2,448.84,1,0,0.0
2024-04-01 16:00:00,south,cotton,emergence,21.88,32.2,66.76,5.41,0.73,370.68,0,0,0.0
2024-04-01 17:00:00,north,maize,emergence,17.41,30.27,64.71,0.0,1.61,179.97,1,1,35.0
2024-04-01 18:00:00,north,maize,maturity,16.92,28.89,58.11,0.0,1.67,31.48,4,1,35.0
2024-04-01 19:00:00,south,maize,vegetative,24.6,26.87,65.38,2.66,2.77,33.47,1,0,0.0
2024-04-01 20:00:00,south,tomato,vegetative,14.63,24.13,70.3,0.0,2.04,47.22,3,1,35.0
2024-04-01 21:00:00,west,maize,vegetative,25.32,26.3,64.89,0.0,1.05,0.0,3,1,35.0
2024-04-01 22:00:00,north,tomato,flowering,8.48,23.86,69.88,0.0,3.11,32.98,3,1,35.0
2024-04-01 23:00:00,west,maize,maturity,26.18,21.95,62.0,0.0,3.6,78.67,2,1,35.0
2024-04-02 00:00:00,north,tomato,maturity,26.26,21.95,81.99,0.0,2.28,0.0,1,1,35.0
2024-04-02 01:00:00,north,maize,flowering,33.5,20.46,55.73,0.0,2.65,0.0,4,1,25.34
2024-04-02 02:00:00,east,lettuce,maturity,20.6,23.36,70.96,0.0,1.24,0.0,3,1,35.0
2024-04-02 03:00:00,west,tomato,vegetative,19.24,22.94,69.82,0.0,1.77,16.39,1,1,35.0
2024-04-02 04:00:00,east,lettuce,maturity,22.42,22.58,72.03,0.0,1.82,0.0,1,1,34.59
2024-04-02 05:00:00,north,cotton,maturity,46.83,22.88,62.34,12.35,3.07,0.0,1,0,0.0
2024-04-02 06:00:00,north,lettuce,emergence,21.34,22.75,75.58,0.0,2.71,0.0,4,1,35.0
2024-04-02 07:00:00,south,tomato,flowering,15.86,21.54,67.61,0.0,2.0,172.08,1,1,35.0
2024-04-02 08:00:00,south,maize,vegetative,24.55,23.66,58.37,0.0,1.96,387.88,4,1,35.0
2024-04-02 09:00:00,west,lettuce,emergence,20.72,25.7,57.38,0.0,0.04,483.69,4,1,35.0
2024-04-02 10:00:00,south,maize,maturity,15.23,26.44,65.32,0.0,4.33,523.93,1,1,35.0
2024-04-02 11:00:00,north,tomato,emergence,10.57,29.04,51.19,0.0,0.0,763.22,1,1,35.0
2024-04-02 12:00:00,west,maize,flowering,39.69,30.46,73.84,5.29,2.91,649.42,2,0,0.0
2024-04-02 13:00:00,north,maize,maturity,22.58,29.45,69.39,0.0,2.45,569.04,3,1,35.0
2024-04-02 14:00:00,north,tomato,flowering,19.73,31.89,72.88,0.0,2.08,526.57,4,1,35.0
2024-04-02 15:00:00,south,lettuce,vegetative,18.4,28.46,74.88,0.0,2.39,423.48,4,1,35.0
2024-04-02 16:00:00,south,tomato,flowering,22.07,29.04,59.91,0.0,1.6,277.82,1,1,35.0
2024-04-02 17:00:00,east,maize,maturity,13.65,28.53,56.69,0.0,3.18,186.19,1,1,35.0
2024-04-02 18:00:00,west,cotton,vegetative,19.36,29.41,43.32,0.0,0.82,0.0,4,1,35.0
2024-04-02 19:00:00,west,tomato,vegetative,21.03,26.97,61.18,0.0,2.79,34.38,1,1,35.0
2024-04-02 20:00:00,south,lettuce,flowering,15.26,25.98,77.18,0.0,1.59,28.5,4,1,35.0
2024-04-02 21:00:00,west,maize,maturity,21.04,22.26,62.0,0.0,1.89,0.0,4,1,35.0
2024-04-02 22:00:00,east,maize,vegetative,19.49,22.43,66.19,0.0,1.92,32.05,2,1,35.0
2024-04-02 23:00:00,north,cotton,vegetative,17.36,24.59,62.05,0.0,2.2,0.0,2,1,35.0
2024-04-03 00:00:00,west,maize,maturity,18.83,19.33,72.76,0.0,3.0,0.0,4,1,35.0
2024-04-03 01:00:00,north,tomato,vegetative,12.93,24.06,,0.0,2.36,19.23,2,1,35.0
2024-04-03 02:00:00,east,cotton,emergence,26.8,22.66,56.7,0.0,3.52,0.0,1,1,34.9
2024-04-03 03:00:00,west,lettuce,flowering,29.29,20.92,59.43,0.0,3.65,0.0,3,1,31.36
2024-04-03 04:00:00,north,lettuce,emergence,16.83,21.2,79.05,0.0,2.77,0.0,2,1,35.0
2024-04-03 05:00:00,south,tomato,vegetative,25.84,25.92,69.99,0.0,3.22,46.16,3,1,35.0
2024-04-03 06:00:00,south,tomato,flowering,20.05,26.03,62.96,0.0,4.83,44.8,4,1,35.0
2024-04-03 07:00:00,west,lettuce,flowering,20.95,24.69,77.79,0.0,0.7,183.15,1,1,35.0
2024-04-03 08:00:00,north,tomato,flowering,13.66,26.11,55.16,0.0,3.69,312.56,1,1,35.0
2024-04-03 09:00:00,east,tomato,vegetative,17.41,25.98,71.34,0.0,4.25,477.87,4,1,35.0
2024-04-03 10:00:00,south,lettuce,flowering,21.57,28.11,62.63,0.0,2.92,532.73,4,1,35.0
2024-04-03 11:00:00,north,maize,flowering,30.26,27.73,67.66,8.9,4.68,668.76,2,0,0.0
2024-04-03 12:00:00,east,tomato,maturity,14.48,29.26,45.49,0.0,4.53,683.26,1,1,35.0
2024-04-03 13:00:00,west,tomato,maturity,13.69,32.49,57.78,0.0,2.0,695.46,1,1,35.0
2024-04-03 14:00:00,east,maize,flowering,8.0,29.77,66.94,0.0,2.09,534.84,2,1,35.0
2024-04-03 15:00:00,north,lettuce,maturity,34.37,28.2,62.6,7.75,3.04,427.2,2,0,0.0
2024-04-03 16:00:00,north,cotton,maturity,22.47,27.32,72.53,0.0,1.65,344.3,2,1,35.0
2024-04-03 17:00:00,south,tomato,vegetative,40.29,28.93,71.01,11.2,5.65,158.65,1,0,0.0
2024-04-03 18:00:00,east,tomato,maturity,24.3,26.77,57.48,0.0,3.35,34.98,3,1,35.0
2024-04-03 19:00:00,east,maize,maturity,17.03,27.31,69.52,0.0,2.46,46.12,2,1,35.0
2024-04-03 20:00:00,north,maize,vegetative,30.28,23.48,59.87,0.0,0.71,59.6,2,1,28.76
2024-04-03 21:00:00,east,maize,emergence,15.84,25.91,65.25,0.0,2.7,2.04,2,1,35.0
2024-04-03 22:00:00,south,cotton,flowering,20.07,22.32,72.34,0.0,0.98,30.81,3,1,35.0
2024-04-03 23:00:00,east,maize,vegetative,19.56,23.15,61.23,0.0,3.31,0.0,1,1,35.0
2024-04-04 00:00:00,west,maize,flowering,22.09,22.07,73.45,0.0,0.0,7.6,1,1,35.0
2024-04-04 01:00:00,east,cotton,flowering,19.49,24.76,62.26,0.0,4.06,0.0,3,1,35.0
2024-04-04 02:00:00,north,tomato,emergence,20.62,22.3,63.7,0.0,1.89,0.0,3,1,35.0
2024-04-04 03:00:00,west,cotton,vegetative,17.06,25.1,70.47,0.0,0.37,63.84,1,1,35.0
2024-04-04 04:00:00,north,maize,maturity,18.91,23.42,61.01,0.0,2.38,0.0,3,1,35.0
2024-04-04 05:00:00,west,maize,emergence,9.1,25.35,59.11,0.0,2.42,0.0,2,1,35.0
2024-04-04 06:00:00,north,cotton,flowering,25.08,23.73,73.9,0.0,2.32,1.88,4,1,35.0
2024-04-04 07:00:00,east,maize,vegetative,15.03,25.53,65.94,0.0,4.06,190.75,3,1,35.0
2024-04-04 08:00:00,north,maize,vegetative,16.26,27.87,53.12,0.0,2.86,286.6,2,1,35.0
2024-04-04 09:00:00,north,tomato,flowering,13.06,28.44,68.84,0.0,3.36,449.15,4,1,35.0
2024-04-04 10:00:00,east,lettuce,vegetative,20.95,28.84,59.68,0.0,2.1,542.06,3,1,35.0
2024-04-04 11:00:00,east,lettuce,flowering,15.65,28.38,53.08,0.0,2.91,549.03,1,1,35.0
2024-04-04 12:00:00,north,tomato,flowering,24.72,29.27,44.63,10.62,0.83,690.69,1,0,0.0
2024-04-04 13:00:00,west,lettuce,emergence,17.8,31.61,66.63,0.0,2.71,576.4,3,1,35.0
2024-04-04 14:00:00,south,lettuce,vegetative,12.38,32.06,53.93,0.0,1.49,506.8,4,1,35.0
2024-04-04 15:00:00,south,maize,flowering,23.57,29.02,53.68,3.2,3.98,492.79,1,0,0.0
2024-04-04 16:00:00,south,tomato,flowering,22.45,28.39,67.36,0.0,2.49,313.28,4,1,35.0
2024-04-04 17:00:00,south,maize,flowering,13.86,27.52,69.23,0.0,3.2,157.72,2,1,35.0
2024-04-04 18:00:00,north,tomato,flowering,17.46,29.29,56.66,0.0,2.71,0.0,3,1,35.0
2024-04-04 19:00:00,south,tomato,emergence,16.01,25.68,71.44,0.0,4.57,37.6,1,1,35.0
2024-04-04 20:00:00,north,maize,emergence,23.83,27.27,78.17,0.0,0.53,0.0,1,1,35.0
2024-04-04 21:00:00,north,tomato,flowering,20.14,25.83,74.37,0.0,2.26,20.83,4,1,35.0
2024-04-04 22:00:00,south,tomato,flowering,20.71,23.23,75.36,0.0,1.25,0.0,3,1,35.0
2024-04-04 23:00:00,east,lettuce,maturity,13.67,25.56,67.35,0.0,0.0,11.55,2,1,35.0
2024-04-05 00:00:00,west,maize,vegetative,24.55,20.52,66.08,0.0,1.17,31.59,1,1,35.0
2024-04-05 01:00:00,south,cotton,flowering,24.69,24.8,65.37,0.0,3.81,49.18,4,1,35.0
2024-04-05 02:00:00,south,cotton,flowering,16.94,22.65,70.56,0.0,2.36,0.0,1,1,35.0
2024-04-05 03:00:00,west,lettuce,vegetative,21.52,19.2,61.44,0.0,2.14,0.0,1,1,35.0
2024-04-05 04:00:00,east,cotton,flowering,23.02,25.1,60.13,0.0,3.33,55.94,1,1,35.0
2024-04-05 05:00:00,west,cotton,flowering,44.76,24.81,55.76,7.46,2.54,32.27,2,0,0.0
2024-04-05 06:00:00,west,maize,vegetative,22.67,23.53,68.42,0.0,3.14,0.0,2,1,35.0
2024-04-05 07:00:00,west,lettuce,vegetative,20.69,23.69,67.23,0.0,2.79,168.37,3,1,35.0
2024-04-05 08:00:00,west,tomato,vegetative,27.21,23.82,61.97,4.06,3.05,335.4,0,0,0.0
2024-04-05 09:00:00,south,lettuce,maturity,16.08,30.83,66.68,0.0,1.86,446.57,3,1,35.0
2024-04-05 10:00:00,south,maize,vegetative,22.81,26.79,,0.0,3.66,582.07,4,1,35.0
2024-04-05 11:00:00,south,tomato,vegetative,14.36,27.11,59.08,0.0,0.95,645.02,4,1,35.0
2024-04-05 12:00:00,north,tomato,emergence,21.66,30.04,67.03,0.0,2.3,610.98,4,1,35.0
2024-04-05 13:00:00,east,cotton,emergence,19.44,27.58,70.04,4.83,3.72,610.71,1,0,0.0
2024-04-05 14:00:00,east,maize,vegetative,21.1,28.7,57.07,0.0,2.22,547.02,4,1,35.0
2024-04-05 15:00:00,west,tomato,flowering,20.78,31.53,62.0,0.0,1.88,450.68,4,1,35.0
2024-04-05 16:00:00,north,tomato,emergence,20.79,30.34,55.88,0.0,5.15,334.45,4,1,35.0
2024-04-05 17:00:00,south,maize,vegetative,19.24,28.42,61.48,0.0,4.1,174.55,1,1,35.0
2024-04-05 18:00:00,north,cotton,emergence,23.8,28.2,64.04,2.12,2.57,0.0,2,0,0.0
2024-04-05 19:00:00,west,lettuce,vegetative,16.99,26.55,68.28,0.0,1.24,46.91,4,1,35.0
2024-04-05 20:00:00,south,maize,emergence,29.72,26.08,66.96,8.94,0.0,0.18,2,0,0.0
2024-04-05 21:00:00,north,tomato,flowering,21.73,24.0,68.31,0.0,3.25,51.23,4,1,35.0
2024-04-05 22:00:00,east,tomato,flowering,20.81,23.31,59.41,0.0,3.92,50.41,3,1,35.0
2024-04-05 23:00:00,west,maize,flowering,25.07,22.43,70.37,0.0,2.87,0.0,2,1,35.0
2024-04-06 00:00:00,west,cotton,vegetative,19.73,21.75,72.05,0.0,0.35,0.0,3,1,35.0
2024-04-06 01:00:00,north,lettuce,maturity,21.21,24.01,71.21,0.0,2.59,0.0,2,1,35.0
2024-04-06 02:00:00,south,maize,flowering,21.85,23.46,61.79,0.0,1.82,10.97,1,1,35.0
2024-04-06 03:00:00,north,lettuce,emergence,36.99,21.05,75.17,7.63,2.59,25.42,2,0,0.0
2024-04-06 04:00:00,south,maize,vegetative,30.56,21.05,59.54,3.02,4.73,5.14,2,0,0.0
2024-04-06 05:00:00,east,lettuce,flowering,15.6,23.24,63.99,0.0,3.35,0.0,3,1,35.0
2024-04-06 06:00:00,south,maize,vegetative,21.73,27.54,61.64,0.0,3.09,57.81,2,1,35.0
2024-04-06 07:00:00,north,lettuce,vegetative,19.43,23.73,57.78,0.0,2.35,152.89,1,1,35.0
2024-04-06 08:00:00,east,maize,flowering,34.37,26.07,62.71,6.71,2.9,350.96,1,0,0.0
2024-04-06 09:00:00,north,cotton,emergence,25.61,27.48,65.17,0.0,1.53,458.32,1,1,35.0
2024-04-06 10:00:00,north,maize,maturity,8.0,28.14,50.3,0.0,3.07,560.64,3,1,35.0
2024-04-06 11:00:00,north,tomato,vegetative,23.68,28.45,60.08,0.0,2.17,651.43,2,1,35.0
2024-04-06 12:00:00,north,tomato,emergence,35.4,31.5,48.16,11.24,1.41,704.01,0,0,0.0
2024-04-06 13:00:00,south,maize,emergence,11.86,30.85,75.21,0.0,3.38,638.53,3,1,35.0
2024-04-06 14:00:00,west,maize,vegetative,13.5,31.58,61.83,0.0,0.0,545.81,4,1,35.0
2024-04-06 15:00:00,west,lettuce,maturity,10.82,31.06,61.64,0.0,1.75,511.42,1,1,35.0
2024-04-06 16:00:00,north,lettuce,maturity,18.47,31.11,62.33,0.0,3.14,342.28,4,1,35.0
2024-04-06 17:00:00,north,tomato,maturity,10.5,31.51,64.62,0.0,3.87,174.2,4,1,35.0
2024-04-06 18:00:00,south,lettuce,flowering,22.41,30.3,68.2,0.0,2.97,35.97,2,1,35.0
2024-04-06 19:00:00,east,lettuce,vegetative,19.52,30.83,49.99,0.0,1.59,11.28,3,1,35.0
2024-04-06 20:00:00,east,maize,vegetative,18.8,28.13,72.26,0.0,2.34,85.99,4,1,35.0
2024-04-06 21:00:00,west,maize,emergence,9.78,24.27,74.91,0.0,2.75,0.07,1,1,35.0
2024-04-06 22:00:00,south,tomato,maturity,12.55,25.58,64.67,0.0,4.27,40.24,4,1,35.0
2024-04-06 23:00:00,north,maize,flowering,19.37,24.55,65.13,0.0,3.5,15.47,3,1,35.0
2024-04-07 00:00:00,north,lettuce,vegetative,18.84,25.86,43.2,0.0,3.51,15.35,3,1,35.0
2024-04-07 01:00:00,north,cotton,flowering,24.76,21.12,59.99,0.0,2.48,0.0,2,1,35.0
2024-04-07 02:00:00,north,lettuce,maturity,8.0,23.28,70.61,0.0,1.11,0.0,4,1,35.0
2024-04-07 03:00:00,west,maize,vegetative,30.17,21.55,76.76,7.74,0.71,17.38,2,0,0.0
2024-04-07 04:00:00,south,lettuce,flowering,24.21,23.74,71.71,0.0,2.04,0.0,4,1,35.0
2024-04-07 05:00:00,west,lettuce,flowering,18.32,23.29,66.44,0.0,3.24,0.0,4,1,35.0
2024-04-07 06:00:00,east,maize,maturity,16.96,25.16,78.95,0.0,1.8,0.54,3,1,35.0
2024-04-07 07:00:00,east,cotton,emergence,16.4,23.29,74.01,2.49,3.09,211.65,2,0,0.0
2024-04-07 08:00:00,south,tomato,vegetative,23.08,27.63,60.74,0.0,1.45,327.82,2,1,35.0
2024-04-07 09:00:00,west,tomato,flowering,15.25,27.78,78.65,0.0,1.63,461.88,1,1,35.0
2024-04-07 10:00:00,north,tomato,maturity,22.6,28.67,54.99,0.0,4.09,525.86,1,1,35.0
2024-04-07 11:00:00,north,tomato,maturity,22.33,32.19,49.54,0.0,3.32,687.2,2,1,35.0
2024-04-07 12:00:00,south,cotton,flowering,23.29,29.33,59.19,0.0,2.03,688.75,3,1,35.0
2024-04-07 13:00:00,south,maize,vegetative,15.63,30.82,55.64,0.0,1.4,670.54,3,1,35.0
2024-04-07 14:00:00,east,tomato,vegetative,13.5,30.59,58.57,0.0,3.54,512.07,2,1,35.0
2024-04-07 15:00:00,east,maize,flowering,13.13,30.6,66.71,0.0,3.45,471.92,2,1,35.0
2024-04-07 16:00:00,east,maize,vegetative,24.14,33.24,58.77,0.0,3.17,292.16,2,1,35.0
2024-04-07 17:00:00,south,maize,flowering,18.14,29.36,62.05,1.44,2.19,195.24,4,1,35.0
2024-04-07 18:00:00,south,tomato,maturity,22.92,27.59,63.94,0.0,1.09,11.26,4,1,35.0
2024-04-07 19:00:00,west,lettuce,vegetative,18.44,30.28,45.19,0.0,2.38,18.16,2,1,35.0
2024-04-07 20:00:00,north,tomato,vegetative,16.54,25.98,54.21,0.0,4.09,0.0,3,1,35.0
2024-04-07 21:00:00,east,lettuce,emergence,18.5,23.0,64.51,0.0,1.31,0.0,4,1,35.0
2024-04-07 22:00:00,east,tomato,vegetative,25.67,23.33,61.04,0.0,2.46,0.0,2,1,35.0
2024-04-07 23:00:00,west,lettuce,flowering,19.89,21.74,66.58,0.0,4.36,10.77,2,1,35.0
2024-04-08 00:00:00,east,cotton,vegetative,17.45,20.41,79.1,0.0,2.03,0.0,3,1,35.0
2024-04-08 01:00:00,south,tomato,vegetative,15.67,22.16,67.35,0.0,2.25,8.86,3,1,35.0
2024-04-08 02:00:00,south,tomato,emergence,21.29,22.46,58.37,0.0,0.78,0.0,4,1,35.0
2024-04-08 03:00:00,south,cotton,emergence,16.81,24.48,60.47,0.0,3.15,0.0,1,1,35.0
2024-04-08 04:00:00,south,maize,flowering,26.02,24.05,78.33,1.9,1.51,48.83,4,1,30.58
2024-04-08 05:00:00,north,lettuce,flowering,32.0,24.62,76.63,0.0,0.53,11.63,1,1,24.52
2024-04-08 06:00:00,east,tomato,flowering,22.22,23.23,71.19,0.0,1.26,13.82,2,1,35.0
2024-04-08 07:00:00,north,tomato,flowering,26.92,26.86,53.17,0.0,2.65,182.33,2,1,35.0
2024-04-08 08:00:00,east,maize,vegetative,13.23,28.66,64.82,0.0,0.5,307.08,3,1,35.0
2024-04-08 09:00:00,west,cotton,flowering,20.49,28.2,65.73,0.0,0.74,516.73,3,1,35.0
2024-04-08 10:00:00,west,tomato,emergence,22.73,29.2,62.42,0.0,3.07,575.41,1,1,35.0
2024-04-08 11:00:00,north,lettuce,maturity,24.35,27.5,59.61,0.0,2.31,634.05,4,1,35.0
2024-04-08 12:00:00,west,lettuce,emergence,21.37,31.62,57.77,0.0,1.3,674.04,4,1,35.0
2024-04-08 13:00:00,north,tomato,vegetative,14.14,33.11,54.64,0.0,2.01,660.78,1,1,35.0
2024-04-08 14:00:00,south,maize,emergence,19.73,31.05,52.74,0.0,4.49,519.32,3,1,35.0
2024-04-08 15:00:00,north,tomato,maturity,11.08,29.54,71.53,0.0,3.94,461.59,4,1,35.0
2024-04-08 16:00:00,north,maize,vegetative,24.04,29.79,67.94,0.0,2.27,403.23,1,1,35.0
2024-04-08 17:00:00,north,lettuce,maturity,11.84,28.77,60.59,0.0,3.38,226.17,2,1,35.0
2024-04-08 18:00:00,north,maize,emergence,23.3,28.03,65.64,0.0,2.55,0.0,2,1,35.0
2024-04-08 19:00:00,west,tomato,maturity,21.91,28.58,65.47,0.0,0.27,25.48,4,1,35.0
2024-04-08 20:00:00,north,lettuce,flowering,22.81,26.99,80.41,0.0,0.06,0.0,3,1,35.0
2024-04-08 21:00:00,south,lettuce,vegetative,27.91,27.04,70.08,0.0,1.31,12.38,1,1,31.68
2024-04-08 22:00:00,east,maize,vegetative,23.98,25.13,71.34,0.0,0.51,0.0,3,1,35.0
2024-04-08 23:00:00,west,lettuce,vegetative,12.74,22.45,67.91,0.0,2.73,0.0,3,1,35.0
2024-04-09 00:00:00,west,tomato,maturity,22.31,22.49,64.57,0.0,1.74,0.0,3,1,35.0
2024-04-09 01:00:00,north,lettuce,maturity,9.9,21.99,77.69,0.0,2.91,58.88,4,1,35.0
2024-04-09 02:00:00,west,maize,vegetative,18.87,22.42,72.23,0.0,2.93,0.0,1,1,35.0
2024-04-09 03:00:00,east,maize,vegetative,16.29,25.53,59.37,0.0,3.23,39.96,2,1,35.0
2024-04-09 04:00:00,north,tomato,vegetative,34.04,26.17,67.84,7.14,1.28,0.0,1,0,0.0
2024-04-09 05:00:00,south,lettuce,vegetative,14.49,25.13,71.36,0.0,3.02,0.0,4,1,35.0
2024-04-09 06:00:00,west,lettuce,flowering,14.78,24.88,51.03,0.0,1.25,13.63,4,1,35.0
2024-04-09 07:00:00,south,maize,vegetative,21.76,23.62,60.25,0.0,3.25,122.78,4,1,35.0
2024-04-09 08:00:00,north,cotton,vegetative,23.3,27.03,66.52,0.0,3.87,348.26,2,1,35.0
2024-04-09 09:00:00,west,cotton,maturity,17.71,26.55,50.89,0.0,3.27,454.85,2,1,35.0
2024-04-09 10:00:00,west,tomato,flowering,26.54,31.15,48.32,0.0,2.19,543.64,2,1,35.0
2024-04-09 11:00:00,west,lettuce,flowering,15.61,27.12,62.01,0.0,3.08,601.06,1,1,35.0
2024-04-09 12:00:00,west,maize,emergence,18.53,30.74,64.45,0.0,0.56,719.0,4,1,35.0
2024-04-09 13:00:00,west,cotton,maturity,17.72,29.25,65.96,0.0,0.29,626.65,1,1,35.0
2024-04-09 14:00:00,south,tomato,flowering,13.42,30.69,72.13,0.0,2.96,560.24,3,1,35.0
2024-04-09 15:00:00,north,maize,flowering,21.15,31.56,60.93,0.0,3.97,490.17,1,1,35.0
2024-04-09 16:00:00,east,maize,emergence,10.05,31.7,57.63,0.0,0.92,295.54,1,1,35.0
2024-04-09 17:00:00,north,tomato,maturity,8.0,29.44,52.9,0.0,2.42,207.93,3,1,35.0
2024-04-09 18:00:00,south,lettuce,flowering,14.95,29.84,59.03,0.0,2.93,0.0,1,1,35.0
2024-04-09 19:00:00,east,maize,maturity,16.15,26.74,69.16,0.0,1.66,0.0,1,1,35.0
2024-04-09 20:00:00,west,tomato,flowering,22.53,27.07,69.21,0.0,1.99,0.0,1,1,35.0
2024-04-09 21:00:00,south,maize,maturity,10.9,27.17,65.72,0.0,3.14,0.0,2,1,35.0
2024-04-09 22:00:00,south,cotton,flowering,20.93,25.2,69.27,0.0,2.53,2.84,1,1,35.0
2024-04-09 23:00:00,east,lettuce,maturity,21.03,23.08,76.07,0.0,2.54,0.0,1,1,35.0
2024-04-10 00:00:00,north,maize,vegetative,20.61,22.95,67.77,0.0,1.22,0.0,1,1,35.0
2024-04-10 01:00:00,east,maize,vegetative,23.91,24.49,75.58,0.0,2.36,10.23,4,1,35.0
2024-04-10 02:00:00,east,tomato,flowering,18.85,21.19,63.56,0.0,1.92,1.54,4,1,35.0
2024-04-10 03:00:00,east,cotton,flowering,19.22,21.55,67.85,0.0,1.99,42.32,2,1,35.0
2024-04-10 04:00:00,south,lettuce,flowering,21.03,24.27,62.82,0.0,1.75,40.77,3,1,35.0
2024-04-10 05:00:00,west,lettuce,flowering,18.42,23.34,72.48,0.0,2.37,2.15,3,1,35.0
2024-04-10 06:00:00,south,cotton,flowering,12.14,22.65,60.38,0.0,1.36,17.49,1,1,35.0
2024-04-10 07:00:00,east,tomato,maturity,14.55,27.82,61.09,0.0,2.41,118.97,3,1,35.0
2024-04-10 08:00:00,south,lettuce,vegetative,16.88,25.18,52.44,0.0,1.96,349.36,1,1,35.0
2024-04-10 09:00:00,north,tomato,maturity,13.91,27.57,67.71,0.0,1.28,473.99,2,1,35.0
2024-04-10 10:00:00,east,tomato,emergence,14.93,27.9,72.01,0.0,0.06,596.31,3,1,35.0
2024-04-10 11:00:00,north,maize,flowering,26.24,29.21,68.61,5.35,3.54,617.13,0,0,0.0
2024-04-10 12:00:00,west,maize,maturity,33.17,28.97,68.12,10.39,3.3,639.59,2,0,0.0
2024-04-10 13:00:00,east,cotton,vegetative,18.42,31.76,66.06,0.0,1.43,617.66,1,1,35.0
2024-04-10 14:00:00,south,maize,vegetative,18.94,31.0,65.7,0.0,3.22,613.13,3,1,35.0
2024-04-10 15:00:00,south,cotton,vegetative,8.0,32.17,64.17,0.0,1.17,469.52,3,1,35.0
2024-04-10 16:00:00,east,lettuce,flowering,8.37,29.38,66.85,0.0,2.03,272.64,1,1,35.0
2024-04-10 17:00:00,south,lettuce,vegetative,12.42,32.86,54.72,6.12,1.76,190.79,2,0,0.0
2024-04-10 18:00:00,south,cotton,emergence,16.18,25.97,63.42,0.0,2.07,0.0,2,1,35.0
2024-04-10 19:00:00,south,maize,maturity,16.14,25.49,65.7,0.0,3.18,37.96,1,1,35.0
2024-04-10 20:00:00,south,maize,vegetative,16.18,29.46,59.68,0.0,1.92,18.86,4,1,35.0
2024-04-10 21:00:00,west,tomato,flowering,21.39,26.51,53.43,0.0,1.99,43.42,4,1,35.0
2024-04-10 22:00:00,north,tomato,flowering,17.65,25.34,56.68,0.0,3.29,36.36,4,1,35.0
2024-04-10 23:00:00,west,cotton,emergence,15.25,24.65,67.49,0.0,2.47,32.81,1,1,35.0
2024-04-11 00:00:00,south,maize,emergence,36.68,24.35,72.46,10.15,1.69,39.71,1,0,0.0
2024-04-11 01:00:00,east,maize,maturity,16.16,23.54,66.83,0.0,2.69,28.53,2,1,35.0
2024-04-11 02:00:00,north,tomato,flowering,11.22,21.51,87.75,0.0,3.59,0.0,2,1,35.0
2024-04-11 03:00:00,south,maize,emergence,23.19,24.32,59.7,0.0,3.67,0.0,1,1,35.0
2024-04-11 04:00:00,west,lettuce,maturity,25.34,24.48,69.13,2.74,0.81,0.0,1,0,0.0
2024-04-11 05:00:00,south,maize,flowering,24.45,26.27,73.62,0.0,0.87,25.57,3,1,35.0
2024-04-11 06:00:00,north,lettuce,emergence,10.2,27.6,70.98,0.0,3.6,0.0,3,1,35.0
2024-04-11 07:00:00,east,lettuce,flowering,11.98,26.42,69.05,1.65,2.05,167.69,4,1,35.0
2024-04-11 08:00:00,north,lettuce,flowering,13.17,25.12,73.0,0.0,0.0,315.69,2,1,35.0
2024-04-11 09:00:00,south,tomato,vegetative,16.51,30.65,61.47,0.0,1.52,502.45,1,1,35.0
2024-04-11 10:00:00,south,lettuce,maturity,20.73,27.43,75.3,0.0,1.87,558.81,4,1,35.0
2024-04-11 11:00:00,east,tomato,vegetative,16.13,30.29,70.35,0.0,2.02,614.95,3,1,35.0
2024-04-11 12:00:00,east,maize,vegetative,24.12,30.04,55.6,4.76,3.32,696.06,2,0,0.0
2024-04-11 13:00:00,east,lettuce,vegetative,19.01,30.18,63.71,0.0,1.28,624.64,4,1,35.0
2024-04-11 14:00:00,west,lettuce,flowering,11.27,32.1,49.09,0.0,3.52,554.05,1,1,35.0
2024-04-11 15:00:00,north,tomato,flowering,19.38,31.19,71.3,0.0,2.74,442.5,4,1,35.0
2024-04-11 16:00:00,south,cotton,maturity,24.01,31.19,,0.0,0.86,335.0,3,1,35.0
2024-04-11 17:00:00,north,tomato,vegetative,10.33,28.56,72.19,0.0,2.02,156.63,4,1,35.0
2024-04-11 18:00:00,north,lettuce,maturity,14.28,28.7,61.88,0.0,2.99,0.0,3,1,35.0
2024-04-11 19:00:00,north,cotton,flowering,9.7,26.84,51.14,0.0,2.45,50.76,1,1,35.0
2024-04-11 20:00:00,east,maize,vegetative,11.92,26.66,82.73,0.0,2.85,1.71,1,1,35.0
2024-04-11 21:00:00,west,cotton,emergence,27.77,25.74,65.92,4.74,1.7,0.0,1,0,0.0
2024-04-11 22:00:00,west,lettuce,maturity,8.0,27.72,56.42,0.0,3.07,0.0,1,1,35.0
2024-04-11 23:00:00,east,lettuce,vegetative,14.4,23.74,74.63,0.0,1.92,6.95,3,1,35.0
2024-04-12 00:00:00,west,lettuce,flowering,23.55,20.43,83.5,0.0,5.46,0.0,4,1,35.0
2024-04-12 01:00:00,north,lettuce,flowering,18.59,25.31,63.93,0.0,0.82,0.0,3,1,35.0
2024-04-12 02:00:00,west,tomato,emergence,22.09,23.76,65.9,0.0,5.64,0.0,2,1,35.0
2024-04-12 03:00:00,west,lettuce,maturity,11.77,23.03,68.85,0.0,1.26,6.89,4,1,35.0
2024-04-12 04:00:00,north,tomato,maturity,18.56,22.97,59.45,0.0,3.93,0.0,2,1,35.0
2024-04-12 05:00:00,south,cotton,flowering,27.64,22.84,62.5,0.0,3.39,14.4,4,1,33.46
2024-04-12 06:00:00,west,tomato,flowering,20.96,27.99,75.68,4.71,1.31,0.0,1,0,0.0
2024-04-12 07:00:00,south,tomato,flowering,14.46,26.13,63.77,0.0,3.12,193.31,3,1,35.0
2024-04-12 08:00:00,west,cotton,flowering,20.78,24.48,60.15,0.0,1.81,341.98,1,1,35.0
2024-04-12 09:00:00,west,tomato,vegetative,10.88,28.61,59.55,0.0,2.73,463.26,2,1,35.0
2024-04-12 10:00:00,south,maize,vegetative,17.58,30.89,68.39,0.0,2.58,592.53,2,1,35.0
2024-04-12 11:00:00,north,lettuce,vegetative,8.0,30.15,47.65,0.0,1.98,682.35,3,1,35.0
2024-04-12 12:00:00,south,tomato,vegetative,8.0,29.2,64.02,0.0,1.88,694.4,4,1,35.0
2024-04-12 13:00:00,north,tomato,vegetative,16.38,29.46,79.27,0.0,2.81,581.97,1,1,35.0
2024-04-12 14:00:00,south,maize,vegetative,9.75,29.71,76.05,0.0,1.32,541.73,2,1,35.0
2024-04-12 15:00:00,east,tomato,maturity,9.69,33.23,63.03,0.0,1.36,442.72,2,1,35.0
2024-04-12 16:00:00,south,tomato,emergence,18.56,30.44,70.46,0.0,3.55,347.35,3,1,35.0
2024-04-12 17:00:00,north,tomato,emergence,19.11,27.4,72.83,0.0,2.91,149.95,1,1,35.0
2024-04-12 18:00:00,south,maize,vegetative,8.48,29.66,60.99,0.0,0.83,0.0,3,1,35.0
2024-04-12 19:00:00,east,maize,flowering,17.99,28.33,69.41,0.0,1.2,0.0,3,1,35.0
2024-04-12 20:00:00,north,tomato,vegetative,32.33,26.41,76.99,9.61,0.0,10.46,1,0,0.0
2024-04-12 21:00:00,north,lettuce,flowering,28.52,24.52,57.14,4.88,3.49,22.21,0,0,0.0
2024-04-12 22:00:00,west,lettuce,flowering,17.85,23.49,70.84,0.0,3.23,0.0,3,1,35.0
2024-04-12 23:00:00,north,tomato,emergence,9.29,25.89,67.42,0.0,1.09,0.0,4,1,35.0
2024-04-13 00:00:00,south,maize,maturity,14.28,24.12,67.03,0.0,3.18,0.0,1,1,35.0
2024-04-13 01:00:00,north,cotton,vegetative,8.0,24.07,66.45,0.0,4.78,0.0,2,1,35.0
2024-04-13 02:00:00,north,lettuce,flowering,18.82,23.58,68.36,0.0,0.55,16.96,3,1,35.0
2024-04-13 03:00:00,south,maize,emergence,19.86,23.84,68.74,0.0,1.66,11.04,1,1,35.0
2024-04-13 04:00:00,east,maize,flowering,14.34,23.05,74.99,0.0,0.53,6.03,3,1,35.0
2024-04-13 05:00:00,north,tomato,maturity,17.22,24.07,69.68,0.0,3.54,55.54,1,1,35.0
2024-04-13 06:00:00,north,cotton,emergence,11.18,26.96,62.79,0.0,2.28,0.0,3,1,35.0
2024-04-13 07:00:00,north,cotton,vegetative,21.52,28.3,57.08,0.0,1.92,95.43,4,1,35.0
2024-04-13 08:00:00,east,cotton,vegetative,10.54,25.38,61.99,0.0,2.67,285.68,1,1,35.0
2024-04-13 09:00:00,west,tomato,emergence,13.87,27.93,65.08,0.0,1.73,385.43,1,1,35.0
2024-04-13 10:00:00,north,maize,maturity,8.0,30.47,56.28,0.0,1.92,541.45,3,1,35.0
2024-04-13 11:00:00,south,tomato,flowering,53.91,32.86,65.93,22.39,2.73,648.25,0,0,0.0
2024-04-13 12:00:00,south,maize,flowering,17.32,33.35,61.93,0.0,1.67,660.38,4,1,35.0
2024-04-13 13:00:00,south,maize,maturity,8.0,29.88,69.7,0.0,1.84,663.81,1,1,35.0
2024-04-13 14:00:00,north,lettuce,maturity,15.51,33.12,54.63,0.0,2.21,575.89,4,1,35.0
2024-04-13 15:00:00,north,tomato,maturity,21.55,31.16,54.85,0.0,2.51,445.48,4,1,35.0
2024-04-13 16:00:00,east,cotton,vegetative,13.38,32.24,67.76,0.0,3.12,306.59,3,1,35.0
2024-04-13 17:00:00,south,tomato,vegetative,9.96,31.22,61.53,0.0,3.1,183.54,2,1,35.0
2024-04-13 18:00:00,south,tomato,vegetative,15.47,27.32,62.33,0.0,0.6,0.0,3,1,35.0
2024-04-13 19:00:00,south,cotton,vegetative,22.48,29.07,67.23,5.9,4.09,0.0,2,0,0.0
2024-04-13 20:00:00,west,lettuce,vegetative,24.61,28.72,67.25,0.0,2.47,13.66,2,1,35.0
2024-04-13 21:00:00,east,maize,vegetative,20.49,26.15,55.89,0.0,2.0,8.2,3,1,35.0
2024-04-13 22:00:00,south,lettuce,vegetative,21.59,24.84,75.42,0.0,1.32,54.93,4,1,35.0
2024-04-13 23:00:00,north,tomato,vegetative,28.35,22.03,65.11,0.0,4.79,24.38,3,1,35.0
2024-04-14 00:00:00,west,tomato,vegetative,23.74,24.9,77.58,0.0,5.23,10.82,4,1,35.0
2024-04-14 01:00:00,west,maize,vegetative,16.94,23.79,57.24,0.0,4.64,0.0,3,1,35.0
2024-04-14 02:00:00,north,maize,vegetative,17.66,21.95,70.26,0.0,2.55,0.0,4,1,35.0
2024-04-14 03:00:00,west,lettuce,flowering,29.31,22.99,65.91,0.0,2.81,0.0,1,1,32.05
2024-04-14 04:00:00,east,tomato,flowering,13.74,24.11,52.49,0.0,4.19,33.43,1,1,35.0
2024-04-14 05:00:00,north,lettuce,flowering,16.63,23.67,71.27,0.0,2.11,16.23,1,1,35.0
2024-04-14 06:00:00,west,lettuce,vegetative,21.25,25.34,51.86,5.36,3.05,32.7,0,0,0.0
2024-04-14 07:00:00,north,tomato,emergence,8.36,23.68,64.62,0.0,2.67,171.97,2,1,35.0
2024-04-14 08:00:00,north,tomato,vegetative,9.82,29.36,69.84,0.0,4.7,293.52,3,1,35.0
2024-04-14 09:00:00,north,maize,vegetative,10.49,28.4,59.17,0.0,4.12,500.24,4,1,35.0
2024-04-14 10:00:00,south,lettuce,vegetative,12.07,27.69,57.12,0.0,2.23,600.37,1,1,35.0
2024-04-14 11:00:00,east,lettuce,maturity,18.97,26.48,70.02,0.0,4.23,634.35,1,1,35.0
2024-04-14 12:00:00,south,lettuce,vegetative,12.31,32.35,57.98,0.0,2.4,669.46,4,1,35.0
2024-04-14 13:00:00,north,maize,vegetative,17.6,32.04,57.13,0.0,1.75,645.39,2,1,35.0
2024-04-14 14:00:00,north,tomato,flowering,35.0,31.65,69.2,11.94,2.06,546.52,1,0,0.0
2024-04-14 15:00:00,west,maize,flowering,17.11,32.5,51.43,2.21,2.58,450.52,1,0,0.0
2024-04-14 16:00:00,west,tomato,emergence,11.01,32.09,56.71,0.0,1.46,293.16,4,1,35.0
2024-04-14 17:00:00,west,lettuce,vegetative,23.17,30.46,67.3,0.0,1.78,159.0,2,1,35.0
2024-04-14 18:00:00,north,tomato,maturity,23.65,28.96,53.81,6.36,0.67,36.08,0,0,0.0
2024-04-14 19:00:00,west,maize,emergence,29.58,27.75,75.83,5.54,1.41,29.44,0,0,0.0
2024-04-14 20:00:00,east,maize,flowering,8.97,27.97,61.71,0.0,2.68,19.55,3,1,35.0
2024-04-14 21:00:00,east,maize,maturity,13.39,28.4,69.0,0.0,3.65,33.57,4,1,35.0
2024-04-14 22:00:00,north,lettuce,vegetative,26.56,25.18,71.56,0.0,3.5,0.0,1,1,35.0
2024-04-14 23:00:00,west,maize,flowering,19.01,26.72,63.15,0.0,2.92,0.0,4,1,35.0
2024-04-15 00:00:00,south,cotton,vegetative,9.87,24.56,62.6,0.0,0.56,0.0,4,1,35.0
2024-04-15 01:00:00,north,cotton,vegetative,11.92,24.17,65.96,0.0,1.37,0.0,2,1,35.0
2024-04-15 02:00:00,north,cotton,vegetative,23.34,27.07,68.93,0.0,2.16,23.65,4,1,35.0
2024-04-15 03:00:00,south,lettuce,maturity,16.35,26.08,57.83,0.0,3.56,17.9,4,1,35.0
2024-04-15 04:00:00,north,lettuce,vegetative,14.25,26.52,55.96,0.0,1.73,35.37,1,1,35.0
2024-04-15 05:00:00,south,lettuce,vegetative,13.23,23.44,77.24,0.0,0.94,0.0,1,1,35.0
2024-04-15 06:00:00,south,maize,maturity,12.67,28.75,57.46,0.0,4.14,0.0,1,1,35.0
2024-04-15 07:00:00,west,maize,vegetative,22.78,26.3,67.04,0.0,1.52,165.03,2,1,35.0
2024-04-15 08:00:00,north,lettuce,maturity,11.71,27.12,62.49,0.0,1.05,341.78,3,1,35.0
2024-04-15 09:00:00,east,tomato,flowering,13.3,25.26,64.29,0.0,2.67,532.92,1,1,35.0
2024-04-15 10:00:00,west,tomato,flowering,16.48,29.95,71.65,0.0,2.34,528.71,2,1,35.0
2024-04-15 11:00:00,west,cotton,flowering,9.04,28.67,62.07,0.0,1.8,603.01,2,1,35.0
2024-04-15 12:00:00,west,tomato,flowering,8.0,31.54,57.87,0.0,2.4,635.18,3,1,35.0
2024-04-15 13:00:00,north,maize,emergence,13.69,29.58,60.05,0.0,1.29,601.76,2,1,35.0
2024-04-15 14:00:00,west,lettuce,maturity,11.05,34.16,54.75,0.0,1.79,531.83,2,1,35.0
2024-04-15 15:00:00,west,tomato,maturity,8.04,32.15,55.19,0.0,2.36,461.23,3,1,35.0
2024-04-15 16:00:00,south,cotton,maturity,13.12,34.35,54.63,0.0,0.0,359.43,3,1,35.0
2024-04-15 17:00:00,south,tomato,flowering,26.78,28.76,74.24,6.44,3.55,172.41,2,0,0.0
2024-04-15 18:00:00,east,cotton,flowering,8.0,31.79,65.15,0.0,0.75,0.0,4,1,35.0
2024-04-15 19:00:00,south,lettuce,flowering,19.74,25.79,62.55,0.0,1.27,0.0,4,1,35.0
2024-04-15 20:00:00,south,tomato,emergence,11.79,27.77,70.25,0.0,3.6,0.0,4,1,35.0
2024-04-15 21:00:00,west,tomato,flowering,20.03,25.48,54.11,0.0,3.08,34.41,2,1,35.0
2024-04-15 22:00:00,west,maize,flowering,50.36,24.79,75.4,13.09,2.5,51.49,1,0,0.0
2024-04-15 23:00:00,south,maize,flowering,16.52,23.86,75.58,0.0,0.35,0.0,3,1,35.0
2024-04-16 00:00:00,west,tomato,vegetative,13.62,22.75,83.05,0.0,1.67,8.02,3,1,35.0
2024-04-16 01:00:00,south,cotton,flowering,23.72,21.83,75.21,0.0,2.14,0.0,4,1,35.0
2024-04-16 02:00:00,west,tomato,flowering,12.61,22.92,70.32,0.0,2.23,2.2,4,1,35.0
2024-04-16 03:00:00,east,cotton,vegetative,26.26,23.9,75.52,0.0,3.77,0.0,2,1,35.0
2024-04-16 04:00:00,south,tomato,maturity,13.34,25.87,60.53,0.0,4.79,0.0,1,1,35.0
2024-04-16 05:00:00,north,cotton,flowering,12.91,25.2,62.67,0.0,3.14,42.31,3,1,35.0
2024-04-16 06:00:00,east,tomato,emergence,26.58,27.34,63.28,0.0,1.76,0.0,3,1,33.72
2024-04-16 07:00:00,south,maize,emergence,31.54,24.33,75.72,7.33,3.86,151.78,2,0,0.0
2024-04-16 08:00:00,north,lettuce,flowering,31.64,26.94,58.06,4.76,1.69,329.07,2,0,0.0
2024-04-16 09:00:00,north,tomato,vegetative,13.16,29.69,55.12,0.0,0.0,429.15,1,1,35.0
2024-04-16 10:00:00,west,cotton,maturity,12.54,30.1,63.18,0.0,0.9,556.49,3,1,35.0
2024-04-16 11:00:00,north,tomato,vegetative,8.0,29.12,67.32,0.0,0.0,563.55,3,1,35.0
2024-04-16 12:00:00,west,maize,emergence,16.65,32.45,54.72,0.0,1.94,567.5,3,1,35.0
2024-04-16 13:00:00,west,maize,vegetative,16.07,30.65,65.77,0.83,2.19,593.9,3,1,35.0
2024-04-16 14:00:00,north,lettuce,flowering,12.22,30.42,70.84,0.0,0.49,544.28,4,1,35.0
2024-04-16 15:00:00,east,tomato,maturity,14.67,32.18,68.26,0.0,1.38,398.12,2,1,35.0
2024-04-16 16:00:00,east,tomato,maturity,12.56,31.06,63.23,0.0,0.69,307.59,3,1,35.0
2024-04-16 17:00:00,south,tomato,flowering,8.49,29.63,61.26,0.0,2.25,149.55,4,1,35.0
2024-04-16 18:00:00,east,maize,maturity,15.53,28.75,74.75,0.0,1.38,0.0,4,1,35.0
2024-04-16 19:00:00,south,tomato,emergence,13.79,27.02,64.09,0.0,3.61,21.5,1,1,35.0
2024-04-16 20:00:00,south,cotton,flowering,18.45,26.99,70.59,0.0,2.6,59.92,1,1,35.0
2024-04-16 21:00:00,south,maize,maturity,12.6,28.2,76.75,0.0,4.33,14.99,4,1,35.0
2024-04-16 22:00:00,west,lettuce,vegetative,13.0,25.95,70.68,0.0,1.85,0.0,3,1,35.0
2024-04-16 23:00:00,east,maize,maturity,25.4,26.2,57.66,7.19,4.97,23.33,2,0,0.0
2024-04-17 00:00:00,south,tomato,vegetative,11.45,25.02,56.91,0.0,2.4,49.02,1,1,35.0
2024-04-17 01:00:00,west,maize,emergence,13.85,22.93,65.18,0.0,1.77,0.0,1,1,35.0
2024-04-17 02:00:00,west,maize,flowering,18.61,21.23,73.58,0.0,5.29,0.0,3,1,35.0
2024-04-17 03:00:00,west,maize,maturity,12.69,22.45,70.75,0.0,0.21,0.0,1,1,35.0
2024-04-17 04:00:00,east,maize,vegetative,10.54,23.24,82.46,0.0,1.74,0.0,4,1,35.0
2024-04-17 05:00:00,south,maize,maturity,33.2,23.76,69.64,7.14,0.4,13.06,1,0,0.0
2024-04-17 06:00:00,west,cotton,vegetative,13.79,27.18,61.56,0.0,0.19,51.91,4,1,35.0
2024-04-17 07:00:00,south,tomato,flowering,17.74,28.13,55.16,0.0,0.0,199.44,1,1,35.0
2024-04-17 08:00:00,south,maize,flowering,11.04,31.03,69.04,0.0,3.14,338.49,2,1,35.0
2024-04-17 09:00:00,south,tomato,vegetative,32.55,27.6,63.48,11.79,0.81,461.22,0,0,0.0
2024-04-17 10:00:00,west,maize,flowering,8.0,32.1,49.37,0.0,2.09,576.62,3,1,35.0
2024-04-17 11:00:00,east,lettuce,flowering,8.0,32.92,59.42,0.0,3.47,643.62,3,1,35.0
2024-04-17 12:00:00,south,tomato,flowering,8.0,30.82,53.97,0.0,2.96,695.61,1,1,35.0
2024-04-17 13:00:00,south,lettuce,vegetative,12.72,32.28,56.79,0.0,2.9,627.12,4,1,35.0
2024-04-17 14:00:00,south,maize,vegetative,9.98,33.57,58.79,0.0,3.86,572.08,3,1,35.0
2024-04-17 15:00:00,east,tomato,maturity,8.0,31.48,54.08,0.0,4.33,445.32,2,1,35.0
2024-04-17 16:00:00,south,cotton,flowering,8.0,30.97,57.41,0.0,0.9,328.97,4,1,35.0
2024-04-17 17:00:00,east,maize,maturity,15.18,29.6,56.71,0.0,2.98,159.26,2,1,35.0
2024-04-17 18:00:00,south,lettuce,flowering,19.3,26.17,59.64,0.0,2.07,0.0,3,1,35.0
2024-04-17 19:00:00,south,maize,maturity,18.11,28.85,55.46,0.0,2.22,30.56,4,1,35.0
2024-04-17 20:00:00,west,cotton,vegetative,9.77,26.64,60.91,0.0,0.59,52.09,4,1,35.0
2024-04-17 21:00:00,south,maize,flowering,20.66,25.06,59.29,0.0,1.76,0.0,3,1,35.0
2024-04-17 22:00:00,north,maize,flowering,26.09,26.34,68.63,4.73,1.89,11.62,1,0,0.0
2024-04-17 23:00:00,south,lettuce,emergence,18.94,22.7,68.84,0.0,4.12,30.16,2,1,35.0
2024-04-18 00:00:00,east,maize,vegetative,12.13,25.57,73.5,0.0,1.01,0.0,4,1,35.0
2024-04-18 01:00:00,north,maize,flowering,15.03,24.69,79.05,0.0,0.0,6.64,3,1,35.0
2024-04-18 02:00:00,south,cotton,maturity,25.25,23.23,71.76,0.0,2.39,0.0,3,1,35.0
2024-04-18 03:00:00,north,lettuce,flowering,24.46,23.87,69.65,0.0,0.89,0.0,2,1,35.0
2024-04-18 04:00:00,east,lettuce,emergence,23.16,22.58,72.72,4.08,2.23,18.26,0,0,0.0
2024-04-18 05:00:00,east,lettuce,maturity,15.73,26.13,67.96,0.0,3.19,17.94,1,1,35.0
2024-04-18 06:00:00,west,cotton,vegetative,8.0,26.11,65.06,0.0,2.28,32.29,3,1,35.0
2024-04-18 07:00:00,south,cotton,vegetative,23.36,27.19,63.64,1.8,1.88,168.11,1,1,35.0
2024-04-18 08:00:00,west,lettuce,maturity,16.98,28.58,55.58,0.0,2.21,283.01,3,1,35.0
2024-04-18 09:00:00,north,maize,flowering,15.37,27.9,69.15,0.0,3.42,498.39,3,1,35.0
2024-04-18 10:00:00,west,tomato,maturity,10.83,27.55,63.34,0.0,1.01,537.21,4,1,35.0
2024-04-18 11:00:00,east,lettuce,maturity,11.43,32.09,70.07,0.0,3.27,601.54,1,1,35.0
2024-04-18 12:00:00,west,cotton,flowering,18.27,32.33,66.14,0.0,1.19,631.38,4,1,35.0
2024-04-18 13:00:00,west,maize,vegetative,33.2,30.89,56.51,10.89,3.12,566.83,2,0,0.0
2024-04-18 14:00:00,east,tomato,vegetative,24.0,32.44,68.37,0.0,0.55,555.3,4,1,35.0
2024-04-18 15:00:00,south,maize,maturity,14.2,33.58,40.81,0.0,3.05,481.3,2,1,35.0
2024-04-18 16:00:00,east,maize,maturity,8.0,33.0,72.71,0.0,2.28,309.82,4,1,35.0
2024-04-18 17:00:00,west,cotton,vegetative,10.32,29.81,52.38,0.0,2.52,215.07,1,1,35.0
2024-04-18 18:00:00,west,tomato,vegetative,10.14,27.6,66.99,0.0,3.55,44.67,2,1,35.0
2024-04-18 19:00:00,west,lettuce,vegetative,18.39,26.89,67.08,0.0,1.41,31.13,4,1,35.0
2024-04-18 20:00:00,north,lettuce,vegetative,19.57,27.36,71.58,0.0,2.37,0.0,3,1,35.0
2024-04-18 21:00:00,east,cotton,maturity,26.49,28.99,60.11,2.83,2.76,50.18,0,0,0.0
2024-04-18 22:00:00,north,tomato,emergence,13.69,24.74,50.79,0.0,2.04,0.0,3,1,35.0
2024-04-18 23:00:00,east,cotton,vegetative,18.05,24.11,64.02,0.0,3.26,58.74,3,1,35.0
2024-04-19 00:00:00,west,lettuce,maturity,22.16,23.56,65.22,0.0,2.8,0.0,3,1,35.0
2024-04-19 01:00:00,north,lettuce,flowering,23.49,23.29,52.62,0.0,1.7,0.0,3,1,35.0
2024-04-19 02:00:00,east,tomato,vegetative,9.58,23.93,66.77,0.0,3.91,3.14,2,1,35.0
2024-04-19 03:00:00,west,maize,vegetative,18.82,22.17,60.34,0.0,3.07,0.0,3,1,35.0
2024-04-19 04:00:00,west,lettuce,emergence,8.47,26.11,69.25,0.0,1.39,0.0,2,1,35.0
2024-04-19 05:00:00,south,maize,vegetative,12.13,24.9,63.95,0.0,1.38,0.0,1,1,35.0
2024-04-19 06:00:00,north,maize,emergence,8.0,29.67,75.59,0.0,2.14,103.35,1,1,35.0
2024-04-19 07:00:00,west,lettuce,vegetative,11.86,25.15,63.68,0.0,2.94,109.83,3,1,35.0
2024-04-19 08:00:00,west,lettuce,vegetative,8.0,30.34,64.34,0.0,0.0,267.08,3,1,35.0
2024-04-19 09:00:00,east,tomato,vegetative,21.96,31.07,59.25,9.16,1.44,479.64,1,0,0.0
2024-04-19 10:00:00,west,maize,emergence,18.4,29.33,50.77,5.84,1.71,513.08,0,0,0.0
2024-04-19 11:00:00,north,tomato,maturity,13.4,30.19,60.02,0.0,0.67,571.52,4,1,35.0
2024-04-19 12:00:00,east,cotton,vegetative,13.7,30.03,66.85,0.87,1.17,549.4,4,1,35.0
2024-04-19 13:00:00,north,cotton,vegetative,8.0,30.45,65.45,0.0,2.56,638.1,2,1,35.0
2024-04-19 14:00:00,west,maize,maturity,24.49,31.95,57.99,0.0,1.81,525.46,3,1,35.0
2024-04-19 15:00:00,east,tomato,emergence,8.39,31.84,49.93,0.0,1.91,482.14,3,1,35.0
2024-04-19 16:00:00,west,tomato,flowering,8.0,29.01,66.9,0.0,0.75,322.35,3,1,35.0
2024-04-19 17:00:00,east,maize,maturity,12.29,34.22,61.16,0.0,2.14,171.23,1,1,35.0
2024-04-19 18:00:00,north,cotton,flowering,12.13,29.56,67.86,0.0,0.6,0.0,2,1,35.0
2024-04-19 19:00:00,north,maize,vegetative,8.36,29.08,60.41,0.0,4.15,0.0,2,1,35.0
2024-04-19 20:00:00,south,tomato,flowering,19.37,27.01,52.2,2.09,4.49,0.0,1,0,0.0
2024-04-19 21:00:00,east,tomato,flowering,19.09,26.51,68.12,4.73,1.83,0.0,0,0,0.0
2024-04-19 22:00:00,north,tomato,vegetative,13.1,25.41,65.21,0.0,1.05,0.0,3,1,35.0
2024-04-19 23:00:00,west,cotton,emergence,22.07,25.12,75.25,0.0,3.43,52.99,2,1,35.0
2024-04-20 00:00:00,north,lettuce,emergence,15.67,24.58,66.13,0.0,3.11,0.0,2,1,35.0
2024-04-20 01:00:00,south,lettuce,maturity,17.61,25.41,64.95,0.0,4.65,0.0,3,1,35.0
2024-04-20 02:00:00,north,maize,vegetative,12.51,24.41,68.99,0.0,4.97,9.06,1,1,35.0
2024-04-20 03:00:00,south,cotton,vegetative,15.36,25.26,61.21,0.0,0.0,0.0,3,1,35.0
2024-04-20 04:00:00,south,maize,flowering,11.13,24.59,61.41,0.0,3.79,0.0,2,1,35.0
2024-04-20 05:00:00,north,cotton,maturity,10.3,25.59,64.44,0.0,2.13,0.0,2,1,35.0
2024-04-20 06:00:00,east,cotton,emergence,12.22,25.71,58.59,0.0,3.06,52.16,1,1,35.0
2024-04-20 07:00:00,west,maize,emergence,9.1,28.54,61.17,0.0,3.33,154.81,1,1,35.0
2024-04-20 08:00:00,west,cotton,vegetative,17.74,28.55,76.33,0.0,3.28,353.56,1,1,35.0
2024-04-20 09:00:00,south,tomato,flowering,15.24,28.87,69.8,0.0,3.6,484.49,3,1,35.0
2024-04-20 10:00:00,west,lettuce,flowering,8.0,29.79,63.93,0.0,1.73,515.09,2,1,35.0
2024-04-20 11:00:00,west,tomato,maturity,19.82,30.73,71.87,0.0,1.26,634.42,1,1,35.0
2024-04-20 12:00:00,west,maize,emergence,13.88,31.58,54.56,0.0,3.82,623.46,4,1,35.0
2024-04-20 13:00:00,south,tomato,vegetative,16.22,31.85,77.55,0.0,1.35,585.55,4,1,35.0
2024-04-20 14:00:00,west,tomato,vegetative,10.0,31.23,57.39,0.0,4.63,520.75,3,1,35.0
2024-04-20 15:00:00,east,tomato,vegetative,8.0,33.08,73.16,0.0,1.48,488.37,3,1,35.0
2024-04-20 16:00:00,north,maize,flowering,8.0,32.78,73.38,0.0,1.94,417.51,3,1,35.0
2024-04-20 17:00:00,south,lettuce,maturity,17.94,33.57,46.47,0.0,2.17,140.05,4,1,35.0
2024-04-20 18:00:00,east,maize,vegetative,8.0,29.16,72.54,0.0,0.55,7.55,4,1,35.0
2024-04-20 19:00:00,north,maize,flowering,8.0,30.1,59.53,0.0,0.55,10.86,4,1,35.0
2024-04-20 20:00:00,south,cotton,vegetative,12.21,25.21,61.46,0.0,3.49,0.0,2,1,35.0
2024-04-20 21:00:00,west,cotton,flowering,8.0,28.28,66.65,0.0,0.34,49.27,2,1,35.0
2024-04-20 22:00:00,north,tomato,vegetative,17.74,23.88,59.44,0.0,5.42,76.89,1,1,35.0
2024-04-20 23:00:00,south,maize,flowering,18.11,23.76,70.1,0.0,2.29,0.0,3,1,35.0
2024-04-21 00:00:00,north,lettuce,emergence,16.38,25.22,58.84,0.0,1.16,60.7,2,1,35.0
2024-04-21 01:00:00,east,lettuce,maturity,11.95,23.39,68.13,0.0,2.9,0.0,3,1,35.0
2024-04-21 02:00:00,north,maize,maturity,16.45,23.05,76.51,0.0,0.0,0.0,3,1,35.0
2024-04-21 03:00:00,west,lettuce,maturity,23.91,23.6,69.43,0.0,2.0,0.0,3,1,35.0
2024-04-21 04:00:00,north,tomato,maturity,8.0,25.82,62.43,0.0,2.15,30.42,1,1,35.0
2024-04-21 05:00:00,west,maize,vegetative,20.55,23.96,70.22,0.0,0.88,0.0,3,1,35.0
2024-04-21 06:00:00,west,lettuce,flowering,17.73,26.11,54.87,0.0,1.64,25.82,1,1,35.0
2024-04-21 07:00:00,west,lettuce,vegetative,12.86,26.58,58.46,0.0,4.23,176.16,4,1,35.0
2024-04-21 08:00:00,west,cotton,maturity,12.5,29.42,59.05,0.0,2.62,372.35,1,1,35.0
2024-04-21 09:00:00,north,tomato,vegetative,12.79,30.49,66.71,0.0,2.88,478.19,2,1,35.0
2024-04-21 10:00:00,west,tomato,vegetative,8.0,27.43,66.49,0.0,1.46,616.49,2,1,35.0
2024-04-21 11:00:00,east,tomato,flowering,8.0,32.58,63.28,0.0,0.81,597.84,4,1,35.0
2024-04-21 12:00:00,west,tomato,emergence,15.35,30.74,60.82,0.0,2.11,642.88,1,1,35.0
2024-04-21 13:00:00,west,tomato,flowering,8.0,32.41,54.16,0.0,0.0,627.8,3,1,35.0
2024-04-21 14:00:00,east,maize,vegetative,8.0,30.78,71.39,0.0,1.08,533.03,4,1,35.0
2024-04-21 15:00:00,south,maize,flowering,8.0,32.61,54.63,0.0,0.9,424.37,4,1,35.0
2024-04-21 16:00:00,north,lettuce,maturity,9.34,35.48,60.15,0.0,0.0,338.37,2,1,35.0
2024-04-21 17:00:00,north,maize,flowering,8.0,31.21,59.85,0.0,3.18,191.52,2,1,35.0
2024-04-21 18:00:00,south,tomato,vegetative,20.51,29.5,65.94,7.03,2.24,3.94,1,0,0.0
2024-04-21 19:00:00,west,lettuce,emergence,16.59,28.87,58.26,0.0,1.66,37.07,2,1,35.0
2024-04-21 20:00:00,east,tomato,emergence,11.88,25.98,72.18,0.0,3.21,0.0,2,1,35.0
2024-04-21 21:00:00,south,cotton,emergence,8.0,29.33,71.79,0.0,0.43,0.0,4,1,35.0
2024-04-21 22:00:00,north,tomato,flowering,15.09,26.66,71.21,0.0,0.79,0.0,4,1,35.0
2024-04-21 23:00:00,east,maize,vegetative,14.99,23.79,67.67,0.0,3.74,4.88,4,1,35.0
2024-04-22 00:00:00,east,cotton,vegetative,14.82,23.32,63.9,0.0,5.14,17.08,2,1,35.0
2024-04-22 01:00:00,west,lettuce,vegetative,16.6,24.46,85.78,0.0,3.22,46.96,3,1,35.0
2024-04-22 02:00:00,east,lettuce,maturity,36.05,25.7,58.1,12.84,2.97,0.0,1,0,0.0
2024-04-22 03:00:00,east,lettuce,emergence,18.86,22.71,73.6,0.0,1.7,13.03,2,1,35.0
2024-04-22 04:00:00,west,tomato,vegetative,13.32,26.51,66.72,4.08,1.73,50.26,0,0,0.0
2024-04-22 05:00:00,south,lettuce,flowering,20.01,25.34,64.89,0.0,2.67,0.0,2,1,35.0
2024-04-22 06:00:00,west,cotton,emergence,21.88,24.91,66.97,6.89,4.05,0.0,2,0,0.0
2024-04-22 07:00:00,south,cotton,maturity,8.0,26.57,60.77,0.0,2.91,116.63,1,1,35.0
2024-04-22 08:00:00,north,maize,emergence,8.0,30.93,63.85,0.0,3.55,346.86,1,1,35.0
2024-04-22 09:00:00,south,maize,flowering,10.84,27.26,66.01,0.0,1.3,434.23,1,1,35.0
2024-04-22 10:00:00,north,lettuce,flowering,8.0,29.21,80.98,0.0,3.14,579.65,4,1,35.0
2024-04-22 11:00:00,north,maize,maturity,8.0,32.56,67.05,0.0,1.59,620.29,4,1,35.0
2024-04-22 12:00:00,west,tomato,flowering,14.7,32.09,63.54,0.0,2.57,713.03,1,1,35.0
2024-04-22 13:00:00,west,tomato,flowering,8.0,30.98,64.84,0.0,3.14,655.43,2,1,35.0
2024-04-22 14:00:00,north,tomato,vegetative,8.0,33.75,71.48,0.0,1.76,534.78,4,1,35.0
2024-04-22 15:00:00,west,maize,flowering,8.0,33.69,51.86,0.0,1.18,449.05,2,1,35.0
2024-04-22 16:00:00,north,tomato,flowering,23.09,32.27,58.51,1.88,2.84,352.58,1,1,35.0
2024-04-22 17:00:00,south,tomato,flowering,10.96,30.21,48.08,3.1,2.24,130.83,0,0,0.0
2024-04-22 18:00:00,east,tomato,flowering,8.0,29.62,65.82,0.0,2.56,41.38,3,1,35.0
2024-04-22 19:00:00,south,cotton,vegetative,8.92,29.77,67.72,0.0,3.19,0.0,3,1,35.0
2024-04-22 20:00:00,east,tomato,vegetative,22.12,26.34,57.56,0.79,3.97,28.31,2,1,35.0
2024-04-22 21:00:00,west,tomato,vegetative,9.41,29.26,72.24,0.0,3.2,0.0,4,1,35.0
2024-04-22 22:00:00,north,maize,emergence,8.0,28.85,57.48,0.0,3.04,0.0,1,1,35.0
2024-04-22 23:00:00,north,tomato,vegetative,15.48,25.12,63.11,0.0,1.8,0.0,2,1,35.0
2024-04-23 00:00:00,west,cotton,emergence,14.87,25.49,66.05,0.0,1.98,60.63,4,1,35.0
2024-04-23 01:00:00,east,cotton,flowering,15.34,26.33,75.69,0.0,2.95,0.0,2,1,35.0
2024-04-23 02:00:00,east,maize,flowering,8.0,27.35,57.71,0.0,1.96,107.82,1,1,35.0
2024-04-23 03:00:00,south,maize,flowering,9.72,26.89,66.13,0.0,2.94,5.31,3,1,35.0
2024-04-23 04:00:00,south,maize,flowering,19.89,22.35,73.14,0.0,1.42,0.0,3,1,35.0
2024-04-23 05:00:00,east,tomato,emergence,15.62,25.12,69.49,0.0,4.72,0.0,3,1,35.0
2024-04-23 06:00:00,east,maize,emergence,22.01,27.17,68.1,3.13,2.63,43.15,0,0,0.0
2024-04-23 07:00:00,north,tomato,flowering,12.36,26.64,69.62,0.0,2.55,161.45,4,1,35.0
2024-04-23 08:00:00,east,tomato,maturity,15.23,31.09,56.84,0.0,1.82,353.79,3,1,35.0
2024-04-23 09:00:00,east,lettuce,flowering,10.91,31.9,71.9,0.0,4.7,540.9,3,1,35.0
2024-04-23 10:00:00,north,tomato,flowering,8.43,29.2,61.47,0.0,0.9,586.33,3,1,35.0
2024-04-23 11:00:00,south,tomato,flowering,13.68,31.0,59.09,0.0,1.56,639.66,4,1,35.0
2024-04-23 12:00:00,west,maize,flowering,8.0,30.76,70.43,0.0,3.42,692.92,3,1,35.0
2024-04-23 13:00:00,east,maize,flowering,17.05,31.99,55.59,0.0,2.69,656.0,4,1,35.0
2024-04-23 14:00:00,north,tomato,flowering,14.3,32.08,62.18,0.0,1.71,518.72,2,1,35.0
2024-04-23 15:00:00,north,tomato,emergence,8.0,33.71,53.57,0.0,1.74,506.26,1,1,35.0
2024-04-23 16:00:00,east,tomato,emergence,9.22,30.55,78.79,0.0,2.05,323.39,3,1,35.0
2024-04-23 17:00:00,south,tomato,vegetative,12.73,27.32,79.9,0.0,2.52,222.18,2,1,35.0
2024-04-23 18:00:00,west,cotton,flowering,10.78,28.01,62.42,0.0,4.26,17.75,4,1,35.0
2024-04-23 19:00:00,east,cotton,flowering,18.28,27.91,66.91,0.0,3.13,41.7,1,1,35.0
2024-04-23 20:00:00,west,maize,vegetative,25.97,27.44,63.69,9.28,3.63,0.0,1,0,0.0
2024-04-23 21:00:00,north,maize,vegetative,8.0,27.66,61.03,0.0,1.88,0.0,4,1,35.0
2024-04-23 22:00:00,south,lettuce,maturity,12.22,24.8,66.6,0.0,3.02,19.73,4,1,35.0
2024-04-23 23:00:00,north,lettuce,vegetative,23.03,23.77,66.3,2.94,0.53,34.19,1,0,0.0
2024-04-24 00:00:00,east,tomato,maturity,19.03,23.68,56.02,0.0,2.62,0.0,4,1,35.0
2024-04-24 01:00:00,north,tomato,vegetative,20.85,23.0,69.04,3.52,2.54,0.0,0,0,0.0
2024-04-24 02:00:00,south,maize,vegetative,14.65,23.7,66.34,2.16,4.59,0.0,1,0,0.0
2024-04-24 03:00:00,south,lettuce,vegetative,13.69,23.77,68.77,0.0,4.27,0.0,2,1,35.0
2024-04-24 04:00:00,north,tomato,vegetative,9.36,26.1,64.17,0.0,2.09,0.0,3,1,35.0
2024-04-24 05:00:00,north,maize,emergence,8.0,24.22,63.7,2.44,1.42,18.1,2,0,0.0
2024-04-24 06:00:00,east,maize,vegetative,8.41,26.0,70.93,0.0,1.45,11.72,2,1,35.0
2024-04-24 07:00:00,west,tomato,vegetative,14.8,26.68,67.99,0.0,2.05,168.76,2,1,35.0
2024-04-24 08:00:00,north,maize,vegetative,9.04,29.75,71.57,0.0,3.96,371.29,3,1,35.0
2024-04-24 09:00:00,south,lettuce,maturity,9.08,29.34,65.59,0.0,2.9,468.05,1,1,35.0
2024-04-24 10:00:00,north,maize,emergence,14.48,32.11,58.53,0.0,3.02,569.69,4,1,35.0
2024-04-24 11:00:00,west,tomato,vegetative,8.0,29.63,66.21,0.0,3.37,639.11,2,1,35.0
2024-04-24 12:00:00,south,tomato,emergence,14.25,31.92,46.2,5.31,1.21,629.6,0,0,0.0
2024-04-24 13:00:00,west,cotton,maturity,14.5,31.53,75.1,2.0,1.55,662.55,1,0,0.0
2024-04-24 14:00:00,north,maize,maturity,10.93,30.69,62.97,2.64,3.02,530.84,2,0,0.0
2024-04-24 15:00:00,north,tomato,maturity,8.0,32.3,75.05,0.0,1.47,474.42,2,1,35.0
2024-04-24 16:00:00,east,tomato,maturity,15.11,34.6,51.84,0.0,0.57,367.65,4,1,35.0
2024-04-24 17:00:00,east,cotton,vegetative,8.0,30.08,53.71,0.0,1.1,132.31,2,1,35.0
2024-04-24 18:00:00,west,lettuce,flowering,8.0,30.34,63.89,0.0,3.67,0.0,4,1,35.0
2024-04-24 19:00:00,west,cotton,vegetative,13.71,27.6,66.06,0.0,1.95,0.0,1,1,35.0
2024-04-24 20:00:00,west,lettuce,maturity,12.01,26.34,66.89,0.0,2.67,63.6,2,1,35.0
2024-04-24 21:00:00,east,maize,vegetative,8.0,26.32,65.85,0.0,1.16,0.0,1,1,35.0
2024-04-24 22:00:00,south,maize,vegetative,21.43,25.86,60.52,0.0,2.86,0.0,2,1,35.0
2024-04-24 23:00:00,south,tomato,maturity,18.87,25.1,55.13,5.49,2.08,12.82,1,0,0.0
2024-04-25 00:00:00,north,lettuce,maturity,11.87,24.84,67.71,0.0,2.94,0.0,3,1,35.0
2024-04-25 01:00:00,south,lettuce,maturity,15.77,22.31,58.77,0.0,1.83,0.0,1,1,35.0
2024-04-25 02:00:00,south,tomato,emergence,24.38,23.71,56.99,0.0,3.01,49.49,3,1,35.0
2024-04-25 03:00:00,north,cotton,vegetative,10.59,25.54,62.51,0.0,1.77,0.0,2,1,35.0
2024-04-25 04:00:00,north,maize,vegetative,8.94,23.14,70.1,0.0,2.3,0.0,1,1,35.0
2024-04-25 05:00:00,east,tomato,vegetative,15.24,25.29,79.29,0.0,2.07,10.29,1,1,35.0
2024-04-25 06:00:00,south,maize,flowering,22.1,27.09,70.79,0.0,2.43,10.31,2,1,35.0
2024-04-25 07:00:00,west,cotton,vegetative,12.71,26.44,74.48,0.0,2.73,149.59,1,1,35.0
2024-04-25 08:00:00,south,cotton,maturity,8.96,29.16,66.85,0.0,1.81,344.12,3,1,35.0
2024-04-25 09:00:00,west,maize,vegetative,13.38,27.4,66.25,0.0,2.26,510.24,3,1,35.0
2024-04-25 10:00:00,east,cotton,flowering,8.0,31.98,77.56,0.0,2.62,525.76,4,1,35.0
2024-04-25 11:00:00,north,cotton,maturity,8.0,32.02,50.72,0.0,3.01,610.9,4,1,35.0
2024-04-25 12:00:00,north,cotton,flowering,8.0,32.19,56.95,0.0,2.31,646.32,4,1,35.0
2024-04-25 13:00:00,east,cotton,vegetative,8.0,34.2,55.9,0.0,1.34,652.35,2,1,35.0
2024-04-25 14:00:00,east,maize,vegetative,8.0,32.15,66.13,0.81,2.5,564.08,2,1,35.0
2024-04-25 15:00:00,south,lettuce,vegetative,8.0,31.58,53.48,0.0,3.2,455.17,3,1,35.0
2024-04-25 16:00:00,east,lettuce,flowering,8.15,34.17,63.61,0.0,0.8,270.77,2,1,35.0
2024-04-25 17:00:00,west,lettuce,flowering,10.29,34.24,62.27,0.0,0.81,128.58,4,1,35.0
2024-04-25 18:00:00,south,tomato,emergence,13.88,29.61,67.61,2.71,1.61,6.74,1,0,0.0
2024-04-25 19:00:00,north,lettuce,maturity,9.33,29.51,67.56,3.87,2.17,0.0,2,0,0.0
2024-04-25 20:00:00,south,cotton,flowering,15.9,30.21,72.2,0.0,0.0,0.0,2,1,35.0
2024-04-25 21:00:00,west,maize,maturity,20.67,27.49,63.26,0.0,3.09,0.0,4,1,35.0
2024-04-25 22:00:00,west,cotton,vegetative,13.15,27.54,67.28,0.0,2.18,81.96,3,1,35.0
2024-04-25 23:00:00,west,maize,maturity,9.69,26.99,58.85,0.0,0.0,0.0,1,1,35.0
2024-04-26 00:00:00,west,tomato,vegetative,11.26,24.45,59.29,0.0,1.06,48.54,1,1,35.0
2024-04-26 01:00:00,north,tomato,vegetative,26.16,25.52,77.54,6.49,2.04,45.98,1,0,0.0
2024-04-26 02:00:00,south,lettuce,maturity,18.79,24.75,60.12,3.1,0.27,28.13,2,0,0.0
2024-04-26 03:00:00,north,lettuce,maturity,15.37,23.07,71.63,0.0,3.56,0.0,2,1,35.0
2024-04-26 04:00:00,north,maize,flowering,15.43,23.81,70.27,0.0,2.62,4.8,3,1,35.0
2024-04-26 05:00:00,west,lettuce,vegetative,8.9,24.95,73.86,0.0,3.21,0.0,3,1,35.0
2024-04-26 06:00:00,west,maize,vegetative,8.0,28.15,51.47,0.0,1.17,70.5,2,1,35.0
2024-04-26 07:00:00,north,maize,flowering,8.63,29.16,68.51,0.0,2.89,182.61,2,1,35.0
2024-04-26 08:00:00,east,cotton,maturity,11.93,29.88,61.29,0.0,1.61,317.54,3,1,35.0
2024-04-26 09:00:00,east,lettuce,vegetative,8.0,30.45,57.04,0.0,2.17,522.09,4,1,35.0
2024-04-26 10:00:00,north,lettuce,emergence,8.0,31.38,58.74,0.0,2.82,550.58,3,1,35.0
2024-04-26 11:00:00,west,lettuce,flowering,8.09,32.0,67.26,0.0,2.32,647.16,1,1,35.0
2024-04-26 12:00:00,west,cotton,flowering,8.0,32.83,64.45,0.0,3.37,674.58,2,1,35.0
2024-04-26 13:00:00,east,tomato,vegetative,14.46,33.33,58.04,0.0,2.57,640.01,4,1,35.0
2024-04-26 14:00:00,east,tomato,flowering,39.77,30.65,53.11,13.65,1.84,559.19,1,0,0.0
2024-04-26 15:00:00,south,tomato,maturity,10.63,31.44,52.97,0.0,3.41,488.93,2,1,35.0
2024-04-26 16:00:00,west,lettuce,vegetative,17.84,30.68,66.33,0.0,3.66,302.95,2,1,35.0
2024-04-26 17:00:00,south,lettuce,flowering,11.83,33.25,50.06,0.0,2.51,207.21,4,1,35.0
2024-04-26 18:00:00,west,lettuce,flowering,8.1,33.24,58.18,0.0,4.0,0.0,4,1,35.0
2024-04-26 19:00:00,north,maize,flowering,9.05,26.54,83.14,0.0,2.12,46.82,2,1,35.0
2024-04-26 20:00:00,north,tomato,maturity,9.6,31.11,63.93,1.61,2.25,36.62,1,1,35.0
2024-04-26 21:00:00,west,lettuce,flowering,12.52,27.85,68.51,0.0,2.41,19.23,3,1,35.0
2024-04-26 22:00:00,south,cotton,flowering,8.48,28.28,55.55,0.0,2.24,0.0,3,1,35.0
2024-04-26 23:00:00,south,maize,vegetative,29.89,26.69,55.66,14.55,2.03,38.59,1,0,0.0
2024-04-27 00:00:00,west,tomato,flowering,8.84,27.56,69.12,0.0,1.54,19.99,4,1,35.0
2024-04-27 01:00:00,north,maize,vegetative,17.21,25.32,63.37,0.0,1.21,0.0,2,1,35.0
2024-04-27 02:00:00,east,maize,emergence,8.0,22.82,75.56,0.0,2.53,0.0,4,1,35.0
2024-04-27 03:00:00,south,tomato,flowering,19.34,24.85,66.73,0.0,3.84,5.91,4,1,35.0
2024-04-27 04:00:00,north,maize,flowering,14.38,26.18,89.55,0.0,3.38,9.79,1,1,35.0
2024-04-27 05:00:00,west,lettuce,maturity,16.31,25.72,61.72,3.17,2.87,24.75,2,0,0.0
2024-04-27 06:00:00,north,maize,flowering,11.92,27.85,66.04,0.0,3.9,54.21,1,1,35.0
2024-04-27 07:00:00,north,maize,maturity,15.34,27.73,57.85,0.0,2.42,188.77,1,1,35.0
2024-04-27 08:00:00,east,tomato,vegetative,10.54,27.97,71.14,0.0,1.21,252.05,1,1,35.0
2024-04-27 09:00:00,west,cotton,flowering,14.92,28.27,66.76,0.0,1.98,466.54,4,1,35.0
2024-04-27 10:00:00,north,maize,maturity,13.22,30.28,55.35,0.0,2.33,605.47,4,1,35.0
2024-04-27 11:00:00,east,maize,vegetative,8.79,32.0,58.48,0.0,1.79,631.76,2,1,35.0
2024-04-27 12:00:00,east,tomato,maturity,13.34,29.39,72.39,5.24,3.13,657.12,2,0,0.0
2024-04-27 13:00:00,west,lettuce,flowering,8.0,31.56,69.81,0.0,3.52,610.55,3,1,35.0
2024-04-27 14:00:00,north,cotton,vegetative,8.0,29.87,52.5,0.0,0.32,596.14,1,1,35.0
2024-04-27 15:00:00,west,tomato,flowering,10.2,31.81,57.59,0.0,2.23,447.26,2,1,35.0
2024-04-27 16:00:00,east,tomato,vegetative,8.0,34.13,71.75,0.0,0.0,345.75,3,1,35.0
2024-04-27 17:00:00,west,tomato,emergence,8.0,29.92,61.2,0.0,2.29,183.23,3,1,35.0
2024-04-27 18:00:00,south,lettuce,vegetative,11.13,31.92,62.05,0.0,2.28,1.9,3,1,35.0
2024-04-27 19:00:00,west,cotton,vegetative,8.0,34.18,66.15,0.0,4.53,16.94,3,1,35.0
2024-04-27 20:00:00,east,maize,vegetative,8.91,31.05,52.14,0.0,4.17,7.06,3,1,35.0
2024-04-27 21:00:00,north,maize,maturity,8.45,28.03,57.3,0.0,3.52,44.71,4,1,35.0
2024-04-27 22:00:00,west,lettuce,vegetative,9.15,28.16,61.51,0.0,1.25,23.69,3,1,35.0
2024-04-27 23:00:00,west,lettuce,maturity,13.96,23.98,75.54,0.0,1.18,36.39,2,1,35.0
2024-04-28 00:00:00,south,tomato,flowering,21.64,23.15,74.92,0.0,1.08,0.0,1,1,35.0
2024-04-28 01:00:00,east,tomato,emergence,13.8,25.16,71.21,0.0,4.23,0.0,1,1,35.0
2024-04-28 02:00:00,south,maize,vegetative,18.34,25.57,64.87,0.0,1.31,2.19,2,1,35.0
2024-04-28 03:00:00,east,lettuce,maturity,17.8,26.75,72.8,0.0,1.94,26.23,2,1,35.0
2024-04-28 04:00:00,west,lettuce,flowering,15.91,24.66,65.5,0.0,1.32,18.6,1,1,35.0
2024-04-28 05:00:00,west,lettuce,maturity,10.29,26.44,69.2,4.74,0.89,0.0,2,0,0.0
2024-04-28 06:00:00,north,cotton,vegetative,9.3,27.22,70.91,0.0,2.8,27.32,2,1,35.0
2024-04-28 07:00:00,west,tomato,flowering,8.0,27.74,75.98,0.0,2.58,146.26,2,1,35.0
2024-04-28 08:00:00,south,maize,flowering,25.98,28.87,62.81,1.21,0.0,348.58,3,1,32.76
2024-04-28 09:00:00,east,tomato,maturity,8.0,28.73,60.78,0.0,0.84,469.65,4,1,35.0
2024-04-28 10:00:00,west,cotton,emergence,8.0,31.4,70.25,0.0,2.71,555.04,3,1,35.0
2024-04-28 11:00:00,south,lettuce,maturity,8.0,32.1,70.23,0.0,2.31,609.09,4,1,35.0
2024-04-28 12:00:00,south,maize,vegetative,8.0,31.78,57.07,0.0,1.92,654.66,3,1,35.0
2024-04-28 13:00:00,south,tomato,maturity,8.0,33.84,51.49,0.0,3.13,630.76,4,1,35.0
2024-04-28 14:00:00,west,lettuce,flowering,11.44,34.52,67.22,0.0,0.67,526.29,2,1,35.0
2024-04-28 15:00:00,south,lettuce,flowering,8.0,33.86,47.72,0.0,1.69,480.69,1,1,35.0
2024-04-28 16:00:00,south,lettuce,vegetative,14.01,30.88,49.75,0.0,3.02,365.48,1,1,35.0
2024-04-28 17:00:00,south,tomato,maturity,18.55,31.95,58.86,6.32,1.62,198.35,0,0,0.0
2024-04-28 18:00:00,north,cotton,vegetative,8.0,29.61,62.63,0.0,2.78,11.03,2,1,35.0
2024-04-28 19:00:00,south,lettuce,flowering,9.41,30.16,54.06,0.0,1.02,0.0,2,1,35.0
2024-04-28 20:00:00,north,lettuce,flowering,17.14,27.62,65.06,0.0,1.41,4.51,3,1,35.0
2024-04-28 21:00:00,north,lettuce,flowering,8.95,29.86,63.58,0.0,0.26,0.0,4,1,35.0
2024-04-28 22:00:00,east,cotton,flowering,8.0,28.15,59.72,0.0,0.0,4.35,1,1,35.0
2024-04-28 23:00:00,north,cotton,flowering,30.6,27.88,77.53,10.35,1.83,32.78,0,0,0.0
2024-04-29 00:00:00,east,lettuce,flowering,12.28,27.2,66.85,0.0,2.94,0.0,3,1,35.0
2024-04-29 01:00:00,west,maize,flowering,10.71,24.81,73.65,0.0,2.26,0.0,1,1,35.0
2024-04-29 02:00:00,east,maize,flowering,16.97,24.45,55.85,0.0,3.79,27.98,4,1,35.0
2024-04-29 03:00:00,south,cotton,flowering,8.0,27.83,53.08,0.0,1.93,13.9,2,1,35.0
2024-04-29 04:00:00,north,lettuce,maturity,13.06,25.37,68.52,0.0,0.0,5.25,3,1,35.0
2024-04-29 05:00:00,west,tomato,flowering,15.87,24.22,79.21,0.0,2.81,0.0,4,1,35.0
2024-04-29 06:00:00,west,tomato,vegetative,8.0,28.59,55.65,0.0,1.11,0.0,1,1,35.0
2024-04-29 07:00:00,east,cotton,flowering,8.0,28.26,63.99,0.0,2.55,143.19,1,1,35.0
2024-04-29 08:00:00,north,cotton,emergence,12.63,31.34,51.88,0.0,0.0,304.57,1,1,35.0
2024-04-29 09:00:00,north,cotton,vegetative,14.01,30.48,56.18,0.0,2.07,442.47,3,1,35.0
2024-04-29 10:00:00,south,maize,maturity,14.58,31.05,62.11,0.0,3.24,521.56,4,1,35.0
2024-04-29 11:00:00,north,lettuce,vegetative,8.0,34.2,54.79,0.0,3.1,703.16,3,1,35.0
2024-04-29 12:00:00,west,cotton,flowering,9.24,30.24,52.27,0.0,2.1,702.57,3,1,35.0
2024-04-29 13:00:00,north,maize,maturity,8.79,32.07,50.65,0.0,2.34,637.55,1,1,35.0
2024-04-29 14:00:00,south,tomato,vegetative,8.0,31.75,47.0,0.0,1.8,561.74,2,1,35.0
2024-04-29 15:00:00,west,cotton,emergence,9.33,29.65,65.21,0.0,2.04,523.55,2,1,35.0
2024-04-29 16:00:00,west,tomato,emergence,8.0,33.86,62.7,0.0,3.15,381.83,2,1,35.0
2024-04-29 17:00:00,north,lettuce,vegetative,11.39,31.08,64.89,0.0,1.5,142.34,4,1,35.0
2024-04-29 18:00:00,south,lettuce,flowering,10.83,32.44,53.28,3.81,1.62,8.67,2,0,0.0
2024-04-29 19:00:00,east,lettuce,flowering,14.11,30.7,68.08,0.0,0.5,0.0,1,1,35.0
2024-04-29 20:00:00,east,tomato,flowering,8.67,29.99,66.55,0.0,3.18,0.0,2,1,35.0
2024-04-29 21:00:00,west,lettuce,vegetative,18.37,27.37,63.76,0.0,2.02,0.0,3,1,35.0
2024-04-29 22:00:00,west,tomato,flowering,14.4,25.94,63.75,0.0,0.88,0.0,2,1,35.0
2024-04-29 23:00:00,west,cotton,emergence,21.69,26.39,59.94,5.51,3.39,7.38,1,0,0.0
2024-04-30 00:00:00,north,tomato,flowering,8.0,27.1,65.26,0.0,2.28,7.57,4,1,35.0
2024-04-30 01:00:00,north,lettuce,flowering,8.0,25.25,76.72,0.0,1.44,50.34,2,1,35.0
2024-04-30 02:00:00,east,lettuce,emergence,35.96,24.14,74.26,9.04,3.41,0.0,1,0,0.0
2024-04-30 03:00:00,north,tomato,maturity,16.14,23.53,64.99,0.0,1.92,33.84,2,1,35.0
2024-04-30 04:00:00,south,tomato,flowering,9.1,26.03,68.55,0.0,0.45,0.0,4,1,35.0
2024-04-30 05:00:00,north,lettuce,vegetative,8.72,25.53,57.47,0.0,3.48,8.29,3,1,35.0
2024-04-30 06:00:00,west,tomato,flowering,10.97,27.08,69.05,0.0,1.33,36.52,1,1,35.0
2024-04-30 07:00:00,north,tomato,flowering,8.0,27.8,,0.0,5.96,188.15,2,1,35.0
2024-04-30 08:00:00,north,maize,vegetative,8.0,28.52,67.61,0.0,1.8,313.93,3,1,35.0
2024-04-30 09:00:00,north,cotton,vegetative,10.73,30.67,81.85,0.0,0.0,469.59,2,1,35.0
2024-04-30 10:00:00,north,lettuce,flowering,10.57,32.02,55.99,0.0,4.44,620.75,4,1,35.0
2024-04-30 11:00:00,east,maize,maturity,8.0,34.97,78.09,0.0,2.27,607.14,2,1,35.0
2024-04-30 12:00:00,south,cotton,flowering,36.45,33.79,62.0,12.61,2.64,669.83,0,0,0.0
2024-04-30 13:00:00,west,maize,flowering,9.96,35.44,52.0,0.0,2.79,661.63,4,1,35.0
2024-04-30 14:00:00,south,maize,flowering,8.0,31.96,54.46,0.0,0.7,549.34,1,1,35.0
2024-04-30 15:00:00,east,maize,vegetative,8.0,30.65,77.63,0.0,0.0,520.36,3,1,35.0
2024-04-30 16:00:00,east,maize,emergence,9.35,32.63,62.95,0.0,4.68,397.56,3,1,35.0
2024-04-30 17:00:00,east,maize,vegetative,8.0,33.3,54.99,0.0,0.46,206.52,1,1,35.0
2024-04-30 18:00:00,west,lettuce,maturity,8.0,32.24,58.38,0.0,4.3,38.37,3,1,35.0
2024-04-30 19:00:00,north,tomato,maturity,8.0,32.04,62.98,0.0,2.97,0.0,2,1,35.0
2024-04-30 20:00:00,east,lettuce,maturity,14.27,25.38,65.23,0.0,2.55,0.0,4,1,35.0
2024-04-30 21:00:00,west,tomato,vegetative,11.82,30.03,63.99,0.0,1.77,0.0,4,1,35.0
2024-04-30 22:00:00,west,maize,flowering,9.53,27.69,75.86,0.0,5.11,0.0,1,1,35.0
2024-04-30 23:00:00,east,tomato,flowering,8.0,24.04,58.47,0.0,1.5,21.91,4,1,35.0
2024-05-01 00:00:00,east,lettuce,vegetative,14.46,26.91,68.58,0.0,1.54,0.0,4,1,35.0
2024-05-01 01:00:00,west,lettuce,vegetative,8.0,25.68,64.54,0.0,3.14,21.68,2,1,35.0
2024-05-01 02:00:00,east,maize,maturity,11.83,25.86,61.41,0.0,1.53,0.0,4,1,35.0
2024-05-01 03:00:00,west,tomato,flowering,9.03,26.93,71.56,0.0,1.12,0.0,3,1,35.0
2024-05-01 04:00:00,north,tomato,flowering,21.12,26.47,54.19,0.0,2.27,66.73,3,1,35.0
2024-05-01 05:00:00,south,cotton,vegetative,21.5,24.26,49.63,0.0,3.16,0.0,1,1,35.0
2024-05-01 06:00:00,north,tomato,flowering,15.14,27.08,65.51,4.41,4.59,0.0,1,0,0.0
2024-05-01 07:00:00,north,lettuce,emergence,8.0,25.83,63.97,0.0,4.84,184.23,1,1,35.0
2024-05-01 08:00:00,south,maize,vegetative,8.0,30.27,51.92,0.0,0.19,338.38,2,1,35.0
2024-05-01 09:00:00,north,tomato,flowering,8.0,32.43,47.69,0.0,3.59,453.53,4,1,35.0
2024-05-01 10:00:00,south,lettuce,vegetative,8.0,29.43,75.57,0.0,1.16,645.21,1,1,35.0
2024-05-01 11:00:00,south,maize,maturity,8.0,31.11,63.95,0.0,1.22,635.21,3,1,35.0
2024-05-01 12:00:00,east,tomato,flowering,8.0,31.43,60.59,0.0,1.69,685.52,4,1,35.0
2024-05-01 13:00:00,west,cotton,emergence,8.42,32.48,74.99,0.0,1.61,639.16,1,1,35.0
2024-05-01 14:00:00,west,tomato,emergence,8.0,33.91,65.63,0.0,1.05,607.39,1,1,35.0
2024-05-01 15:00:00,south,maize,flowering,8.0,32.49,71.99,0.0,0.0,448.04,2,1,35.0
2024-05-01 16:00:00,south,maize,vegetative,8.0,33.74,50.35,0.0,4.07,287.78,2,1,35.0
2024-05-01 17:00:00,west,maize,vegetative,8.0,33.72,50.1,0.0,3.42,195.03,2,1,35.0
2024-05-01 18:00:00,north,lettuce,vegetative,8.0,32.95,63.56,0.0,2.32,10.47,1,1,35.0
2024-05-01 19:00:00,east,tomato,vegetative,9.77,28.65,65.58,0.0,1.18,27.83,4,1,35.0
2024-05-01 20:00:00,south,cotton,flowering,11.02,31.37,69.25,6.97,3.82,0.0,1,0,0.0
2024-05-01 21:00:00,north,lettuce,flowering,8.08,30.46,49.82,0.0,2.26,16.81,1,1,35.0
2024-05-01 22:00:00,east,cotton,emergence,36.53,29.62,66.83,17.0,1.65,0.0,2,0,0.0
2024-05-01 23:00:00,south,cotton,maturity,8.0,26.23,71.54,0.0,0.37,0.0,3,1,35.0
2024-05-02 00:00:00,north,cotton,vegetative,8.73,24.8,72.31,0.0,2.98,0.0,1,1,35.0
2024-05-02 01:00:00,east,lettuce,flowering,16.81,24.06,63.51,0.0,1.94,17.36,4,1,35.0
2024-05-02 02:00:00,north,maize,emergence,15.09,23.74,70.24,0.0,2.65,0.0,2,1,35.0
2024-05-02 03:00:00,east,maize,flowering,10.59,25.55,59.73,0.0,2.54,0.0,4,1,35.0
2024-05-02 04:00:00,north,lettuce,vegetative,8.0,27.2,61.79,0.0,3.1,0.0,1,1,35.0
2024-05-02 05:00:00,south,maize,flowering,8.0,28.53,55.48,0.0,2.6,20.95,4,1,35.0
2024-05-02 06:00:00,west,lettuce,vegetative,8.0,26.67,58.96,0.0,1.97,4.59,1,1,35.0
2024-05-02 07:00:00,north,tomato,maturity,15.82,28.3,61.27,4.09,3.0,142.15,2,0,0.0
2024-05-02 08:00:00,west,cotton,vegetative,8.0,29.24,58.77,0.0,3.48,354.37,1,1,35.0
2024-05-02 09:00:00,east,tomato,maturity,8.0,29.48,56.71,0.0,4.2,514.41,2,1,35.0
2024-05-02 10:00:00,west,cotton,maturity,10.22,32.5,50.5,0.0,0.99,594.73,3,1,35.0
2024-05-02 11:00:00,north,tomato,vegetative,8.0,32.77,73.11,0.0,3.67,547.09,1,1,35.0
2024-05-02 12:00:00,east,tomato,vegetative,8.0,33.07,55.64,0.0,0.43,658.3,4,1,35.0
2024-05-02 13:00:00,west,cotton,vegetative,8.0,33.8,60.87,0.0,3.56,622.89,4,1,35.0
2024-05-02 14:00:00,west,cotton,maturity,8.46,34.32,45.83,0.0,1.63,491.67,3,1,35.0
2024-05-02 15:00:00,north,lettuce,flowering,8.0,34.17,67.77,0.0,3.35,414.45,1,1,35.0
2024-05-02 16:00:00,west,cotton,flowering,9.19,31.6,61.49,0.0,4.13,352.97,3,1,35.0
2024-05-02 17:00:00,north,tomato,emergence,8.0,33.57,55.64,0.0,2.62,174.73,2,1,35.0
2024-05-02 18:00:00,east,cotton,maturity,8.0,31.78,57.13,0.0,2.34,2.82,3,1,35.0
2024-05-02 19:00:00,south,maize,emergence,8.0,29.78,67.86,0.0,2.28,0.0,1,1,35.0
2024-05-02 20:00:00,east,maize,emergence,8.25,29.75,41.13,0.0,1.84,37.88,3,1,35.0
2024-05-02 21:00:00,east,maize,vegetative,8.0,28.88,56.73,0.0,3.75,0.0,2,1,35.0
2024-05-02 22:00:00,north,tomato,flowering,13.2,29.02,61.55,0.0,2.27,0.0,3,1,35.0
2024-05-02 23:00:00,east,lettuce,maturity,17.25,25.0,64.69,0.0,0.0,0.0,2,1,35.0
2024-05-03 00:00:00,west,lettuce,maturity,8.0,28.02,80.72,0.0,3.46,0.0,2,1,35.0
2024-05-03 01:00:00,south,tomato,vegetative,8.0,25.67,62.7,0.0,3.4,0.0,2,1,35.0
2024-05-03 02:00:00,south,cotton,vegetative,8.0,24.74,72.74,0.0,2.45,37.15,4,1,35.0
2024-05-03 03:00:00,west,maize,maturity,29.14,24.83,78.42,9.41,1.45,0.0,1,0,0.0
2024-05-03 04:00:00,north,tomato,flowering,13.28,24.53,70.67,0.0,1.01,27.33,3,1,35.0
2024-05-03 05:00:00,south,lettuce,vegetative,12.66,24.06,61.64,0.0,1.46,22.22,3,1,35.0
2024-05-03 06:00:00,east,tomato,vegetative,10.4,28.51,53.8,0.0,2.64,0.0,3,1,35.0
2024-05-03 07:00:00,south,tomato,flowering,8.0,31.43,65.67,0.0,0.19,118.57,4,1,35.0
2024-05-03 08:00:00,west,lettuce,maturity,8.0,27.07,75.46,3.58,2.91,327.22,1,0,0.0
2024-05-03 09:00:00,south,tomato,flowering,12.59,29.11,66.14,4.2,2.49,385.74,0,0,0.0
2024-05-03 10:00:00,west,tomato,emergence,13.67,32.62,68.14,0.0,3.94,544.4,4,1,35.0
2024-05-03 11:00:00,north,lettuce,flowering,8.0,32.26,77.94,0.0,3.24,636.37,4,1,35.0
2024-05-03 12:00:00,east,tomato,vegetative,8.0,34.21,64.09,0.0,1.53,680.43,2,1,35.0
2024-05-03 13:00:00,east,cotton,maturity,26.46,33.21,51.33,9.41,0.37,622.54,2,0,0.0
2024-05-03 14:00:00,north,lettuce,vegetative,8.0,32.63,59.86,0.0,1.41,541.64,2,1,35.0
2024-05-03 15:00:00,north,tomato,vegetative,8.0,33.02,68.77,0.0,4.06,435.54,2,1,35.0
2024-05-03 16:00:00,east,maize,flowering,9.81,29.39,60.35,0.0,2.75,308.61,2,1,35.0
2024-05-03 17:00:00,east,tomato,vegetative,8.0,30.61,71.65,0.0,3.12,190.08,1,1,35.0
2024-05-03 18:00:00,east,lettuce,vegetative,8.0,32.92,58.8,0.0,1.64,12.25,4,1,35.0
2024-05-03 19:00:00,north,tomato,flowering,11.92,32.32,62.08,0.0,2.98,0.0,3,1,35.0
2024-05-03 20:00:00,east,cotton,flowering,11.81,31.61,57.86,4.42,0.58,22.05,1,0,0.0
2024-05-03 21:00:00,west,tomato,maturity,8.0,29.12,63.42,0.0,3.52,0.02,4,1,35.0
2024-05-03 22:00:00,north,lettuce,vegetative,11.19,24.11,67.8,0.0,1.01,0.0,4,1,35.0
2024-05-03 23:00:00,south,tomato,emergence,8.0,25.72,53.77,0.0,0.03,0.0,1,1,35.0
2024-05-04 00:00:00,south,tomato,flowering,8.79,28.12,60.01,0.0,5.11,21.06,1,1,35.0
2024-05-04 01:00:00,west,maize,vegetative,8.0,28.17,54.43,0.0,2.56,0.0,3,1,35.0
2024-05-04 02:00:00,south,lettuce,vegetative,8.45,27.64,60.64,0.0,2.53,0.0,4,1,35.0
2024-05-04 03:00:00,south,cotton,maturity,19.6,25.38,59.73,2.21,0.16,0.0,0,0,0.0
2024-05-04 04:00:00,east,tomato,maturity,10.06,24.17,73.35,0.0,3.15,0.0,4,1,35.0
2024-05-04 05:00:00,north,tomato,emergence,8.0,26.71,71.4,0.0,3.46,0.0,1,1,35.0
2024-05-04 06:00:00,west,maize,maturity,9.98,27.62,67.43,0.0,2.16,0.0,1,1,35.0
2024-05-04 07:00:00,west,maize,flowering,8.0,30.91,52.0,0.0,3.47,104.89,2,1,35.0
2024-05-04 08:00:00,east,cotton,vegetative,8.0,29.94,60.96,0.0,3.8,346.41,3,1,35.0
2024-05-04 09:00:00,east,cotton,flowering,11.1,30.66,51.64,0.0,3.03,473.53,1,1,35.0
2024-05-04 10:00:00,east,cotton,vegetative,8.0,31.71,,0.0,0.0,536.33,1,1,35.0
2024-05-04 11:00:00,west,tomato,emergence,12.3,33.02,63.71,4.98,1.02,579.99,0,0,0.0
2024-05-04 12:00:00,west,maize,maturity,8.0,34.0,65.35,0.0,4.42,690.82,3,1,35.0
2024-05-04 13:00:00,south,lettuce,flowering,8.0,32.37,63.01,0.0,2.5,643.26,4,1,35.0
2024-05-04 14:00:00,south,maize,vegetative,8.0,32.01,68.8,0.0,2.5,541.18,4,1,35.0
2024-05-04 15:00:00,east,lettuce,vegetative,8.0,35.52,59.01,0.0,1.4,501.17,2,1,35.0
2024-05-04 16:00:00,north,tomato,maturity,9.9,30.6,59.49,0.0,1.64,329.82,2,1,35.0
2024-05-04 17:00:00,west,maize,vegetative,8.0,34.88,63.81,5.29,3.83,179.36,0,0,0.0
2024-05-04 18:00:00,west,cotton,maturity,18.24,28.73,68.96,5.75,4.2,0.0,1,0,0.0
2024-05-04 19:00:00,east,tomato,maturity,12.83,29.75,58.13,1.78,3.36,0.0,4,1,35.0
2024-05-04 20:00:00,south,cotton,vegetative,8.0,31.05,63.41,0.0,3.06,0.0,1,1,35.0
2024-05-04 21:00:00,south,maize,flowering,8.0,28.56,60.69,0.0,3.15,72.91,2,1,35.0
2024-05-04 22:00:00,south,tomato,flowering,8.0,25.62,51.04,0.0,2.32,0.0,1,1,35.0
2024-05-04 23:00:00,east,tomato,flowering,8.75,27.41,66.76,0.0,0.96,2.28,2,1,35.0
2024-05-05 00:00:00,west,tomato,vegetative,17.07,26.33,55.47,0.0,0.7,16.09,1,1,35.0
2024-05-05 01:00:00,east,maize,emergence,8.0,25.51,67.49,0.0,3.98,0.0,3,1,35.0
2024-05-05 02:00:00,west,tomato,vegetative,11.77,24.76,55.05,0.0,2.36,0.0,2,1,35.0
2024-05-05 03:00:00,west,lettuce,flowering,8.0,25.78,59.94,0.0,2.97,0.0,3,1,35.0
2024-05-05 04:00:00,east,cotton,flowering,32.07,25.36,62.28,11.71,2.65,16.8,2,0,0.0
2024-05-05 05:00:00,south,maize,flowering,8.0,30.52,69.6,0.0,2.71,0.0,3,1,35.0
2024-05-05 06:00:00,east,tomato,flowering,8.0,27.33,60.0,0.0,2.81,0.0,3,1,35.0
2024-05-05 07:00:00,south,maize,emergence,8.0,28.1,55.6,0.0,3.24,87.6,2,1,35.0
2024-05-05 08:00:00,east,lettuce,emergence,8.0,28.88,65.05,0.0,1.48,259.79,3,1,35.0
2024-05-05 09:00:00,west,lettuce,maturity,19.96,33.39,57.37,0.0,3.82,414.19,4,1,35.0
2024-05-05 10:00:00,south,tomato,flowering,12.65,29.23,67.75,4.98,1.51,592.8,0,0,0.0
2024-05-05 11:00:00,east,maize,maturity,8.0,33.06,52.07,0.0,2.69,618.31,1,1,35.0
2024-05-05 12:00:00,north,maize,vegetative,18.68,32.8,60.84,3.71,0.98,674.41,2,0,0.0
2024-05-05 13:00:00,east,maize,vegetative,8.0,31.42,77.75,0.0,2.2,641.32,3,1,35.0
2024-05-05 14:00:00,south,tomato,maturity,8.0,32.46,57.95,0.0,1.61,572.02,3,1,35.0
2024-05-05 15:00:00,south,cotton,vegetative,18.35,34.03,59.68,7.82,2.43,426.58,2,0,0.0
2024-05-05 16:00:00,east,tomato,emergence,8.0,31.86,48.48,0.0,3.28,327.62,2,1,35.0
2024-05-05 17:00:00,north,tomato,flowering,8.0,32.91,53.3,0.0,2.49,177.14,3,1,35.0
2024-05-05 18:00:00,east,tomato,flowering,11.94,34.29,61.39,0.0,4.75,77.02,4,1,35.0
2024-05-05 19:00:00,east,lettuce,maturity,8.0,30.98,58.5,0.0,3.36,0.0,1,1,35.0
2024-05-05 20:00:00,south,maize,maturity,8.0,27.51,67.89,0.0,2.13,25.63,3,1,35.0
2024-05-05 21:00:00,north,tomato,flowering,16.92,27.39,,0.0,2.3,0.0,1,1,35.0
2024-05-05 22:00:00,south,maize,emergence,8.0,27.27,54.56,0.0,2.85,0.0,4,1,35.0
2024-05-05 23:00:00,north,lettuce,flowering,8.0,26.34,71.64,0.0,3.25,30.43,1,1,35.0
2024-05-06 00:00:00,south,maize,maturity,10.05,26.55,55.66,0.0,0.92,66.21,3,1,35.0
2024-05-06 01:00:00,east,cotton,vegetative,8.0,26.39,59.13,0.0,3.16,9.17,4,1,35.0
2024-05-06 02:00:00,north,maize,maturity,8.0,28.38,64.5,0.0,0.95,0.0,2,1,35.0
2024-05-06 03:00:00,east,tomato,flowering,8.0,25.92,75.83,0.64,3.05,16.36,1,1,35.0
2024-05-06 04:00:00,north,cotton,emergence,19.51,24.6,58.9,0.0,3.72,9.78,3,1,35.0
2024-05-06 05:00:00,west,cotton,flowering,8.39,28.69,63.68,0.0,2.76,77.58,2,1,35.0
2024-05-06 06:00:00,east,maize,flowering,13.46,29.68,62.95,0.0,0.0,25.98,3,1,35.0
2024-05-06 07:00:00,south,cotton,emergence,8.0,29.1,66.92,0.0,0.26,135.56,2,1,35.0
2024-05-06 08:00:00,east,maize,vegetative,8.0,29.42,70.35,0.0,3.08,369.61,2,1,35.0
2024-05-06 09:00:00,north,maize,flowering,8.0,31.76,57.36,0.0,0.0,486.76,1,1,35.0
2024-05-06 10:00:00,north,cotton,vegetative,8.0,31.47,67.5,0.0,3.13,595.66,2,1,35.0
2024-05-06 11:00:00,west,lettuce,vegetative,24.07,29.53,71.29,9.37,3.58,643.42,1,0,0.0
2024-05-06 12:00:00,west,maize,flowering,8.0,34.1,70.81,4.16,3.76,685.29,2,0,0.0
2024-05-06 13:00:00,north,lettuce,flowering,8.9,34.99,61.12,0.0,2.11,643.27,1,1,35.0
2024-05-06 14:00:00,south,maize,flowering,8.0,35.95,,0.0,2.93,554.01,1,1,35.0
2024-05-06 15:00:00,north,tomato,maturity,8.0,32.56,56.23,0.0,2.65,464.32,4,1,35.0
2024-05-06 16:00:00,south,cotton,maturity,8.0,33.59,48.51,0.0,0.63,320.94,4,1,35.0
2024-05-06 17:00:00,south,maize,flowering,8.0,32.99,57.26,2.93,3.29,180.18,0,0,0.0
2024-05-06 18:00:00,south,lettuce,vegetative,8.0,31.92,60.85,0.0,4.07,2.78,2,1,35.0
2024-05-06 19:00:00,east,lettuce,flowering,8.0,31.0,60.04,0.0,3.23,0.0,2,1,35.0
2024-05-06 20:00:00,north,lettuce,vegetative,8.0,29.84,65.91,0.0,1.8,0.0,4,1,35.0
2024-05-06 21:00:00,west,maize,maturity,8.0,29.07,52.16,0.0,3.29,0.0,4,1,35.0
2024-05-06 22:00:00,east,cotton,flowering,9.61,28.9,61.21,0.0,3.96,0.0,4,1,35.0
2024-05-06 23:00:00,west,lettuce,vegetative,24.43,28.79,76.53,8.45,3.8,35.86,0,0,0.0
2024-05-07 00:00:00,north,lettuce,flowering,8.0,25.28,72.34,0.0,3.63,12.18,3,1,35.0
2024-05-07 01:00:00,east,maize,flowering,8.0,25.76,69.3,0.0,0.49,0.0,4,1,35.0
2024-05-07 02:00:00,west,maize,maturity,12.27,25.25,68.14,0.0,2.88,20.69,2,1,35.0
2024-05-07 03:00:00,north,tomato,vegetative,9.48,25.17,62.91,0.0,3.17,0.0,2,1,35.0
2024-05-07 04:00:00,west,maize,maturity,8.0,24.0,54.13,0.0,3.65,0.0,2,1,35.0
2024-05-07 05:00:00,south,tomato,emergence,8.0,27.09,67.13,0.0,3.02,13.11,2,1,35.0
2024-05-07 06:00:00,west,lettuce,flowering,8.0,28.6,45.58,0.0,4.26,50.07,2,1,35.0
2024-05-07 07:00:00,south,cotton,maturity,8.37,28.62,60.43,0.0,0.21,178.03,1,1,35.0
2024-05-07 08:00:00,west,maize,vegetative,14.07,29.87,61.68,0.0,3.07,297.84,4,1,35.0
2024-05-07 09:00:00,north,maize,emergence,8.0,31.55,57.23,0.0,2.97,447.31,1,1,35.0
2024-05-07 10:00:00,south,lettuce,maturity,8.0,34.0,73.6,0.0,3.48,592.63,1,1,35.0
2024-05-07 11:00:00,south,tomato,maturity,15.05,32.08,72.7,0.0,4.25,642.0,4,1,35.0
2024-05-07 12:00:00,north,cotton,vegetative,8.0,31.59,67.56,0.0,1.33,683.58,1,1,35.0
2024-05-07 13:00:00,south,maize,flowering,8.0,33.61,52.23,0.0,4.21,641.62,1,1,35.0
2024-05-07 14:00:00,south,tomato,maturity,8.0,36.71,69.68,0.0,3.38,589.9,3,1,35.0
2024-05-07 15:00:00,north,tomato,vegetative,8.0,32.01,64.33,0.0,2.18,530.07,2,1,35.0
2024-05-07 16:00:00,east,cotton,flowering,14.1,34.32,51.55,2.72,1.31,277.67,1,0,0.0
2024-05-07 17:00:00,east,tomato,vegetative,13.7,34.45,58.27,10.73,2.64,252.48,0,0,0.0
2024-05-07 18:00:00,west,lettuce,vegetative,9.38,28.34,69.64,0.0,2.74,32.78,1,1,35.0
2024-05-07 19:00:00,east,tomato,maturity,8.0,31.53,56.18,0.0,2.81,91.87,2,1,35.0
2024-05-07 20:00:00,north,tomato,vegetative,8.0,30.79,61.95,0.0,1.65,0.0,2,1,35.0
2024-05-07 21:00:00,north,cotton,maturity,8.0,28.45,65.06,0.0,3.13,13.39,2,1,35.0
2024-05-07 22:00:00,south,tomato,flowering,8.0,26.91,56.36,0.0,1.91,5.58,3,1,35.0
2024-05-07 23:00:00,south,tomato,flowering,8.07,26.17,62.77,0.0,3.86,30.92,1,1,35.0
2024-05-08 00:00:00,north,maize,vegetative,20.07,26.02,57.61,8.12,4.45,16.44,2,0,0.0
2024-05-08 01:00:00,west,cotton,vegetative,8.0,25.66,71.15,0.0,1.42,12.52,1,1,35.0
2024-05-08 02:00:00,east,maize,maturity,8.0,25.24,59.05,0.0,2.47,27.26,3,1,35.0
2024-05-08 03:00:00,east,tomato,flowering,18.83,25.6,67.17,0.0,3.57,0.0,3,1,35.0
2024-05-08 04:00:00,north,cotton,flowering,11.33,28.3,53.23,0.0,2.73,0.0,1,1,35.0
2024-05-08 05:00:00,west,lettuce,vegetative,10.49,25.33,57.41,0.0,0.78,15.86,3,1,35.0
2024-05-08 06:00:00,north,cotton,vegetative,8.0,25.35,57.05,0.0,3.44,0.0,4,1,35.0
2024-05-08 07:00:00,south,lettuce,emergence,8.87,30.75,58.97,0.0,1.67,163.84,4,1,35.0
2024-05-08 08:00:00,south,lettuce,flowering,8.14,29.69,63.11,0.7,2.64,274.56,4,1,35.0
2024-05-08 09:00:00,west,maize,vegetative,8.0,30.43,63.81,0.0,1.21,461.58,3,1,35.0
2024-05-08 10:00:00,south,maize,flowering,8.0,31.81,47.75,0.0,3.35,530.41,4,1,35.0
2024-05-08 11:00:00,north,lettuce,flowering,8.0,33.12,57.93,0.0,1.89,626.7,2,1,35.0
2024-05-08 12:00:00,south,lettuce,vegetative,11.97,32.65,54.22,0.0,3.48,611.99,2,1,35.0
2024-05-08 13:00:00,south,cotton,flowering,8.0,34.6,61.66,0.0,2.14,627.18,1,1,35.0
2024-05-08 14:00:00,north,lettuce,flowering,8.0,32.53,57.7,0.0,1.82,594.41,2,1,35.0
2024-05-08 15:00:00,north,maize,maturity,8.0,33.39,58.32,0.0,2.89,438.76,3,1,35.0
2024-05-08 16:00:00,north,maize,vegetative,8.0,30.12,56.29,0.0,1.11,292.33,4,1,35.0
2024-05-08 17:00:00,south,lettuce,flowering,8.0,34.56,70.02,0.0,4.56,195.59,2,1,35.0
2024-05-08 18:00:00,south,maize,emergence,8.0,31.71,51.25,0.0,2.62,31.96,3,1,35.0
2024-05-08 19:00:00,south,lettuce,maturity,8.0,32.02,57.19,0.0,1.72,14.84,4,1,35.0
2024-05-08 20:00:00,east,lettuce,flowering,10.63,30.69,61.8,0.0,1.92,0.0,1,1,35.0
2024-05-08 21:00:00,north,tomato,vegetative,16.48,29.77,60.03,0.0,2.42,0.0,1,1,35.0
2024-05-08 22:00:00,west,lettuce,maturity,8.5,27.96,57.88,0.0,3.59,0.0,3,1,35.0
2024-05-08 23:00:00,west,lettuce,vegetative,8.0,27.73,50.73,0.0,1.33,0.0,3,1,35.0
2024-05-09 00:00:00,north,cotton,vegetative,12.37,25.16,60.63,0.0,1.96,0.0,1,1,35.0
2024-05-09 01:00:00,south,maize,flowering,8.0,24.45,59.33,0.0,2.34,0.0,3,1,35.0
2024-05-09 02:00:00,north,lettuce,emergence,10.59,25.91,76.62,0.0,4.25,43.78,2,1,35.0
2024-05-09 03:00:00,south,maize,maturity,13.0,25.18,81.31,0.0,3.6,7.26,2,1,35.0
2024-05-09 04:00:00,south,maize,flowering,10.78,28.74,62.25,0.0,4.31,42.94,2,1,35.0
2024-05-09 05:00:00,north,tomato,flowering,14.54,27.8,53.53,0.0,2.44,35.55,2,1,35.0
2024-05-09 06:00:00,north,cotton,maturity,8.0,26.99,69.17,0.0,4.12,0.0,3,1,35.0
2024-05-09 07:00:00,south,cotton,maturity,8.0,28.62,55.83,0.0,3.92,157.83,1,1,35.0
2024-05-09 08:00:00,east,maize,vegetative,8.0,30.27,57.54,2.28,3.24,358.83,1,0,0.0
2024-05-09 09:00:00,south,lettuce,emergence,8.0,31.0,56.4,0.0,3.33,486.17,2,1,35.0
2024-05-09 10:00:00,west,tomato,vegetative,8.0,32.47,56.12,0.0,1.69,597.48,4,1,35.0
2024-05-09 11:00:00,south,lettuce,maturity,8.0,33.0,56.72,0.0,4.59,627.38,1,1,35.0
2024-05-09 12:00:00,west,maize,maturity,8.0,31.44,51.25,0.0,2.11,654.99,2,1,35.0
2024-05-09 13:00:00,north,lettuce,flowering,23.58,30.7,56.12,10.27,3.07,618.91,1,0,0.0
2024-05-09 14:00:00,east,tomato,vegetative,8.0,33.51,65.93,0.0,3.21,561.05,1,1,35.0
2024-05-09 15:00:00,west,lettuce,vegetative,21.2,34.77,57.55,9.14,0.75,435.62,2,0,0.0
2024-05-09 16:00:00,north,maize,maturity,8.0,32.99,60.09,0.0,2.34,322.38,1,1,35.0
2024-05-09 17:00:00,west,lettuce,vegetative,8.0,34.75,42.17,0.0,2.64,162.63,4,1,35.0
2024-05-09 18:00:00,south,lettuce,flowering,8.0,32.0,66.64,0.0,2.26,0.0,1,1,35.0
2024-05-09 19:00:00,south,tomato,vegetative,8.0,33.14,54.29,0.0,2.35,27.69,3,1,35.0
2024-05-09 20:00:00,east,maize,vegetative,8.0,31.79,68.03,0.0,4.19,0.0,1,1,35.0
2024-05-09 21:00:00,east,cotton,flowering,8.0,30.61,62.19,0.0,1.41,11.81,4,1,35.0
2024-05-09 22:00:00,north,lettuce,maturity,8.0,26.26,60.66,0.0,0.88,0.0,1,1,35.0
2024-05-09 23:00:00,west,tomato,flowering,8.0,27.26,52.04,0.0,1.7,0.0,4,1,35.0
2024-05-10 00:00:00,east,maize,flowering,8.0,28.53,78.0,0.0,3.29,0.0,2,1,35.0
2024-05-10 01:00:00,west,maize,vegetative,8.74,26.7,69.86,0.0,3.41,16.48,3,1,35.0
2024-05-10 02:00:00,south,lettuce,maturity,11.82,26.99,70.05,0.0,3.13,0.0,2,1,35.0
2024-05-10 03:00:00,east,lettuce,flowering,8.0,24.21,78.96,0.0,3.49,5.9,3,1,35.0
2024-05-10 04:00:00,south,tomato,flowering,8.0,29.57,63.51,0.0,2.71,1.59,1,1,35.0
2024-05-10 05:00:00,west,lettuce,flowering,10.78,26.14,74.15,0.0,1.78,0.0,2,1,35.0
2024-05-10 06:00:00,west,lettuce,vegetative,8.0,25.16,62.12,0.0,1.27,6.38,1,1,35.0
2024-05-10 07:00:00,west,lettuce,emergence,8.92,28.59,67.89,0.0,0.89,125.77,4,1,35.0
2024-05-10 08:00:00,east,tomato,maturity,11.98,26.48,60.0,0.0,2.13,323.47,4,1,35.0
2024-05-10 09:00:00,west,maize,flowering,8.0,29.56,58.42,0.0,3.35,415.83,3,1,35.0
2024-05-10 10:00:00,south,maize,vegetative,8.0,35.99,57.48,0.0,2.68,634.68,3,1,35.0
2024-05-10 11:00:00,south,tomato,vegetative,25.67,32.41,50.8,8.95,2.43,658.0,0,0,0.0
2024-05-10 12:00:00,west,maize,maturity,8.0,31.48,62.72,0.0,1.13,658.63,2,1,35.0
2024-05-10 13:00:00,north,tomato,flowering,8.0,34.06,56.17,0.0,5.5,594.42,2,1,35.0
2024-05-10 14:00:00,east,tomato,flowering,8.0,32.81,45.44,0.0,1.41,553.27,4,1,35.0
2024-05-10 15:00:00,north,lettuce,emergence,8.0,35.32,54.14,0.0,2.54,451.42,3,1,35.0
2024-05-10 16:00:00,east,tomato,maturity,10.13,32.29,57.36,4.59,3.6,333.47,1,0,0.0
2024-05-10 17:00:00,south,lettuce,maturity,8.0,33.39,64.86,0.0,2.45,182.18,3,1,35.0
2024-05-10 18:00:00,south,tomato,flowering,8.0,30.43,63.25,0.0,1.43,7.87,2,1,35.0
2024-05-10 19:00:00,south,lettuce,vegetative,8.0,35.09,67.66,0.0,3.37,11.98,1,1,35.0
2024-05-10 20:00:00,south,maize,flowering,8.0,30.91,64.51,0.0,0.79,0.0,4,1,35.0
2024-05-10 21:00:00,south,lettuce,maturity,8.0,28.9,58.6,0.0,4.49,11.99,3,1,35.0
2024-05-10 22:00:00,south,lettuce,maturity,8.0,27.72,63.02,3.45,2.74,0.0,2,0,0.0
2024-05-10 23:00:00,east,maize,maturity,8.0,26.5,61.97,0.0,2.1,0.0,2,1,35.0
2024-05-11 00:00:00,west,lettuce,flowering,8.55,25.64,68.51,0.0,0.7,64.68,1,1,35.0
2024-05-11 01:00:00,east,tomato,vegetative,8.0,25.2,65.86,0.0,1.02,14.56,3,1,35.0
2024-05-11 02:00:00,east,lettuce,flowering,8.47,28.76,58.19,0.0,2.34,63.21,4,1,35.0
2024-05-11 03:00:00,west,tomato,maturity,8.6,25.55,65.22,0.0,4.67,0.0,3,1,35.0
2024-05-11 04:00:00,west,maize,vegetative,8.0,23.58,69.96,0.0,2.68,84.38,1,1,35.0
2024-05-11 05:00:00,north,tomato,vegetative,12.76,25.66,58.02,0.0,2.82,2.79,3,1,35.0
2024-05-11 06:00:00,east,cotton,flowering,8.0,29.63,64.11,0.0,2.86,40.11,2,1,35.0
2024-05-11 07:00:00,north,maize,vegetative,8.0,28.83,51.49,0.0,5.24,169.38,3,1,35.0
2024-05-11 08:00:00,north,lettuce,maturity,11.5,30.04,69.31,5.42,1.87,330.77,1,0,0.0
2024-05-11 09:00:00,west,maize,vegetative,8.0,33.03,62.86,0.0,4.28,455.59,2,1,35.0
2024-05-11 10:00:00,north,maize,vegetative,8.0,31.08,72.14,0.0,1.92,545.67,2,1,35.0
2024-05-11 11:00:00,west,tomato,vegetative,8.0,34.02,50.57,0.0,1.56,662.16,3,1,35.0
2024-05-11 12:00:00,west,cotton,flowering,8.0,32.7,67.37,0.0,2.3,649.69,4,1,35.0
2024-05-11 13:00:00,west,lettuce,flowering,8.0,34.97,64.17,0.0,2.3,656.92,4,1,35.0
2024-05-11 14:00:00,east,tomato,vegetative,8.0,33.66,57.4,0.0,3.07,594.55,1,1,35.0
2024-05-11 15:00:00,west,lettuce,flowering,8.0,33.74,55.97,0.0,0.0,509.12,1,1,35.0
2024-05-11 16:00:00,north,maize,vegetative,8.0,34.94,50.05,0.0,2.58,339.74,4,1,35.0
2024-05-11 17:00:00,west,tomato,flowering,8.0,34.19,48.83,0.0,1.68,115.35,4,1,35.0
2024-05-11 18:00:00,north,maize,maturity,12.87,31.99,54.75,0.0,1.53,0.0,2,1,35.0
2024-05-11 19:00:00,south,tomato,flowering,8.23,30.57,52.35,0.0,0.85,0.0,1,1,35.0
2024-05-11 20:00:00,north,tomato,vegetative,8.14,32.64,70.66,0.0,1.96,0.43,1,1,35.0
2024-05-11 21:00:00,south,lettuce,flowering,8.0,30.09,51.01,0.0,1.78,46.14,2,1,35.0
2024-05-11 22:00:00,east,tomato,vegetative,8.0,27.66,64.52,0.0,1.89,39.77,2,1,35.0
2024-05-11 23:00:00,south,cotton,emergence,11.71,26.43,67.5,0.0,0.43,0.0,1,1,35.0
2024-05-12 00:00:00,west,lettuce,vegetative,8.0,28.4,65.38,0.0,2.52,85.05,4,1,35.0
2024-05-12 01:00:00,east,cotton,emergence,15.72,26.64,67.41,4.29,1.45,0.0,1,0,0.0
2024-05-12 02:00:00,east,lettuce,vegetative,8.0,26.08,71.36,0.0,0.44,0.0,3,1,35.0
2024-05-12 03:00:00,west,cotton,maturity,8.0,26.64,61.17,0.0,1.74,0.0,1,1,35.0
2024-05-12 04:00:00,south,maize,vegetative,8.0,27.37,64.32,0.0,1.47,0.0,1,1,35.0
2024-05-12 05:00:00,south,maize,flowering,8.0,27.41,61.61,0.0,2.45,0.0,3,1,35.0
2024-05-12 06:00:00,west,maize,maturity,8.0,30.13,70.61,0.0,1.73,35.47,2,1,35.0
2024-05-12 07:00:00,east,cotton,flowering,8.0,31.18,75.35,0.0,0.66,194.18,2,1,35.0
2024-05-12 08:00:00,east,tomato,flowering,8.0,31.13,52.34,0.0,1.33,294.08,4,1,35.0
2024-05-12 09:00:00,south,lettuce,flowering,8.0,33.42,44.64,0.0,0.33,463.12,2,1,35.0
2024-05-12 10:00:00,north,lettuce,emergence,8.0,32.34,63.71,0.0,3.76,591.14,4,1,35.0
2024-05-12 11:00:00,north,maize,vegetative,11.85,34.19,65.74,7.08,3.96,556.68,0,0,0.0
2024-05-12 12:00:00,north,cotton,flowering,8.0,35.3,71.06,0.0,4.1,712.03,3,1,35.0
2024-05-12 13:00:00,north,maize,maturity,8.0,35.72,62.19,0.0,1.69,664.69,2,1,35.0
2024-05-12 14:00:00,east,tomato,maturity,11.05,35.7,66.81,2.46,3.96,591.28,0,0,0.0
2024-05-12 15:00:00,north,lettuce,maturity,8.0,35.14,69.11,0.0,2.89,501.69,1,1,35.0
2024-05-12 16:00:00,east,maize,flowering,21.98,36.73,66.47,9.69,1.41,253.55,0,0,0.0
2024-05-12 17:00:00,west,tomato,flowering,8.0,32.35,65.89,0.0,1.65,160.58,2,1,35.0
2024-05-12 18:00:00,west,tomato,maturity,8.0,32.09,50.95,0.0,2.19,44.04,4,1,35.0
2024-05-12 19:00:00,south,tomato,maturity,8.0,31.04,60.71,0.0,2.52,0.0,2,1,35.0
2024-05-12 20:00:00,north,lettuce,flowering,8.0,29.78,63.88,0.0,2.84,25.99,3,1,35.0
2024-05-12 21:00:00,west,cotton,maturity,8.0,26.31,63.85,0.0,2.4,50.69,3,1,35.0
2024-05-12 22:00:00,north,maize,maturity,8.0,30.39,61.02,0.0,1.98,24.63,2,1,35.0
2024-05-12 23:00:00,east,tomato,flowering,8.0,25.96,75.8,0.0,4.02,0.0,1,1,35.0
2024-05-13 00:00:00,east,maize,emergence,8.0,27.2,58.54,0.0,2.26,20.15,2,1,35.0
2024-05-13 01:00:00,north,cotton,vegetative,8.0,24.41,71.66,0.0,2.19,0.0,3,1,35.0
2024-05-13 02:00:00,east,lettuce,flowering,8.0,27.34,65.94,0.0,2.14,17.16,4,1,35.0
2024-05-13 03:00:00,north,maize,emergence,8.0,25.37,59.3,0.0,2.26,26.24,2,1,35.0
2024-05-13 04:00:00,north,tomato,flowering,8.0,25.24,57.87,0.0,0.77,5.28,4,1,35.0
2024-05-13 05:00:00,west,cotton,flowering,13.48,27.87,51.39,2.5,1.2,40.65,1,0,0.0
2024-05-13 06:00:00,west,cotton,maturity,8.26,27.36,67.11,0.0,5.34,9.75,1,1,35.0
2024-05-13 07:00:00,south,tomato,maturity,8.0,28.51,62.35,0.0,0.42,173.38,2,1,35.0
2024-05-13 08:00:00,west,cotton,flowering,8.0,30.67,55.28,0.0,2.73,389.13,3,1,35.0
2024-05-13 09:00:00,west,tomato,vegetative,8.0,32.65,46.35,0.0,2.81,426.1,1,1,35.0
2024-05-13 10:00:00,west,tomato,vegetative,8.0,31.18,63.68,0.0,3.62,611.64,2,1,35.0
2024-05-13 11:00:00,north,lettuce,flowering,8.83,31.75,58.98,0.0,2.84,673.81,4,1,35.0
2024-05-13 12:00:00,south,maize,vegetative,8.0,33.91,53.48,0.0,4.67,679.59,4,1,35.0
2024-05-13 13:00:00,east,maize,flowering,8.0,35.08,50.78,0.0,2.69,613.69,1,1,35.0
2024-05-13 14:00:00,west,cotton,maturity,8.0,36.61,54.65,0.0,4.02,574.91,3,1,35.0
2024-05-13 15:00:00,west,cotton,flowering,8.0,32.67,62.76,0.0,3.65,431.47,2,1,35.0
2024-05-13 16:00:00,south,tomato,flowering,8.0,33.4,56.57,0.0,4.25,305.33,4,1,35.0
2024-05-13 17:00:00,north,lettuce,flowering,8.0,35.0,49.28,0.0,2.43,172.83,4,1,35.0
2024-05-13 18:00:00,west,lettuce,maturity,8.0,35.37,56.9,0.0,2.88,0.0,4,1,35.0
2024-05-13 19:00:00,south,lettuce,vegetative,8.0,29.96,68.95,0.0,1.96,0.0,4,1,35.0
2024-05-13 20:00:00,south,cotton,flowering,13.26,29.3,62.44,3.38,2.59,0.0,2,0,0.0
2024-05-13 21:00:00,west,lettuce,vegetative,22.89,29.95,62.12,8.02,2.66,22.85,0,0,0.0
2024-05-13 22:00:00,east,tomato,flowering,8.0,27.54,61.28,0.0,0.0,57.22,1,1,35.0
2024-05-13 23:00:00,south,tomato,vegetative,8.0,26.44,58.22,0.0,2.23,76.89,4,1,35.0
2024-05-14 00:00:00,north,cotton,flowering,8.0,27.39,57.22,0.0,3.47,0.0,3,1,35.0
2024-05-14 01:00:00,south,cotton,flowering,8.1,28.95,50.8,0.0,0.78,0.0,4,1,35.0
2024-05-14 02:00:00,west,tomato,emergence,8.0,24.53,74.25,0.0,1.22,0.0,2,1,35.0
2024-05-14 03:00:00,south,tomato,flowering,8.0,28.88,65.74,0.0,3.79,28.78,4,1,35.0
2024-05-14 04:00:00,east,lettuce,vegetative,16.89,26.17,65.24,0.0,4.01,0.0,1,1,35.0
2024-05-14 05:00:00,south,tomato,vegetative,8.0,28.18,65.12,0.0,1.66,37.71,4,1,35.0
2024-05-14 06:00:00,west,tomato,emergence,8.0,30.88,63.27,0.0,2.61,22.61,2,1,35.0
2024-05-14 07:00:00,west,cotton,vegetative,8.0,29.95,56.5,0.0,2.31,110.35,1,1,35.0
2024-05-14 08:00:00,east,cotton,maturity,8.0,30.05,59.29,0.0,3.81,330.93,4,1,35.0
2024-05-14 09:00:00,west,cotton,maturity,8.0,32.6,56.2,0.0,1.76,420.24,4,1,35.0
2024-05-14 10:00:00,east,lettuce,flowering,8.0,32.23,77.39,0.0,1.95,547.12,4,1,35.0
2024-05-14 11:00:00,south,maize,flowering,8.0,34.1,65.46,0.0,4.01,617.41,1,1,35.0
2024-05-14 12:00:00,east,cotton,flowering,8.0,33.65,59.86,0.97,1.2,679.92,2,1,35.0
2024-05-14 13:00:00,west,maize,maturity,8.0,35.65,66.64,0.0,1.8,630.79,2,1,35.0
2024-05-14 14:00:00,west,tomato,flowering,8.0,32.4,68.36,0.0,2.56,550.57,2,1,35.0
2024-05-14 15:00:00,north,cotton,emergence,8.0,32.84,49.67,0.0,4.23,536.93,2,1,35.0
2024-05-14 16:00:00,east,lettuce,flowering,8.0,31.84,58.57,0.0,0.97,297.67,1,1,35.0
2024-05-14 17:00:00,north,cotton,maturity,8.0,33.24,58.9,0.0,1.55,182.25,2,1,35.0
2024-05-14 18:00:00,east,tomato,vegetative,8.0,30.2,65.72,0.0,3.11,27.28,1,1,35.0
2024-05-14 19:00:00,east,cotton,flowering,8.0,30.49,59.64,0.0,3.3,9.8,1,1,35.0
2024-05-14 20:00:00,south,lettuce,vegetative,11.91,28.83,61.85,0.0,2.65,0.0,3,1,35.0
2024-05-14 21:00:00,west,lettuce,vegetative,8.0,31.68,57.03,0.0,2.26,0.0,1,1,35.0
2024-05-14 22:00:00,west,cotton,flowering,9.88,27.01,71.34,0.0,2.56,25.62,3,1,35.0
2024-05-14 23:00:00,north,maize,vegetative,8.0,25.73,54.91,0.0,0.59,40.47,4,1,35.0
2024-05-15 00:00:00,north,lettuce,maturity,8.0,27.48,60.62,0.0,2.52,2.06,4,1,35.0
2024-05-15 01:00:00,north,lettuce,maturity,8.0,29.24,49.3,0.0,4.18,0.0,3,1,35.0
2024-05-15 02:00:00,west,lettuce,emergence,8.0,26.4,57.27,0.0,0.82,4.24,4,1,35.0
2024-05-15 03:00:00,east,cotton,maturity,8.0,26.65,66.5,0.0,1.46,56.9,2,1,35.0
2024-05-15 04:00:00,east,lettuce,flowering,8.0,29.04,64.72,0.0,1.92,0.0,4,1,35.0
2024-05-15 05:00:00,west,tomato,flowering,8.0,29.06,60.16,0.0,2.0,0.0,4,1,35.0
2024-05-15 06:00:00,west,tomato,flowering,8.0,29.21,70.1,0.0,4.61,5.91,4,1,35.0
2024-05-15 07:00:00,north,cotton,maturity,8.0,28.66,72.15,0.0,1.28,210.2,4,1,35.0
2024-05-15 08:00:00,north,cotton,vegetative,8.0,31.26,60.11,0.0,1.04,310.34,3,1,35.0
2024-05-15 09:00:00,south,cotton,vegetative,12.65,29.57,63.7,3.52,3.33,480.44,0,0,0.0
2024-05-15 10:00:00,south,tomato,vegetative,8.0,31.64,57.12,0.0,1.62,615.48,1,1,35.0
2024-05-15 11:00:00,east,maize,vegetative,24.7,35.55,61.55,15.77,3.35,579.87,0,0,0.0
2024-05-15 12:00:00,north,lettuce,flowering,8.0,35.99,48.45,0.0,2.16,607.99,2,1,35.0
2024-05-15 13:00:00,south,lettuce,vegetative,8.0,35.09,70.1,0.0,2.95,628.44,4,1,35.0
2024-05-15 14:00:00,north,tomato,flowering,8.0,31.68,68.24,0.0,0.52,601.1,1,1,35.0
2024-05-15 15:00:00,north,lettuce,flowering,8.0,32.62,51.11,0.0,2.95,475.14,3,1,35.0
2024-05-15 16:00:00,north,tomato,maturity,14.9,33.02,53.66,10.94,2.66,366.31,2,0,0.0
2024-05-15 17:00:00,north,maize,flowering,8.0,33.14,62.03,0.0,2.09,112.53,2,1,35.0
2024-05-15 18:00:00,east,tomato,maturity,8.0,30.7,58.68,0.0,0.92,15.98,3,1,35.0
2024-05-15 19:00:00,south,tomato,maturity,9.01,31.24,64.42,0.0,2.66,0.0,1,1,35.0
2024-05-15 20:00:00,south,tomato,vegetative,8.0,33.22,56.51,0.0,3.27,50.31,2,1,35.0
2024-05-15 21:00:00,south,cotton,flowering,11.97,30.14,72.16,0.0,1.76,45.48,4,1,35.0
2024-05-15 22:00:00,east,lettuce,vegetative,8.0,28.9,62.54,0.0,1.79,0.0,3,1,35.0
2024-05-15 23:00:00,west,cotton,maturity,10.27,26.22,81.57,0.0,3.35,0.0,3,1,35.0
2024-05-16 00:00:00,east,maize,flowering,8.0,24.73,70.04,0.0,4.45,0.0,4,1,35.0
2024-05-16 01:00:00,east,maize,vegetative,8.0,24.94,56.2,0.0,3.53,42.94,4,1,35.0
2024-05-16 02:00:00,east,maize,vegetative,8.0,24.13,80.9,0.0,2.68,18.35,2,1,35.0
2024-05-16 03:00:00,east,lettuce,vegetative,8.0,26.9,71.77,0.0,2.11,68.58,3,1,35.0
2024-05-16 04:00:00,north,maize,maturity,16.65,27.76,66.05,0.0,2.37,0.0,3,1,35.0
2024-05-16 05:00:00,west,lettuce,maturity,8.0,26.37,69.03,0.0,0.81,74.92,2,1,35.0
2024-05-16 06:00:00,north,cotton,emergence,8.0,28.87,54.18,0.0,2.21,0.0,1,1,35.0
2024-05-16 07:00:00,south,cotton,vegetative,8.0,31.82,47.52,0.0,3.74,145.5,4,1,35.0
2024-05-16 08:00:00,east,tomato,vegetative,8.0,33.59,58.44,0.0,2.45,283.5,1,1,35.0
2024-05-16 09:00:00,south,maize,flowering,8.0,32.84,68.98,0.0,1.65,489.22,2,1,35.0
2024-05-16 10:00:00,north,tomato,vegetative,8.0,32.39,62.46,0.0,1.54,524.35,1,1,35.0
2024-05-16 11:00:00,west,tomato,vegetative,8.0,34.58,69.9,0.0,2.36,666.92,4,1,35.0
2024-05-16 12:00:00,north,lettuce,maturity,14.05,36.14,65.94,4.38,0.92,677.85,0,0,0.0
2024-05-16 13:00:00,north,maize,flowering,8.0,31.5,60.54,0.0,1.31,637.99,2,1,35.0
2024-05-16 14:00:00,west,lettuce,flowering,8.0,36.87,64.39,3.89,4.24,562.76,0,0,0.0
2024-05-16 15:00:00,east,tomato,flowering,8.76,33.7,69.3,0.0,1.16,426.56,4,1,35.0
2024-05-16 16:00:00,north,cotton,flowering,8.0,33.31,58.39,0.0,1.44,349.81,1,1,35.0
2024-05-16 17:00:00,west,cotton,flowering,8.0,32.95,57.75,0.0,2.75,154.15,3,1,35.0
2024-05-16 18:00:00,west,maize,vegetative,8.0,33.13,60.08,0.0,1.87,30.47,2,1,35.0
2024-05-16 19:00:00,north,cotton,vegetative,11.63,30.02,44.7,7.04,2.51,56.01,2,0,0.0
2024-05-16 20:00:00,south,tomato,maturity,8.0,30.22,63.39,0.0,3.44,0.0,4,1,35.0
2024-05-16 21:00:00,south,lettuce,maturity,12.04,30.4,66.32,0.0,0.54,49.79,3,1,35.0
2024-05-16 22:00:00,north,cotton,flowering,8.02,28.98,63.43,0.0,3.31,10.22,1,1,35.0
2024-05-16 23:00:00,north,cotton,vegetative,8.0,28.39,65.3,0.0,1.7,24.45,4,1,35.0
2024-05-17 00:00:00,north,cotton,emergence,8.0,26.77,63.88,0.0,2.06,0.0,2,1,35.0
2024-05-17 01:00:00,north,maize,vegetative,15.22,27.9,49.3,4.64,4.71,0.0,2,0,0.0
2024-05-17 02:00:00,south,cotton,maturity,8.0,28.31,74.59,0.0,0.72,0.0,4,1,35.0
2024-05-17 03:00:00,south,lettuce,maturity,11.51,28.36,60.34,0.0,3.11,50.67,2,1,35.0
2024-05-17 04:00:00,north,tomato,flowering,9.34,27.9,58.95,0.0,3.75,0.0,3,1,35.0
2024-05-17 05:00:00,south,tomato,maturity,8.0,29.3,71.66,0.0,1.58,25.55,2,1,35.0
2024-05-17 06:00:00,north,lettuce,vegetative,8.0,30.03,68.43,0.0,1.6,0.9,4,1,35.0
2024-05-17 07:00:00,west,lettuce,flowering,8.0,33.7,60.55,0.0,1.96,159.3,1,1,35.0
2024-05-17 08:00:00,north,maize,vegetative,8.0,32.55,64.94,0.0,1.57,277.04,3,1,35.0
2024-05-17 09:00:00,west,cotton,vegetative,8.68,31.63,52.21,0.0,2.48,396.36,1,1,35.0
2024-05-17 10:00:00,east,lettuce,maturity,8.0,31.36,59.95,0.0,3.47,554.62,3,1,35.0
2024-05-17 11:00:00,west,maize,maturity,8.0,33.16,68.13,0.0,1.96,621.59,4,1,35.0
2024-05-17 12:00:00,east,maize,emergence,31.59,33.69,53.91,14.24,3.51,622.8,0,0,0.0
2024-05-17 13:00:00,south,lettuce,vegetative,8.0,35.36,50.33,0.0,4.08,636.49,3,1,35.0
2024-05-17 14:00:00,east,lettuce,flowering,8.0,33.67,59.21,0.0,2.92,635.2,4,1,35.0
2024-05-17 15:00:00,south,lettuce,emergence,8.0,36.38,57.21,0.0,3.03,515.43,3,1,35.0
2024-05-17 16:00:00,north,maize,flowering,8.0,32.1,64.45,0.0,1.69,327.97,3,1,35.0
2024-05-17 17:00:00,south,lettuce,flowering,8.0,31.1,51.07,0.0,0.0,172.42,3,1,35.0
2024-05-17 18:00:00,south,lettuce,vegetative,11.16,32.52,41.74,0.0,3.1,24.56,2,1,35.0
2024-05-17 19:00:00,north,cotton,vegetative,14.74,30.5,67.65,6.47,3.36,10.76,2,0,0.0
2024-05-17 20:00:00,north,tomato,vegetative,17.29,28.84,54.95,0.0,2.69,24.62,1,1,35.0
2024-05-17 21:00:00,west,lettuce,maturity,9.21,28.73,58.34,4.14,3.49,11.75,1,0,0.0
2024-05-17 22:00:00,east,maize,vegetative,8.0,27.58,48.25,0.0,1.74,5.39,2,1,35.0
2024-05-17 23:00:00,south,tomato,flowering,8.0,27.91,70.43,0.0,3.02,0.0,4,1,35.0
2024-05-18 00:00:00,west,lettuce,vegetative,8.0,26.4,66.93,0.0,4.17,14.33,4,1,35.0
2024-05-18 01:00:00,north,lettuce,flowering,8.0,26.13,66.87,0.0,3.2,0.0,2,1,35.0
2024-05-18 02:00:00,south,maize,emergence,11.17,26.79,66.29,0.0,4.01,10.92,3,1,35.0
2024-05-18 03:00:00,west,lettuce,emergence,8.0,28.46,48.41,0.0,4.02,0.0,3,1,35.0
2024-05-18 04:00:00,east,maize,flowering,8.0,29.54,55.07,0.0,0.93,10.94,1,1,35.0
2024-05-18 05:00:00,south,tomato,flowering,8.0,28.19,59.88,0.0,3.26,0.0,2,1,35.0
2024-05-18 06:00:00,south,maize,vegetative,8.55,29.14,57.05,0.0,1.64,46.38,2,1,35.0
2024-05-18 07:00:00,north,maize,vegetative,8.0,29.49,60.11,0.0,1.07,173.01,1,1,35.0
2024-05-18 08:00:00,north,lettuce,maturity,8.0,31.52,62.11,0.0,2.06,326.71,1,1,35.0
2024-05-18 09:00:00,north,cotton,emergence,8.0,32.42,66.71,0.0,4.5,475.48,2,1,35.0
2024-05-18 10:00:00,west,lettuce,vegetative,8.0,34.79,47.41,0.0,1.75,534.33,4,1,35.0
2024-05-18 11:00:00,east,tomato,vegetative,8.0,30.79,60.9,0.0,0.29,668.77,1,1,35.0
2024-05-18 12:00:00,south,maize,vegetative,8.0,33.91,63.45,0.0,0.67,675.93,3,1,35.0
2024-05-18 13:00:00,west,tomato,flowering,8.31,35.17,50.99,0.0,2.97,610.23,3,1,35.0
2024-05-18 14:00:00,north,lettuce,flowering,8.0,34.76,56.44,2.95,1.49,527.53,2,0,0.0
2024-05-18 15:00:00,north,tomato,flowering,8.0,33.25,62.26,0.0,0.0,446.55,4,1,35.0
2024-05-18 16:00:00,south,maize,flowering,8.0,32.31,59.83,0.0,0.71,321.23,2,1,35.0
2024-05-18 17:00:00,west,lettuce,vegetative,8.0,34.84,62.45,0.0,2.6,130.27,2,1,35.0
2024-05-18 18:00:00,east,lettuce,flowering,8.0,31.66,60.93,0.0,3.34,0.0,3,1,35.0
2024-05-18 19:00:00,west,maize,emergence,8.0,29.2,60.06,0.0,1.87,0.0,4,1,35.0
2024-05-18 20:00:00,north,maize,vegetative,8.0,32.08,51.72,0.0,3.18,0.0,3,1,35.0
2024-05-18 21:00:00,west,lettuce,flowering,13.61,30.45,62.97,9.72,3.5,0.0,0,0,0.0
2024-05-18 22:00:00,north,maize,vegetative,8.0,28.62,63.4,0.0,1.46,17.08,2,1,35.0
2024-05-18 23:00:00,north,tomato,emergence,8.0,26.6,57.37,0.0,2.25,1.09,3,1,35.0
2024-05-19 00:00:00,east,cotton,vegetative,8.0,27.24,67.89,0.0,1.68,14.07,4,1,35.0
2024-05-19 01:00:00,north,maize,flowering,8.0,28.83,71.41,0.0,3.05,8.71,3,1,35.0
2024-05-19 02:00:00,west,maize,vegetative,8.0,24.45,61.42,0.0,1.67,0.0,3,1,35.0
2024-05-19 03:00:00,west,tomato,flowering,8.0,24.66,60.78,0.0,0.94,23.93,2,1,35.0
2024-05-19 04:00:00,east,maize,flowering,8.0,26.46,59.08,0.0,2.46,0.0,3,1,35.0
2024-05-19 05:00:00,south,maize,flowering,8.0,28.0,51.45,0.0,3.73,0.0,1,1,35.0
2024-05-19 06:00:00,north,tomato,vegetative,8.0,28.13,77.13,0.0,3.01,0.0,1,1,35.0
2024-05-19 07:00:00,east,lettuce,maturity,8.0,30.8,57.82,0.0,3.61,172.41,1,1,35.0
2024-05-19 08:00:00,east,maize,vegetative,16.44,32.5,53.59,11.39,3.5,302.8,2,0,0.0
2024-05-19 09:00:00,west,cotton,maturity,8.85,32.32,51.85,0.0,2.45,478.83,1,1,35.0
2024-05-19 10:00:00,east,cotton,flowering,8.0,33.71,55.92,0.0,1.68,588.3,3,1,35.0
2024-05-19 11:00:00,north,tomato,emergence,8.0,34.11,53.45,0.0,1.36,579.41,4,1,35.0
2024-05-19 12:00:00,north,tomato,maturity,8.0,34.35,68.19,0.0,0.5,657.82,2,1,35.0
2024-05-19 13:00:00,west,lettuce,flowering,8.0,32.79,50.62,0.0,3.83,583.02,1,1,35.0
2024-05-19 14:00:00,north,cotton,vegetative,8.0,33.33,48.17,0.0,2.0,579.7,2,1,35.0
2024-05-19 15:00:00,west,cotton,vegetative,8.0,32.71,63.3,0.0,0.35,443.29,1,1,35.0
2024-05-19 16:00:00,north,tomato,flowering,8.0,34.11,57.56,0.0,3.88,296.85,3,1,35.0
2024-05-19 17:00:00,east,tomato,flowering,8.0,34.05,56.8,3.18,2.51,108.37,1,0,0.0
2024-05-19 18:00:00,west,tomato,maturity,21.51,30.7,64.96,9.69,3.56,0.0,2,0,0.0
2024-05-19 19:00:00,south,cotton,vegetative,8.0,32.01,60.95,0.0,2.09,0.0,2,1,35.0
2024-05-19 20:00:00,north,lettuce,flowering,8.0,29.56,61.63,0.0,1.45,0.0,2,1,35.0
2024-05-19 21:00:00,west,maize,flowering,8.0,28.23,53.18,0.0,2.93,6.51,2,1,35.0
2024-05-19 22:00:00,north,lettuce,flowering,8.0,27.93,51.58,0.0,3.03,33.92,3,1,35.0
2024-05-19 23:00:00,east,tomato,flowering,8.0,26.36,59.61,0.0,2.06,13.81,2,1,35.0
2024-05-20 00:00:00,west,lettuce,vegetative,8.0,28.39,55.3,0.0,3.98,0.0,2,1,35.0
2024-05-20 01:00:00,east,tomato,flowering,8.0,26.82,66.03,0.0,3.53,0.0,4,1,35.0
2024-05-20 02:00:00,north,lettuce,vegetative,8.0,28.16,50.48,0.0,3.08,23.82,4,1,35.0
2024-05-20 03:00:00,west,lettuce,vegetative,8.0,26.41,61.34,0.0,1.07,0.0,4,1,35.0
2024-05-20 04:00:00,north,lettuce,flowering,8.0,26.87,62.89,0.0,0.9,11.39,2,1,35.0
2024-05-20 05:00:00,east,maize,vegetative,8.0,30.92,60.59,0.0,3.84,0.0,4,1,35.0
2024-05-20 06:00:00,east,cotton,emergence,8.0,26.51,67.19,0.0,0.0,0.0,2,1,35.0
2024-05-20 07:00:00,south,lettuce,emergence,8.0,31.83,57.85,0.0,2.29,145.15,2,1,35.0
2024-05-20 08:00:00,south,tomato,flowering,8.0,33.42,54.19,0.0,2.58,346.42,4,1,35.0
2024-05-20 09:00:00,north,tomato,maturity,8.0,33.12,67.81,0.0,1.81,483.25,1,1,35.0
2024-05-20 10:00:00,west,lettuce,vegetative,8.0,32.44,57.4,0.0,2.36,543.49,4,1,35.0
2024-05-20 11:00:00,north,maize,vegetative,8.0,35.91,66.81,0.0,2.9,654.27,4,1,35.0
2024-05-20 12:00:00,south,tomato,maturity,8.0,33.92,56.19,0.0,1.7,600.06,4,1,35.0
2024-05-20 13:00:00,east,tomato,vegetative,8.0,33.74,58.49,0.0,3.46,621.86,4,1,35.0
2024-05-20 14:00:00,east,tomato,maturity,8.0,34.36,57.14,0.0,3.1,515.54,4,1,35.0
2024-05-20 15:00:00,east,maize,flowering,8.0,33.95,60.06,0.0,2.18,420.0,2,1,35.0
2024-05-20 16:00:00,east,lettuce,vegetative,8.0,32.98,56.27,0.0,1.41,277.2,3,1,35.0
2024-05-20 17:00:00,east,tomato,flowering,8.0,35.43,57.93,0.0,2.29,145.28,3,1,35.0
2024-05-20 18:00:00,west,lettuce,vegetative,8.0,31.78,70.89,0.0,4.93,21.69,2,1,35.0
2024-05-20 19:00:00,south,maize,flowering,8.37,31.93,67.4,0.0,1.49,0.0,2,1,35.0
2024-05-20 20:00:00,west,maize,emergence,14.04,28.77,69.97,0.0,4.24,0.0,4,1,35.0
2024-05-20 21:00:00,west,tomato,maturity,8.0,29.95,52.25,0.0,0.29,0.0,1,1,35.0
2024-05-20 22:00:00,west,lettuce,flowering,15.27,27.21,55.57,3.98,1.37,0.0,1,0,0.0
2024-05-20 23:00:00,west,cotton,maturity,8.0,26.34,66.05,0.0,1.75,20.01,2,1,35.0
2024-05-21 00:00:00,west,maize,maturity,8.0,27.38,69.09,0.0,3.54,0.0,4,1,35.0
2024-05-21 01:00:00,north,tomato,vegetative,8.0,28.73,58.98,0.0,2.47,0.0,4,1,35.0
2024-05-21 02:00:00,west,tomato,flowering,8.0,27.67,58.58,0.0,3.97,0.0,3,1,35.0
2024-05-21 03:00:00,east,tomato,maturity,8.0,27.91,73.03,0.0,2.0,15.59,4,1,35.0
2024-05-21 04:00:00,south,cotton,vegetative,13.29,27.35,68.52,0.0,2.34,8.36,1,1,35.0
2024-05-21 05:00:00,east,tomato,emergence,8.0,27.68,70.87,0.0,2.01,0.0,1,1,35.0
2024-05-21 06:00:00,south,cotton,vegetative,8.0,30.19,58.35,0.0,4.83,51.01,3,1,35.0
2024-05-21 07:00:00,east,lettuce,vegetative,8.0,29.13,58.66,0.0,1.06,238.75,2,1,35.0
2024-05-21 08:00:00,west,maize,maturity,8.0,32.26,66.44,0.0,1.79,325.25,4,1,35.0
2024-05-21 09:00:00,north,cotton,flowering,8.0,33.9,56.64,0.0,1.23,456.12,1,1,35.0
2024-05-21 10:00:00,south,tomato,flowering,8.0,31.75,55.93,0.0,3.09,557.33,2,1,35.0
2024-05-21 11:00:00,west,lettuce,maturity,13.4,32.79,52.97,6.7,1.03,606.47,2,0,0.0
2024-05-21 12:00:00,south,tomato,vegetative,8.0,33.65,55.1,0.0,4.59,663.16,3,1,35.0
2024-05-21 13:00:00,west,cotton,flowering,8.0,32.67,65.59,0.0,2.5,672.36,2,1,35.0
2024-05-21 14:00:00,north,maize,emergence,8.0,34.3,47.59,1.17,2.89,475.76,4,1,35.0
2024-05-21 15:00:00,east,tomato,emergence,8.0,36.82,60.54,0.0,2.96,453.68,1,1,35.0
2024-05-21 16:00:00,west,cotton,vegetative,8.9,32.9,54.32,4.93,2.38,377.1,1,0,0.0
2024-05-21 17:00:00,west,tomato,vegetative,8.0,35.82,55.47,2.63,2.55,181.99,1,0,0.0
2024-05-21 18:00:00,north,tomato,vegetative,8.0,32.36,58.69,0.0,2.5,14.48,3,1,35.0
2024-05-21 19:00:00,west,lettuce,flowering,8.0,35.21,55.88,0.0,3.02,0.0,4,1,35.0
2024-05-21 20:00:00,south,maize,vegetative,8.0,29.98,59.6,0.0,1.41,24.57,2,1,35.0
2024-05-21 21:00:00,south,cotton,emergence,8.0,29.76,58.68,0.0,1.21,35.32,4,1,35.0
2024-05-21 22:00:00,south,lettuce,flowering,8.0,27.64,59.49,0.0,3.39,7.0,2,1,35.0
2024-05-21 23:00:00,east,lettuce,emergence,8.0,27.15,73.12,0.0,2.4,0.0,3,1,35.0
2024-05-22 00:00:00,east,maize,maturity,8.0,29.62,62.08,0.0,0.0,15.5,4,1,35.0
2024-05-22 01:00:00,south,tomato,maturity,8.0,27.92,62.38,0.0,1.83,0.0,4,1,35.0
2024-05-22 02:00:00,north,cotton,flowering,8.0,28.62,58.19,0.0,4.24,0.0,2,1,35.0
2024-05-22 03:00:00,west,tomato,flowering,10.67,25.24,62.56,0.0,2.21,28.07,4,1,35.0
2024-05-22 04:00:00,north,maize,flowering,8.0,28.59,58.24,1.86,1.76,38.35,2,1,35.0
2024-05-22 05:00:00,north,tomato,flowering,8.0,26.79,69.53,0.0,0.61,0.0,3,1,35.0
2024-05-22 06:00:00,east,tomato,maturity,8.0,27.07,58.67,0.0,1.72,0.0,3,1,35.0
2024-05-22 07:00:00,south,lettuce,maturity,8.0,30.4,45.56,0.0,1.0,137.51,1,1,35.0
2024-05-22 08:00:00,east,lettuce,vegetative,8.0,31.42,60.88,2.72,2.92,331.92,2,0,0.0
2024-05-22 09:00:00,west,lettuce,flowering,8.0,32.19,57.89,0.0,2.46,418.87,1,1,35.0
2024-05-22 10:00:00,north,cotton,maturity,8.0,34.15,,0.0,1.96,607.85,1,1,35.0
2024-05-22 11:00:00,south,maize,emergence,8.0,35.21,63.81,0.0,1.49,611.58,3,1,35.0
2024-05-22 12:00:00,east,maize,flowering,8.0,36.74,37.07,0.0,4.23,662.82,1,1,35.0
2024-05-22 13:00:00,west,tomato,flowering,8.0,33.15,70.11,0.0,1.55,601.84,3,1,35.0
2024-05-22 14:00:00,east,lettuce,flowering,8.0,37.33,63.12,0.0,1.56,583.36,1,1,35.0
2024-05-22 15:00:00,south,maize,vegetative,8.0,37.76,51.0,0.0,2.11,482.93,1,1,35.0
2024-05-22 16:00:00,east,lettuce,vegetative,9.7,33.99,55.25,0.0,2.28,266.28,1,1,35.0
2024-05-22 17:00:00,west,tomato,vegetative,8.0,31.4,64.01,0.0,2.98,144.44,3,1,35.0
2024-05-22 18:00:00,south,cotton,flowering,8.0,31.0,64.52,0.0,3.52,0.0,1,1,35.0
2024-05-22 19:00:00,west,cotton,maturity,8.0,31.42,56.03,0.0,3.43,0.0,4,1,35.0
2024-05-22 20:00:00,west,cotton,maturity,8.0,34.09,47.01,0.0,5.32,30.51,3,1,35.0
2024-05-22 21:00:00,south,tomato,vegetative,8.0,30.06,76.35,0.0,0.37,0.0,1,1,35.0
2024-05-22 22:00:00,north,cotton,vegetative,9.73,28.15,69.78,0.0,2.68,25.02,4,1,35.0
2024-05-22 23:00:00,west,tomato,maturity,8.0,27.22,64.93,0.0,1.78,16.96,2,1,35.0
2024-05-23 00:00:00,north,maize,flowering,8.0,25.69,66.28,0.0,4.81,0.0,4,1,35.0
2024-05-23 01:00:00,south,tomato,flowering,8.0,28.58,67.08,0.0,2.61,26.47,4,1,35.0
2024-05-23 02:00:00,north,tomato,vegetative,8.0,27.0,69.19,0.0,0.0,0.0,2,1,35.0
2024-05-23 03:00:00,east,lettuce,vegetative,8.0,30.42,46.66,0.0,2.92,0.0,2,1,35.0
2024-05-23 04:00:00,south,tomato,maturity,8.0,28.61,60.25,0.0,2.72,0.0,1,1,35.0
2024-05-23 05:00:00,east,maize,flowering,10.29,29.55,58.77,0.0,3.31,0.0,1,1,35.0
2024-05-23 06:00:00,west,lettuce,vegetative,8.0,28.77,61.45,0.0,1.53,0.0,3,1,35.0
2024-05-23 07:00:00,west,cotton,maturity,8.0,28.46,68.22,0.0,2.79,170.33,3,1,35.0
2024-05-23 08:00:00,west,lettuce,flowering,8.0,29.83,49.21,0.0,2.08,325.33,3,1,35.0
2024-05-23 09:00:00,north,lettuce,maturity,9.04,30.12,52.06,0.84,1.59,464.48,4,1,35.0
2024-05-23 10:00:00,south,tomato,flowering,8.0,34.5,53.23,0.0,2.81,569.16,1,1,35.0
2024-05-23 11:00:00,north,cotton,vegetative,8.0,33.39,59.97,0.0,2.58,647.92,1,1,35.0
2024-05-23 12:00:00,west,tomato,maturity,8.0,36.03,62.6,0.0,3.66,605.94,4,1,35.0
2024-05-23 13:00:00,east,tomato,maturity,8.0,35.2,,0.0,2.43,645.68,1,1,35.0
2024-05-23 14:00:00,south,tomato,maturity,8.0,34.7,55.84,0.0,3.12,509.97,2,1,35.0
2024-05-23 15:00:00,east,lettuce,maturity,8.0,33.25,64.82,0.0,0.95,361.82,2,1,35.0
2024-05-23 16:00:00,east,maize,flowering,8.0,35.05,62.53,0.0,4.07,394.04,1,1,35.0
2024-05-23 17:00:00,south,lettuce,vegetative,8.0,33.64,62.48,0.0,1.47,135.37,3,1,35.0
2024-05-23 18:00:00,south,maize,vegetative,8.0,34.49,57.84,0.0,3.48,0.0,4,1,35.0
2024-05-23 19:00:00,north,maize,maturity,8.0,31.1,57.92,0.0,2.72,0.0,4,1,35.0
2024-05-23 20:00:00,south,maize,vegetative,8.0,32.06,52.49,0.0,2.56,0.0,2,1,35.0
2024-05-23 21:00:00,south,tomato,flowering,8.0,32.56,51.63,0.0,3.31,7.24,4,1,35.0
2024-05-23 22:00:00,west,maize,maturity,8.0,29.54,64.39,0.0,0.0,8.5,2,1,35.0
2024-05-23 23:00:00,west,lettuce,maturity,8.0,29.49,61.63,0.0,1.71,0.0,4,1,35.0
2024-05-24 00:00:00,west,maize,maturity,8.0,28.59,59.82,0.0,3.3,0.0,4,1,35.0
2024-05-24 01:00:00,north,tomato,flowering,31.32,30.18,66.11,16.87,4.71,12.91,2,0,0.0
2024-05-24 02:00:00,west,lettuce,flowering,8.0,27.75,61.99,0.0,2.37,8.35,1,1,35.0
2024-05-24 03:00:00,south,maize,maturity,8.0,28.38,56.5,0.0,0.0,4.49,4,1,35.0
2024-05-24 04:00:00,south,tomato,vegetative,8.0,27.68,61.59,0.0,2.02,26.61,1,1,35.0
2024-05-24 05:00:00,west,tomato,vegetative,8.0,27.21,69.58,0.0,2.33,0.0,3,1,35.0
2024-05-24 06:00:00,west,maize,maturity,8.0,27.38,56.53,0.0,3.73,48.73,2,1,35.0
2024-05-24 07:00:00,north,maize,flowering,8.0,32.06,61.42,0.0,2.46,157.97,2,1,35.0
2024-05-24 08:00:00,south,lettuce,flowering,8.0,29.68,61.46,0.0,0.87,349.31,3,1,35.0
2024-05-24 09:00:00,east,tomato,vegetative,8.0,33.35,,0.0,3.56,485.17,3,1,35.0
2024-05-24 10:00:00,east,lettuce,flowering,8.0,33.82,56.49,0.0,3.08,505.55,3,1,35.0
2024-05-24 11:00:00,south,maize,maturity,8.0,35.4,46.28,0.0,1.56,643.28,2,1,35.0
2024-05-24 12:00:00,east,lettuce,flowering,8.0,33.89,59.26,0.0,3.26,627.6,3,1,35.0
2024-05-24 13:00:00,west,lettuce,vegetative,8.0,33.87,48.95,0.0,1.74,592.54,3,1,35.0
2024-05-24 14:00:00,north,maize,flowering,8.0,35.76,64.5,0.0,2.04,548.06,3,1,35.0
2024-05-24 15:00:00,east,tomato,maturity,8.0,34.62,57.26,0.0,1.76,465.28,3,1,35.0
2024-05-24 16:00:00,east,maize,maturity,8.0,32.81,55.35,0.0,2.03,270.23,1,1,35.0
2024-05-24 17:00:00,west,cotton,vegetative,8.0,36.93,64.18,0.0,3.49,169.17,1,1,35.0
2024-05-24 18:00:00,south,cotton,flowering,8.0,32.01,52.77,0.0,0.26,0.0,1,1,35.0
2024-05-24 19:00:00,north,tomato,vegetative,10.08,30.74,55.77,6.32,3.72,36.34,1,0,0.0
2024-05-24 20:00:00,east,lettuce,vegetative,8.0,30.83,48.13,0.0,2.61,0.0,4,1,35.0
2024-05-24 21:00:00,east,maize,vegetative,8.0,32.04,69.13,0.0,1.93,41.64,1,1,35.0
2024-05-24 22:00:00,south,tomato,flowering,8.0,25.95,77.95,0.0,2.42,13.54,1,1,35.0
2024-05-24 23:00:00,west,lettuce,flowering,8.0,30.12,49.79,0.0,1.31,0.0,2,1,35.0
2024-05-25 00:00:00,west,maize,vegetative,8.0,26.42,58.75,0.0,0.44,44.58,4,1,35.0
2024-05-25 01:00:00,north,maize,vegetative,8.0,27.79,63.86,0.0,1.34,67.29,2,1,35.0
2024-05-25 02:00:00,west,cotton,vegetative,8.0,26.24,61.0,0.64,0.13,0.0,3,1,35.0
2024-05-25 03:00:00,north,maize,vegetative,8.0,30.38,61.08,0.0,0.78,0.0,4,1,35.0
2024-05-25 04:00:00,south,lettuce,flowering,13.93,27.98,62.39,0.0,0.45,15.01,3,1,35.0
2024-05-25 05:00:00,north,maize,vegetative,8.0,27.37,66.56,3.24,3.87,0.0,2,0,0.0
2024-05-25 06:00:00,south,tomato,emergence,8.0,28.8,55.83,0.0,0.86,0.0,1,1,35.0
2024-05-25 07:00:00,west,maize,maturity,8.0,30.36,62.66,0.0,2.35,213.97,4,1,35.0
2024-05-25 08:00:00,south,cotton,vegetative,8.0,31.52,52.57,0.0,3.74,345.02,3,1,35.0
2024-05-25 09:00:00,east,maize,maturity,8.0,32.95,56.36,0.0,3.42,429.58,2,1,35.0
2024-05-25 10:00:00,north,tomato,flowering,8.12,33.25,46.84,0.0,2.05,672.64,3,1,35.0
2024-05-25 11:00:00,east,lettuce,flowering,8.0,32.02,57.15,0.0,2.05,579.48,1,1,35.0
2024-05-25 12:00:00,south,cotton,flowering,8.0,34.21,54.22,0.0,2.62,671.69,3,1,35.0
2024-05-25 13:00:00,east,cotton,vegetative,8.0,36.03,63.38,0.0,4.93,599.97,2,1,35.0
2024-05-25 14:00:00,west,lettuce,maturity,8.0,34.25,57.78,0.0,2.9,625.25,1,1,35.0
2024-05-25 15:00:00,east,maize,maturity,8.0,36.13,57.55,0.0,3.2,441.04,1,1,35.0
2024-05-25 16:00:00,north,lettuce,vegetative,8.0,34.77,57.63,0.0,5.12,315.04,1,1,35.0
2024-05-25 17:00:00,south,cotton,flowering,8.0,33.76,43.69,0.0,2.73,104.93,4,1,35.0
2024-05-25 18:00:00,north,cotton,flowering,8.0,35.05,43.58,0.0,3.78,72.89,1,1,35.0
2024-05-25 19:00:00,south,cotton,maturity,8.0,29.68,59.62,0.0,2.97,0.0,2,1,35.0
2024-05-25 20:00:00,north,maize,maturity,8.0,30.24,63.36,0.0,2.96,16.81,1,1,35.0
2024-05-25 21:00:00,east,tomato,emergence,8.0,32.07,58.3,0.0,1.24,0.17,3,1,35.0
2024-05-25 22:00:00,south,lettuce,maturity,8.0,32.0,53.95,0.0,1.05,0.0,2,1,35.0
2024-05-25 23:00:00,north,tomato,maturity,8.0,31.86,58.43,0.0,1.79,0.0,4,1,35.0
2024-05-26 00:00:00,north,tomato,flowering,8.0,27.92,60.97,0.0,3.46,0.0,1,1,35.0
2024-05-26 01:00:00,west,maize,emergence,8.0,28.14,68.54,0.0,3.4,0.0,2,1,35.0
2024-05-26 02:00:00,west,lettuce,maturity,8.0,28.54,67.83,0.0,4.0,11.16,2,1,35.0
2024-05-26 03:00:00,west,cotton,flowering,8.0,29.36,58.24,0.0,2.39,75.09,2,1,35.0
2024-05-26 04:00:00,north,lettuce,vegetative,8.0,28.32,62.6,0.0,3.05,22.56,2,1,35.0
2024-05-26 05:00:00,south,cotton,maturity,8.0,29.87,63.63,0.0,3.05,30.1,2,1,35.0
2024-05-26 06:00:00,west,lettuce,flowering,8.0,30.0,64.57,0.0,2.27,0.0,4,1,35.0
2024-05-26 07:00:00,east,lettuce,maturity,25.87,31.06,72.32,6.21,2.01,122.27,1,0,0.0
2024-05-26 08:00:00,north,tomato,flowering,8.0,29.94,61.45,0.0,0.62,315.23,2,1,35.0
2024-05-26 09:00:00,north,lettuce,vegetative,8.0,31.85,68.3,0.0,2.22,433.91,4,1,35.0
2024-05-26 10:00:00,south,tomato,maturity,8.0,32.53,51.46,0.0,2.28,561.16,1,1,35.0
2024-05-26 11:00:00,west,tomato,flowering,8.0,32.36,55.25,0.0,3.76,610.56,3,1,35.0
2024-05-26 12:00:00,north,tomato,flowering,8.0,32.3,44.81,0.0,3.88,591.28,3,1,35.0
2024-05-26 13:00:00,west,cotton,vegetative,8.0,34.54,59.03,0.0,2.57,672.2,1,1,35.0
2024-05-26 14:00:00,east,lettuce,vegetative,8.0,34.92,,0.0,4.88,557.99,3,1,35.0
2024-05-26 15:00:00,west,cotton,flowering,8.0,35.33,39.44,0.0,2.63,448.07,3,1,35.0
2024-05-26 16:00:00,west,cotton,vegetative,8.0,35.61,58.43,0.0,3.64,286.33,3,1,35.0
2024-05-26 17:00:00,south,cotton,maturity,8.0,34.42,62.29,0.0,2.28,151.59,3,1,35.0
2024-05-26 18:00:00,west,tomato,maturity,8.0,32.93,63.09,0.0,1.03,0.0,4,1,35.0
2024-05-26 19:00:00,north,cotton,flowering,8.0,30.98,52.45,0.0,1.89,0.0,2,1,35.0
2024-05-26 20:00:00,south,cotton,vegetative,8.0,32.63,64.91,0.0,4.17,5.7,1,1,35.0
2024-05-26 21:00:00,north,cotton,flowering,8.0,30.13,61.57,0.0,2.08,0.0,2,1,35.0
2024-05-26 22:00:00,north,tomato,emergence,12.84,28.66,66.81,0.0,1.84,26.2,4,1,35.0
2024-05-26 23:00:00,north,tomato,maturity,10.96,28.2,62.16,0.0,2.4,0.0,2,1,35.0
2024-05-27 00:00:00,north,cotton,flowering,8.0,26.8,66.82,0.0,1.93,4.02,4,1,35.0
2024-05-27 01:00:00,north,tomato,maturity,8.0,26.71,72.0,0.0,3.83,3.02,4,1,35.0
2024-05-27 02:00:00,south,maize,vegetative,9.47,26.52,62.95,0.0,4.66,13.47,1,1,35.0
2024-05-27 03:00:00,north,maize,vegetative,8.0,27.07,65.93,0.0,2.41,0.0,3,1,35.0
2024-05-27 04:00:00,north,tomato,maturity,8.0,28.89,71.24,0.0,3.05,31.47,4,1,35.0
2024-05-27 05:00:00,west,tomato,flowering,15.56,29.15,61.35,10.63,3.57,0.0,1,0,0.0
2024-05-27 06:00:00,north,cotton,maturity,8.0,31.69,52.37,0.0,2.53,1.49,2,1,35.0
2024-05-27 07:00:00,north,cotton,maturity,8.0,32.15,,1.41,1.35,126.06,4,1,35.0
2024-05-27 08:00:00,north,cotton,flowering,8.0,34.3,68.2,0.0,1.91,320.77,1,1,35.0
2024-05-27 09:00:00,north,maize,vegetative,8.0,33.24,68.03,0.0,2.89,490.8,4,1,35.0
2024-05-27 10:00:00,east,tomato,flowering,8.0,34.18,63.26,7.55,2.87,582.36,1,0,0.0
2024-05-27 11:00:00,west,maize,maturity,8.0,33.47,42.42,0.0,0.25,664.9,1,1,35.0
2024-05-27 12:00:00,east,maize,maturity,8.0,36.07,52.29,0.0,1.88,639.39,3,1,35.0
2024-05-27 13:00:00,east,tomato,vegetative,8.0,34.25,54.11,0.0,1.52,659.66,1,1,35.0
2024-05-27 14:00:00,north,lettuce,flowering,8.0,33.16,59.38,0.0,3.46,538.69,3,1,35.0
2024-05-27 15:00:00,west,cotton,vegetative,8.0,37.52,67.4,0.0,1.56,443.57,2,1,35.0
2024-05-27 16:00:00,north,maize,flowering,11.04,32.96,51.67,0.0,1.85,329.55,3,1,35.0
2024-05-27 17:00:00,east,maize,maturity,8.0,34.85,73.41,0.0,1.8,197.98,4,1,35.0
2024-05-27 18:00:00,south,maize,maturity,8.0,32.05,57.29,0.0,3.35,0.0,4,1,35.0
2024-05-27 19:00:00,west,tomato,vegetative,8.0,34.09,52.96,0.0,3.56,24.33,1,1,35.0
2024-05-27 20:00:00,south,tomato,vegetative,8.0,33.26,64.91,0.0,2.99,8.09,4,1,35.0
2024-05-27 21:00:00,east,maize,vegetative,8.0,31.13,67.17,0.0,3.73,11.79,4,1,35.0
2024-05-27 22:00:00,south,maize,vegetative,8.0,31.24,65.16,0.0,3.88,0.0,3,1,35.0
2024-05-27 23:00:00,east,maize,vegetative,8.0,28.55,57.37,0.0,0.23,0.0,1,1,35.0
2024-05-28 00:00:00,west,cotton,maturity,8.0,31.31,64.07,0.0,3.11,0.0,3,1,35.0
2024-05-28 01:00:00,east,tomato,vegetative,8.0,28.68,55.42,5.91,1.96,11.81,2,0,0.0
2024-05-28 02:00:00,south,tomato,vegetative,8.0,26.07,59.16,0.0,0.89,0.0,1,1,35.0
2024-05-28 03:00:00,south,tomato,flowering,12.17,27.66,62.81,5.46,2.02,0.0,0,0,0.0
2024-05-28 04:00:00,east,tomato,vegetative,8.86,27.73,57.68,1.53,3.28,0.0,3,1,35.0
2024-05-28 05:00:00,south,lettuce,vegetative,8.0,28.22,70.4,0.0,4.15,26.1,1,1,35.0
2024-05-28 06:00:00,north,cotton,maturity,8.0,26.93,60.01,0.0,0.79,33.04,3,1,35.0
2024-05-28 07:00:00,south,cotton,emergence,8.0,30.97,59.28,0.0,3.14,97.89,4,1,35.0
2024-05-28 08:00:00,north,lettuce,vegetative,8.0,29.34,55.97,0.0,4.76,327.65,4,1,35.0
2024-05-28 09:00:00,north,maize,flowering,8.0,28.67,69.93,0.0,4.6,446.42,4,1,35.0
2024-05-28 10:00:00,south,tomato,vegetative,8.0,32.9,54.61,0.0,0.0,605.51,4,1,35.0
2024-05-28 11:00:00,west,maize,vegetative,8.0,33.11,67.1,0.0,5.01,620.49,1,1,35.0
2024-05-28 12:00:00,west,maize,vegetative,8.0,33.59,66.21,0.0,3.55,669.09,1,1,35.0
2024-05-28 13:00:00,south,cotton,vegetative,12.99,30.63,57.97,10.32,0.0,612.97,2,0,0.0
2024-05-28 14:00:00,south,maize,maturity,8.0,34.14,58.49,0.0,1.48,538.87,4,1,35.0
2024-05-28 15:00:00,north,tomato,vegetative,35.71,35.02,54.27,21.39,3.91,486.47,2,0,0.0
2024-05-28 16:00:00,west,maize,vegetative,8.0,33.93,62.27,0.0,2.83,362.74,1,1,35.0
2024-05-28 17:00:00,north,tomato,vegetative,8.0,34.83,56.37,0.0,1.71,123.82,4,1,35.0
2024-05-28 18:00:00,west,cotton,maturity,8.0,35.51,54.27,0.0,2.48,39.99,1,1,35.0
2024-05-28 19:00:00,west,tomato,emergence,8.0,33.23,59.34,0.0,3.06,0.0,2,1,35.0
2024-05-28 20:00:00,east,tomato,maturity,8.0,32.96,48.16,4.76,1.7,0.0,1,0,0.0
2024-05-28 21:00:00,south,tomato,vegetative,8.0,32.05,59.43,0.0,2.25,0.38,1,1,35.0
2024-05-28 22:00:00,west,cotton,maturity,8.0,27.89,67.83,0.0,3.48,17.75,2,1,35.0
2024-05-28 23:00:00,east,maize,vegetative,8.0,29.25,63.17,0.0,1.56,0.0,2,1,35.0
2024-05-29 00:00:00,east,lettuce,emergence,8.0,29.5,68.66,0.0,0.77,0.0,2,1,35.0
2024-05-29 01:00:00,west,maize,flowering,21.74,26.95,61.4,14.25,1.64,0.0,1,0,0.0
2024-05-29 02:00:00,west,tomato,vegetative,8.0,26.28,61.36,0.0,1.33,0.0,2,1,35.0
2024-05-29 03:00:00,north,cotton,flowering,8.0,28.4,55.06,0.0,1.67,47.94,3,1,35.0
2024-05-29 04:00:00,west,tomato,flowering,8.0,25.78,62.13,1.32,0.33,0.42,1,1,35.0
2024-05-29 05:00:00,west,tomato,flowering,8.0,27.01,77.75,0.0,2.68,25.71,3,1,35.0
2024-05-29 06:00:00,north,lettuce,vegetative,8.0,28.47,64.75,0.0,3.44,7.34,1,1,35.0
2024-05-29 07:00:00,south,tomato,flowering,8.0,31.11,56.61,0.0,1.43,223.14,3,1,35.0
2024-05-29 08:00:00,west,tomato,vegetative,8.0,31.8,53.12,0.0,1.62,293.79,1,1,35.0
2024-05-29 09:00:00,north,cotton,maturity,8.0,34.05,47.17,0.0,2.18,456.54,4,1,35.0
2024-05-29 10:00:00,south,maize,flowering,8.0,32.09,54.12,0.0,1.31,508.0,2,1,35.0
2024-05-29 11:00:00,east,tomato,flowering,8.0,32.84,64.65,0.0,3.58,656.25,1,1,35.0
2024-05-29 12:00:00,east,maize,maturity,8.0,35.72,54.03,0.0,1.33,688.99,1,1,35.0
2024-05-29 13:00:00,west,lettuce,flowering,8.0,34.14,51.58,0.0,1.77,658.4,2,1,35.0
2024-05-29 14:00:00,north,tomato,flowering,8.0,34.57,52.01,0.0,1.48,558.55,4,1,35.0
2024-05-29 15:00:00,south,tomato,vegetative,8.0,32.55,64.11,0.0,3.61,407.49,2,1,35.0
2024-05-29 16:00:00,west,lettuce,flowering,8.0,35.37,56.73,0.0,2.12,321.98,2,1,35.0
2024-05-29 17:00:00,east,lettuce,vegetative,8.0,36.61,51.92,0.0,4.79,144.51,4,1,35.0
2024-05-29 18:00:00,north,cotton,emergence,8.0,31.93,57.9,0.0,2.82,32.29,1,1,35.0
2024-05-29 19:00:00,south,maize,maturity,8.0,34.04,73.81,0.0,3.79,0.0,3,1,35.0
2024-05-29 20:00:00,south,tomato,emergence,8.0,31.38,69.03,0.0,2.01,0.0,2,1,35.0
2024-05-29 21:00:00,east,maize,flowering,8.0,27.79,73.65,0.0,1.27,76.09,4,1,35.0
2024-05-29 22:00:00,south,lettuce,vegetative,8.0,28.13,50.83,0.0,2.36,27.98,3,1,35.0
2024-05-29 23:00:00,east,tomato,vegetative,8.0,27.21,62.78,0.0,1.59,37.66,2,1,35.0
2024-05-30 00:00:00,south,lettuce,maturity,8.0,27.58,59.02,0.0,0.0,0.0,2,1,35.0
2024-05-30 01:00:00,east,tomato,emergence,8.0,28.28,66.78,0.0,3.62,0.0,4,1,35.0
2024-05-30 02:00:00,north,cotton,flowering,8.0,30.29,68.78,0.0,2.44,37.34,2,1,35.0
2024-05-30 03:00:00,east,cotton,flowering,10.99,25.51,67.48,4.02,1.56,52.22,1,0,0.0
2024-05-30 04:00:00,west,maize,maturity,8.0,27.33,57.63,2.82,2.85,0.0,0,0,0.0
2024-05-30 05:00:00,north,cotton,vegetative,8.0,27.35,59.1,0.0,2.46,0.0,1,1,35.0
2024-05-30 06:00:00,south,cotton,maturity,8.0,27.62,67.85,4.94,4.09,0.0,2,0,0.0
2024-05-30 07:00:00,east,tomato,vegetative,8.0,30.63,66.14,0.0,2.92,185.08,4,1,35.0
2024-05-30 08:00:00,east,maize,vegetative,8.0,31.52,61.37,0.0,2.21,363.02,3,1,35.0
2024-05-30 09:00:00,east,lettuce,vegetative,8.0,29.83,,0.0,3.23,446.73,1,1,35.0
2024-05-30 10:00:00,east,tomato,vegetative,8.0,33.55,59.11,0.0,2.36,549.92,1,1,35.0
2024-05-30 11:00:00,east,maize,flowering,8.0,32.54,61.45,0.0,2.62,559.37,4,1,35.0
2024-05-30 12:00:00,east,tomato,emergence,8.0,35.0,62.61,0.0,3.87,616.6,2,1,35.0
2024-05-30 13:00:00,north,cotton,vegetative,8.0,37.29,60.18,0.0,1.0,680.61,3,1,35.0
2024-05-30 14:00:00,west,maize,flowering,8.0,36.21,56.79,0.0,1.36,580.16,1,1,35.0
2024-05-30 15:00:00,south,lettuce,flowering,8.0,35.65,56.74,0.0,1.9,492.04,3,1,35.0
2024-05-30 16:00:00,north,maize,vegetative,8.0,34.19,57.64,0.0,2.07,312.22,1,1,35.0
2024-05-30 17:00:00,south,tomato,vegetative,8.0,34.45,52.58,0.0,3.79,158.68,3,1,35.0
2024-05-30 18:00:00,south,cotton,vegetative,8.0,34.36,52.56,0.0,0.7,0.65,4,1,35.0
2024-05-30 19:00:00,north,tomato,flowering,8.0,33.25,,0.0,2.36,11.35,4,1,35.0
2024-05-30 20:00:00,west,tomato,maturity,8.0,31.37,55.51,0.0,1.74,48.16,4,1,35.0
2024-05-30 21:00:00,north,maize,flowering,8.0,30.81,66.65,0.0,4.44,0.0,3,1,35.0
2024-05-30 22:00:00,south,lettuce,flowering,8.0,27.54,63.21,1.55,3.46,0.0,3,1,35.0
2024-05-30 23:00:00,south,maize,emergence,8.0,27.59,69.27,0.0,2.69,0.0,1,1,35.0
2024-05-31 00:00:00,west,tomato,maturity,8.0,29.16,66.73,0.0,3.56,0.0,3,1,35.0
2024-05-31 01:00:00,east,maize,vegetative,8.0,28.96,68.33,1.67,0.82,32.2,4,1,35.0
2024-05-31 02:00:00,west,tomato,vegetative,8.0,27.71,60.1,0.0,4.83,61.16,1,1,35.0
2024-05-31 03:00:00,north,tomato,vegetative,8.0,29.92,64.53,0.0,1.39,26.79,2,1,35.0
2024-05-31 04:00:00,west,maize,emergence,8.0,28.86,67.68,0.0,3.91,8.06,4,1,35.0
2024-05-31 05:00:00,west,tomato,maturity,8.0,28.39,52.03,0.0,3.06,64.87,2,1,35.0
2024-05-31 06:00:00,south,maize,vegetative,8.0,27.74,75.32,0.0,2.72,16.06,3,1,35.0
2024-05-31 07:00:00,east,lettuce,vegetative,8.0,32.69,75.31,0.0,3.86,196.33,4,1,35.0
2024-05-31 08:00:00,north,lettuce,vegetative,8.0,32.72,66.05,0.0,3.6,329.93,4,1,35.0
2024-05-31 09:00:00,west,tomato,maturity,8.0,35.3,63.0,0.0,2.53,469.9,1,1,35.0
2024-05-31 10:00:00,west,maize,maturity,8.0,36.82,60.27,0.0,1.89,558.26,2,1,35.0
2024-05-31 11:00:00,south,tomato,maturity,8.0,32.46,57.37,0.0,2.55,656.99,1,1,35.0
2024-05-31 12:00:00,east,cotton,maturity,8.0,33.1,58.35,0.0,2.28,611.81,4,1,35.0
2024-05-31 13:00:00,south,tomato,maturity,8.0,31.13,67.44,0.0,2.82,642.53,4,1,35.0
2024-05-31 14:00:00,north,tomato,flowering,8.0,36.94,49.23,0.0,3.62,533.06,4,1,35.0
2024-05-31 15:00:00,east,maize,vegetative,8.0,36.41,49.04,0.0,2.96,477.46,1,1,35.0
2024-05-31 16:00:00,east,tomato,vegetative,8.0,35.18,54.68,0.0,2.62,408.79,3,1,35.0
2024-05-31 17:00:00,west,tomato,vegetative,8.0,32.55,64.15,0.0,1.62,192.73,3,1,35.0
2024-05-31 18:00:00,west,tomato,flowering,8.0,33.43,52.79,0.0,2.79,41.09,3,1,35.0
2024-05-31 19:00:00,south,lettuce,emergence,8.0,32.88,57.72,0.0,0.36,31.59,1,1,35.0
2024-05-31 20:00:00,west,lettuce,vegetative,8.0,32.74,58.66,0.0,1.44,0.0,1,1,35.0
2024-05-31 21:00:00,east,lettuce,flowering,8.0,30.94,53.77,0.0,3.13,0.0,2,1,35.0
2024-05-31 22:00:00,east,lettuce,vegetative,8.0,30.56,44.07,0.0,3.46,15.68,2,1,35.0
2024-05-31 23:00:00,east,maize,emergence,8.0,28.55,55.57,0.0,2.38,0.0,4,1,35.0
2024-06-01 00:00:00,west,cotton,emergence,8.0,29.92,63.49,0.0,2.64,0.0,1,1,35.0
2024-06-01 01:00:00,east,lettuce,flowering,8.0,28.69,66.05,0.0,2.84,0.0,4,1,35.0
2024-06-01 02:00:00,north,cotton,vegetative,8.0,25.83,68.4,0.0,3.22,0.0,1,1,35.0
2024-06-01 03:00:00,north,lettuce,vegetative,8.0,29.83,66.0,0.0,2.16,0.0,3,1,35.0
2024-06-01 04:00:00,south,maize,vegetative,8.0,29.98,57.23,0.0,1.22,46.81,3,1,35.0
2024-06-01 05:00:00,east,maize,flowering,8.0,29.48,56.13,0.0,2.86,0.0,2,1,35.0
2024-06-01 06:00:00,east,maize,vegetative,8.0,30.03,64.2,0.0,4.75,9.5,1,1,35.0
2024-06-01 07:00:00,south,tomato,emergence,8.0,33.06,57.67,0.0,1.29,208.96,1,1,35.0
2024-06-01 08:00:00,east,maize,maturity,8.0,29.16,68.62,0.0,2.25,324.05,2,1,35.0
2024-06-01 09:00:00,west,tomato,maturity,8.0,34.51,60.67,0.0,1.94,508.92,2,1,35.0
2024-06-01 10:00:00,south,tomato,vegetative,8.0,32.89,68.27,0.0,5.3,547.96,1,1,35.0
2024-06-01 11:00:00,south,cotton,vegetative,8.0,36.08,53.48,0.0,1.25,596.17,4,1,35.0
2024-06-01 12:00:00,east,lettuce,vegetative,8.0,35.25,64.87,0.0,2.21,649.67,4,1,35.0
2024-06-01 13:00:00,south,lettuce,flowering,8.0,33.61,72.96,0.0,1.96,614.5,4,1,35.0
2024-06-01 14:00:00,west,maize,vegetative,8.0,34.86,58.09,0.0,0.89,542.9,4,1,35.0
2024-06-01 15:00:00,west,lettuce,maturity,8.0,37.0,59.49,0.0,0.83,453.3,2,1,35.0
2024-06-01 16:00:00,east,cotton,maturity,8.0,34.76,51.28,0.0,3.08,297.28,4,1,35.0
2024-06-01 17:00:00,south,lettuce,flowering,8.0,33.5,65.05,0.0,3.25,138.91,1,1,35.0
2024-06-01 18:00:00,east,lettuce,emergence,8.0,32.67,67.37,0.0,1.73,0.0,3,1,35.0
2024-06-01 19:00:00,north,maize,maturity,8.0,33.61,55.25,0.0,4.09,14.58,3,1,35.0
2024-06-01 20:00:00,south,maize,flowering,8.0,34.23,62.32,0.0,0.0,0.0,2,1,35.0
2024-06-01 21:00:00,north,lettuce,maturity,8.0,27.36,65.67,0.0,0.89,0.0,4,1,35.0
2024-06-01 22:00:00,north,cotton,emergence,8.0,33.81,61.29,0.0,1.41,0.0,2,1,35.0
2024-06-01 23:00:00,north,maize,flowering,8.0,29.09,68.02,0.0,2.39,7.2,3,1,35.0
2024-06-02 00:00:00,east,maize,maturity,8.0,29.06,65.99,0.0,1.86,23.43,2,1,35.0
2024-06-02 01:00:00,north,maize,maturity,23.09,27.13,62.92,10.32,2.16,26.29,0,0,0.0
2024-06-02 02:00:00,east,maize,flowering,8.0,27.64,69.32,4.33,2.98,7.5,1,0,0.0
2024-06-02 03:00:00,south,cotton,flowering,8.0,28.07,70.92,0.0,4.15,18.74,3,1,35.0
2024-06-02 04:00:00,south,lettuce,vegetative,8.0,26.61,60.43,0.0,3.36,0.0,3,1,35.0
2024-06-02 05:00:00,west,maize,flowering,8.0,27.61,63.5,0.0,2.47,15.95,1,1,35.0
2024-06-02 06:00:00,east,maize,maturity,8.0,31.43,48.08,0.0,2.3,15.41,2,1,35.0
2024-06-02 07:00:00,east,maize,flowering,8.0,28.29,67.06,0.0,3.72,142.7,3,1,35.0
2024-06-02 08:00:00,east,tomato,vegetative,8.0,32.31,68.31,0.0,4.66,287.35,1,1,35.0
2024-06-02 09:00:00,north,maize,emergence,8.0,32.13,58.1,0.0,3.17,506.94,1,1,35.0
2024-06-02 10:00:00,north,cotton,flowering,8.0,32.21,60.77,0.0,1.81,567.3,3,1,35.0
2024-06-02 11:00:00,east,lettuce,maturity,8.0,37.44,54.11,0.0,2.71,664.66,1,1,35.0
2024-06-02 12:00:00,west,tomato,emergence,8.0,33.68,55.97,0.0,3.1,611.5,3,1,35.0
2024-06-02 13:00:00,north,lettuce,vegetative,8.0,33.82,60.17,0.0,1.73,613.66,1,1,35.0
2024-06-02 14:00:00,north,lettuce,maturity,8.0,35.37,51.81,0.0,3.44,514.73,4,1,35.0
2024-06-02 15:00:00,west,tomato,flowering,8.0,34.36,56.46,0.0,2.72,482.24,3,1,35.0
2024-06-02 16:00:00,west,lettuce,vegetative,8.0,35.12,51.17,0.0,3.8,303.49,3,1,35.0
2024-06-02 17:00:00,north,lettuce,vegetative,8.0,34.71,61.95,0.0,1.23,148.83,4,1,35.0
2024-06-02 18:00:00,south,cotton,vegetative,16.03,34.0,60.07,10.48,0.31,68.45,2,0,0.0
2024-06-02 19:00:00,east,tomato,emergence,8.0,32.5,56.58,0.0,1.93,23.32,1,1,35.0
2024-06-02 20:00:00,north,tomato,flowering,8.0,30.6,61.38,0.0,2.43,22.89,4,1,35.0
2024-06-02 21:00:00,south,maize,flowering,8.0,31.58,58.79,1.43,0.24,0.0,2,1,35.0
2024-06-02 22:00:00,south,tomato,flowering,8.0,29.48,70.02,0.0,1.67,0.0,3,1,35.0
2024-06-02 23:00:00,east,maize,flowering,8.0,28.08,60.05,0.0,3.94,33.97,4,1,35.0
2024-06-03 00:00:00,south,lettuce,emergence,8.0,30.44,65.69,0.0,3.04,0.0,2,1,35.0
2024-06-03 01:00:00,south,tomato,vegetative,8.0,27.64,58.55,4.07,2.57,0.0,0,0,0.0
2024-06-03 02:00:00,south,maize,vegetative,8.0,29.33,67.84,0.0,1.13,0.0,4,1,35.0
2024-06-03 03:00:00,west,cotton,emergence,8.0,29.67,69.13,0.0,3.9,0.0,2,1,35.0
2024-06-03 04:00:00,north,maize,flowering,8.0,30.16,69.07,0.0,1.9,0.0,1,1,35.0
2024-06-03 05:00:00,north,maize,vegetative,8.0,29.9,71.98,0.0,2.51,0.0,3,1,35.0
2024-06-03 06:00:00,north,lettuce,flowering,8.0,29.69,63.9,0.0,2.89,0.0,4,1,35.0
2024-06-03 07:00:00,west,tomato,vegetative,8.0,30.56,69.82,0.0,2.61,177.16,1,1,35.0
2024-06-03 08:00:00,west,tomato,emergence,8.0,31.32,71.91,0.0,4.19,362.32,4,1,35.0
2024-06-03 09:00:00,east,lettuce,vegetative,8.0,29.47,54.17,0.0,3.09,398.85,4,1,35.0
2024-06-03 10:00:00,north,maize,flowering,8.0,34.77,53.56,0.0,2.81,569.76,1,1,35.0
2024-06-03 11:00:00,west,maize,flowering,8.0,34.88,47.22,8.08,2.3,646.8,0,0,0.0
2024-06-03 12:00:00,south,tomato,maturity,8.0,36.39,63.91,0.0,2.92,665.63,3,1,35.0
2024-06-03 13:00:00,west,cotton,vegetative,8.0,35.38,46.74,0.0,2.15,620.11,3,1,35.0
2024-06-03 14:00:00,south,tomato,flowering,8.0,36.69,43.79,0.0,2.63,542.02,3,1,35.0
2024-06-03 15:00:00,west,lettuce,flowering,8.0,33.49,51.13,0.0,1.99,486.17,1,1,35.0
2024-06-03 16:00:00,west,maize,vegetative,8.0,33.4,46.71,0.0,1.8,336.74,4,1,35.0
2024-06-03 17:00:00,north,lettuce,emergence,8.0,30.8,62.86,0.0,1.3,101.93,2,1,35.0
2024-06-03 18:00:00,east,tomato,vegetative,8.0,33.49,51.22,0.0,2.07,0.0,2,1,35.0
2024-06-03 19:00:00,south,tomato,emergence,8.0,31.57,48.52,0.0,2.0,1.94,1,1,35.0
2024-06-03 20:00:00,south,maize,maturity,8.0,30.33,61.04,0.0,4.6,0.0,1,1,35.0
2024-06-03 21:00:00,south,lettuce,vegetative,8.0,31.16,60.8,0.0,3.59,0.0,1,1,35.0
2024-06-03 22:00:00,east,tomato,flowering,8.0,29.05,49.27,0.0,2.24,17.2,4,1,35.0
2024-06-03 23:00:00,south,maize,flowering,8.0,26.71,59.24,0.0,1.89,0.0,4,1,35.0
2024-06-04 00:00:00,east,maize,vegetative,8.0,32.08,59.41,0.0,3.14,8.15,1,1,35.0
2024-06-04 01:00:00,east,tomato,flowering,8.0,27.81,60.86,0.0,4.73,0.0,1,1,35.0
2024-06-04 02:00:00,west,lettuce,emergence,13.76,26.1,62.41,2.79,3.36,0.0,1,0,0.0
2024-06-04 03:00:00,west,tomato,flowering,8.0,26.86,72.37,0.0,0.34,21.55,1,1,35.0
2024-06-04 04:00:00,north,maize,emergence,8.0,28.0,78.22,7.34,3.44,41.09,0,0,0.0
2024-06-04 05:00:00,west,tomato,vegetative,8.0,28.63,60.5,0.0,3.65,0.0,3,1,35.0
2024-06-04 06:00:00,north,maize,vegetative,8.0,31.68,51.0,0.0,5.04,33.36,4,1,35.0
2024-06-04 07:00:00,east,maize,flowering,8.0,30.57,59.5,0.0,2.1,167.78,2,1,35.0
2024-06-04 08:00:00,south,maize,flowering,8.0,34.51,59.35,0.0,2.57,247.53,3,1,35.0
2024-06-04 09:00:00,east,maize,flowering,8.0,32.11,59.54,0.0,2.94,409.4,2,1,35.0
2024-06-04 10:00:00,east,cotton,emergence,8.0,34.37,62.38,0.0,1.48,584.21,2,1,35.0
2024-06-04 11:00:00,west,maize,maturity,8.0,36.09,72.21,0.0,1.37,571.01,1,1,35.0
2024-06-04 12:00:00,south,cotton,emergence,8.0,36.98,44.02,0.0,2.88,628.35,3,1,35.0
2024-06-04 13:00:00,west,tomato,maturity,8.0,37.56,52.0,0.0,0.55,625.0,4,1,35.0
2024-06-04 14:00:00,south,maize,flowering,8.0,35.32,68.13,0.0,0.82,578.6,4,1,35.0
2024-06-04 15:00:00,north,tomato,flowering,8.0,35.58,53.48,0.0,3.38,466.08,4,1,35.0
2024-06-04 16:00:00,south,maize,vegetative,8.0,31.47,65.95,0.0,3.0,379.9,4,1,35.0
2024-06-04 17:00:00,east,lettuce,flowering,8.0,34.26,62.61,0.0,3.9,139.68,2,1,35.0
2024-06-04 18:00:00,east,cotton,flowering,8.0,35.36,65.97,0.0,2.96,3.45,4,1,35.0
2024-06-04 19:00:00,west,lettuce,vegetative,8.0,34.11,71.71,6.72,2.41,15.84,1,0,0.0
2024-06-04 20:00:00,north,lettuce,maturity,8.0,31.6,62.65,0.0,3.95,24.94,2,1,35.0
2024-06-04 21:00:00,south,tomato,emergence,8.0,33.24,46.79,0.0,1.89,36.79,3,1,35.0
2024-06-04 22:00:00,west,tomato,flowering,8.0,29.15,57.38,0.0,2.0,0.0,2,1,35.0
2024-06-04 23:00:00,south,lettuce,flowering,8.0,27.82,78.64,0.0,2.32,22.8,4,1,35.0
2024-06-05 00:00:00,north,tomato,maturity,8.0,27.59,53.63,6.11,2.94,0.0,2,0,0.0
2024-06-05 01:00:00,west,tomato,flowering,8.0,26.21,68.11,0.0,2.32,0.0,1,1,35.0
2024-06-05 02:00:00,south,cotton,vegetative,8.0,28.69,45.04,0.0,0.62,17.54,4,1,35.0
2024-06-05 03:00:00,west,cotton,flowering,8.0,28.33,53.48,0.0,2.08,34.14,2,1,35.0
2024-06-05 04:00:00,west,lettuce,vegetative,8.0,29.21,68.44,0.0,2.36,19.96,4,1,35.0
2024-06-05 05:00:00,west,maize,flowering,8.0,28.31,63.2,0.0,2.54,3.17,1,1,35.0
2024-06-05 06:00:00,east,cotton,flowering,8.0,29.67,59.23,0.0,1.86,0.0,3,1,35.0
2024-06-05 07:00:00,west,tomato,maturity,8.0,27.46,57.93,0.0,3.01,187.44,1,1,35.0
2024-06-05 08:00:00,west,maize,vegetative,8.0,32.32,45.76,0.0,0.47,401.62,2,1,35.0
2024-06-05 09:00:00,south,maize,vegetative,8.0,32.94,64.1,0.0,2.9,489.53,2,1,35.0
2024-06-05 10:00:00,north,cotton,flowering,8.0,32.11,57.93,0.0,4.55,576.27,4,1,35.0
2024-06-05 11:00:00,south,cotton,emergence,8.0,34.43,47.4,0.0,1.67,579.94,2,1,35.0
2024-06-05 12:00:00,east,lettuce,vegetative,8.0,34.84,57.94,0.0,2.47,620.44,2,1,35.0
2024-06-05 13:00:00,east,tomato,vegetative,8.0,38.27,59.05,6.54,2.1,616.51,2,0,0.0
2024-06-05 14:00:00,north,maize,flowering,8.0,34.17,56.86,0.0,2.12,594.77,4,1,35.0
2024-06-05 15:00:00,east,tomato,vegetative,8.0,36.12,57.51,0.0,1.17,426.83,2,1,35.0
2024-06-05 16:00:00,north,cotton,flowering,8.0,33.59,59.0,0.0,4.79,347.49,3,1,35.0
2024-06-05 17:00:00,east,tomato,maturity,8.0,33.75,53.65,0.0,2.86,172.42,1,1,35.0
2024-06-05 18:00:00,east,tomato,flowering,8.0,34.18,58.64,0.0,1.6,12.42,3,1,35.0
2024-06-05 19:00:00,east,lettuce,vegetative,8.0,32.48,64.76,0.0,1.46,0.0,1,1,35.0
2024-06-05 20:00:00,south,maize,emergence,8.0,31.75,67.44,0.0,2.47,0.0,1,1,35.0
2024-06-05 21:00:00,south,cotton,vegetative,8.0,31.22,66.16,0.0,0.0,0.0,2,1,35.0
2024-06-05 22:00:00,east,tomato,flowering,8.0,29.02,57.66,0.0,3.66,21.41,1,1,35.0
2024-06-05 23:00:00,east,cotton,flowering,8.0,30.26,65.85,0.0,1.78,0.0,3,1,35.0
2024-06-06 00:00:00,west,tomato,emergence,8.0,27.87,66.56,0.0,2.87,0.0,1,1,35.0
2024-06-06 01:00:00,south,tomato,vegetative,8.0,27.78,58.41,0.0,2.92,7.81,1,1,35.0
2024-06-06 02:00:00,south,maize,vegetative,8.0,28.33,59.68,0.0,3.56,119.82,4,1,35.0
2024-06-06 03:00:00,south,tomato,vegetative,8.0,28.27,67.74,0.0,2.99,0.0,3,1,35.0
2024-06-06 04:00:00,east,lettuce,maturity,8.0,29.3,71.8,0.0,3.29,57.89,1,1,35.0
2024-06-06 05:00:00,north,tomato,vegetative,8.0,29.44,49.37,0.0,3.62,0.0,4,1,35.0
2024-06-06 06:00:00,south,tomato,emergence,8.0,30.5,72.68,0.0,2.0,0.0,3,1,35.0
2024-06-06 07:00:00,north,lettuce,vegetative,8.0,30.27,69.53,0.0,4.98,201.65,4,1,35.0
2024-06-06 08:00:00,east,tomato,vegetative,8.0,30.19,62.84,0.0,2.82,325.54,3,1,35.0
2024-06-06 09:00:00,west,lettuce,vegetative,8.0,30.69,59.37,0.0,2.37,437.13,4,1,35.0
2024-06-06 10:00:00,west,lettuce,vegetative,14.44,31.29,63.3,11.21,1.39,561.99,2,0,0.0
2024-06-06 11:00:00,south,tomato,vegetative,8.0,37.27,51.3,0.0,2.15,662.33,2,1,35.0
2024-06-06 12:00:00,north,lettuce,emergence,8.0,31.94,58.81,0.0,2.88,725.02,1,1,35.0
2024-06-06 13:00:00,north,tomato,flowering,8.0,37.45,45.32,0.0,2.51,665.14,4,1,35.0
2024-06-06 14:00:00,north,maize,flowering,8.0,34.56,45.76,0.0,4.59,545.25,3,1,35.0
2024-06-06 15:00:00,west,tomato,emergence,8.0,37.44,71.98,0.0,1.93,451.47,4,1,35.0
2024-06-06 16:00:00,west,cotton,maturity,8.0,31.95,60.48,0.0,3.22,317.11,1,1,35.0
2024-06-06 17:00:00,east,lettuce,vegetative,8.0,34.27,59.61,0.0,1.05,137.88,2,1,35.0
2024-06-06 18:00:00,north,maize,maturity,8.0,35.97,56.61,0.0,5.02,0.0,1,1,35.0
2024-06-06 19:00:00,north,cotton,maturity,8.0,33.9,52.69,0.0,0.97,0.0,2,1,35.0
2024-06-06 20:00:00,west,maize,vegetative,8.0,31.29,58.42,0.0,4.89,0.0,4,1,35.0
2024-06-06 21:00:00,south,cotton,vegetative,8.0,27.84,63.96,2.47,2.24,29.33,2,0,0.0
2024-06-06 22:00:00,north,lettuce,maturity,8.0,27.81,61.98,0.0,0.0,14.73,2,1,35.0
2024-06-06 23:00:00,north,cotton,vegetative,8.0,31.05,55.5,0.0,4.02,0.0,4,1,35.0
2024-06-07 00:00:00,south,cotton,vegetative,8.0,27.84,66.69,0.0,2.5,5.17,2,1,35.0
2024-06-07 01:00:00,east,cotton,flowering,8.0,27.85,64.64,0.0,1.86,0.0,3,1,35.0
2024-06-07 02:00:00,west,tomato,flowering,8.0,28.25,65.75,0.0,3.17,0.0,2,1,35.0
2024-06-07 03:00:00,south,lettuce,maturity,8.0,26.0,69.73,0.0,3.2,24.07,1,1,35.0
2024-06-07 04:00:00,east,cotton,flowering,8.0,28.97,61.23,0.0,2.9,16.49,4,1,35.0
2024-06-07 05:00:00,north,lettuce,maturity,8.0,28.36,61.73,0.0,3.76,0.0,4,1,35.0
2024-06-07 06:00:00,north,tomato,flowering,8.0,30.26,71.77,0.0,2.7,10.9,2,1,35.0
2024-06-07 07:00:00,north,cotton,flowering,8.0,29.92,55.06,0.0,3.18,165.63,4,1,35.0
2024-06-07 08:00:00,west,tomato,flowering,8.0,29.46,48.91,0.0,1.77,290.1,2,1,35.0
2024-06-07 09:00:00,east,maize,maturity,8.0,32.22,63.72,0.0,3.32,453.77,3,1,35.0
2024-06-07 10:00:00,west,maize,maturity,8.0,34.78,53.37,0.0,1.78,578.04,2,1,35.0
2024-06-07 11:00:00,north,tomato,maturity,8.0,35.24,49.86,0.0,1.05,638.57,2,1,35.0
2024-06-07 12:00:00,north,lettuce,flowering,8.0,35.33,63.53,0.0,2.15,590.76,4,1,35.0
2024-06-07 13:00:00,west,tomato,flowering,8.0,37.03,54.96,0.0,2.07,633.67,1,1,35.0
2024-06-07 14:00:00,north,lettuce,vegetative,8.0,35.52,48.34,0.0,3.51,563.81,2,1,35.0
2024-06-07 15:00:00,north,cotton,maturity,8.0,35.77,70.53,0.0,0.66,393.18,4,1,35.0
2024-06-07 16:00:00,east,maize,emergence,8.0,34.57,46.67,0.0,3.71,296.72,2,1,35.0
2024-06-07 17:00:00,east,lettuce,vegetative,8.0,36.09,56.12,0.0,1.65,185.44,4,1,35.0
2024-06-07 18:00:00,north,tomato,vegetative,8.0,34.26,44.97,0.0,0.0,48.47,2,1,35.0
2024-06-07 19:00:00,south,cotton,flowering,8.0,32.02,61.88,0.0,0.95,0.0,3,1,35.0
2024-06-07 20:00:00,east,cotton,flowering,8.0,29.59,57.44,0.0,2.03,34.28,4,1,35.0
2024-06-07 21:00:00,south,tomato,vegetative,8.0,32.44,65.38,0.0,2.93,0.0,3,1,35.0
2024-06-07 22:00:00,south,lettuce,emergence,8.0,28.71,62.51,0.0,2.24,48.91,4,1,35.0
2024-06-07 23:00:00,north,maize,vegetative,8.0,29.1,71.77,0.0,0.95,0.0,1,1,35.0
2024-06-08 00:00:00,south,maize,vegetative,8.0,31.92,57.06,0.0,1.47,0.0,4,1,35.0
2024-06-08 01:00:00,west,lettuce,emergence,8.0,29.19,51.02,0.0,0.97,12.41,3,1,35.0
2024-06-08 02:00:00,east,maize,flowering,8.0,30.27,63.05,0.0,2.71,0.0,4,1,35.0
2024-06-08 03:00:00,west,lettuce,vegetative,8.0,27.18,62.09,0.0,2.29,18.06,2,1,35.0
2024-06-08 04:00:00,north,tomato,vegetative,8.0,29.99,48.87,7.49,3.14,0.0,0,0,0.0
2024-06-08 05:00:00,north,maize,vegetative,8.0,29.06,54.96,0.0,0.28,0.0,4,1,35.0
2024-06-08 06:00:00,east,cotton,flowering,8.0,30.4,56.12,0.0,1.76,0.0,2,1,35.0
2024-06-08 07:00:00,north,tomato,maturity,8.0,33.85,69.41,0.0,4.83,174.92,2,1,35.0
2024-06-08 08:00:00,east,lettuce,vegetative,8.0,31.43,65.41,0.0,3.17,362.33,3,1,35.0
2024-06-08 09:00:00,west,tomato,vegetative,8.5,32.91,56.83,0.0,2.04,471.22,1,1,35.0
2024-06-08 10:00:00,south,cotton,flowering,8.0,32.5,62.9,6.9,1.22,599.68,0,0,0.0
2024-06-08 11:00:00,east,lettuce,emergence,8.0,36.01,42.51,0.0,3.73,596.56,1,1,35.0
2024-06-08 12:00:00,east,maize,maturity,8.0,34.47,54.07,0.0,4.24,675.47,3,1,35.0
2024-06-08 13:00:00,north,tomato,maturity,8.0,37.25,58.61,0.0,1.02,653.91,4,1,35.0
2024-06-08 14:00:00,west,maize,flowering,8.0,33.38,60.06,0.0,1.14,505.83,4,1,35.0
2024-06-08 15:00:00,north,cotton,maturity,8.0,36.54,52.59,0.0,2.73,498.1,4,1,35.0
2024-06-08 16:00:00,west,maize,vegetative,8.0,34.35,57.85,0.0,2.85,336.46,2,1,35.0
2024-06-08 17:00:00,east,maize,vegetative,8.0,35.77,59.35,0.0,2.98,158.38,4,1,35.0
2024-06-08 18:00:00,north,lettuce,emergence,8.0,33.83,58.47,0.0,4.61,0.0,3,1,35.0
2024-06-08 19:00:00,east,maize,emergence,8.0,32.08,65.96,0.0,1.23,0.0,2,1,35.0
2024-06-08 20:00:00,north,maize,vegetative,8.0,31.27,62.81,10.26,2.45,22.08,0,0,0.0
2024-06-08 21:00:00,east,maize,flowering,8.0,29.54,65.55,2.24,3.27,10.57,1,0,0.0
2024-06-08 22:00:00,west,tomato,flowering,8.0,31.11,,0.0,3.25,20.4,1,1,35.0
2024-06-08 23:00:00,west,lettuce,vegetative,8.0,27.45,69.43,0.0,1.62,2.76,3,1,35.0
2024-06-09 00:00:00,west,cotton,flowering,8.0,28.01,75.38,0.0,1.67,7.2,3,1,35.0
2024-06-09 01:00:00,south,cotton,vegetative,8.0,28.53,58.07,0.0,1.85,0.0,1,1,35.0
2024-06-09 02:00:00,east,cotton,vegetative,8.0,30.3,50.22,0.0,4.44,37.69,1,1,35.0
2024-06-09 03:00:00,south,maize,vegetative,8.0,28.0,62.22,0.0,1.23,21.22,1,1,35.0
2024-06-09 04:00:00,west,maize,flowering,8.0,28.05,61.58,0.0,2.01,6.05,4,1,35.0
2024-06-09 05:00:00,south,lettuce,flowering,8.0,29.46,72.25,0.0,3.33,0.0,2,1,35.0
2024-06-09 06:00:00,west,cotton,flowering,8.0,26.77,56.28,0.0,1.09,0.0,2,1,35.0
2024-06-09 07:00:00,south,lettuce,emergence,8.0,29.04,61.81,0.0,2.71,98.77,2,1,35.0
2024-06-09 08:00:00,east,maize,vegetative,8.0,31.31,63.39,0.0,0.12,312.11,3,1,35.0
2024-06-09 09:00:00,north,lettuce,maturity,8.0,31.84,60.83,0.0,2.63,504.02,2,1,35.0
2024-06-09 10:00:00,east,lettuce,emergence,8.0,31.47,59.22,0.0,2.46,538.25,4,1,35.0
2024-06-09 11:00:00,north,cotton,vegetative,8.0,35.99,59.32,0.0,2.6,604.56,2,1,35.0
2024-06-09 12:00:00,north,lettuce,emergence,8.0,35.73,64.57,0.0,1.36,615.97,4,1,35.0
2024-06-09 13:00:00,south,maize,vegetative,8.0,35.95,67.59,0.0,2.67,582.69,3,1,35.0
2024-06-09 14:00:00,south,tomato,flowering,8.0,34.83,57.96,0.0,2.35,530.93,3,1,35.0
2024-06-09 15:00:00,east,maize,vegetative,8.0,35.86,51.2,0.0,3.96,469.37,4,1,35.0
2024-06-09 16:00:00,south,maize,flowering,8.0,36.11,67.45,0.0,3.17,307.79,4,1,35.0
2024-06-09 17:00:00,north,cotton,maturity,8.0,34.31,50.61,0.67,0.66,149.43,4,1,35.0
2024-06-09 18:00:00,south,maize,vegetative,8.0,34.54,70.5,1.16,1.4,0.0,4,1,35.0
2024-06-09 19:00:00,south,maize,emergence,8.0,31.72,69.64,0.0,1.66,8.29,2,1,35.0
2024-06-09 20:00:00,east,maize,maturity,8.0,32.02,70.41,0.0,2.62,13.66,4,1,35.0
2024-06-09 21:00:00,east,lettuce,flowering,8.0,32.55,64.35,0.0,2.2,0.0,2,1,35.0
2024-06-09 22:00:00,north,maize,maturity,8.0,31.72,45.43,0.0,2.19,0.0,2,1,35.0
2024-06-09 23:00:00,east,tomato,vegetative,8.0,31.04,53.5,0.0,5.78,0.0,1,1,35.0
2024-06-10 00:00:00,east,cotton,flowering,8.0,28.86,64.66,0.0,1.78,15.36,2,1,35.0
2024-06-10 01:00:00,west,maize,maturity,8.0,28.08,58.4,0.0,4.07,4.47,3,1,35.0
2024-06-10 02:00:00,east,maize,vegetative,8.0,27.23,61.61,0.0,2.22,28.8,4,1,35.0
2024-06-10 03:00:00,west,tomato,maturity,8.0,25.32,69.63,0.0,0.0,0.0,1,1,35.0
2024-06-10 04:00:00,north,lettuce,flowering,8.0,26.42,63.28,0.0,2.63,14.53,3,1,35.0
2024-06-10 05:00:00,east,lettuce,maturity,8.0,28.82,54.01,6.98,3.74,71.8,2,0,0.0
2024-06-10 06:00:00,north,cotton,vegetative,8.0,29.74,68.01,0.0,3.16,1.67,4,1,35.0
2024-06-10 07:00:00,north,tomato,vegetative,8.0,32.98,62.82,0.0,2.71,171.33,2,1,35.0
2024-06-10 08:00:00,west,cotton,vegetative,8.0,33.87,56.76,0.0,2.43,343.17,2,1,35.0
2024-06-10 09:00:00,south,lettuce,maturity,8.0,31.9,65.06,0.0,1.81,440.53,3,1,35.0
2024-06-10 10:00:00,east,maize,emergence,8.0,35.13,58.16,0.0,3.48,529.78,3,1,35.0
2024-06-10 11:00:00,east,tomato,emergence,8.0,34.01,67.71,0.0,1.88,629.88,2,1,35.0
2024-06-10 12:00:00,east,maize,maturity,8.0,36.39,57.55,0.0,1.63,592.11,3,1,35.0
2024-06-10 13:00:00,north,cotton,vegetative,8.0,36.97,65.29,0.0,2.89,641.71,1,1,35.0
2024-06-10 14:00:00,north,maize,flowering,8.0,37.76,42.27,0.0,2.04,582.67,2,1,35.0
2024-06-10 15:00:00,north,maize,vegetative,8.0,35.02,60.8,0.0,3.94,403.49,4,1,35.0
2024-06-10 16:00:00,west,lettuce,flowering,8.0,36.88,53.31,0.0,2.96,330.71,2,1,35.0
2024-06-10 17:00:00,north,cotton,vegetative,8.0,31.92,54.05,0.0,1.47,160.66,2,1,35.0
2024-06-10 18:00:00,east,lettuce,vegetative,35.18,35.84,65.04,28.85,1.03,51.73,0,0,0.0
2024-06-10 19:00:00,south,lettuce,flowering,8.0,32.9,65.51,0.0,1.71,45.84,2,1,35.0
2024-06-10 20:00:00,north,tomato,vegetative,8.0,31.89,46.04,0.0,5.21,29.46,2,1,35.0
2024-06-10 21:00:00,south,cotton,vegetative,8.0,27.81,68.36,0.0,2.11,42.37,4,1,35.0
2024-06-10 22:00:00,north,tomato,vegetative,8.0,29.32,66.31,0.0,3.31,0.0,4,1,35.0
2024-06-10 23:00:00,north,tomato,flowering,8.0,31.1,55.66,0.0,0.83,9.1,2,1,35.0
2024-06-11 00:00:00,north,cotton,vegetative,8.0,27.82,57.5,0.0,1.1,0.0,1,1,35.0
2024-06-11 01:00:00,west,tomato,vegetative,8.0,29.13,51.17,0.0,2.17,0.0,3,1,35.0
2024-06-11 02:00:00,east,tomato,vegetative,8.0,27.97,60.86,0.0,4.44,2.89,1,1,35.0
2024-06-11 03:00:00,west,lettuce,vegetative,8.0,29.65,60.64,0.0,0.85,0.0,3,1,35.0
2024-06-11 04:00:00,south,maize,flowering,8.0,28.74,68.18,0.0,1.64,0.0,2,1,35.0
2024-06-11 05:00:00,north,tomato,vegetative,8.0,27.69,65.33,0.0,3.48,0.0,4,1,35.0
2024-06-11 06:00:00,east,lettuce,maturity,8.0,30.0,54.18,0.0,4.31,2.13,2,1,35.0
2024-06-11 07:00:00,west,lettuce,flowering,8.0,33.29,60.64,0.0,2.92,199.31,4,1,35.0
2024-06-11 08:00:00,east,lettuce,maturity,9.49,32.67,57.69,7.57,3.21,304.54,2,0,0.0
2024-06-11 09:00:00,north,tomato,flowering,8.0,32.78,52.83,0.0,1.32,414.83,1,1,35.0
2024-06-11 10:00:00,south,lettuce,vegetative,8.0,37.3,44.63,0.0,0.81,586.65,2,1,35.0
2024-06-11 11:00:00,west,cotton,maturity,8.0,36.49,60.78,0.0,1.03,657.83,3,1,35.0
2024-06-11 12:00:00,east,tomato,maturity,8.0,36.61,59.44,0.0,1.35,662.53,1,1,35.0
2024-06-11 13:00:00,west,tomato,flowering,8.0,36.26,60.49,0.0,2.67,587.99,3,1,35.0
2024-06-11 14:00:00,east,tomato,vegetative,8.0,37.01,50.89,0.0,0.94,558.31,3,1,35.0
2024-06-11 15:00:00,north,maize,vegetative,8.0,36.93,57.26,0.0,2.7,469.6,1,1,35.0
2024-06-11 16:00:00,west,tomato,flowering,8.0,32.11,50.28,0.0,2.02,287.61,4,1,35.0
2024-06-11 17:00:00,west,lettuce,vegetative,8.0,35.34,50.42,0.0,1.72,141.48,4,1,35.0
2024-06-11 18:00:00,east,cotton,flowering,8.0,33.68,58.89,0.0,3.46,0.0,2,1,35.0
2024-06-11 19:00:00,west,tomato,vegetative,8.0,32.21,61.67,0.0,1.25,41.4,2,1,35.0
2024-06-11 20:00:00,north,lettuce,flowering,8.0,31.63,48.9,0.0,4.12,7.88,2,1,35.0
2024-06-11 21:00:00,west,tomato,vegetative,8.0,28.55,55.36,0.0,3.4,0.0,3,1,35.0
2024-06-11 22:00:00,north,tomato,vegetative,8.0,27.21,61.27,0.0,1.21,0.0,3,1,35.0
2024-06-11 23:00:00,west,lettuce,emergence,8.0,30.96,67.54,0.0,3.84,0.0,2,1,35.0
2024-06-12 00:00:00,north,maize,maturity,8.0,29.17,56.57,0.0,1.07,0.0,3,1,35.0
2024-06-12 01:00:00,east,cotton,flowering,8.0,24.45,67.02,0.0,3.95,25.28,1,1,35.0
2024-06-12 02:00:00,west,maize,maturity,8.0,27.07,65.66,0.0,2.8,0.0,2,1,35.0
2024-06-12 03:00:00,north,tomato,flowering,8.0,29.39,60.34,0.0,0.51,46.02,2,1,35.0
2024-06-12 04:00:00,north,maize,flowering,8.0,28.05,65.03,0.0,0.85,76.62,2,1,35.0
2024-06-12 05:00:00,west,tomato,flowering,8.0,30.98,51.4,0.0,1.91,5.69,1,1,35.0
2024-06-12 06:00:00,north,cotton,maturity,8.0,31.51,55.8,0.0,3.44,0.0,1,1,35.0
2024-06-12 07:00:00,east,lettuce,maturity,8.0,28.87,72.55,0.0,2.2,208.95,4,1,35.0
2024-06-12 08:00:00,west,maize,flowering,8.0,31.72,70.76,1.67,2.17,334.73,2,1,35.0
2024-06-12 09:00:00,east,maize,emergence,8.0,32.3,65.66,0.0,2.45,441.21,3,1,35.0
2024-06-12 10:00:00,south,lettuce,flowering,8.0,31.85,67.82,3.72,0.01,528.9,0,0,0.0
2024-06-12 11:00:00,south,lettuce,vegetative,8.0,32.58,46.75,0.0,3.39,613.65,1,1,35.0
2024-06-12 12:00:00,east,tomato,emergence,8.0,34.19,51.6,0.0,4.01,656.74,2,1,35.0
2024-06-12 13:00:00,east,tomato,flowering,8.0,34.84,55.55,0.0,3.35,659.19,2,1,35.0
2024-06-12 14:00:00,east,tomato,maturity,8.0,36.36,73.42,0.0,1.89,572.86,3,1,35.0
2024-06-12 15:00:00,north,maize,vegetative,8.0,37.37,53.51,0.0,1.34,475.51,4,1,35.0
2024-06-12 16:00:00,east,maize,emergence,8.0,36.17,61.88,0.0,1.1,313.32,3,1,35.0
2024-06-12 17:00:00,east,tomato,maturity,8.0,35.89,59.54,0.0,1.04,198.15,3,1,35.0
2024-06-12 18:00:00,east,maize,vegetative,8.0,33.54,61.26,0.0,5.12,0.0,1,1,35.0
2024-06-12 19:00:00,north,maize,emergence,8.0,33.88,58.33,0.0,2.31,64.33,2,1,35.0
2024-06-12 20:00:00,east,tomato,flowering,8.0,31.72,51.83,0.0,3.49,0.0,3,1,35.0
2024-06-12 21:00:00,east,cotton,maturity,8.0,30.24,42.5,0.0,3.42,13.82,3,1,35.0
2024-06-12 22:00:00,north,lettuce,flowering,8.0,32.78,68.35,0.0,2.57,76.63,3,1,35.0
2024-06-12 23:00:00,west,maize,flowering,8.0,25.61,60.79,0.0,1.28,36.47,2,1,35.0
2024-06-13 00:00:00,east,maize,vegetative,8.0,25.68,51.99,0.0,3.02,26.09,2,1,35.0
2024-06-13 01:00:00,south,maize,vegetative,8.0,28.66,65.73,0.0,1.1,10.39,2,1,35.0
2024-06-13 02:00:00,east,cotton,flowering,8.0,27.56,66.49,0.0,3.12,1.85,2,1,35.0
2024-06-13 03:00:00,east,lettuce,maturity,8.0,25.93,70.23,0.0,1.16,0.0,1,1,35.0
2024-06-13 04:00:00,east,maize,vegetative,8.0,26.91,71.88,0.0,1.88,0.0,3,1,35.0
2024-06-13 05:00:00,south,cotton,vegetative,8.0,27.74,56.98,0.0,1.87,0.0,3,1,35.0
2024-06-13 06:00:00,west,cotton,vegetative,8.0,31.29,54.44,0.0,4.08,22.42,4,1,35.0
2024-06-13 07:00:00,west,cotton,emergence,8.0,32.74,57.18,0.0,0.0,114.4,1,1,35.0
2024-06-13 08:00:00,north,tomato,vegetative,8.0,34.41,63.82,0.0,5.2,347.8,2,1,35.0
2024-06-13 09:00:00,east,tomato,emergence,8.0,30.61,46.4,0.0,1.43,448.8,2,1,35.0
2024-06-13 10:00:00,north,lettuce,maturity,8.0,31.9,60.97,0.0,2.25,529.47,4,1,35.0
2024-06-13 11:00:00,south,maize,vegetative,8.0,32.63,66.02,0.0,2.9,677.05,4,1,35.0
2024-06-13 12:00:00,west,lettuce,flowering,8.0,37.35,61.96,0.0,2.79,599.28,2,1,35.0
2024-06-13 13:00:00,north,lettuce,flowering,8.0,36.44,61.41,0.0,3.41,604.54,2,1,35.0
2024-06-13 14:00:00,south,maize,maturity,8.0,36.07,64.18,9.79,3.13,542.87,0,0,0.0
2024-06-13 15:00:00,north,maize,maturity,8.0,36.16,37.44,0.0,4.84,464.85,2,1,35.0
2024-06-13 16:00:00,east,maize,vegetative,8.0,35.33,68.63,0.0,3.28,303.56,1,1,35.0
2024-06-13 17:00:00,south,tomato,emergence,8.0,33.1,61.43,0.0,2.26,219.39,2,1,35.0
2024-06-13 18:00:00,east,lettuce,flowering,17.57,34.72,67.16,16.26,1.74,0.0,2,0,0.0
2024-06-13 19:00:00,west,lettuce,emergence,8.0,32.71,51.21,0.0,1.71,142.99,1,1,35.0
2024-06-13 20:00:00,east,maize,vegetative,8.0,30.15,49.2,0.0,3.95,0.0,4,1,35.0
2024-06-13 21:00:00,east,lettuce,emergence,8.0,31.78,72.68,0.0,4.51,103.46,3,1,35.0
2024-06-13 22:00:00,north,maize,maturity,8.0,29.32,55.66,0.0,3.6,38.26,3,1,35.0
2024-06-13 23:00:00,north,lettuce,emergence,8.0,29.47,59.85,0.0,0.0,0.0,3,1,35.0
2024-06-14 00:00:00,west,tomato,flowering,8.0,28.32,66.64,0.0,0.0,7.93,2,1,35.0
2024-06-14 01:00:00,west,lettuce,vegetative,8.0,29.44,67.46,0.0,2.39,0.0,2,1,35.0
2024-06-14 02:00:00,east,lettuce,flowering,8.0,28.3,70.51,0.0,2.2,12.15,4,1,35.0
2024-06-14 03:00:00,south,tomato,vegetative,8.0,26.78,65.74,0.0,2.42,0.0,2,1,35.0
2024-06-14 04:00:00,north,lettuce,maturity,8.0,28.99,55.03,0.0,3.9,24.81,3,1,35.0
2024-06-14 05:00:00,west,cotton,flowering,8.0,29.67,66.81,0.0,3.84,6.37,3,1,35.0
2024-06-14 06:00:00,west,tomato,vegetative,8.0,30.73,66.07,0.0,2.61,0.0,1,1,35.0
2024-06-14 07:00:00,north,lettuce,vegetative,8.0,32.49,46.91,0.0,0.57,183.18,4,1,35.0
2024-06-14 08:00:00,east,cotton,maturity,8.0,31.04,70.7,0.0,0.92,337.79,1,1,35.0
2024-06-14 09:00:00,east,cotton,flowering,8.0,34.0,40.99,0.0,2.48,434.52,2,1,35.0
2024-06-14 10:00:00,south,maize,vegetative,8.0,31.38,67.74,0.0,2.9,547.95,4,1,35.0
2024-06-14 11:00:00,west,lettuce,vegetative,8.0,34.62,53.47,2.38,0.94,645.79,2,0,0.0
2024-06-14 12:00:00,north,cotton,emergence,8.0,35.02,62.52,0.0,3.19,688.18,4,1,35.0
2024-06-14 13:00:00,south,lettuce,emergence,8.0,38.0,58.77,0.0,0.3,622.87,4,1,35.0
2024-06-14 14:00:00,north,tomato,emergence,8.0,35.73,56.75,0.0,0.0,595.49,3,1,35.0
2024-06-14 15:00:00,east,tomato,emergence,8.0,36.74,59.36,6.35,1.35,500.47,0,0,0.0
2024-06-14 16:00:00,east,lettuce,vegetative,8.0,32.79,58.76,0.0,4.05,370.61,1,1,35.0
2024-06-14 17:00:00,west,maize,maturity,8.0,34.27,63.18,0.0,4.23,182.83,3,1,35.0
2024-06-14 18:00:00,east,tomato,maturity,8.0,32.7,74.74,0.0,0.49,0.0,2,1,35.0
2024-06-14 19:00:00,north,maize,maturity,8.0,36.72,46.84,0.0,0.58,31.2,3,1,35.0
2024-06-14 20:00:00,south,lettuce,flowering,8.0,30.97,38.51,0.0,3.31,0.0,3,1,35.0
2024-06-14 21:00:00,north,maize,flowering,8.0,31.04,57.86,0.0,1.87,17.73,1,1,35.0
2024-06-14 22:00:00,east,cotton,vegetative,8.0,30.16,58.09,0.0,4.04,0.0,2,1,35.0
2024-06-14 23:00:00,east,lettuce,flowering,8.0,26.75,61.55,0.0,3.29,0.0,4,1,35.0
2024-06-15 00:00:00,west,cotton,vegetative,8.0,27.73,56.93,0.0,3.5,0.0,2,1,35.0
2024-06-15 01:00:00,south,cotton,flowering,8.0,28.72,68.73,0.0,1.41,0.0,4,1,35.0
2024-06-15 02:00:00,south,tomato,maturity,8.0,28.11,53.44,0.0,2.93,0.0,3,1,35.0
2024-06-15 03:00:00,north,lettuce,maturity,8.0,24.66,69.02,0.0,4.82,0.0,2,1,35.0
2024-06-15 04:00:00,south,tomato,vegetative,8.0,27.66,67.94,0.0,2.57,19.82,4,1,35.0
2024-06-15 05:00:00,south,cotton,flowering,8.0,30.68,63.27,0.0,2.35,0.0,3,1,35.0
2024-06-15 06:00:00,west,tomato,emergence,8.0,30.86,64.32,0.0,1.88,0.0,3,1,35.0
2024-06-15 07:00:00,west,lettuce,emergence,8.0,32.77,66.03,0.0,0.48,168.34,2,1,35.0
2024-06-15 08:00:00,north,cotton,emergence,8.0,30.5,61.57,0.0,1.08,388.43,4,1,35.0
2024-06-15 09:00:00,south,tomato,vegetative,8.0,34.94,55.23,1.5,1.33,435.4,2,1,35.0
2024-06-15 10:00:00,east,cotton,flowering,8.0,33.91,61.88,0.0,0.43,514.54,3,1,35.0
2024-06-15 11:00:00,south,tomato,vegetative,8.0,37.2,60.05,0.0,0.55,581.94,4,1,35.0
2024-06-15 12:00:00,north,maize,emergence,8.0,35.45,63.47,7.31,0.0,619.88,1,0,0.0
2024-06-15 13:00:00,west,maize,maturity,8.0,32.77,47.4,0.0,1.46,604.86,3,1,35.0
2024-06-15 14:00:00,east,maize,flowering,8.0,37.25,54.51,0.0,3.21,643.58,1,1,35.0
2024-06-15 15:00:00,east,lettuce,vegetative,8.0,35.18,50.0,0.0,2.02,493.46,2,1,35.0
2024-06-15 16:00:00,south,cotton,flowering,8.0,34.88,61.62,0.0,2.03,313.97,2,1,35.0
2024-06-15 17:00:00,west,maize,flowering,8.0,32.63,64.59,0.0,3.32,233.08,4,1,35.0
2024-06-15 18:00:00,north,lettuce,flowering,8.0,36.41,54.55,1.77,4.43,0.0,4,1,35.0
2024-06-15 19:00:00,south,cotton,flowering,8.0,32.23,54.71,0.0,5.13,0.0,2,1,35.0
2024-06-15 20:00:00,west,lettuce,maturity,8.0,34.34,62.31,0.0,2.57,0.0,2,1,35.0
2024-06-15 21:00:00,west,tomato,vegetative,8.0,30.3,60.43,0.0,2.06,35.94,1,1,35.0
2024-06-15 22:00:00,south,cotton,flowering,8.0,28.59,72.72,0.0,1.9,0.0,2,1,35.0
2024-06-15 23:00:00,east,tomato,emergence,8.0,31.13,73.11,0.0,3.11,52.76,1,1,35.0
2024-06-16 00:00:00,north,lettuce,maturity,8.0,28.41,69.87,4.41,2.21,15.19,0,0,0.0
2024-06-16 01:00:00,north,lettuce,vegetative,8.0,28.03,64.81,0.0,2.22,31.81,4,1,35.0
2024-06-16 02:00:00,south,lettuce,vegetative,8.0,26.07,77.53,0.0,2.3,0.0,3,1,35.0
2024-06-16 03:00:00,west,tomato,maturity,8.0,27.44,65.34,0.0,1.27,0.0,2,1,35.0
2024-06-16 04:00:00,east,tomato,flowering,8.0,29.17,58.91,0.0,0.0,0.0,2,1,35.0
2024-06-16 05:00:00,south,lettuce,vegetative,8.0,27.21,59.1,4.61,1.6,0.0,1,0,0.0
2024-06-16 06:00:00,south,tomato,vegetative,8.0,29.18,57.33,0.0,4.15,0.0,4,1,35.0
2024-06-16 07:00:00,north,maize,vegetative,8.0,30.32,61.3,0.0,4.09,211.64,3,1,35.0
2024-06-16 08:00:00,south,lettuce,maturity,8.0,32.09,63.17,0.0,3.53,318.03,3,1,35.0
2024-06-16 09:00:00,north,lettuce,vegetative,8.0,35.24,47.5,0.0,1.81,481.16,3,1,35.0
2024-06-16 10:00:00,north,tomato,vegetative,8.0,33.54,55.63,0.0,1.45,545.69,3,1,35.0
2024-06-16 11:00:00,east,maize,flowering,8.0,33.78,60.07,0.0,4.35,656.72,2,1,35.0
2024-06-16 12:00:00,north,cotton,vegetative,8.0,39.57,58.45,0.0,1.1,581.22,4,1,35.0
2024-06-16 13:00:00,north,maize,emergence,8.0,35.2,57.26,0.0,2.45,626.14,4,1,35.0
2024-06-16 14:00:00,east,tomato,maturity,8.0,35.7,58.75,0.0,4.43,580.44,2,1,35.0
2024-06-16 15:00:00,south,tomato,emergence,8.0,35.31,48.68,0.0,2.55,480.09,2,1,35.0
2024-06-16 16:00:00,south,maize,maturity,8.0,35.04,51.19,0.0,2.05,313.88,4,1,35.0
2024-06-16 17:00:00,north,cotton,maturity,8.0,34.93,57.23,0.0,3.79,108.35,1,1,35.0
2024-06-16 18:00:00,north,maize,emergence,8.0,35.37,60.88,0.0,2.49,35.4,2,1,35.0
2024-06-16 19:00:00,south,tomato,flowering,8.0,33.63,60.32,0.0,2.64,0.0,4,1,35.0
2024-06-16 20:00:00,east,maize,flowering,8.0,33.6,52.78,0.0,4.22,0.0,3,1,35.0
2024-06-16 21:00:00,south,tomato,flowering,8.0,32.52,57.93,0.0,0.0,77.67,1,1,35.0
2024-06-16 22:00:00,east,tomato,flowering,8.0,30.3,71.94,0.0,2.83,3.38,2,1,35.0
2024-06-16 23:00:00,east,cotton,emergence,8.0,29.72,65.63,0.0,1.48,0.0,4,1,35.0
2024-06-17 00:00:00,south,lettuce,emergence,8.0,30.19,60.31,0.0,2.15,0.0,3,1,35.0
2024-06-17 01:00:00,south,tomato,flowering,8.0,26.46,57.25,7.43,2.54,22.58,2,0,0.0
2024-06-17 02:00:00,south,maize,emergence,8.0,31.74,55.21,0.0,1.59,0.0,4,1,35.0
2024-06-17 03:00:00,north,tomato,vegetative,8.0,27.36,63.76,0.0,2.67,17.91,4,1,35.0
2024-06-17 04:00:00,east,tomato,flowering,8.0,28.0,65.13,0.0,2.86,38.55,3,1,35.0
2024-06-17 05:00:00,east,lettuce,vegetative,8.0,27.35,67.68,0.0,2.64,0.0,1,1,35.0
2024-06-17 06:00:00,south,maize,maturity,8.0,28.22,65.74,0.0,2.53,34.57,2,1,35.0
2024-06-17 07:00:00,south,lettuce,maturity,8.0,32.42,57.07,0.0,2.26,165.82,1,1,35.0
2024-06-17 08:00:00,south,cotton,maturity,8.0,35.4,53.7,1.63,2.28,300.94,2,1,35.0
2024-06-17 09:00:00,east,tomato,emergence,8.0,32.18,,0.0,2.5,401.36,1,1,35.0
2024-06-17 10:00:00,west,cotton,vegetative,8.0,34.51,54.09,1.37,1.27,572.55,3,1,35.0
2024-06-17 11:00:00,north,maize,maturity,8.0,35.15,48.44,0.0,3.92,638.21,2,1,35.0
2024-06-17 12:00:00,south,tomato,vegetative,8.0,36.96,44.56,0.0,2.29,684.35,4,1,35.0
2024-06-17 13:00:00,north,cotton,flowering,8.0,39.19,51.78,0.0,1.92,658.83,4,1,35.0
2024-06-17 14:00:00,south,tomato,flowering,8.0,38.28,61.56,0.0,2.88,635.27,1,1,35.0
2024-06-17 15:00:00,north,lettuce,vegetative,8.0,35.5,53.17,0.0,2.26,439.28,2,1,35.0
2024-06-17 16:00:00,south,lettuce,vegetative,8.0,36.25,66.94,0.0,3.89,337.46,2,1,35.0
2024-06-17 17:00:00,south,tomato,flowering,8.0,35.76,56.94,0.0,3.47,144.17,1,1,35.0
2024-06-17 18:00:00,south,cotton,vegetative,8.0,33.96,66.2,0.0,2.51,32.55,3,1,35.0
2024-06-17 19:00:00,south,tomato,maturity,8.0,31.39,55.19,4.7,3.53,0.0,0,0,0.0
2024-06-17 20:00:00,west,cotton,flowering,8.0,30.8,55.77,0.0,2.68,31.98,4,1,35.0
2024-06-17 21:00:00,west,tomato,emergence,8.0,32.68,60.09,0.0,1.02,0.0,2,1,35.0
2024-06-17 22:00:00,north,tomato,flowering,8.0,31.87,63.48,0.0,3.47,26.83,2,1,35.0
2024-06-17 23:00:00,south,maize,vegetative,8.0,28.85,61.26,0.0,0.12,42.23,1,1,35.0
2024-06-18 00:00:00,west,cotton,vegetative,9.4,28.93,64.51,7.64,0.0,0.0,1,0,0.0
2024-06-18 01:00:00,east,tomato,maturity,8.0,29.93,65.78,0.0,3.24,0.0,4,1,35.0
2024-06-18 02:00:00,north,cotton,flowering,8.0,25.44,55.3,0.0,2.93,8.22,2,1,35.0
2024-06-18 03:00:00,east,tomato,flowering,8.0,27.46,61.24,4.91,2.85,4.5,2,0,0.0
2024-06-18 04:00:00,north,maize,maturity,8.0,31.56,56.72,0.0,4.07,0.0,4,1,35.0
2024-06-18 05:00:00,north,maize,flowering,8.0,29.62,58.61,0.0,2.37,0.0,2,1,35.0
2024-06-18 06:00:00,east,tomato,vegetative,8.0,28.3,65.8,0.0,1.95,0.0,3,1,35.0
2024-06-18 07:00:00,east,cotton,vegetative,8.0,31.14,57.16,0.0,3.36,179.82,4,1,35.0
2024-06-18 08:00:00,west,maize,vegetative,8.0,33.53,44.74,0.0,1.54,291.25,3,1,35.0
2024-06-18 09:00:00,south,lettuce,vegetative,8.0,29.21,60.57,0.0,2.11,472.43,3,1,35.0
2024-06-18 10:00:00,west,lettuce,vegetative,8.0,34.26,50.74,1.57,2.7,542.81,3,1,35.0
2024-06-18 11:00:00,south,maize,flowering,12.49,34.27,61.66,14.93,2.8,613.06,2,0,0.0
2024-06-18 12:00:00,east,lettuce,vegetative,8.0,33.0,64.84,0.0,2.0,692.55,3,1,35.0
2024-06-18 13:00:00,north,cotton,flowering,8.0,35.98,41.59,0.0,1.81,661.26,4,1,35.0
2024-06-18 14:00:00,north,lettuce,maturity,8.0,35.79,51.55,0.0,1.06,528.03,2,1,35.0
2024-06-18 15:00:00,west,maize,maturity,8.0,35.83,59.41,4.68,1.46,429.07,1,0,0.0
2024-06-18 16:00:00,west,lettuce,vegetative,8.0,34.94,47.79,0.0,4.58,352.22,1,1,35.0
2024-06-18 17:00:00,west,lettuce,maturity,8.0,33.29,64.44,0.0,2.08,118.05,1,1,35.0
2024-06-18 18:00:00,south,maize,maturity,8.0,31.82,67.49,0.0,2.63,50.89,2,1,35.0
2024-06-18 19:00:00,north,lettuce,emergence,8.0,32.0,58.87,0.0,0.61,4.73,4,1,35.0
2024-06-18 20:00:00,west,maize,vegetative,8.0,33.29,53.55,0.0,5.48,0.0,1,1,35.0
2024-06-18 21:00:00,east,lettuce,vegetative,8.0,31.31,44.38,0.0,1.37,0.37,3,1,35.0
2024-06-18 22:00:00,north,cotton,flowering,8.0,29.89,67.38,0.0,0.99,47.64,4,1,35.0
2024-06-18 23:00:00,west,cotton,flowering,8.0,27.61,77.53,0.0,2.33,0.0,4,1,35.0
2024-06-19 00:00:00,west,cotton,flowering,8.0,27.97,75.79,0.0,1.33,35.92,4,1,35.0
2024-06-19 01:00:00,south,lettuce,flowering,8.0,29.24,60.84,0.0,2.84,41.81,1,1,35.0
2024-06-19 02:00:00,west,lettuce,vegetative,8.0,28.76,54.95,0.0,0.59,0.0,1,1,35.0
2024-06-19 03:00:00,west,tomato,vegetative,8.0,27.42,69.53,0.0,3.76,0.0,4,1,35.0
2024-06-19 04:00:00,east,maize,maturity,8.0,24.62,65.02,0.0,3.53,4.78,1,1,35.0
2024-06-19 05:00:00,east,tomato,maturity,8.0,28.16,66.42,0.0,2.26,25.67,4,1,35.0
2024-06-19 06:00:00,south,tomato,flowering,8.0,29.28,64.3,5.37,0.41,0.0,1,0,0.0
2024-06-19 07:00:00,west,cotton,vegetative,8.0,29.6,62.57,4.23,1.43,167.72,0,0,0.0
2024-06-19 08:00:00,west,cotton,emergence,8.0,31.38,67.7,0.0,2.48,321.5,4,1,35.0
2024-06-19 09:00:00,west,maize,vegetative,8.0,34.26,65.65,4.96,0.95,483.38,2,0,0.0
2024-06-19 10:00:00,east,tomato,vegetative,8.0,33.94,54.79,0.0,1.14,656.56,1,1,35.0
2024-06-19 11:00:00,north,lettuce,vegetative,8.0,36.31,50.09,0.0,3.66,602.17,2,1,35.0
2024-06-19 12:00:00,south,maize,maturity,8.0,33.2,41.55,0.0,2.59,652.76,1,1,35.0
2024-06-19 13:00:00,south,cotton,flowering,8.0,35.41,54.85,0.0,2.55,601.22,2,1,35.0
2024-06-19 14:00:00,west,cotton,vegetative,8.0,33.09,51.47,0.0,3.03,545.81,2,1,35.0
2024-06-19 15:00:00,east,maize,vegetative,8.0,35.22,60.36,0.0,2.2,421.96,2,1,35.0
2024-06-19 16:00:00,east,tomato,vegetative,8.0,33.9,56.13,0.0,2.33,271.43,2,1,35.0
2024-06-19 17:00:00,north,tomato,flowering,8.0,36.75,54.61,0.0,2.95,209.63,1,1,35.0
2024-06-19 18:00:00,west,tomato,flowering,8.0,34.61,63.59,0.0,3.37,12.46,3,1,35.0
2024-06-19 19:00:00,south,maize,emergence,8.0,34.56,60.73,0.0,3.0,3.25,4,1,35.0
2024-06-19 20:00:00,north,tomato,maturity,8.0,31.36,59.7,0.0,4.15,0.0,2,1,35.0
2024-06-19 21:00:00,west,tomato,vegetative,8.0,29.44,73.86,0.0,2.43,0.0,1,1,35.0
2024-06-19 22:00:00,north,tomato,vegetative,8.0,28.42,68.03,0.0,0.78,0.0,4,1,35.0
2024-06-19 23:00:00,north,tomato,maturity,8.0,29.57,59.03,0.0,3.71,0.0,4,1,35.0
2024-06-20 00:00:00,north,lettuce,vegetative,8.0,31.25,58.0,0.0,2.11,11.68,2,1,35.0
2024-06-20 01:00:00,south,tomato,emergence,8.0,28.75,68.12,0.9,1.48,0.0,2,1,35.0
2024-06-20 02:00:00,north,cotton,flowering,8.0,27.44,65.07,0.0,3.25,0.0,3,1,35.0
2024-06-20 03:00:00,west,tomato,vegetative,8.0,27.85,55.47,0.0,2.84,0.0,4,1,35.0
2024-06-20 04:00:00,east,tomato,emergence,8.0,28.49,69.07,4.16,0.87,28.52,0,0,0.0
2024-06-20 05:00:00,south,tomato,emergence,8.0,32.21,68.63,0.0,3.2,7.06,2,1,35.0
2024-06-20 06:00:00,north,lettuce,emergence,8.0,31.85,68.39,0.0,4.65,0.0,4,1,35.0
2024-06-20 07:00:00,south,tomato,flowering,8.0,31.35,71.32,0.0,2.79,193.55,1,1,35.0
2024-06-20 08:00:00,north,maize,vegetative,8.0,32.16,74.35,0.0,2.09,344.01,1,1,35.0
2024-06-20 09:00:00,west,tomato,flowering,8.0,33.48,70.92,0.0,0.4,466.17,4,1,35.0
2024-06-20 10:00:00,south,cotton,maturity,8.0,34.74,60.19,0.0,4.86,620.51,4,1,35.0
2024-06-20 11:00:00,south,tomato,vegetative,8.0,34.21,56.77,0.0,1.78,628.69,2,1,35.0
2024-06-20 12:00:00,north,maize,vegetative,8.0,34.2,45.43,0.0,0.71,665.08,4,1,35.0
2024-06-20 13:00:00,north,cotton,vegetative,8.0,37.41,55.75,0.0,2.53,644.28,2,1,35.0
2024-06-20 14:00:00,north,tomato,vegetative,8.0,36.03,60.41,0.0,3.61,593.63,1,1,35.0
2024-06-20 15:00:00,north,tomato,vegetative,8.0,37.29,56.08,0.0,3.88,451.82,2,1,35.0
2024-06-20 16:00:00,east,cotton,maturity,8.0,37.93,42.04,0.0,1.59,302.43,3,1,35.0
2024-06-20 17:00:00,west,tomato,vegetative,8.0,35.61,55.11,0.0,2.28,202.29,3,1,35.0
2024-06-20 18:00:00,west,tomato,flowering,8.0,34.54,62.49,0.0,2.4,32.25,2,1,35.0
2024-06-20 19:00:00,south,maize,flowering,8.0,37.83,48.15,0.0,3.57,44.62,3,1,35.0
2024-06-20 20:00:00,west,tomato,maturity,8.0,32.31,60.91,0.0,3.11,14.54,1,1,35.0
2024-06-20 21:00:00,east,cotton,vegetative,8.0,29.33,65.16,0.0,2.72,0.0,1,1,35.0
2024-06-20 22:00:00,north,lettuce,vegetative,8.0,29.58,69.76,0.0,3.5,5.74,1,1,35.0
2024-06-20 23:00:00,north,lettuce,maturity,8.0,31.5,72.39,0.0,0.77,1.18,4,1,35.0
2024-06-21 00:00:00,east,tomato,vegetative,8.0,26.59,61.68,0.0,2.91,43.03,3,1,35.0
2024-06-21 01:00:00,south,lettuce,flowering,8.0,27.0,65.28,0.0,2.67,37.05,1,1,35.0
2024-06-21 02:00:00,north,lettuce,flowering,8.0,29.66,63.38,0.0,2.34,21.45,1,1,35.0
2024-06-21 03:00:00,west,tomato,flowering,8.0,27.73,67.97,0.0,2.1,0.0,4,1,35.0
2024-06-21 04:00:00,east,cotton,vegetative,8.0,28.37,66.67,0.0,2.56,0.0,3,1,35.0
2024-06-21 05:00:00,east,lettuce,vegetative,13.66,30.78,70.95,11.86,1.72,0.0,0,0,0.0
2024-06-21 06:00:00,west,lettuce,flowering,8.0,28.92,46.14,0.88,5.67,0.0,2,1,35.0
2024-06-21 07:00:00,west,tomato,flowering,8.0,28.76,65.52,0.0,4.03,174.07,2,1,35.0
2024-06-21 08:00:00,west,tomato,flowering,8.0,29.91,65.08,0.0,3.71,376.81,1,1,35.0
2024-06-21 09:00:00,south,lettuce,flowering,8.0,33.9,56.83,0.0,1.76,486.89,3,1,35.0
2024-06-21 10:00:00,west,lettuce,maturity,8.0,34.39,42.24,0.0,1.25,530.75,3,1,35.0
2024-06-21 11:00:00,east,maize,maturity,8.0,33.79,58.14,0.0,2.15,598.85,3,1,35.0
2024-06-21 12:00:00,east,tomato,flowering,8.0,33.72,53.65,0.0,2.54,617.84,4,1,35.0
2024-06-21 13:00:00,west,cotton,emergence,8.0,35.45,68.98,0.0,0.66,623.76,3,1,35.0
2024-06-21 14:00:00,north,tomato,vegetative,8.0,37.67,58.09,0.0,2.98,591.11,4,1,35.0
2024-06-21 15:00:00,south,maize,flowering,8.0,34.61,52.35,0.0,3.7,493.36,3,1,35.0
2024-06-21 16:00:00,north,lettuce,flowering,8.0,34.47,43.66,0.0,0.0,311.83,1,1,35.0
2024-06-21 17:00:00,south,tomato,vegetative,8.0,33.04,63.3,3.33,1.32,167.18,0,0,0.0
2024-06-21 18:00:00,south,tomato,flowering,8.0,33.45,63.72,0.0,3.87,58.6,4,1,35.0
2024-06-21 19:00:00,west,tomato,vegetative,8.0,33.54,57.26,0.0,2.85,0.0,3,1,35.0
2024-06-21 20:00:00,west,cotton,vegetative,8.0,35.17,61.69,0.0,1.36,22.33,1,1,35.0
2024-06-21 21:00:00,south,maize,maturity,8.0,31.29,58.13,0.0,3.28,18.55,1,1,35.0
2024-06-21 22:00:00,south,lettuce,vegetative,8.0,29.92,69.14,0.0,1.69,0.0,1,1,35.0
2024-06-21 23:00:00,east,cotton,flowering,8.0,30.46,68.18,5.13,2.12,0.0,0,0,0.0
2024-06-22 00:00:00,west,lettuce,flowering,8.0,29.57,50.47,0.0,1.03,14.71,2,1,35.0
2024-06-22 01:00:00,west,maize,flowering,8.0,27.26,54.02,0.0,2.42,0.0,2,1,35.0
2024-06-22 02:00:00,north,maize,vegetative,8.0,31.44,74.66,0.0,3.62,0.0,4,1,35.0
2024-06-22 03:00:00,north,maize,flowering,8.0,28.09,69.65,0.0,1.83,0.0,4,1,35.0
2024-06-22 04:00:00,east,lettuce,vegetative,8.0,28.88,53.66,6.89,3.17,65.18,0,0,0.0
2024-06-22 05:00:00,south,cotton,flowering,8.0,29.99,50.62,0.0,2.34,0.0,4,1,35.0
2024-06-22 06:00:00,north,lettuce,vegetative,26.71,30.51,62.65,18.71,3.69,7.05,0,0,0.0
2024-06-22 07:00:00,north,maize,maturity,8.0,33.24,51.01,0.0,1.84,195.72,1,1,35.0
2024-06-22 08:00:00,south,maize,flowering,8.0,31.11,58.5,0.0,4.27,317.6,4,1,35.0
2024-06-22 09:00:00,south,cotton,vegetative,8.0,34.2,57.91,4.32,3.22,460.87,1,0,0.0
2024-06-22 10:00:00,east,tomato,vegetative,8.0,34.24,57.58,0.0,2.69,580.51,2,1,35.0
2024-06-22 11:00:00,north,cotton,vegetative,8.0,36.29,64.45,0.0,2.74,598.17,3,1,35.0
2024-06-22 12:00:00,east,tomato,flowering,8.0,35.13,70.34,0.0,1.84,596.22,1,1,35.0
2024-06-22 13:00:00,east,lettuce,flowering,8.0,35.33,53.98,0.0,1.76,602.28,3,1,35.0
2024-06-22 14:00:00,south,cotton,flowering,8.0,37.09,48.01,0.0,2.71,623.41,2,1,35.0
2024-06-22 15:00:00,north,maize,maturity,8.0,36.39,59.21,0.0,0.96,439.49,2,1,35.0
2024-06-22 16:00:00,east,tomato,vegetative,8.0,34.22,69.64,0.0,1.68,329.57,4,1,35.0
2024-06-22 17:00:00,east,cotton,flowering,8.0,36.84,53.31,0.0,1.28,121.83,4,1,35.0
2024-06-22 18:00:00,south,maize,vegetative,8.0,35.09,63.48,0.0,3.09,46.98,2,1,35.0
2024-06-22 19:00:00,south,maize,flowering,8.0,32.92,53.41,0.0,3.1,0.0,1,1,35.0
2024-06-22 20:00:00,east,maize,flowering,8.0,31.29,60.72,0.0,3.92,0.0,3,1,35.0
2024-06-22 21:00:00,south,maize,flowering,8.0,31.5,52.26,0.0,2.0,0.0,4,1,35.0
2024-06-22 22:00:00,south,lettuce,emergence,8.0,30.98,60.89,0.0,1.43,87.96,4,1,35.0
2024-06-22 23:00:00,south,tomato,vegetative,8.0,26.77,63.37,0.0,0.64,15.45,2,1,35.0
2024-06-23 00:00:00,south,maize,vegetative,8.0,29.08,66.59,0.0,2.73,0.0,3,1,35.0
2024-06-23 01:00:00,east,cotton,maturity,8.0,29.1,74.77,0.0,4.08,0.0,1,1,35.0
2024-06-23 02:00:00,south,tomato,flowering,8.0,24.45,63.31,1.25,2.31,47.35,2,1,35.0
2024-06-23 03:00:00,south,maize,vegetative,8.0,28.41,48.87,0.0,2.43,0.0,3,1,35.0
2024-06-23 04:00:00,east,lettuce,vegetative,8.0,29.56,60.54,0.0,2.39,0.0,4,1,35.0
2024-06-23 05:00:00,south,cotton,vegetative,15.97,30.03,63.67,13.05,2.7,0.0,0,0,0.0
2024-06-23 06:00:00,north,lettuce,maturity,8.0,31.19,62.06,0.0,3.6,51.28,4,1,35.0
2024-06-23 07:00:00,west,cotton,maturity,8.0,30.46,60.13,0.0,4.7,166.76,2,1,35.0
2024-06-23 08:00:00,north,tomato,maturity,8.0,30.42,71.68,0.0,3.0,271.73,3,1,35.0
2024-06-23 09:00:00,east,maize,maturity,8.0,30.32,62.3,0.0,3.08,452.47,3,1,35.0
2024-06-23 10:00:00,south,cotton,vegetative,8.0,35.62,56.37,0.0,2.11,533.81,3,1,35.0
2024-06-23 11:00:00,north,cotton,vegetative,8.0,35.87,51.46,2.79,2.27,640.44,0,0,0.0
2024-06-23 12:00:00,north,lettuce,flowering,8.0,37.2,43.61,0.66,2.25,636.48,3,1,35.0
2024-06-23 13:00:00,west,maize,flowering,8.0,34.76,60.1,0.0,1.96,572.93,1,1,35.0
2024-06-23 14:00:00,south,maize,vegetative,8.0,37.19,57.57,0.0,2.55,560.03,4,1,35.0
2024-06-23 15:00:00,south,tomato,flowering,8.0,33.59,51.31,0.0,3.15,457.63,3,1,35.0
2024-06-23 16:00:00,east,cotton,vegetative,8.0,34.14,57.97,0.0,2.48,281.13,2,1,35.0
2024-06-23 17:00:00,north,cotton,vegetative,8.0,35.0,56.59,0.0,2.06,99.63,2,1,35.0
2024-06-23 18:00:00,east,maize,vegetative,8.0,34.98,53.25,0.0,2.55,9.89,1,1,35.0
2024-06-23 19:00:00,south,tomato,maturity,8.0,35.54,51.62,0.0,1.25,0.0,1,1,35.0
2024-06-23 20:00:00,east,maize,flowering,8.0,31.62,63.14,0.0,3.36,0.0,2,1,35.0
2024-06-23 21:00:00,north,tomato,flowering,8.0,29.65,60.3,0.0,1.9,26.1,1,1,35.0
2024-06-23 22:00:00,west,lettuce,maturity,8.0,28.61,58.58,0.0,1.01,0.0,3,1,35.0
2024-06-23 23:00:00,north,lettuce,maturity,8.0,28.12,57.07,0.0,2.95,2.11,2,1,35.0
2024-06-24 00:00:00,east,tomato,vegetative,8.0,31.84,59.22,0.0,3.01,23.19,1,1,35.0
2024-06-24 01:00:00,east,lettuce,maturity,8.0,29.24,68.68,0.0,1.37,0.0,3,1,35.0
2024-06-24 02:00:00,south,cotton,vegetative,8.0,29.64,63.33,0.0,3.15,0.0,3,1,35.0
2024-06-24 03:00:00,north,tomato,flowering,8.0,27.75,61.74,0.0,3.16,0.0,2,1,35.0
2024-06-24 04:00:00,south,maize,emergence,8.0,28.51,64.95,0.0,4.77,0.0,3,1,35.0
2024-06-24 05:00:00,west,maize,vegetative,8.0,30.19,71.0,0.0,2.12,0.0,4,1,35.0
2024-06-24 06:00:00,west,tomato,flowering,8.0,29.21,65.66,0.0,2.33,13.0,3,1,35.0
2024-06-24 07:00:00,west,maize,emergence,9.91,30.5,63.02,12.63,1.67,168.34,0,0,0.0
2024-06-24 08:00:00,north,lettuce,flowering,8.0,30.96,65.3,0.0,2.99,302.5,3,1,35.0
2024-06-24 09:00:00,east,tomato,flowering,8.0,32.34,58.62,0.0,2.39,494.11,4,1,35.0
2024-06-24 10:00:00,north,tomato,flowering,8.0,34.05,59.65,0.0,3.59,544.65,3,1,35.0
2024-06-24 11:00:00,east,cotton,emergence,8.0,33.57,55.32,0.0,1.88,679.65,2,1,35.0
2024-06-24 12:00:00,south,maize,emergence,8.0,35.87,46.05,0.0,2.97,640.59,1,1,35.0
2024-06-24 13:00:00,east,lettuce,vegetative,8.0,36.26,58.99,0.0,2.11,594.44,3,1,35.0
2024-06-24 14:00:00,east,lettuce,maturity,8.0,35.7,59.46,0.0,0.19,530.56,4,1,35.0
2024-06-24 15:00:00,west,cotton,maturity,8.0,34.6,55.91,0.0,3.15,462.81,3,1,35.0
2024-06-24 16:00:00,south,lettuce,vegetative,8.0,35.59,64.37,0.0,0.3,287.53,3,1,35.0
2024-06-24 17:00:00,south,cotton,flowering,8.0,34.04,53.31,0.0,2.21,173.29,1,1,35.0
2024-06-24 18:00:00,east,lettuce,flowering,8.0,34.04,45.97,0.0,2.23,0.0,4,1,35.0
2024-06-24 19:00:00,north,maize,maturity,8.0,34.66,53.0,0.0,2.39,0.0,2,1,35.0
2024-06-24 20:00:00,north,maize,emergence,8.0,30.09,50.74,0.0,2.46,0.0,4,1,35.0
2024-06-24 21:00:00,east,maize,flowering,8.0,34.2,60.61,0.0,2.44,35.16,3,1,35.0
2024-06-24 22:00:00,west,maize,flowering,8.0,29.86,56.44,4.31,2.84,0.0,0,0,0.0
2024-06-24 23:00:00,east,tomato,vegetative,8.0,29.76,68.68,0.0,2.27,6.44,2,1,35.0
2024-06-25 00:00:00,west,maize,emergence,8.0,27.37,70.45,0.0,5.54,15.55,2,1,35.0
2024-06-25 01:00:00,north,maize,emergence,8.0,29.81,55.28,0.0,1.99,0.0,2,1,35.0
2024-06-25 02:00:00,south,tomato,vegetative,8.0,27.77,57.73,0.0,0.93,18.3,2,1,35.0
2024-06-25 03:00:00,east,tomato,flowering,8.0,27.51,67.34,0.0,0.71,28.54,3,1,35.0
2024-06-25 04:00:00,south,lettuce,flowering,8.0,27.63,70.35,0.0,3.19,33.82,1,1,35.0
2024-06-25 05:00:00,north,lettuce,vegetative,8.0,28.73,48.53,0.0,0.49,0.0,3,1,35.0
2024-06-25 06:00:00,north,cotton,maturity,8.0,30.59,63.1,0.0,0.95,0.0,1,1,35.0
2024-06-25 07:00:00,west,maize,vegetative,8.0,31.18,45.27,0.0,0.78,166.33,3,1,35.0
2024-06-25 08:00:00,east,cotton,maturity,8.0,31.9,56.24,0.0,2.95,321.11,2,1,35.0
2024-06-25 09:00:00,south,lettuce,emergence,8.0,31.93,67.71,0.0,4.0,460.3,3,1,35.0
2024-06-25 10:00:00,south,tomato,maturity,8.0,32.81,80.42,7.23,1.27,550.44,0,0,0.0
2024-06-25 11:00:00,north,cotton,maturity,8.0,34.1,56.65,0.0,2.91,634.36,4,1,35.0
2024-06-25 12:00:00,west,tomato,maturity,8.0,36.12,47.98,0.0,0.0,560.61,4,1,35.0
2024-06-25 13:00:00,north,lettuce,maturity,8.0,36.82,52.55,0.0,1.51,650.88,3,1,35.0
2024-06-25 14:00:00,west,lettuce,vegetative,8.0,37.16,56.34,0.0,3.12,614.43,1,1,35.0
2024-06-25 15:00:00,north,maize,flowering,8.0,35.82,52.25,0.0,2.03,440.26,3,1,35.0
2024-06-25 16:00:00,south,lettuce,flowering,17.56,36.0,50.33,11.94,3.59,332.08,0,0,0.0
2024-06-25 17:00:00,south,maize,vegetative,8.0,34.54,54.98,0.0,0.0,227.06,1,1,35.0
2024-06-25 18:00:00,west,tomato,maturity,8.0,31.35,63.29,0.0,1.52,1.17,3,1,35.0
2024-06-25 19:00:00,north,tomato,vegetative,8.0,32.67,58.28,0.0,2.94,10.69,1,1,35.0
2024-06-25 20:00:00,south,tomato,vegetative,8.0,31.4,54.31,0.0,2.93,64.46,1,1,35.0
2024-06-25 21:00:00,south,tomato,maturity,8.0,29.37,57.42,0.0,3.02,71.27,3,1,35.0
2024-06-25 22:00:00,south,lettuce,vegetative,8.0,29.11,59.42,0.0,2.65,0.0,2,1,35.0
2024-06-25 23:00:00,north,maize,vegetative,8.0,29.34,55.14,0.0,1.03,0.0,3,1,35.0
2024-06-26 00:00:00,west,maize,vegetative,8.0,26.78,59.22,0.0,1.47,31.28,2,1,35.0
2024-06-26 01:00:00,south,lettuce,flowering,8.0,27.02,68.49,0.0,5.18,17.4,2,1,35.0
2024-06-26 02:00:00,south,tomato,maturity,8.0,30.27,59.77,0.0,0.89,24.71,1,1,35.0
2024-06-26 03:00:00,south,tomato,emergence,8.0,25.68,52.78,0.0,0.7,0.0,3,1,35.0
2024-06-26 04:00:00,west,lettuce,flowering,8.0,28.21,70.21,2.05,3.22,0.0,0,0,0.0
2024-06-26 05:00:00,south,cotton,flowering,8.0,27.37,66.62,0.0,1.13,62.45,1,1,35.0
2024-06-26 06:00:00,south,maize,flowering,8.0,28.82,52.86,0.0,4.55,27.09,1,1,35.0
2024-06-26 07:00:00,south,tomato,flowering,8.0,30.61,58.55,0.0,5.68,180.61,4,1,35.0
2024-06-26 08:00:00,south,lettuce,maturity,8.0,30.46,55.68,0.0,2.11,281.52,4,1,35.0
2024-06-26 09:00:00,north,cotton,vegetative,8.0,33.84,63.26,0.0,2.77,445.09,2,1,35.0
2024-06-26 10:00:00,east,maize,vegetative,8.0,35.97,54.22,0.0,0.21,582.85,4,1,35.0
2024-06-26 11:00:00,north,tomato,flowering,8.0,36.04,56.26,12.22,3.64,579.44,1,0,0.0
2024-06-26 12:00:00,north,tomato,vegetative,8.0,36.95,54.72,0.0,0.0,625.32,3,1,35.0
2024-06-26 13:00:00,north,lettuce,flowering,8.0,33.74,48.25,0.0,0.79,640.99,4,1,35.0
2024-06-26 14:00:00,south,cotton,emergence,8.0,35.58,66.97,0.0,2.54,583.56,3,1,35.0
2024-06-26 15:00:00,west,lettuce,vegetative,8.0,36.51,61.03,0.0,3.06,441.31,3,1,35.0
2024-06-26 16:00:00,east,maize,maturity,8.0,36.72,50.99,0.0,0.62,359.38,1,1,35.0
2024-06-26 17:00:00,west,lettuce,emergence,8.0,37.4,57.02,9.64,1.75,201.47,1,0,0.0
2024-06-26 18:00:00,south,cotton,flowering,8.0,35.55,63.98,0.0,0.41,0.0,2,1,35.0
2024-06-26 19:00:00,west,maize,flowering,8.0,34.33,58.53,0.0,2.02,57.33,1,1,35.0
2024-06-26 20:00:00,north,cotton,emergence,8.0,35.9,67.78,0.0,1.44,40.82,3,1,35.0
2024-06-26 21:00:00,east,maize,vegetative,8.0,31.06,81.18,0.0,1.64,7.23,1,1,35.0
2024-06-26 22:00:00,west,maize,vegetative,8.0,29.51,61.11,0.0,3.18,0.0,4,1,35.0
2024-06-26 23:00:00,east,lettuce,flowering,8.0,29.38,58.02,0.0,2.74,27.63,4,1,35.0
2024-06-27 00:00:00,west,maize,vegetative,8.0,27.09,57.0,0.0,3.07,18.68,3,1,35.0
2024-06-27 01:00:00,south,cotton,flowering,8.0,28.17,47.57,0.0,2.24,0.0,4,1,35.0
2024-06-27 02:00:00,north,maize,vegetative,8.0,25.34,74.07,0.0,3.26,56.22,4,1,35.0
2024-06-27 03:00:00,west,maize,emergence,8.0,27.27,61.31,0.0,2.36,0.0,4,1,35.0
2024-06-27 04:00:00,north,maize,emergence,8.0,28.29,69.09,0.0,1.81,0.0,1,1,35.0
2024-06-27 05:00:00,west,maize,vegetative,8.0,30.52,68.72,0.0,3.08,15.67,4,1,35.0
2024-06-27 06:00:00,east,maize,vegetative,8.0,31.6,52.76,0.0,1.89,0.0,1,1,35.0
2024-06-27 07:00:00,west,lettuce,maturity,8.0,29.45,55.53,0.0,2.0,192.72,1,1,35.0
2024-06-27 08:00:00,south,maize,emergence,8.0,35.04,69.78,0.0,3.68,276.19,4,1,35.0
2024-06-27 09:00:00,west,maize,flowering,8.0,33.19,58.56,0.0,3.57,450.71,4,1,35.0
2024-06-27 10:00:00,north,lettuce,flowering,8.0,34.29,53.55,0.0,2.04,603.18,3,1,35.0
2024-06-27 11:00:00,south,tomato,flowering,8.0,32.33,52.42,0.0,3.45,575.57,1,1,35.0
2024-06-27 12:00:00,north,lettuce,flowering,8.0,34.46,57.04,0.0,0.87,641.58,2,1,35.0
2024-06-27 13:00:00,west,maize,emergence,8.0,37.37,66.26,0.0,2.05,609.27,3,1,35.0
2024-06-27 14:00:00,east,maize,flowering,8.0,36.18,61.45,0.0,1.5,575.63,3,1,35.0
2024-06-27 15:00:00,west,lettuce,vegetative,8.0,35.95,58.11,0.0,2.4,473.38,3,1,35.0
2024-06-27 16:00:00,west,lettuce,flowering,8.0,35.73,68.13,0.0,3.28,328.4,1,1,35.0
2024-06-27 17:00:00,south,cotton,vegetative,8.0,32.59,69.3,0.0,3.07,158.09,3,1,35.0
2024-06-27 18:00:00,north,maize,flowering,8.0,33.78,60.91,0.0,2.9,2.21,1,1,35.0
2024-06-27 19:00:00,west,maize,flowering,8.0,35.08,76.97,0.0,2.56,0.0,2,1,35.0
2024-06-27 20:00:00,south,lettuce,flowering,8.0,33.56,57.02,0.0,2.21,0.0,1,1,35.0
2024-06-27 21:00:00,north,lettuce,vegetative,8.0,30.71,68.72,0.0,3.84,50.99,4,1,35.0
2024-06-27 22:00:00,west,lettuce,flowering,8.0,32.27,57.03,0.0,0.54,0.0,2,1,35.0
2024-06-27 23:00:00,west,lettuce,flowering,8.0,27.21,70.15,0.0,1.6,11.96,3,1,35.0
2024-06-28 00:00:00,south,lettuce,flowering,8.0,26.99,62.27,0.0,2.89,0.0,1,1,35.0
2024-06-28 01:00:00,west,tomato,vegetative,8.0,30.84,64.16,0.0,4.23,68.42,4,1,35.0
2024-06-28 02:00:00,north,lettuce,vegetative,8.0,28.78,79.31,0.0,1.98,3.12,2,1,35.0
2024-06-28 03:00:00,north,tomato,vegetative,8.0,27.61,70.17,0.0,2.09,0.0,2,1,35.0
2024-06-28 04:00:00,south,maize,flowering,8.0,28.36,66.25,0.0,0.85,0.0,2,1,35.0
2024-06-28 05:00:00,east,lettuce,vegetative,8.0,27.87,57.88,0.0,1.75,0.0,2,1,35.0
2024-06-28 06:00:00,north,maize,flowering,8.0,30.32,62.66,0.0,3.25,0.0,2,1,35.0
2024-06-28 07:00:00,north,maize,flowering,8.0,31.17,53.61,0.0,4.3,189.78,4,1,35.0
2024-06-28 08:00:00,east,cotton,flowering,8.0,31.94,66.26,0.0,2.05,372.64,1,1,35.0
2024-06-28 09:00:00,west,lettuce,flowering,8.0,31.21,66.67,0.0,1.44,497.44,4,1,35.0
2024-06-28 10:00:00,east,maize,flowering,8.0,34.31,56.9,0.0,2.48,559.25,2,1,35.0
2024-06-28 11:00:00,west,cotton,flowering,8.0,33.94,70.09,0.0,0.46,647.8,1,1,35.0
2024-06-28 12:00:00,west,maize,vegetative,8.0,33.89,69.14,0.0,3.88,678.3,4,1,35.0
2024-06-28 13:00:00,east,lettuce,maturity,8.0,37.67,56.51,8.81,0.92,706.59,0,0,0.0
2024-06-28 14:00:00,east,tomato,maturity,8.0,39.16,58.23,6.4,2.78,541.78,0,0,0.0
2024-06-28 15:00:00,west,maize,flowering,8.0,38.69,50.53,3.88,2.76,512.45,2,0,0.0
2024-06-28 16:00:00,south,maize,maturity,8.0,36.35,54.62,0.0,3.15,286.78,1,1,35.0
2024-06-28 17:00:00,north,tomato,maturity,8.0,34.34,50.58,0.0,2.71,209.53,4,1,35.0
2024-06-28 18:00:00,west,maize,flowering,8.0,33.8,55.21,0.0,2.4,0.0,2,1,35.0
2024-06-28 19:00:00,south,tomato,flowering,8.0,33.55,58.03,0.0,2.91,0.0,2,1,35.0
2024-06-28 20:00:00,west,lettuce,flowering,8.0,31.28,48.95,0.0,3.4,0.0,1,1,35.0
2024-06-28 21:00:00,south,tomato,vegetative,8.0,32.85,63.36,0.0,4.56,0.0,2,1,35.0
2024-06-28 22:00:00,west,tomato,emergence,8.0,26.86,71.27,0.0,1.08,14.91,3,1,35.0
2024-06-28 23:00:00,north,cotton,vegetative,8.0,28.64,62.63,0.0,0.19,42.93,1,1,35.0
2024-06-29 00:00:00,east,lettuce,maturity,8.0,29.63,43.02,0.0,0.54,0.0,4,1,35.0
2024-06-29 01:00:00,south,cotton,vegetative,8.0,26.76,62.42,0.0,0.22,0.0,2,1,35.0
2024-06-29 02:00:00,south,maize,maturity,8.0,27.53,53.82,0.0,0.96,0.0,4,1,35.0
2024-06-29 03:00:00,south,tomato,flowering,8.0,28.91,58.2,0.0,0.81,31.68,2,1,35.0
2024-06-29 04:00:00,west,lettuce,flowering,8.0,30.7,71.2,0.0,1.9,49.71,3,1,35.0
2024-06-29 05:00:00,south,lettuce,vegetative,8.0,27.12,46.86,0.0,3.43,0.0,4,1,35.0
2024-06-29 06:00:00,west,tomato,flowering,8.0,27.84,57.62,0.0,3.15,0.0,3,1,35.0
2024-06-29 07:00:00,south,cotton,vegetative,8.0,29.43,67.86,0.0,1.65,111.7,4,1,35.0
2024-06-29 08:00:00,north,lettuce,vegetative,8.0,29.58,57.02,0.0,1.76,393.21,3,1,35.0
2024-06-29 09:00:00,west,lettuce,emergence,8.0,30.72,55.57,0.0,4.81,505.78,2,1,35.0
2024-06-29 10:00:00,north,maize,vegetative,8.0,32.43,73.88,0.0,3.11,493.67,4,1,35.0
2024-06-29 11:00:00,south,lettuce,vegetative,8.0,36.57,59.0,0.0,2.61,650.79,4,1,35.0
2024-06-29 12:00:00,west,tomato,flowering,8.0,34.88,64.23,0.0,2.55,611.08,4,1,35.0
2024-06-29 13:00:00,west,cotton,vegetative,8.0,35.8,60.42,0.0,2.05,610.05,4,1,35.0
2024-06-29 14:00:00,west,maize,vegetative,8.0,34.45,59.17,0.0,4.8,519.22,1,1,35.0
2024-06-29 15:00:00,south,tomato,maturity,8.0,36.7,65.09,0.0,2.17,389.59,4,1,35.0
2024-06-29 16:00:00,west,tomato,flowering,8.0,38.17,68.41,0.0,2.58,323.4,1,1,35.0
2024-06-29 17:00:00,south,lettuce,maturity,8.0,33.38,47.11,0.96,0.42,234.57,2,1,35.0
2024-06-29 18:00:00,east,cotton,flowering,8.0,36.47,56.17,0.0,1.64,0.0,4,1,35.0
2024-06-29 19:00:00,east,cotton,emergence,8.0,33.47,58.52,0.0,1.74,31.2,3,1,35.0
2024-06-29 20:00:00,north,lettuce,maturity,8.0,31.91,57.06,0.0,2.98,36.69,1,1,35.0
2024-06-29 21:00:00,south,cotton,maturity,8.0,31.45,67.31,8.15,1.47,25.26,1,0,0.0
2024-06-29 22:00:00,south,lettuce,flowering,8.0,30.47,63.02,4.61,2.46,69.88,1,0,0.0
2024-06-29 23:00:00,south,maize,flowering,8.0,31.84,73.6,0.0,1.67,33.43,4,1,35.0
2024-06-30 00:00:00,south,lettuce,vegetative,8.0,29.18,69.96,0.0,1.08,63.16,4,1,35.0
2024-06-30 01:00:00,east,tomato,flowering,8.0,28.81,72.1,0.0,1.03,0.0,3,1,35.0
2024-06-30 02:00:00,north,tomato,flowering,8.0,27.23,55.42,0.0,2.19,26.09,2,1,35.0
2024-06-30 03:00:00,north,maize,flowering,8.0,29.26,56.55,0.0,2.52,52.88,1,1,35.0
2024-06-30 04:00:00,west,tomato,vegetative,8.0,26.96,58.96,0.0,2.17,0.0,3,1,35.0
2024-06-30 05:00:00,south,cotton,emergence,8.0,29.2,71.5,0.0,1.4,0.0,2,1,35.0
2024-06-30 06:00:00,east,cotton,vegetative,8.0,34.19,51.48,0.0,2.23,0.0,2,1,35.0
2024-06-30 07:00:00,east,maize,vegetative,8.0,27.07,57.38,0.0,2.01,142.87,3,1,35.0
2024-06-30 08:00:00,east,lettuce,vegetative,8.0,32.21,51.98,0.0,1.15,344.64,2,1,35.0
2024-06-30 09:00:00,south,maize,maturity,8.0,33.31,78.23,0.0,2.5,439.79,1,1,35.0
2024-06-30 10:00:00,south,tomato,vegetative,8.0,33.52,57.79,0.0,4.57,563.03,4,1,35.0
2024-06-30 11:00:00,west,maize,vegetative,8.0,34.39,61.8,0.0,2.22,606.7,2,1,35.0
2024-06-30 12:00:00,west,tomato,vegetative,8.0,35.46,49.24,0.0,0.65,645.5,3,1,35.0
2024-06-30 13:00:00,south,maize,flowering,8.0,35.35,64.04,0.0,4.16,625.53,3,1,35.0
2024-06-30 14:00:00,east,tomato,flowering,8.0,36.2,44.23,0.0,3.91,540.78,1,1,35.0
2024-06-30 15:00:00,west,tomato,flowering,8.0,35.0,50.75,0.0,4.12,488.36,4,1,35.0
2024-06-30 16:00:00,north,tomato,maturity,8.0,38.36,49.79,0.0,2.35,373.31,4,1,35.0
2024-06-30 17:00:00,west,cotton,maturity,8.0,34.31,59.68,0.0,1.46,128.02,3,1,35.0
2024-06-30 18:00:00,south,tomato,maturity,8.0,34.72,52.27,0.0,1.33,7.61,4,1,35.0
2024-06-30 19:00:00,west,maize,maturity,8.0,31.9,70.75,0.0,3.77,0.0,3,1,35.0
2024-06-30 20:00:00,east,maize,vegetative,8.0,33.26,62.51,0.0,4.33,0.0,2,1,35.0
2024-06-30 21:00:00,west,maize,flowering,8.0,31.93,55.23,0.0,1.3,36.28,1,1,35.0
2024-06-30 22:00:00,north,maize,vegetative,8.0,30.49,68.19,0.0,0.0,70.26,4,1,35.0
2024-06-30 23:00:00,north,tomato,maturity,8.0,27.49,60.85,0.0,2.38,0.0,3,1,35.0
2024-07-01 00:00:00,west,lettuce,vegetative,8.0,27.24,59.67,0.0,1.31,64.17,2,1,35.0
2024-07-01 01:00:00,east,lettuce,vegetative,8.0,30.5,67.47,0.0,1.55,0.0,4,1,35.0
2024-07-01 02:00:00,east,lettuce,emergence,8.0,26.69,47.08,0.0,2.11,0.0,3,1,35.0
2024-07-01 03:00:00,north,lettuce,flowering,8.0,28.93,67.6,0.0,2.89,58.37,2,1,35.0
2024-07-01 04:00:00,north,maize,flowering,8.0,26.96,59.04,0.0,1.46,0.0,1,1,35.0
2024-07-01 05:00:00,west,maize,emergence,8.0,30.52,56.18,0.0,2.56,32.08,4,1,35.0
2024-07-01 06:00:00,south,tomato,flowering,8.0,28.81,76.26,0.0,2.25,0.0,1,1,35.0
2024-07-01 07:00:00,east,maize,vegetative,8.0,29.36,58.4,0.0,0.0,143.01,2,1,35.0
2024-07-01 08:00:00,south,tomato,maturity,8.0,30.77,67.68,0.0,3.05,307.19,3,1,35.0
2024-07-01 09:00:00,south,maize,emergence,8.0,32.04,61.92,0.0,1.86,383.73,3,1,35.0
2024-07-01 10:00:00,north,lettuce,emergence,8.0,34.44,60.73,0.0,0.88,607.05,3,1,35.0
2024-07-01 11:00:00,west,tomato,flowering,8.0,34.77,56.03,0.0,1.53,635.77,4,1,35.0
2024-07-01 12:00:00,west,tomato,flowering,8.0,33.66,56.55,0.0,2.64,644.82,3,1,35.0
2024-07-01 13:00:00,north,lettuce,maturity,8.0,35.66,67.77,0.0,2.46,603.6,4,1,35.0
2024-07-01 14:00:00,south,maize,flowering,8.0,34.12,64.82,0.0,3.17,573.83,3,1,35.0
2024-07-01 15:00:00,east,cotton,maturity,8.0,36.67,52.77,0.0,2.92,490.54,2,1,35.0
2024-07-01 16:00:00,south,cotton,vegetative,8.0,36.54,49.05,0.0,0.99,315.39,2,1,35.0
2024-07-01 17:00:00,east,cotton,vegetative,8.0,34.63,53.81,0.0,0.0,201.96,2,1,35.0
2024-07-01 18:00:00,south,maize,maturity,8.0,34.24,65.07,0.0,2.55,9.63,2,1,35.0
2024-07-01 19:00:00,north,tomato,emergence,8.0,35.5,65.45,0.0,3.16,0.0,4,1,35.0
2024-07-01 20:00:00,south,lettuce,maturity,8.0,31.6,64.2,0.0,2.16,31.93,1,1,35.0
2024-07-01 21:00:00,east,lettuce,emergence,8.0,29.39,50.77,0.0,3.19,0.0,2,1,35.0
2024-07-01 22:00:00,north,lettuce,flowering,8.0,30.71,66.31,3.9,1.2,0.0,1,0,0.0
2024-07-01 23:00:00,west,maize,vegetative,8.0,27.31,72.88,0.0,1.98,0.0,1,1,35.0
2024-07-02 00:00:00,north,tomato,flowering,8.0,28.03,64.39,2.26,1.3,1.23,2,0,0.0
2024-07-02 01:00:00,north,tomato,maturity,8.0,27.05,77.82,0.0,3.24,0.0,2,1,35.0
2024-07-02 02:00:00,east,tomato,emergence,8.0,26.76,54.95,0.0,1.31,41.65,2,1,35.0
2024-07-02 03:00:00,east,tomato,vegetative,8.0,27.57,68.34,1.88,4.87,17.52,3,1,35.0
2024-07-02 04:00:00,south,cotton,vegetative,8.0,29.69,54.7,0.0,1.8,0.0,1,1,35.0
2024-07-02 05:00:00,south,tomato,vegetative,8.0,30.64,68.5,0.0,3.36,0.0,3,1,35.0
2024-07-02 06:00:00,north,lettuce,vegetative,8.0,31.2,64.93,0.0,1.81,2.82,2,1,35.0
2024-07-02 07:00:00,east,cotton,maturity,8.0,31.28,73.19,0.0,4.01,186.64,1,1,35.0
2024-07-02 08:00:00,south,maize,emergence,8.0,31.42,63.96,0.0,3.96,326.84,4,1,35.0
2024-07-02 09:00:00,north,maize,vegetative,8.0,29.31,59.33,0.0,2.01,454.21,3,1,35.0
2024-07-02 10:00:00,south,lettuce,vegetative,8.0,34.36,54.67,0.0,2.73,516.22,2,1,35.0
2024-07-02 11:00:00,west,maize,vegetative,8.0,31.22,58.87,0.0,3.93,603.01,3,1,35.0
2024-07-02 12:00:00,south,maize,vegetative,8.0,32.39,56.12,0.0,2.77,659.7,3,1,35.0
2024-07-02 13:00:00,west,cotton,flowering,8.0,35.43,66.69,0.0,1.3,634.43,3,1,35.0
2024-07-02 14:00:00,south,lettuce,flowering,8.0,36.2,65.57,0.0,2.48,510.93,3,1,35.0
2024-07-02 15:00:00,north,cotton,maturity,8.0,35.0,47.13,0.0,1.5,439.95,2,1,35.0
2024-07-02 16:00:00,south,cotton,vegetative,8.0,37.58,55.81,0.0,2.58,292.46,3,1,35.0
2024-07-02 17:00:00,south,maize,flowering,8.0,35.33,57.77,0.0,1.46,215.99,4,1,35.0
2024-07-02 18:00:00,north,lettuce,maturity,8.0,33.43,53.38,0.0,2.85,8.79,1,1,35.0
2024-07-02 19:00:00,east,lettuce,maturity,8.0,34.92,60.73,0.0,0.25,15.06,4,1,35.0
2024-07-02 20:00:00,south,lettuce,maturity,8.0,34.16,68.5,0.0,1.05,0.0,2,1,35.0
2024-07-02 21:00:00,east,lettuce,vegetative,8.0,31.54,66.61,0.0,1.45,0.0,1,1,35.0
2024-07-02 22:00:00,south,lettuce,maturity,8.0,28.65,72.11,1.08,2.21,0.0,3,1,35.0
2024-07-02 23:00:00,south,cotton,maturity,8.0,28.15,58.05,0.0,0.59,17.25,4,1,35.0
2024-07-03 00:00:00,south,maize,maturity,8.0,26.14,64.94,8.22,1.34,0.0,0,0,0.0
2024-07-03 01:00:00,north,lettuce,flowering,8.0,27.85,57.96,0.0,3.33,17.61,3,1,35.0
2024-07-03 02:00:00,east,maize,maturity,8.0,26.2,66.31,0.0,3.48,5.0,2,1,35.0
2024-07-03 03:00:00,north,lettuce,vegetative,8.0,27.42,65.97,5.96,0.0,10.34,2,0,0.0
2024-07-03 04:00:00,east,lettuce,flowering,8.0,28.7,69.36,0.0,1.7,12.13,2,1,35.0
2024-07-03 05:00:00,west,lettuce,flowering,8.0,25.97,74.02,0.0,3.93,0.0,4,1,35.0
2024-07-03 06:00:00,west,maize,flowering,8.0,27.88,68.12,0.0,2.86,0.0,2,1,35.0
2024-07-03 07:00:00,south,maize,flowering,8.0,29.98,55.59,0.0,2.89,200.04,1,1,35.0
2024-07-03 08:00:00,south,maize,vegetative,8.0,31.7,50.78,0.0,3.08,388.92,1,1,35.0
2024-07-03 09:00:00,west,tomato,vegetative,8.0,32.07,63.58,4.33,1.25,491.75,0,0,0.0
2024-07-03 10:00:00,south,tomato,vegetative,8.0,33.37,69.41,0.0,2.66,465.3,3,1,35.0
2024-07-03 11:00:00,south,cotton,flowering,8.0,33.55,58.59,0.0,2.97,601.32,4,1,35.0
2024-07-03 12:00:00,west,maize,flowering,8.0,33.07,48.45,0.76,2.53,654.02,1,1,35.0
2024-07-03 13:00:00,west,cotton,maturity,8.0,34.84,72.32,0.0,1.93,589.41,1,1,35.0
2024-07-03 14:00:00,west,tomato,maturity,8.0,35.46,60.66,9.61,2.34,522.84,2,0,0.0
2024-07-03 15:00:00,north,lettuce,flowering,8.0,35.18,58.66,0.0,1.03,444.96,4,1,35.0
2024-07-03 16:00:00,west,lettuce,vegetative,8.0,35.41,49.1,0.0,3.14,337.09,2,1,35.0
2024-07-03 17:00:00,north,lettuce,flowering,8.0,35.23,57.53,0.0,0.68,189.85,3,1,35.0
2024-07-03 18:00:00,east,lettuce,maturity,8.0,34.8,62.57,4.9,1.42,0.0,2,0,0.0
2024-07-03 19:00:00,west,lettuce,flowering,8.0,31.86,63.63,0.0,3.22,0.0,1,1,35.0
2024-07-03 20:00:00,east,cotton,maturity,8.0,29.41,57.31,0.0,2.75,0.0,2,1,35.0
2024-07-03 21:00:00,west,lettuce,maturity,8.0,32.65,59.08,0.0,1.82,17.75,1,1,35.0
2024-07-03 22:00:00,south,tomato,vegetative,8.0,30.36,57.0,0.0,0.35,15.4,4,1,35.0
2024-07-03 23:00:00,south,tomato,flowering,8.0,27.52,75.24,0.0,2.34,31.75,1,1,35.0
2024-07-04 00:00:00,south,lettuce,flowering,8.0,28.7,68.91,0.0,1.64,4.54,1,1,35.0
2024-07-04 01:00:00,south,maize,vegetative,8.0,29.48,58.34,0.0,2.98,0.0,4,1,35.0
2024-07-04 02:00:00,east,maize,vegetative,8.0,30.34,53.15,0.0,1.78,0.0,1,1,35.0
2024-07-04 03:00:00,south,lettuce,vegetative,8.0,28.26,64.94,0.0,0.3,29.99,2,1,35.0
2024-07-04 04:00:00,east,maize,vegetative,8.0,29.87,58.26,0.0,0.74,0.0,3,1,35.0
2024-07-04 05:00:00,south,lettuce,flowering,8.0,27.1,60.99,0.0,1.89,0.0,3,1,35.0
2024-07-04 06:00:00,south,lettuce,vegetative,8.0,29.69,53.9,0.0,2.53,9.98,4,1,35.0
2024-07-04 07:00:00,north,lettuce,vegetative,8.0,30.21,54.36,0.0,1.0,238.36,4,1,35.0
2024-07-04 08:00:00,east,lettuce,flowering,8.0,32.26,60.93,0.0,1.49,303.96,4,1,35.0
2024-07-04 09:00:00,west,cotton,vegetative,8.0,35.2,55.58,0.0,3.35,455.36,4,1,35.0
2024-07-04 10:00:00,west,lettuce,maturity,8.0,34.12,75.78,0.0,3.73,621.98,3,1,35.0
2024-07-04 11:00:00,south,cotton,vegetative,8.0,33.17,63.23,0.0,2.73,607.26,4,1,35.0
2024-07-04 12:00:00,south,tomato,emergence,8.0,33.31,50.89,0.0,2.06,687.61,3,1,35.0
2024-07-04 13:00:00,east,lettuce,maturity,8.0,38.08,44.39,0.0,1.65,641.59,3,1,35.0
2024-07-04 14:00:00,east,lettuce,maturity,8.0,36.51,59.18,0.0,3.05,555.18,4,1,35.0
2024-07-04 15:00:00,north,maize,flowering,8.0,36.28,53.8,0.0,2.02,475.43,1,1,35.0
2024-07-04 16:00:00,east,maize,flowering,8.0,34.69,67.17,0.0,3.5,319.84,2,1,35.0
2024-07-04 17:00:00,north,lettuce,vegetative,8.0,34.97,59.59,0.0,3.57,247.26,2,1,35.0
2024-07-04 18:00:00,north,maize,flowering,8.0,32.26,45.91,0.0,2.89,0.0,3,1,35.0
2024-07-04 19:00:00,east,cotton,vegetative,8.0,33.36,51.78,3.79,1.8,0.0,0,0,0.0
2024-07-04 20:00:00,north,maize,flowering,8.0,29.98,56.89,0.0,1.9,0.0,2,1,35.0
2024-07-04 21:00:00,south,tomato,vegetative,8.0,30.17,64.56,0.0,0.43,0.0,4,1,35.0
2024-07-04 22:00:00,east,lettuce,flowering,8.0,28.78,55.21,0.0,2.34,37.81,4,1,35.0
2024-07-04 23:00:00,east,maize,vegetative,8.0,24.03,67.45,0.0,2.3,0.0,4,1,35.0
2024-07-05 00:00:00,south,tomato,vegetative,8.0,27.72,54.07,0.0,0.75,17.22,2,1,35.0
2024-07-05 01:00:00,north,lettuce,emergence,8.0,26.5,64.45,0.0,5.24,8.1,2,1,35.0
2024-07-05 02:00:00,west,maize,flowering,8.0,27.39,66.28,0.0,3.07,29.35,3,1,35.0
2024-07-05 03:00:00,west,tomato,vegetative,8.0,27.85,73.55,0.0,1.39,0.0,2,1,35.0
2024-07-05 04:00:00,west,lettuce,flowering,8.0,30.9,62.6,0.0,4.87,11.28,3,1,35.0
2024-07-05 05:00:00,east,lettuce,vegetative,8.0,29.34,56.41,0.0,1.8,0.0,2,1,35.0
2024-07-05 06:00:00,south,lettuce,flowering,8.0,30.21,71.88,0.0,3.4,0.0,1,1,35.0
2024-07-05 07:00:00,west,maize,vegetative,8.0,31.42,59.19,0.0,2.51,224.2,2,1,35.0
2024-07-05 08:00:00,south,tomato,maturity,8.0,33.02,64.6,0.0,1.85,298.32,4,1,35.0
2024-07-05 09:00:00,north,cotton,vegetative,8.0,33.42,54.57,0.0,2.0,442.87,1,1,35.0
2024-07-05 10:00:00,west,lettuce,emergence,8.0,34.13,58.93,2.13,4.12,532.93,0,0,0.0
2024-07-05 11:00:00,south,tomato,vegetative,8.0,35.6,51.51,0.0,3.45,641.92,4,1,35.0
2024-07-05 12:00:00,west,cotton,emergence,8.0,31.53,62.63,0.0,2.25,633.26,2,1,35.0
2024-07-05 13:00:00,south,tomato,flowering,8.0,38.71,60.26,0.0,0.0,680.89,3,1,35.0
2024-07-05 14:00:00,west,lettuce,vegetative,8.0,38.09,51.66,0.0,2.77,581.6,4,1,35.0
2024-07-05 15:00:00,east,lettuce,maturity,8.0,35.9,53.03,3.67,0.9,449.93,0,0,0.0
2024-07-05 16:00:00,south,cotton,flowering,8.0,33.05,61.66,0.0,3.05,293.16,4,1,35.0
2024-07-05 17:00:00,south,cotton,vegetative,8.0,36.35,50.74,0.0,1.54,164.36,1,1,35.0
2024-07-05 18:00:00,west,tomato,vegetative,8.0,32.67,48.84,0.0,1.67,18.2,4,1,35.0
2024-07-05 19:00:00,north,lettuce,vegetative,8.0,33.54,61.24,0.0,1.63,0.0,2,1,35.0
2024-07-05 20:00:00,south,maize,vegetative,8.0,29.78,61.02,0.57,3.62,0.0,1,1,35.0
2024-07-05 21:00:00,south,lettuce,vegetative,8.0,34.01,57.49,0.0,0.28,0.0,2,1,35.0
2024-07-05 22:00:00,east,lettuce,emergence,8.0,27.54,67.21,0.0,3.29,78.51,3,1,35.0
2024-07-05 23:00:00,south,tomato,vegetative,8.0,28.98,67.04,0.0,2.81,0.0,1,1,35.0
2024-07-06 00:00:00,east,tomato,maturity,8.0,25.02,64.46,0.0,2.31,0.0,2,1,35.0
2024-07-06 01:00:00,south,tomato,flowering,8.0,27.74,55.55,0.0,1.86,0.0,1,1,35.0
2024-07-06 02:00:00,north,tomato,maturity,8.0,27.03,59.5,0.0,2.98,0.0,3,1,35.0
2024-07-06 03:00:00,north,tomato,vegetative,8.0,29.51,66.09,1.36,1.87,68.07,3,1,35.0
2024-07-06 04:00:00,east,cotton,maturity,8.0,27.57,64.5,0.0,1.86,0.0,1,1,35.0
2024-07-06 05:00:00,south,maize,vegetative,8.0,30.55,57.31,0.0,2.48,0.0,3,1,35.0
2024-07-06 06:00:00,south,lettuce,vegetative,8.0,28.13,57.6,0.0,4.46,29.56,2,1,35.0
2024-07-06 07:00:00,east,cotton,maturity,8.0,30.21,65.76,0.0,0.58,200.35,3,1,35.0
2024-07-06 08:00:00,south,lettuce,emergence,8.0,31.28,59.03,0.0,3.0,348.07,1,1,35.0
2024-07-06 09:00:00,south,maize,vegetative,8.0,33.45,64.11,0.0,2.23,466.62,4,1,35.0
2024-07-06 10:00:00,north,cotton,maturity,8.0,34.22,64.38,0.0,2.14,524.26,3,1,35.0
2024-07-06 11:00:00,south,lettuce,flowering,8.0,35.58,54.94,0.0,0.57,601.57,4,1,35.0
2024-07-06 12:00:00,east,lettuce,flowering,8.0,35.53,63.82,0.0,0.29,594.32,1,1,35.0
2024-07-06 13:00:00,east,cotton,vegetative,8.0,36.53,57.35,0.0,2.81,620.01,4,1,35.0
2024-07-06 14:00:00,west,lettuce,emergence,8.0,34.32,60.02,2.65,0.88,548.05,0,0,0.0
2024-07-06 15:00:00,west,maize,maturity,8.0,36.12,41.39,0.0,3.62,441.12,1,1,35.0
2024-07-06 16:00:00,north,cotton,vegetative,8.0,37.55,48.77,0.0,1.18,334.77,1,1,35.0
2024-07-06 17:00:00,south,maize,vegetative,8.0,31.98,53.6,0.0,3.06,145.23,2,1,35.0
2024-07-06 18:00:00,south,cotton,vegetative,8.0,34.4,55.85,0.0,1.71,0.0,4,1,35.0
2024-07-06 19:00:00,east,tomato,maturity,8.0,33.72,59.42,0.0,1.65,0.0,4,1,35.0
2024-07-06 20:00:00,south,tomato,flowering,8.0,33.86,59.6,0.0,1.3,0.0,1,1,35.0
2024-07-06 21:00:00,west,maize,vegetative,8.0,31.72,62.22,0.0,2.92,12.76,4,1,35.0
2024-07-06 22:00:00,south,tomato,maturity,8.0,29.82,56.95,0.0,3.26,0.0,1,1,35.0
2024-07-06 23:00:00,east,cotton,emergence,8.0,29.49,66.85,0.0,2.02,15.86,4,1,35.0
2024-07-07 00:00:00,north,tomato,maturity,8.0,27.06,76.61,0.0,3.11,9.25,1,1,35.0
2024-07-07 01:00:00,west,lettuce,emergence,8.0,27.18,61.38,0.0,2.42,14.65,3,1,35.0
2024-07-07 02:00:00,west,tomato,vegetative,8.0,25.63,60.45,0.0,0.8,4.66,3,1,35.0
2024-07-07 03:00:00,west,cotton,emergence,8.0,30.0,56.81,0.0,2.85,12.65,4,1,35.0
2024-07-07 04:00:00,south,maize,maturity,8.0,28.84,63.13,0.0,2.04,0.0,3,1,35.0
2024-07-07 05:00:00,north,tomato,maturity,8.0,27.43,59.98,0.0,0.0,15.52,1,1,35.0
2024-07-07 06:00:00,east,tomato,flowering,8.0,30.04,49.46,0.0,1.93,40.06,4,1,35.0
2024-07-07 07:00:00,south,lettuce,vegetative,8.0,32.33,49.54,0.0,0.37,150.89,2,1,35.0
2024-07-07 08:00:00,west,cotton,vegetative,8.0,33.12,66.25,0.0,0.92,308.93,4,1,35.0
2024-07-07 09:00:00,east,cotton,vegetative,8.0,31.27,69.55,13.94,2.1,481.69,1,0,0.0
2024-07-07 10:00:00,east,maize,vegetative,8.0,28.93,73.66,0.0,2.31,543.53,4,1,35.0
2024-07-07 11:00:00,west,maize,emergence,8.0,35.05,59.14,7.41,1.4,602.68,0,0,0.0
2024-07-07 12:00:00,west,tomato,flowering,8.0,33.76,51.65,0.0,3.03,664.78,4,1,35.0
2024-07-07 13:00:00,south,maize,flowering,8.0,36.43,53.39,0.0,2.26,612.79,4,1,35.0
2024-07-07 14:00:00,north,lettuce,maturity,8.0,37.05,45.52,0.0,1.89,605.68,4,1,35.0
2024-07-07 15:00:00,north,tomato,flowering,8.0,37.16,45.16,0.0,2.45,443.3,1,1,35.0
2024-07-07 16:00:00,south,lettuce,vegetative,8.0,37.71,57.22,0.0,3.85,296.33,3,1,35.0
2024-07-07 17:00:00,east,cotton,flowering,8.0,36.31,60.32,0.0,0.0,168.06,3,1,35.0
2024-07-07 18:00:00,north,tomato,vegetative,8.0,36.25,70.31,0.0,3.96,15.24,4,1,35.0
2024-07-07 19:00:00,north,tomato,flowering,8.0,34.73,57.23,0.0,1.66,11.21,4,1,35.0
2024-07-07 20:00:00,east,tomato,flowering,8.0,33.83,49.03,0.0,1.47,18.86,1,1,35.0
2024-07-07 21:00:00,west,tomato,vegetative,8.0,30.53,60.32,0.0,1.92,0.0,4,1,35.0
2024-07-07 22:00:00,north,tomato,vegetative,8.0,27.7,61.47,0.0,1.34,39.74,2,1,35.0
2024-07-07 23:00:00,east,lettuce,maturity,8.0,32.52,56.14,0.0,1.15,0.0,4,1,35.0
2024-07-08 00:00:00,north,tomato,flowering,8.0,28.22,65.43,0.0,3.42,0.0,4,1,35.0
2024-07-08 01:00:00,east,lettuce,flowering,8.0,29.57,53.45,0.0,2.59,1.34,3,1,35.0
2024-07-08 02:00:00,west,cotton,flowering,8.0,26.76,65.11,0.0,0.1,0.0,3,1,35.0
2024-07-08 03:00:00,west,cotton,flowering,8.0,29.17,66.83,0.0,3.21,0.0,3,1,35.0
2024-07-08 04:00:00,east,lettuce,emergence,8.0,24.46,75.97,0.0,3.03,0.0,3,1,35.0
2024-07-08 05:00:00,east,tomato,maturity,8.0,28.14,65.26,0.0,0.62,0.0,4,1,35.0
2024-07-08 06:00:00,west,tomato,maturity,8.0,29.44,69.35,0.0,2.62,16.21,4,1,35.0
2024-07-08 07:00:00,east,tomato,emergence,8.0,31.25,57.5,11.45,3.14,149.49,0,0,0.0
2024-07-08 08:00:00,south,cotton,vegetative,8.0,33.19,56.91,0.0,0.47,294.24,4,1,35.0
2024-07-08 09:00:00,west,cotton,flowering,8.0,30.98,70.25,0.0,2.74,443.49,3,1,35.0
2024-07-08 10:00:00,east,maize,flowering,8.0,34.58,48.34,0.0,1.59,601.55,3,1,35.0
2024-07-08 11:00:00,west,maize,vegetative,8.0,36.26,53.77,0.0,3.05,666.2,4,1,35.0
2024-07-08 12:00:00,east,maize,flowering,8.0,38.57,62.64,0.0,1.28,633.27,4,1,35.0
2024-07-08 13:00:00,west,maize,flowering,8.0,36.51,54.91,0.0,3.65,645.64,2,1,35.0
2024-07-08 14:00:00,north,cotton,flowering,8.0,34.9,55.68,0.0,2.11,562.27,1,1,35.0
2024-07-08 15:00:00,north,tomato,vegetative,8.0,33.54,56.91,10.09,1.66,504.56,1,0,0.0
2024-07-08 16:00:00,north,maize,emergence,8.0,37.79,56.18,0.0,1.53,331.7,3,1,35.0
2024-07-08 17:00:00,east,maize,vegetative,8.0,35.52,64.79,0.0,3.45,161.18,2,1,35.0
2024-07-08 18:00:00,east,tomato,maturity,8.0,33.55,65.23,0.0,1.53,56.0,1,1,35.0
2024-07-08 19:00:00,north,maize,flowering,8.0,30.19,61.53,0.0,3.67,0.0,1,1,35.0
2024-07-08 20:00:00,north,cotton,vegetative,8.0,30.19,69.09,0.0,2.66,11.17,2,1,35.0
2024-07-08 21:00:00,west,tomato,maturity,8.0,31.5,62.79,0.0,0.74,47.81,3,1,35.0
2024-07-08 22:00:00,west,lettuce,vegetative,8.0,30.12,67.52,8.02,2.43,23.32,0,0,0.0
2024-07-08 23:00:00,east,maize,flowering,8.0,25.84,57.73,0.0,2.46,0.0,4,1,35.0
2024-07-09 00:00:00,south,tomato,emergence,8.0,29.03,74.55,0.0,0.7,0.0,3,1,35.0
2024-07-09 01:00:00,south,tomato,flowering,8.0,25.33,66.88,4.44,2.41,0.0,2,0,0.0
2024-07-09 02:00:00,north,tomato,flowering,8.0,29.57,42.7,0.0,3.05,51.9,3,1,35.0
2024-07-09 03:00:00,north,tomato,maturity,8.0,27.99,74.82,11.49,3.75,0.0,0,0,0.0
2024-07-09 04:00:00,west,maize,vegetative,8.0,27.38,63.73,0.0,3.7,24.97,1,1,35.0
2024-07-09 05:00:00,south,cotton,vegetative,8.0,30.2,58.67,8.98,5.27,0.0,1,0,0.0
2024-07-09 06:00:00,east,lettuce,vegetative,8.0,30.07,57.3,0.0,2.4,89.5,4,1,35.0
2024-07-09 07:00:00,east,cotton,maturity,8.0,32.49,62.68,0.0,3.06,120.88,4,1,35.0
2024-07-09 08:00:00,south,maize,emergence,8.0,31.66,54.05,0.0,1.67,326.49,4,1,35.0
2024-07-09 09:00:00,north,lettuce,flowering,8.0,32.79,55.33,0.0,4.66,502.04,1,1,35.0
2024-07-09 10:00:00,east,lettuce,flowering,8.0,33.11,55.24,0.0,1.33,538.31,2,1,35.0
2024-07-09 11:00:00,north,tomato,vegetative,8.0,34.76,55.74,0.0,4.61,647.58,3,1,35.0
2024-07-09 12:00:00,south,maize,vegetative,8.0,37.55,51.95,0.0,4.45,640.14,2,1,35.0
2024-07-09 13:00:00,west,maize,emergence,8.0,34.65,63.85,0.0,1.46,641.44,1,1,35.0
2024-07-09 14:00:00,east,lettuce,flowering,8.0,36.51,58.29,0.0,3.64,600.74,3,1,35.0
2024-07-09 15:00:00,west,maize,maturity,8.0,34.09,61.08,0.0,2.95,444.63,2,1,35.0
2024-07-09 16:00:00,north,tomato,vegetative,8.0,31.91,64.35,0.0,1.91,377.39,2,1,35.0
2024-07-09 17:00:00,north,cotton,maturity,8.0,34.68,57.2,0.0,2.24,180.57,2,1,35.0
2024-07-09 18:00:00,south,tomato,vegetative,8.0,34.1,51.18,0.0,2.72,68.2,3,1,35.0
2024-07-09 19:00:00,south,cotton,vegetative,8.0,32.41,,0.0,2.83,0.0,1,1,35.0
2024-07-09 20:00:00,north,cotton,maturity,8.0,29.3,68.65,0.0,4.19,0.0,3,1,35.0
2024-07-09 21:00:00,west,cotton,maturity,8.0,30.96,72.12,0.0,3.09,0.0,1,1,35.0
2024-07-09 22:00:00,north,lettuce,vegetative,8.0,29.94,68.89,0.0,1.48,0.0,4,1,35.0
2024-07-09 23:00:00,east,tomato,flowering,8.0,27.38,60.47,0.0,3.29,32.41,2,1,35.0
2024-07-10 00:00:00,east,lettuce,maturity,8.0,26.0,48.36,0.0,0.3,0.0,4,1,35.0
2024-07-10 01:00:00,east,lettuce,flowering,8.0,27.25,55.19,0.0,1.94,0.0,1,1,35.0
2024-07-10 02:00:00,north,lettuce,flowering,8.0,28.47,,0.0,2.05,0.0,3,1,35.0
2024-07-10 03:00:00,south,tomato,vegetative,8.0,28.26,62.28,0.0,3.19,0.0,4,1,35.0
2024-07-10 04:00:00,east,tomato,emergence,8.0,26.71,61.29,0.0,4.52,32.33,1,1,35.0
2024-07-10 05:00:00,south,maize,flowering,8.0,28.87,45.03,0.0,2.66,16.0,4,1,35.0
2024-07-10 06:00:00,east,maize,flowering,8.0,30.83,60.85,0.0,1.97,0.0,4,1,35.0
2024-07-10 07:00:00,north,lettuce,vegetative,8.0,28.7,55.07,0.0,1.56,155.45,4,1,35.0
2024-07-10 08:00:00,north,cotton,vegetative,8.0,31.59,55.26,0.0,3.4,316.64,3,1,35.0
2024-07-10 09:00:00,east,lettuce,vegetative,8.0,34.54,63.92,5.54,2.17,521.96,2,0,0.0
2024-07-10 10:00:00,east,lettuce,flowering,8.0,31.58,53.13,0.0,1.8,554.73,1,1,35.0
2024-07-10 11:00:00,north,tomato,vegetative,8.0,36.06,50.22,0.0,3.54,657.87,2,1,35.0
2024-07-10 12:00:00,west,maize,vegetative,8.0,37.39,56.99,0.0,3.8,638.47,4,1,35.0
2024-07-10 13:00:00,north,maize,emergence,8.0,35.03,63.69,0.0,1.25,686.74,2,1,35.0
2024-07-10 14:00:00,west,tomato,maturity,8.0,34.98,54.8,0.0,0.6,520.24,1,1,35.0
2024-07-10 15:00:00,east,tomato,flowering,8.0,36.91,66.34,0.0,2.28,487.87,2,1,35.0
2024-07-10 16:00:00,west,maize,vegetative,8.0,34.68,48.91,0.0,1.03,298.42,4,1,35.0
2024-07-10 17:00:00,west,tomato,vegetative,8.0,30.79,50.79,0.0,0.87,245.7,4,1,35.0
2024-07-10 18:00:00,south,lettuce,vegetative,8.0,33.35,48.15,0.0,1.15,24.41,4,1,35.0
2024-07-10 19:00:00,west,tomato,flowering,8.0,33.24,47.45,0.0,3.66,0.0,3,1,35.0
2024-07-10 20:00:00,north,tomato,flowering,8.0,32.61,61.87,0.0,3.18,0.0,1,1,35.0
2024-07-10 21:00:00,south,tomato,flowering,8.0,29.14,55.44,0.0,5.35,23.98,1,1,35.0
2024-07-10 22:00:00,north,lettuce,flowering,8.0,29.09,52.46,0.0,1.63,23.02,4,1,35.0
2024-07-10 23:00:00,south,lettuce,emergence,8.0,30.13,64.15,0.0,4.0,20.41,1,1,35.0
2024-07-11 00:00:00,west,maize,vegetative,8.0,27.89,69.05,0.0,2.99,5.48,4,1,35.0
2024-07-11 01:00:00,south,tomato,emergence,8.0,25.29,72.72,0.0,1.73,0.0,3,1,35.0
2024-07-11 02:00:00,north,cotton,vegetative,8.0,29.3,68.29,0.0,2.22,38.04,1,1,35.0
2024-07-11 03:00:00,south,lettuce,vegetative,8.0,27.26,57.36,0.0,1.73,0.0,4,1,35.0
2024-07-11 04:00:00,west,lettuce,flowering,8.0,29.62,63.84,0.0,2.71,1.87,4,1,35.0
2024-07-11 05:00:00,east,maize,vegetative,8.0,26.52,67.86,0.0,3.58,0.0,3,1,35.0
2024-07-11 06:00:00,east,cotton,flowering,8.0,29.26,58.86,0.0,1.96,0.0,4,1,35.0
2024-07-11 07:00:00,south,cotton,vegetative,8.0,31.18,61.81,0.0,3.42,152.17,1,1,35.0
2024-07-11 08:00:00,south,maize,vegetative,8.0,31.32,51.79,0.0,3.93,299.27,4,1,35.0
2024-07-11 09:00:00,east,lettuce,flowering,8.0,30.71,56.64,0.0,4.19,478.86,3,1,35.0
2024-07-11 10:00:00,east,tomato,emergence,8.0,29.87,64.31,0.0,0.99,511.25,3,1,35.0
2024-07-11 11:00:00,west,lettuce,vegetative,8.0,36.56,66.91,0.0,2.34,642.94,3,1,35.0
2024-07-11 12:00:00,east,maize,vegetative,8.0,35.28,65.43,0.0,3.25,627.8,4,1,35.0
2024-07-11 13:00:00,west,tomato,flowering,8.0,37.06,60.58,0.0,1.1,628.92,4,1,35.0
2024-07-11 14:00:00,west,cotton,vegetative,8.0,36.84,56.69,0.0,0.83,557.08,4,1,35.0
2024-07-11 15:00:00,north,cotton,maturity,8.0,36.2,56.11,0.0,2.37,442.15,2,1,35.0
2024-07-11 16:00:00,south,maize,maturity,8.0,34.43,47.92,0.0,1.9,367.46,4,1,35.0
2024-07-11 17:00:00,south,cotton,maturity,8.0,35.01,51.74,2.64,2.19,155.25,1,0,0.0
2024-07-11 18:00:00,north,maize,vegetative,8.0,35.59,51.5,0.0,1.83,24.62,2,1,35.0
2024-07-11 19:00:00,north,maize,flowering,8.0,32.61,63.54,0.0,4.99,25.07,2,1,35.0
2024-07-11 20:00:00,west,cotton,emergence,8.0,34.3,64.78,0.0,1.85,0.0,4,1,35.0
2024-07-11 21:00:00,south,maize,maturity,8.0,28.16,68.23,2.2,3.1,0.0,0,0,0.0
2024-07-11 22:00:00,north,maize,flowering,8.0,27.04,72.25,0.0,3.02,0.0,4,1,35.0
2024-07-11 23:00:00,south,lettuce,vegetative,8.0,30.1,62.03,0.0,0.37,44.76,4,1,35.0
2024-07-12 00:00:00,south,tomato,vegetative,8.0,26.7,57.36,0.0,4.16,17.24,3,1,35.0
2024-07-12 01:00:00,north,maize,maturity,8.0,30.6,60.77,0.0,3.15,4.86,4,1,35.0
2024-07-12 02:00:00,north,maize,maturity,8.0,29.4,57.01,0.0,2.59,0.0,2,1,35.0
2024-07-12 03:00:00,west,lettuce,flowering,8.0,29.91,66.28,0.0,3.67,60.61,4,1,35.0
2024-07-12 04:00:00,west,tomato,flowering,8.0,29.26,59.68,0.0,2.34,0.0,1,1,35.0
2024-07-12 05:00:00,south,tomato,flowering,8.0,27.18,63.16,0.0,3.46,4.89,4,1,35.0
2024-07-12 06:00:00,east,lettuce,maturity,8.0,26.91,68.93,0.0,0.15,17.56,1,1,35.0
2024-07-12 07:00:00,west,tomato,flowering,8.0,32.6,54.33,0.0,3.38,122.53,3,1,35.0
2024-07-12 08:00:00,west,maize,vegetative,8.0,29.14,69.03,0.0,2.62,298.45,2,1,35.0
2024-07-12 09:00:00,north,lettuce,flowering,8.0,34.81,48.32,0.0,2.64,443.61,2,1,35.0
2024-07-12 10:00:00,west,lettuce,maturity,8.0,34.4,60.23,0.0,1.39,593.08,2,1,35.0
2024-07-12 11:00:00,north,tomato,vegetative,8.0,34.11,57.68,0.0,2.14,612.53,4,1,35.0
2024-07-12 12:00:00,north,cotton,vegetative,8.0,35.52,62.97,0.0,2.1,599.73,3,1,35.0
2024-07-12 13:00:00,south,lettuce,emergence,8.0,35.96,47.21,0.0,1.03,574.22,2,1,35.0
2024-07-12 14:00:00,east,maize,vegetative,8.0,35.09,46.81,3.67,2.83,536.07,0,0,0.0
2024-07-12 15:00:00,north,lettuce,flowering,8.0,37.4,60.93,0.0,4.29,407.47,3,1,35.0
2024-07-12 16:00:00,south,lettuce,vegetative,8.0,36.95,53.31,0.0,0.69,351.9,1,1,35.0
2024-07-12 17:00:00,south,lettuce,flowering,8.0,34.46,57.4,7.04,2.99,196.51,2,0,0.0
2024-07-12 18:00:00,south,lettuce,emergence,8.0,32.49,54.99,0.0,1.9,0.25,2,1,35.0
2024-07-12 19:00:00,west,lettuce,maturity,8.0,34.39,64.48,0.0,1.76,0.0,4,1,35.0
2024-07-12 20:00:00,south,cotton,maturity,8.0,28.36,65.01,0.0,2.49,25.96,2,1,35.0
2024-07-12 21:00:00,north,lettuce,flowering,8.0,31.02,62.46,0.0,2.51,24.51,3,1,35.0
2024-07-12 22:00:00,north,cotton,flowering,8.0,30.5,53.01,0.0,2.62,0.0,1,1,35.0
2024-07-12 23:00:00,north,lettuce,emergence,8.0,27.32,67.25,16.19,1.04,0.0,0,0,0.0
2024-07-13 00:00:00,north,cotton,maturity,8.0,29.34,55.18,0.0,3.71,24.73,3,1,35.0
2024-07-13 01:00:00,east,cotton,flowering,8.0,27.44,59.04,0.0,2.5,9.47,4,1,35.0
2024-07-13 02:00:00,south,tomato,emergence,8.0,26.52,54.82,0.0,3.11,21.29,2,1,35.0
2024-07-13 03:00:00,south,tomato,maturity,8.0,28.92,61.37,0.0,3.86,0.0,1,1,35.0
2024-07-13 04:00:00,west,lettuce,emergence,8.0,26.25,72.05,0.0,0.09,0.0,4,1,35.0
2024-07-13 05:00:00,east,maize,flowering,8.0,29.82,63.33,7.94,3.16,16.24,1,0,0.0
2024-07-13 06:00:00,north,lettuce,vegetative,8.0,26.37,61.41,0.0,2.2,0.0,1,1,35.0
2024-07-13 07:00:00,south,lettuce,flowering,8.0,30.73,61.78,0.0,3.62,115.03,2,1,35.0
2024-07-13 08:00:00,south,cotton,emergence,8.0,31.41,61.2,0.0,1.44,301.66,4,1,35.0
2024-07-13 09:00:00,west,maize,emergence,8.0,31.57,60.81,0.0,3.52,452.44,2,1,35.0
2024-07-13 10:00:00,south,lettuce,flowering,8.0,33.93,59.7,0.0,1.13,622.46,4,1,35.0
2024-07-13 11:00:00,north,tomato,maturity,8.0,34.05,51.08,0.0,2.88,598.51,4,1,35.0
2024-07-13 12:00:00,east,maize,vegetative,8.0,36.39,57.24,0.0,2.74,647.84,4,1,35.0
2024-07-13 13:00:00,south,tomato,flowering,8.0,36.04,44.48,0.0,2.21,699.35,2,1,35.0
2024-07-13 14:00:00,north,maize,flowering,8.0,36.02,60.81,0.0,1.16,524.65,4,1,35.0
2024-07-13 15:00:00,east,maize,maturity,8.0,35.64,49.37,0.0,1.96,482.74,4,1,35.0
2024-07-13 16:00:00,north,lettuce,vegetative,8.0,34.1,66.57,0.0,3.51,300.12,2,1,35.0
2024-07-13 17:00:00,west,lettuce,flowering,8.0,33.72,41.51,0.0,4.19,182.29,2,1,35.0
2024-07-13 18:00:00,west,maize,maturity,8.0,33.71,70.35,0.0,4.74,81.71,1,1,35.0
2024-07-13 19:00:00,south,tomato,vegetative,8.0,32.12,48.43,0.0,3.03,27.7,2,1,35.0
2024-07-13 20:00:00,east,tomato,vegetative,8.0,33.01,50.79,0.0,2.7,5.32,2,1,35.0
2024-07-13 21:00:00,east,cotton,maturity,8.0,30.45,63.34,0.0,2.94,0.0,4,1,35.0
2024-07-13 22:00:00,east,cotton,vegetative,8.0,29.9,66.01,0.0,4.71,0.0,3,1,35.0
2024-07-13 23:00:00,north,maize,vegetative,8.0,26.41,62.49,0.0,3.02,0.0,1,1,35.0
2024-07-14 00:00:00,south,tomato,vegetative,8.0,29.24,68.46,0.0,2.5,0.0,2,1,35.0
2024-07-14 01:00:00,north,maize,maturity,8.0,26.55,58.78,0.0,2.07,0.0,1,1,35.0
2024-07-14 02:00:00,east,lettuce,maturity,8.0,25.72,62.23,0.0,2.21,0.0,1,1,35.0
2024-07-14 03:00:00,north,maize,flowering,8.0,29.89,59.57,0.0,2.86,0.0,1,1,35.0
2024-07-14 04:00:00,east,tomato,flowering,8.0,28.87,58.74,0.0,1.5,39.18,4,1,35.0
2024-07-14 05:00:00,east,maize,vegetative,8.0,29.92,48.12,0.0,1.65,0.0,1,1,35.0
2024-07-14 06:00:00,west,tomato,emergence,8.0,29.97,61.45,0.0,2.32,6.71,1,1,35.0
2024-07-14 07:00:00,south,maize,vegetative,8.0,30.11,60.71,0.0,1.86,108.69,3,1,35.0
2024-07-14 08:00:00,north,tomato,vegetative,8.0,30.87,68.45,0.0,3.12,296.99,3,1,35.0
2024-07-14 09:00:00,east,lettuce,emergence,8.0,33.49,49.81,0.0,3.21,373.96,1,1,35.0
2024-07-14 10:00:00,north,maize,flowering,8.0,34.98,53.14,0.0,2.72,641.11,3,1,35.0
2024-07-14 11:00:00,north,tomato,vegetative,8.0,34.01,66.82,0.0,2.99,634.78,3,1,35.0
2024-07-14 12:00:00,west,lettuce,emergence,8.0,37.86,57.37,0.0,2.54,655.82,4,1,35.0
2024-07-14 13:00:00,west,maize,vegetative,8.0,34.85,61.56,2.56,0.0,646.58,0,0,0.0
2024-07-14 14:00:00,east,lettuce,vegetative,8.0,33.19,62.22,0.0,1.35,651.55,4,1,35.0
2024-07-14 15:00:00,west,cotton,vegetative,8.0,32.57,62.75,0.0,3.25,444.38,3,1,35.0
2024-07-14 16:00:00,north,tomato,vegetative,8.0,32.22,72.57,0.0,1.39,290.67,3,1,35.0
2024-07-14 17:00:00,north,cotton,vegetative,8.0,33.49,59.45,0.0,3.43,238.24,3,1,35.0
2024-07-14 18:00:00,south,lettuce,flowering,8.0,32.94,52.17,1.67,3.49,0.0,3,1,35.0
2024-07-14 19:00:00,north,lettuce,flowering,8.0,33.34,63.4,0.0,2.08,45.43,2,1,35.0
2024-07-14 20:00:00,west,maize,maturity,8.0,31.24,56.64,0.0,1.69,0.0,1,1,35.0
2024-07-14 21:00:00,north,maize,flowering,8.0,31.51,59.62,0.0,2.41,15.17,4,1,35.0
2024-07-14 22:00:00,east,tomato,flowering,8.0,29.35,64.71,2.5,2.35,0.0,1,0,0.0
2024-07-14 23:00:00,west,cotton,maturity,8.0,28.48,57.07,0.0,3.15,90.78,1,1,35.0
2024-07-15 00:00:00,east,lettuce,flowering,8.0,26.9,60.51,0.0,0.0,0.0,4,1,35.0
2024-07-15 01:00:00,north,maize,flowering,8.0,29.5,65.33,0.0,1.52,0.0,4,1,35.0
2024-07-15 02:00:00,south,maize,vegetative,8.0,24.93,61.82,0.0,1.19,19.19,1,1,35.0
2024-07-15 03:00:00,east,tomato,vegetative,8.0,27.82,70.16,0.0,0.0,0.0,2,1,35.0
2024-07-15 04:00:00,west,tomato,vegetative,8.0,27.49,56.7,0.0,1.81,14.86,4,1,35.0
2024-07-15 05:00:00,south,lettuce,vegetative,8.0,29.57,55.02,0.0,0.6,0.0,4,1,35.0
2024-07-15 06:00:00,south,maize,maturity,8.0,29.2,75.59,0.0,1.94,5.1,2,1,35.0
2024-07-15 07:00:00,west,lettuce,emergence,8.0,30.2,50.72,0.0,1.81,147.12,3,1,35.0
2024-07-15 08:00:00,west,lettuce,flowering,8.0,30.83,60.75,0.0,2.94,297.58,2,1,35.0
2024-07-15 09:00:00,south,lettuce,maturity,8.0,34.35,71.08,0.0,2.1,426.67,1,1,35.0
2024-07-15 10:00:00,north,cotton,flowering,8.0,33.23,58.82,0.0,0.37,593.92,1,1,35.0
2024-07-15 11:00:00,east,tomato,emergence,8.0,37.01,65.42,3.84,2.82,615.59,0,0,0.0
2024-07-15 12:00:00,west,lettuce,vegetative,8.0,35.1,62.09,0.0,5.3,643.56,1,1,35.0
2024-07-15 13:00:00,west,lettuce,vegetative,8.0,35.12,57.45,0.0,3.69,642.8,1,1,35.0
2024-07-15 14:00:00,south,tomato,maturity,8.0,35.01,56.68,0.0,3.22,602.82,2,1,35.0
2024-07-15 15:00:00,north,tomato,flowering,8.0,35.94,42.02,0.0,2.17,427.31,4,1,35.0
2024-07-15 16:00:00,east,tomato,flowering,8.0,33.81,56.32,5.66,1.81,332.72,1,0,0.0
2024-07-15 17:00:00,west,tomato,flowering,8.0,34.27,59.81,4.38,1.73,136.39,0,0,0.0
2024-07-15 18:00:00,west,maize,flowering,8.0,33.24,60.63,0.0,2.69,0.0,3,1,35.0
2024-07-15 19:00:00,north,tomato,flowering,8.0,32.75,76.66,0.0,1.04,37.28,1,1,35.0
2024-07-15 20:00:00,south,lettuce,emergence,8.0,31.75,62.17,0.0,2.66,0.0,1,1,35.0
2024-07-15 21:00:00,south,tomato,vegetative,14.07,30.79,65.38,9.71,1.6,0.0,1,0,0.0
2024-07-15 22:00:00,north,tomato,emergence,8.0,29.37,70.26,0.0,0.34,0.0,2,1,35.0
2024-07-15 23:00:00,west,maize,flowering,8.0,30.75,64.78,0.0,1.59,13.32,3,1,35.0
2024-07-16 00:00:00,north,tomato,maturity,8.0,28.34,62.33,0.0,3.9,42.69,3,1,35.0
2024-07-16 01:00:00,east,cotton,flowering,8.0,31.21,60.06,0.0,2.57,0.0,2,1,35.0
2024-07-16 02:00:00,west,maize,flowering,8.0,27.24,61.35,0.0,0.0,49.54,4,1,35.0
2024-07-16 03:00:00,east,tomato,maturity,8.0,28.74,65.72,0.0,1.59,18.23,4,1,35.0
2024-07-16 04:00:00,west,tomato,vegetative,8.0,26.61,63.12,9.24,3.48,0.0,2,0,0.0
2024-07-16 05:00:00,south,maize,emergence,8.0,30.44,65.62,0.0,2.04,0.0,1,1,35.0
2024-07-16 06:00:00,west,lettuce,maturity,8.0,28.11,56.05,0.0,3.03,0.0,1,1,35.0
2024-07-16 07:00:00,south,lettuce,maturity,8.0,30.82,61.98,0.0,1.93,204.11,1,1,35.0
2024-07-16 08:00:00,north,maize,flowering,8.0,30.77,71.85,3.81,2.62,325.92,2,0,0.0
2024-07-16 09:00:00,south,lettuce,vegetative,8.0,32.88,57.72,0.0,2.44,453.29,1,1,35.0
2024-07-16 10:00:00,south,maize,maturity,8.0,32.81,72.25,0.0,1.62,528.91,3,1,35.0
2024-07-16 11:00:00,east,cotton,flowering,8.0,32.81,60.5,0.0,3.09,653.56,4,1,35.0
2024-07-16 12:00:00,south,lettuce,flowering,8.0,34.22,57.83,0.0,4.24,644.76,1,1,35.0
2024-07-16 13:00:00,south,maize,vegetative,8.0,37.34,56.54,0.0,2.86,619.57,1,1,35.0
2024-07-16 14:00:00,south,lettuce,flowering,8.0,35.87,54.73,0.0,2.52,559.58,1,1,35.0
2024-07-16 15:00:00,south,cotton,maturity,8.0,33.1,45.26,0.0,1.39,437.04,4,1,35.0
2024-07-16 16:00:00,east,maize,maturity,8.0,36.27,62.74,0.0,3.53,296.46,4,1,35.0
2024-07-16 17:00:00,south,cotton,flowering,8.0,32.66,74.82,0.0,1.79,115.05,4,1,35.0
2024-07-16 18:00:00,west,cotton,flowering,8.0,34.28,61.54,0.0,3.07,0.0,3,1,35.0
2024-07-16 19:00:00,south,tomato,flowering,8.0,33.03,62.96,0.0,3.31,0.0,3,1,35.0
2024-07-16 20:00:00,west,lettuce,flowering,8.0,32.09,58.65,0.0,3.59,17.0,1,1,35.0
2024-07-16 21:00:00,south,lettuce,vegetative,8.0,32.91,67.38,0.0,3.61,0.0,2,1,35.0
2024-07-16 22:00:00,north,maize,emergence,8.0,27.92,62.99,0.0,3.56,0.0,4,1,35.0
2024-07-16 23:00:00,north,maize,vegetative,8.0,29.25,64.07,0.0,0.89,0.0,2,1,35.0
2024-07-17 00:00:00,west,cotton,flowering,8.0,29.53,51.02,0.0,1.37,0.0,1,1,35.0
2024-07-17 01:00:00,west,lettuce,emergence,8.0,26.28,60.87,0.0,0.75,0.0,1,1,35.0
2024-07-17 02:00:00,north,maize,emergence,8.0,25.99,67.38,0.0,0.67,7.76,3,1,35.0
2024-07-17 03:00:00,east,tomato,maturity,8.0,26.81,70.5,2.11,4.23,66.12,1,0,0.0
2024-07-17 04:00:00,east,maize,flowering,8.0,28.13,69.64,0.0,1.22,31.85,2,1,35.0
2024-07-17 05:00:00,north,cotton,emergence,8.0,26.16,53.62,0.0,1.05,44.8,2,1,35.0
2024-07-17 06:00:00,south,lettuce,vegetative,8.0,29.93,51.31,0.0,2.33,0.0,3,1,35.0
2024-07-17 07:00:00,east,tomato,flowering,8.0,27.96,67.32,0.0,1.5,161.53,2,1,35.0
2024-07-17 08:00:00,west,cotton,vegetative,8.0,33.04,53.94,0.0,5.11,318.07,4,1,35.0
2024-07-17 09:00:00,west,cotton,flowering,8.0,32.91,65.53,0.0,2.07,509.61,2,1,35.0
2024-07-17 10:00:00,north,maize,vegetative,8.0,35.97,45.41,0.0,2.93,595.01,1,1,35.0
2024-07-17 11:00:00,north,tomato,vegetative,8.0,34.94,56.96,0.0,1.46,622.11,1,1,35.0
2024-07-17 12:00:00,south,lettuce,flowering,8.0,34.11,58.07,0.0,0.41,569.91,2,1,35.0
2024-07-17 13:00:00,north,tomato,emergence,8.0,33.77,61.95,0.0,1.53,587.29,1,1,35.0
2024-07-17 14:00:00,east,maize,flowering,8.0,35.46,50.01,0.0,1.54,585.07,1,1,35.0
2024-07-17 15:00:00,north,lettuce,vegetative,8.0,34.92,43.89,0.0,1.53,448.39,2,1,35.0
2024-07-17 16:00:00,north,cotton,emergence,8.0,36.35,57.72,0.0,0.48,321.14,4,1,35.0
2024-07-17 17:00:00,north,maize,vegetative,8.0,32.54,63.25,0.0,2.56,189.71,4,1,35.0
2024-07-17 18:00:00,south,cotton,maturity,8.0,36.14,63.74,0.0,2.0,39.61,4,1,35.0
2024-07-17 19:00:00,west,cotton,vegetative,8.0,34.05,55.85,0.0,0.55,0.0,4,1,35.0
2024-07-17 20:00:00,north,tomato,vegetative,8.0,30.8,66.39,0.0,2.53,20.71,3,1,35.0
2024-07-17 21:00:00,west,tomato,vegetative,8.0,32.77,62.79,0.0,3.31,56.4,1,1,35.0
2024-07-17 22:00:00,south,lettuce,flowering,8.0,27.93,72.51,0.0,3.84,49.98,3,1,35.0
2024-07-17 23:00:00,north,lettuce,vegetative,8.0,28.58,62.34,0.0,0.0,0.0,3,1,35.0
2024-07-18 00:00:00,south,maize,maturity,8.0,25.66,52.96,3.23,1.52,10.32,2,0,0.0
2024-07-18 01:00:00,east,lettuce,flowering,8.0,29.95,61.17,0.0,0.76,26.28,2,1,35.0
2024-07-18 02:00:00,north,lettuce,flowering,8.0,24.57,66.56,0.0,1.62,0.71,4,1,35.0
2024-07-18 03:00:00,north,lettuce,flowering,8.0,25.02,69.21,0.0,4.07,0.0,3,1,35.0
2024-07-18 04:00:00,west,lettuce,emergence,8.0,26.62,53.57,0.0,1.53,0.0,3,1,35.0
2024-07-18 05:00:00,east,tomato,maturity,8.0,30.2,59.26,0.0,1.83,0.0,1,1,35.0
2024-07-18 06:00:00,south,tomato,maturity,8.0,30.47,67.3,4.43,1.41,0.0,1,0,0.0
2024-07-18 07:00:00,west,tomato,vegetative,8.0,30.19,60.72,0.0,4.35,124.08,3,1,35.0
2024-07-18 08:00:00,west,cotton,flowering,8.0,32.57,57.41,0.0,0.0,328.83,3,1,35.0
2024-07-18 09:00:00,south,cotton,vegetative,13.14,31.9,73.42,16.05,1.73,489.95,0,0,0.0
2024-07-18 10:00:00,east,lettuce,flowering,8.0,33.67,51.17,0.0,1.36,548.24,1,1,35.0
2024-07-18 11:00:00,north,tomato,flowering,8.0,36.35,65.16,0.81,0.33,550.72,3,1,35.0
2024-07-18 12:00:00,south,lettuce,maturity,8.0,34.13,65.44,0.0,3.72,645.86,3,1,35.0
2024-07-18 13:00:00,east,tomato,vegetative,8.0,33.75,57.02,0.0,0.24,637.44,1,1,35.0
2024-07-18 14:00:00,north,maize,flowering,8.0,35.75,56.77,0.0,1.85,570.14,2,1,35.0
2024-07-18 15:00:00,west,tomato,flowering,8.0,36.01,56.53,0.0,2.31,434.38,3,1,35.0
2024-07-18 16:00:00,west,cotton,vegetative,8.0,34.67,59.14,0.0,1.5,282.83,2,1,35.0
2024-07-18 17:00:00,south,tomato,flowering,8.0,35.37,53.14,5.87,0.32,199.26,0,0,0.0
2024-07-18 18:00:00,south,lettuce,flowering,8.0,32.74,56.41,0.0,2.2,12.31,1,1,35.0
2024-07-18 19:00:00,north,cotton,flowering,8.0,32.27,57.3,0.0,1.49,0.0,3,1,35.0
2024-07-18 20:00:00,east,lettuce,maturity,8.0,31.6,58.06,0.0,3.37,0.0,1,1,35.0
2024-07-18 21:00:00,north,tomato,emergence,8.0,30.44,59.08,0.0,3.02,7.79,4,1,35.0
2024-07-18 22:00:00,south,cotton,vegetative,8.0,31.46,44.75,3.48,4.73,0.0,2,0,0.0
2024-07-18 23:00:00,east,lettuce,vegetative,8.0,28.77,63.27,0.0,2.53,13.39,1,1,35.0
2024-07-19 00:00:00,east,maize,vegetative,8.0,27.05,60.26,0.0,3.11,5.52,4,1,35.0
2024-07-19 01:00:00,east,lettuce,vegetative,8.0,27.9,50.21,0.0,1.97,72.69,2,1,35.0
2024-07-19 02:00:00,north,cotton,maturity,8.0,28.49,60.36,0.0,4.45,0.0,1,1,35.0
2024-07-19 03:00:00,west,maize,vegetative,8.0,28.27,60.32,0.0,2.41,70.03,3,1,35.0
2024-07-19 04:00:00,east,maize,flowering,8.0,28.59,71.66,7.57,2.28,2.87,2,0,0.0
2024-07-19 05:00:00,west,maize,vegetative,8.0,25.9,61.11,0.0,3.05,0.0,2,1,35.0
2024-07-19 06:00:00,south,tomato,vegetative,8.0,25.23,,0.0,1.63,0.0,3,1,35.0
2024-07-19 07:00:00,west,lettuce,maturity,8.0,31.85,69.8,0.0,1.8,137.54,2,1,35.0
2024-07-19 08:00:00,south,tomato,flowering,8.0,31.63,55.9,0.0,3.05,340.02,4,1,35.0
2024-07-19 09:00:00,west,maize,vegetative,8.0,31.98,59.69,0.0,3.28,464.14,3,1,35.0
2024-07-19 10:00:00,north,maize,maturity,8.0,34.02,70.49,0.0,3.12,498.56,3,1,35.0
2024-07-19 11:00:00,north,maize,flowering,8.0,36.69,57.85,0.0,2.3,663.56,3,1,35.0
2024-07-19 12:00:00,east,maize,vegetative,8.0,36.56,58.97,0.0,2.72,701.69,3,1,35.0
2024-07-19 13:00:00,east,lettuce,flowering,8.0,36.28,53.72,0.0,3.55,563.14,2,1,35.0
2024-07-19 14:00:00,east,maize,flowering,8.0,33.64,63.49,0.0,1.09,598.34,1,1,35.0
2024-07-19 15:00:00,south,tomato,vegetative,8.0,33.7,58.36,0.0,2.4,518.53,2,1,35.0
2024-07-19 16:00:00,west,cotton,maturity,8.0,30.86,48.09,0.0,0.0,262.14,2,1,35.0
2024-07-19 17:00:00,south,cotton,flowering,8.0,34.75,55.31,0.0,3.29,151.88,2,1,35.0
2024-07-19 18:00:00,east,maize,flowering,8.0,34.64,49.61,0.0,1.46,0.0,2,1,35.0
2024-07-19 19:00:00,west,maize,maturity,8.0,33.79,59.35,0.0,1.49,34.09,4,1,35.0
2024-07-19 20:00:00,east,tomato,flowering,8.0,31.99,53.59,0.0,2.25,0.0,4,1,35.0
2024-07-19 21:00:00,east,tomato,vegetative,8.0,29.71,65.18,8.2,3.14,0.0,1,0,0.0
2024-07-19 22:00:00,west,maize,emergence,8.0,28.13,63.41,0.0,5.27,14.74,2,1,35.0
2024-07-19 23:00:00,west,cotton,vegetative,8.0,26.91,55.34,0.0,0.54,54.59,2,1,35.0
2024-07-20 00:00:00,south,lettuce,vegetative,8.0,27.2,60.4,0.0,1.38,0.0,3,1,35.0
2024-07-20 01:00:00,south,maize,vegetative,8.0,25.57,69.48,0.0,2.67,0.0,3,1,35.0
2024-07-20 02:00:00,north,cotton,flowering,8.0,29.54,70.0,0.0,1.53,0.0,1,1,35.0
2024-07-20 03:00:00,east,maize,vegetative,8.0,25.09,59.21,0.0,3.4,23.04,3,1,35.0
2024-07-20 04:00:00,west,tomato,vegetative,8.0,27.15,56.2,0.0,2.2,0.0,2,1,35.0
2024-07-20 05:00:00,south,maize,flowering,8.0,25.17,79.12,0.0,3.46,0.0,2,1,35.0
2024-07-20 06:00:00,south,tomato,vegetative,8.0,29.35,62.05,0.0,2.1,0.0,3,1,35.0
2024-07-20 07:00:00,north,cotton,flowering,8.0,29.87,62.35,0.0,3.05,126.13,1,1,35.0
2024-07-20 08:00:00,south,maize,flowering,8.0,30.37,56.13,0.0,1.25,256.94,4,1,35.0
2024-07-20 09:00:00,north,lettuce,vegetative,8.0,30.54,62.67,0.0,4.72,441.59,4,1,35.0
2024-07-20 10:00:00,west,maize,emergence,8.0,32.91,71.28,0.0,0.36,600.67,1,1,35.0
2024-07-20 11:00:00,east,cotton,flowering,8.0,32.92,61.05,0.0,1.55,558.43,4,1,35.0
2024-07-20 12:00:00,north,lettuce,emergence,8.0,34.16,65.72,0.0,0.7,669.0,3,1,35.0
2024-07-20 13:00:00,north,maize,flowering,8.0,37.7,55.64,0.0,3.36,605.14,4,1,35.0
2024-07-20 14:00:00,west,tomato,flowering,8.0,35.16,50.29,0.0,3.05,525.7,1,1,35.0
2024-07-20 15:00:00,west,cotton,flowering,8.0,35.57,52.36,0.0,0.94,471.66,1,1,35.0
2024-07-20 16:00:00,west,maize,vegetative,8.0,33.67,50.84,0.0,3.6,370.87,1,1,35.0
2024-07-20 17:00:00,north,maize,maturity,8.0,32.56,61.08,0.0,1.56,220.66,3,1,35.0
2024-07-20 18:00:00,north,cotton,emergence,8.0,32.87,67.87,0.0,2.86,9.93,2,1,35.0
2024-07-20 19:00:00,north,tomato,maturity,8.0,35.7,58.17,0.0,3.15,0.0,4,1,35.0
2024-07-20 20:00:00,west,maize,maturity,8.0,30.47,59.07,0.0,2.11,13.7,3,1,35.0
2024-07-20 21:00:00,west,maize,vegetative,8.0,30.41,55.74,0.0,3.49,86.69,4,1,35.0
2024-07-20 22:00:00,west,maize,vegetative,8.0,27.66,65.96,0.0,2.23,0.0,2,1,35.0
2024-07-20 23:00:00,north,maize,vegetative,8.0,23.94,57.78,0.0,2.81,39.72,1,1,35.0
2024-07-21 00:00:00,north,tomato,maturity,8.0,26.19,56.71,0.0,2.07,0.0,4,1,35.0
2024-07-21 01:00:00,west,tomato,vegetative,8.0,30.54,67.47,0.0,0.16,0.0,1,1,35.0
2024-07-21 02:00:00,west,tomato,maturity,8.0,27.73,61.47,0.0,2.25,61.91,4,1,35.0
2024-07-21 03:00:00,east,tomato,flowering,8.0,29.43,59.97,0.0,1.35,0.09,3,1,35.0
2024-07-21 04:00:00,north,cotton,flowering,8.0,26.85,62.94,0.0,4.07,7.86,3,1,35.0
2024-07-21 05:00:00,north,lettuce,flowering,8.0,24.47,71.1,0.0,0.76,19.14,1,1,35.0
2024-07-21 06:00:00,north,maize,vegetative,8.0,27.17,65.02,0.0,3.87,0.0,2,1,35.0
2024-07-21 07:00:00,east,maize,vegetative,8.0,30.39,56.08,0.0,2.19,152.89,1,1,35.0
2024-07-21 08:00:00,west,lettuce,maturity,8.0,31.19,55.7,0.0,2.89,302.53,3,1,35.0
2024-07-21 09:00:00,east,tomato,vegetative,8.0,31.85,58.75,0.0,0.74,471.25,2,1,35.0
2024-07-21 10:00:00,south,tomato,maturity,8.0,32.04,62.08,0.0,2.03,575.75,1,1,35.0
2024-07-21 11:00:00,west,lettuce,maturity,8.0,35.07,57.29,0.01,1.6,606.83,1,1,35.0
2024-07-21 12:00:00,north,maize,emergence,8.0,33.55,57.89,0.0,4.92,720.97,3,1,35.0
2024-07-21 13:00:00,west,lettuce,flowering,8.0,35.16,57.8,0.0,1.57,626.89,3,1,35.0
2024-07-21 14:00:00,west,cotton,vegetative,8.0,35.13,57.24,4.1,3.78,566.51,1,0,0.0
2024-07-21 15:00:00,east,cotton,flowering,8.0,34.15,52.82,5.57,3.8,506.64,1,0,0.0
2024-07-21 16:00:00,west,tomato,maturity,8.0,32.98,66.97,0.0,3.77,294.38,4,1,35.0
2024-07-21 17:00:00,east,tomato,maturity,8.0,33.02,55.81,0.0,1.69,150.0,1,1,35.0
2024-07-21 18:00:00,south,tomato,maturity,8.0,35.65,57.99,0.0,4.57,9.99,4,1,35.0
2024-07-21 19:00:00,south,lettuce,vegetative,8.0,33.54,44.35,0.0,4.81,0.0,4,1,35.0
2024-07-21 20:00:00,west,cotton,flowering,8.0,32.37,58.2,0.0,2.84,0.0,1,1,35.0
2024-07-21 21:00:00,east,cotton,vegetative,8.0,28.62,55.01,6.86,1.84,71.78,2,0,0.0
2024-07-21 22:00:00,north,maize,maturity,8.0,26.68,57.4,0.0,1.37,64.01,3,1,35.0
2024-07-21 23:00:00,west,cotton,vegetative,8.0,29.65,78.83,12.95,2.97,31.4,0,0,0.0
2024-07-22 00:00:00,north,maize,vegetative,8.0,28.66,64.42,1.71,2.48,41.4,3,1,35.0
2024-07-22 01:00:00,east,cotton,emergence,8.0,27.1,72.5,0.0,2.62,17.27,1,1,35.0
2024-07-22 02:00:00,north,maize,vegetative,8.0,26.21,70.62,0.0,0.78,0.0,2,1,35.0
2024-07-22 03:00:00,east,tomato,vegetative,8.0,24.7,72.72,0.0,2.44,57.53,3,1,35.0
2024-07-22 04:00:00,south,tomato,emergence,8.0,28.6,61.33,0.0,3.77,0.0,2,1,35.0
2024-07-22 05:00:00,south,cotton,maturity,8.0,29.71,73.07,0.0,3.38,33.9,2,1,35.0
2024-07-22 06:00:00,east,maize,flowering,8.0,27.74,69.33,0.0,1.9,0.0,4,1,35.0
2024-07-22 07:00:00,west,maize,vegetative,8.0,28.58,63.02,0.0,2.27,152.52,4,1,35.0
2024-07-22 08:00:00,south,maize,maturity,8.0,32.62,61.34,0.0,0.64,343.85,2,1,35.0
2024-07-22 09:00:00,west,maize,vegetative,8.0,30.83,59.98,0.0,1.6,530.81,1,1,35.0
2024-07-22 10:00:00,south,cotton,flowering,8.0,35.43,57.62,0.0,1.99,612.92,4,1,35.0
2024-07-22 11:00:00,north,tomato,vegetative,8.0,33.43,58.55,0.0,3.16,639.71,3,1,35.0
2024-07-22 12:00:00,north,tomato,flowering,8.0,33.65,61.35,0.0,1.55,652.2,3,1,35.0
2024-07-22 13:00:00,north,lettuce,vegetative,8.0,34.69,70.03,0.0,1.16,655.2,1,1,35.0
2024-07-22 14:00:00,east,maize,vegetative,8.0,34.18,49.82,0.0,3.31,610.7,3,1,35.0
2024-07-22 15:00:00,east,tomato,flowering,8.0,36.32,64.54,0.0,1.89,398.0,4,1,35.0
2024-07-22 16:00:00,south,tomato,flowering,8.0,35.55,54.58,0.0,1.39,320.55,1,1,35.0
2024-07-22 17:00:00,south,tomato,flowering,8.0,35.22,66.31,0.0,3.37,131.4,2,1,35.0
2024-07-22 18:00:00,west,tomato,vegetative,8.0,33.04,56.83,0.0,2.95,0.0,2,1,35.0
2024-07-22 19:00:00,east,tomato,flowering,8.0,31.11,63.6,10.1,2.15,0.0,1,0,0.0
2024-07-22 20:00:00,north,tomato,flowering,8.0,30.75,59.89,0.0,1.98,0.0,1,1,35.0
2024-07-22 21:00:00,north,lettuce,emergence,8.0,29.09,50.22,0.0,2.86,0.0,3,1,35.0
2024-07-22 22:00:00,south,cotton,emergence,8.0,30.96,73.0,0.0,3.05,0.0,1,1,35.0
2024-07-22 23:00:00,south,cotton,vegetative,8.0,29.44,55.45,0.0,2.65,20.53,2,1,35.0
2024-07-23 00:00:00,west,maize,vegetative,8.0,27.09,64.52,0.0,2.54,0.0,3,1,35.0
2024-07-23 01:00:00,east,maize,vegetative,8.0,25.43,57.89,0.0,1.67,0.0,1,1,35.0
2024-07-23 02:00:00,west,cotton,emergence,8.0,29.0,53.04,0.0,1.74,13.85,4,1,35.0
2024-07-23 03:00:00,east,lettuce,flowering,8.0,27.03,62.54,0.0,2.19,10.04,2,1,35.0
2024-07-23 04:00:00,south,maize,flowering,8.0,27.03,59.82,0.0,1.25,59.58,4,1,35.0
2024-07-23 05:00:00,east,tomato,maturity,8.0,30.18,53.27,0.0,1.11,32.71,2,1,35.0
2024-07-23 06:00:00,east,maize,flowering,8.0,27.92,63.01,0.0,2.29,0.0,1,1,35.0
2024-07-23 07:00:00,east,maize,vegetative,8.0,29.17,51.89,0.0,3.59,144.76,2,1,35.0
2024-07-23 08:00:00,north,maize,maturity,8.0,30.34,62.21,0.0,0.0,351.13,3,1,35.0
2024-07-23 09:00:00,east,tomato,flowering,8.0,29.75,60.91,0.0,1.93,428.59,1,1,35.0
2024-07-23 10:00:00,south,cotton,flowering,8.0,33.16,41.71,0.0,2.73,551.56,2,1,35.0
2024-07-23 11:00:00,west,lettuce,vegetative,8.0,32.37,56.04,0.0,3.69,567.99,4,1,35.0
2024-07-23 12:00:00,west,lettuce,flowering,8.0,33.3,62.24,0.0,4.56,604.27,4,1,35.0
2024-07-23 13:00:00,east,tomato,flowering,8.0,33.49,51.36,0.0,2.09,671.93,3,1,35.0
2024-07-23 14:00:00,west,lettuce,flowering,8.0,33.81,62.14,0.0,4.77,568.77,1,1,35.0
2024-07-23 15:00:00,east,lettuce,maturity,8.0,33.29,61.99,0.0,2.95,437.6,3,1,35.0
2024-07-23 16:00:00,north,tomato,maturity,8.0,34.52,50.86,0.0,3.38,307.9,4,1,35.0
2024-07-23 17:00:00,east,lettuce,maturity,8.0,33.28,58.89,0.0,1.12,228.27,2,1,35.0
2024-07-23 18:00:00,west,lettuce,flowering,8.0,32.76,65.17,0.0,2.94,0.0,3,1,35.0
2024-07-23 19:00:00,north,cotton,maturity,8.0,35.25,51.26,0.0,3.48,16.57,2,1,35.0
2024-07-23 20:00:00,north,tomato,maturity,8.0,30.45,59.8,0.0,1.57,30.5,2,1,35.0
2024-07-23 21:00:00,south,cotton,emergence,8.0,30.56,69.2,0.0,0.0,50.57,3,1,35.0
2024-07-23 22:00:00,west,maize,flowering,8.0,29.77,55.78,0.0,2.58,0.0,4,1,35.0
2024-07-23 23:00:00,east,tomato,vegetative,8.0,27.76,66.6,0.0,2.14,0.0,4,1,35.0
2024-07-24 00:00:00,west,tomato,vegetative,8.0,27.56,56.0,0.0,4.01,0.0,1,1,35.0
2024-07-24 01:00:00,west,tomato,vegetative,8.0,26.78,63.05,0.0,1.75,25.59,2,1,35.0
2024-07-24 02:00:00,east,maize,flowering,8.0,26.91,67.2,0.0,1.55,69.72,4,1,35.0
2024-07-24 03:00:00,east,maize,emergence,8.0,25.87,48.07,0.0,0.99,26.8,3,1,35.0
2024-07-24 04:00:00,south,lettuce,vegetative,8.0,26.41,60.74,0.0,1.64,0.0,3,1,35.0
2024-07-24 05:00:00,north,tomato,emergence,8.0,27.81,66.36,0.0,5.6,41.57,3,1,35.0
2024-07-24 06:00:00,south,cotton,flowering,8.0,25.65,66.66,0.0,0.5,0.0,2,1,35.0
2024-07-24 07:00:00,east,tomato,maturity,8.0,31.82,56.49,0.0,0.8,139.12,3,1,35.0
2024-07-24 08:00:00,north,lettuce,maturity,8.0,33.85,50.79,0.0,2.33,313.4,4,1,35.0
2024-07-24 09:00:00,north,cotton,vegetative,8.0,31.9,64.48,0.0,4.77,439.28,1,1,35.0
2024-07-24 10:00:00,north,cotton,vegetative,8.0,33.61,56.46,0.0,3.29,538.35,1,1,35.0
2024-07-24 11:00:00,east,lettuce,maturity,8.0,35.06,61.37,0.0,4.26,670.61,4,1,35.0
2024-07-24 12:00:00,west,lettuce,emergence,8.0,32.09,62.59,0.0,1.94,631.95,1,1,35.0
2024-07-24 13:00:00,west,tomato,maturity,8.0,35.87,53.77,0.0,0.73,572.3,2,1,35.0
2024-07-24 14:00:00,south,tomato,flowering,8.0,33.97,65.93,10.66,1.86,583.42,1,0,0.0
2024-07-24 15:00:00,east,maize,flowering,8.0,37.91,51.11,0.0,2.25,426.21,2,1,35.0
2024-07-24 16:00:00,west,tomato,emergence,8.0,33.79,66.9,0.0,2.41,292.72,1,1,35.0
2024-07-24 17:00:00,east,maize,emergence,8.0,34.8,67.01,0.0,2.14,192.78,2,1,35.0
2024-07-24 18:00:00,south,tomato,flowering,8.0,32.34,67.08,0.0,3.11,0.0,1,1,35.0
2024-07-24 19:00:00,south,cotton,vegetative,8.0,34.94,56.38,0.0,1.55,0.0,4,1,35.0
2024-07-24 20:00:00,east,cotton,maturity,8.0,29.84,79.56,0.0,1.29,1.48,3,1,35.0
2024-07-24 21:00:00,south,cotton,flowering,8.0,31.32,61.6,0.0,0.95,0.0,3,1,35.0
2024-07-24 22:00:00,west,lettuce,vegetative,8.0,29.55,63.65,0.0,2.65,0.0,4,1,35.0
2024-07-24 23:00:00,west,tomato,vegetative,8.0,28.39,62.73,0.0,2.53,0.0,1,1,35.0
2024-07-25 00:00:00,north,tomato,flowering,8.0,27.41,55.76,0.0,3.71,0.0,3,1,35.0
2024-07-25 01:00:00,east,lettuce,vegetative,8.0,25.67,74.13,0.0,4.26,56.47,1,1,35.0
2024-07-25 02:00:00,south,lettuce,flowering,8.0,22.65,63.47,0.0,0.95,22.04,4,1,35.0
2024-07-25 03:00:00,east,maize,flowering,8.0,28.28,69.41,0.0,2.43,0.0,3,1,35.0
2024-07-25 04:00:00,south,maize,maturity,8.0,26.33,72.65,0.0,2.15,16.46,1,1,35.0
2024-07-25 05:00:00,south,maize,vegetative,8.0,29.46,66.26,0.0,0.56,21.96,4,1,35.0
2024-07-25 06:00:00,south,tomato,vegetative,8.0,29.06,57.51,0.0,1.77,0.0,3,1,35.0
2024-07-25 07:00:00,north,maize,maturity,8.0,31.3,58.17,0.0,4.28,212.23,3,1,35.0
2024-07-25 08:00:00,west,maize,flowering,8.0,31.74,,0.0,1.64,330.71,1,1,35.0
2024-07-25 09:00:00,north,lettuce,flowering,8.0,27.87,62.49,0.0,1.44,448.69,3,1,35.0
2024-07-25 10:00:00,south,cotton,flowering,8.0,33.45,64.46,0.0,2.34,618.58,2,1,35.0
2024-07-25 11:00:00,north,maize,maturity,8.0,32.85,57.66,0.0,3.49,555.46,2,1,35.0
2024-07-25 12:00:00,north,lettuce,vegetative,8.0,35.74,52.87,0.0,2.03,608.85,1,1,35.0
2024-07-25 13:00:00,south,cotton,vegetative,8.0,35.28,55.29,0.0,2.55,650.31,1,1,35.0
2024-07-25 14:00:00,west,tomato,maturity,8.0,35.44,65.76,0.0,0.0,586.51,4,1,35.0
2024-07-25 15:00:00,west,lettuce,vegetative,8.0,33.99,58.03,0.0,3.09,517.26,2,1,35.0
2024-07-25 16:00:00,south,maize,maturity,8.0,32.63,72.5,0.0,2.67,246.04,2,1,35.0
2024-07-25 17:00:00,east,lettuce,vegetative,8.0,32.71,55.44,0.0,3.46,198.29,3,1,35.0
2024-07-25 18:00:00,west,tomato,vegetative,8.0,29.83,63.25,0.0,0.16,0.0,2,1,35.0
2024-07-25 19:00:00,north,cotton,emergence,8.0,30.68,58.02,0.0,2.04,14.66,3,1,35.0
2024-07-25 20:00:00,west,cotton,maturity,8.0,28.34,77.45,0.0,3.56,0.0,1,1,35.0
2024-07-25 21:00:00,north,tomato,flowering,8.0,27.34,64.99,0.0,1.73,29.75,1,1,35.0
2024-07-25 22:00:00,north,tomato,vegetative,8.0,28.71,77.53,0.0,2.46,0.0,3,1,35.0
2024-07-25 23:00:00,south,tomato,emergence,8.0,28.5,59.86,0.0,1.91,35.39,1,1,35.0
2024-07-26 00:00:00,north,lettuce,vegetative,8.0,26.94,74.74,0.0,1.94,0.0,4,1,35.0
2024-07-26 01:00:00,west,lettuce,vegetative,8.0,25.84,65.75,0.0,3.8,0.0,2,1,35.0
2024-07-26 02:00:00,west,tomato,flowering,8.0,25.03,71.43,0.0,0.69,6.75,3,1,35.0
2024-07-26 03:00:00,south,cotton,vegetative,8.0,26.11,56.17,0.0,2.34,58.68,4,1,35.0
2024-07-26 04:00:00,west,maize,vegetative,8.0,25.75,67.44,2.94,2.7,29.15,0,0,0.0
2024-07-26 05:00:00,west,maize,emergence,8.0,27.53,56.09,0.0,3.53,7.15,2,1,35.0
2024-07-26 06:00:00,west,maize,flowering,8.0,26.17,66.46,0.0,2.25,22.39,4,1,35.0
2024-07-26 07:00:00,west,maize,flowering,8.0,30.47,50.6,0.0,3.56,206.25,3,1,35.0
2024-07-26 08:00:00,east,maize,flowering,8.0,29.6,61.26,5.38,2.33,338.11,2,0,0.0
2024-07-26 09:00:00,north,tomato,flowering,8.0,32.05,67.63,0.0,2.54,423.74,2,1,35.0
2024-07-26 10:00:00,west,maize,maturity,8.0,33.78,62.41,0.0,2.5,584.91,1,1,35.0
2024-07-26 11:00:00,east,cotton,flowering,8.0,33.77,49.94,0.0,3.19,626.86,1,1,35.0
2024-07-26 12:00:00,west,maize,maturity,8.0,35.11,44.22,0.0,3.05,637.65,3,1,35.0
2024-07-26 13:00:00,west,cotton,flowering,8.0,31.22,64.11,0.0,1.06,600.37,1,1,35.0
2024-07-26 14:00:00,north,lettuce,emergence,8.0,33.71,69.7,0.0,2.66,583.19,4,1,35.0
2024-07-26 15:00:00,south,lettuce,maturity,8.0,35.97,50.08,11.81,3.05,477.54,0,0,0.0
2024-07-26 16:00:00,north,maize,flowering,8.0,34.68,72.54,0.0,4.15,291.56,2,1,35.0
2024-07-26 17:00:00,north,lettuce,flowering,8.0,36.05,56.71,0.0,1.19,129.52,2,1,35.0
2024-07-26 18:00:00,west,tomato,vegetative,8.0,35.01,43.88,0.0,3.05,66.21,1,1,35.0
2024-07-26 19:00:00,west,tomato,vegetative,8.0,31.94,49.12,0.0,1.98,30.12,2,1,35.0
2024-07-26 20:00:00,west,tomato,maturity,8.0,30.07,66.93,0.0,2.63,3.04,4,1,35.0
2024-07-26 21:00:00,west,tomato,vegetative,8.0,27.98,64.12,0.0,1.11,21.22,3,1,35.0
2024-07-26 22:00:00,east,cotton,emergence,8.0,27.74,73.79,0.0,2.38,0.0,4,1,35.0
2024-07-26 23:00:00,east,cotton,vegetative,8.0,27.01,55.6,0.0,2.78,0.0,4,1,35.0
2024-07-27 00:00:00,west,lettuce,flowering,8.0,26.02,65.62,0.0,1.24,0.75,3,1,35.0
2024-07-27 01:00:00,east,tomato,maturity,8.0,25.13,65.54,0.0,4.14,33.75,4,1,35.0
2024-07-27 02:00:00,east,cotton,flowering,8.0,26.97,63.02,0.0,0.55,0.0,2,1,35.0
2024-07-27 03:00:00,north,lettuce,maturity,8.0,29.05,59.68,0.0,3.05,0.0,2,1,35.0
2024-07-27 04:00:00,east,maize,vegetative,8.0,28.31,60.42,4.47,0.0,0.0,0,0,0.0
2024-07-27 05:00:00,west,maize,vegetative,8.0,27.06,65.18,0.0,2.09,29.86,2,1,35.0
2024-07-27 06:00:00,east,lettuce,vegetative,8.0,29.89,63.81,0.0,2.98,0.0,1,1,35.0
2024-07-27 07:00:00,south,tomato,vegetative,8.0,29.85,63.48,0.0,3.26,136.16,3,1,35.0
2024-01-01 10:00:00,east,maize,flowering,46.2,18.31,63.03,0.0,1.81,593.19,2,0,0.0
