soil_moisture_pct,temperature_c,humidity_pct,rainfall_mm,wind_speed_mps,solar_radiation_wm2,days_since_irrigation,irrigation_needed,water_quantity_liters,soil_moisture_rolling_6h,soil_moisture_deficit,et0_proxy,rainfall_24h,cumulative_irrigation_7d,hour,day_of_year,field_id_east,field_id_north,field_id_south,field_id_west,crop_type_cotton,crop_type_lettuce,crop_type_maize,crop_type_tomato,growth_stage_emergence,growth_stage_flowering,growth_stage_maturity,growth_stage_vegetative,growth_stage_bucket_early,growth_stage_bucket_late,growth_stage_bucket_mid,growth_stage_bucket_peak
53.89,9.97,77.34,0.0,1.7,0.0,1,0,0.0,53.89,0.0,0.22781555600000009,0.0,0.0,0,1,0,1,0,0,0,0,0,1,0,1,0,0,0,0,0,1
51.83,11.37,75.78,0.0,1.2,0.0,1,0,0.0,51.83,0.0,0.3144090719999999,0.0,0.0,1,1,0,0,0,1,0,1,0,0,0,1,0,0,0,0,0,1
47.8,10.69,75.65,0.0,1.88,19.86,1,0,0.0,47.8,0.0,0.2987718749999999,0.0,0.0,2,1,1,0,0,0,1,0,0,0,0,0,0,1,0,0,1,0
61.26,12.49,80.17,0.0,2.45,33.27,2,0,0.0,61.26,0.0,0.434120491,0.0,0.0,3,1,0,0,1,0,1,0,0,0,0,0,0,1,0,0,1,0
54.19,11.53,77.35,0.0,2.58,48.29,2,0,0.0,57.724999999999994,0.0,0.38500690499999995,0.0,0.0,4,1,0,0,1,0,0,0,0,1,0,1,0,0,0,0,0,1
61.34,12.63,70.4,0.0,2.93,0.0,2,0,0.0,56.585,0.0,0.5377385100000001,0.0,0.0,5,1,0,0,0,1,0,0,0,1,0,1,0,0,0,0,0,1
47.67,13.5,69.36,0.0,2.68,0.0,1,0,0.0,50.78,0.0,0.60654236,0.0,0.0,6,1,0,1,0,0,1,0,0,0,0,0,1,0,0,1,0,0
57.42,15.07,75.69,0.0,3.18,91.46,0,0,0.0,52.61,0.0,0.7260831010000002,0.0,0.0,7,1,1,0,0,0,1,0,0,0,0,0,1,0,0,1,0,0
47.67,15.38,76.29,0.0,2.07,277.14,1,0,0.0,49.74333333333334,0.0,0.6950098140000001,0.0,0.0,8,1,0,1,0,0,0,0,1,0,0,1,0,0,0,0,0,1
67.09,15.62,70.91,0.0,4.89,434.98,1,0,0.0,54.08,0.0,0.9000901139999999,0.0,0.0,9,1,0,1,0,0,0,1,0,0,0,1,0,0,0,0,0,1
46.2,18.31,63.03,0.0,1.81,593.19,2,0,0.0,50.473333333333336,0.0,1.0877173709999999,0.0,0.0,10,1,1,0,0,0,0,0,1,0,0,1,0,0,0,0,0,1
63.82,20.61,77.87,0.0,4.02,611.02,0,0,0.0,58.99666666666667,0.0,1.3338222889999998,0.0,0.0,11,1,0,0,0,1,0,0,1,0,0,1,0,0,0,0,0,1
54.72,19.83,77.0,0.0,1.68,639.89,0,0,0.0,51.535,0.0,1.1338393699999998,0.0,0.0,12,1,1,0,0,0,0,0,0,1,1,0,0,0,1,0,0,0
53.89,19.13,56.39,0.0,0.69,638.35,1,0,0.0,57.72,0.0,1.1804120489999999,0.0,0.0,13,1,0,0,0,1,0,0,0,1,0,1,0,0,0,0,0,1
57.74,19.99,78.98,0.0,0.4,539.45,0,0,0.0,52.775999999999996,0.0,1.0710003639999999,0.0,0.0,14,1,1,0,0,0,0,0,0,1,0,1,0,0,0,0,0,1
50.08,16.96,70.57,0.0,2.76,389.81,1,0,0.0,56.19199999999999,0.0,0.9297250440000002,0.0,0.0,15,1,0,0,0,1,1,0,0,0,0,1,0,0,0,0,0,1
58.69,19.43,71.38,0.0,3.79,298.89,0,0,0.0,53.76166666666666,0.0,1.2420516680000002,0.0,0.0,16,1,1,0,0,0,0,0,0,1,0,0,1,0,0,1,0,0
59.04,18.41,78.84,0.0,1.02,164.01,2,0,0.0,55.072,0.0,0.927636858,0.0,0.0,17,1,0,1,0,0,0,0,0,1,0,1,0,0,0,0,0,1
54.79,16.78,83.75,0.0,1.35,16.4,0,0,0.0,55.958333333333336,0.0,0.7359832700000001,0.0,0.0,18,1,0,0,0,1,0,0,1,0,0,0,0,1,0,0,1,0
55.97,16.08,79.75,0.0,2.86,0.0,1,0,0.0,57.13999999999999,0.0,0.7745740199999999,0.0,0.0,19,1,0,0,1,0,0,0,0,1,1,0,0,0,1,0,0,0
64.35,15.56,74.84,0.0,2.4,15.81,0,0,0.0,56.52,0.0,0.739655328,0.0,0.0,20,1,1,0,0,0,0,0,0,1,1,0,0,0,1,0,0,0
57.94,16.63,62.67,0.0,1.7,32.36,1,0,0.0,57.339999999999996,0.0,0.9056356069999999,0.0,0.0,21,1,0,0,1,0,0,1,0,0,0,0,0,1,0,0,1,0
50.76,15.82,58.76,0.0,0.86,39.22,2,0,0.0,54.35333333333333,0.0,0.8119297440000002,0.0,0.0,22,1,0,1,0,0,0,0,1,0,0,1,0,0,0,0,0,1
58.41,11.96,82.18,0.0,2.77,6.03,0,0,0.0,57.05500000000001,0.0,0.3946324160000001,0.0,0.0,23,1,0,0,0,1,0,1,0,0,0,0,0,1,0,0,1,0
51.95,11.97,85.42,0.0,3.18,0.0,2,0,0.0,55.49,0.0,0.3937185880000001,0.0,0.0,0,2,0,0,0,1,1,0,0,0,0,0,0,1,0,0,1,0
68.27,11.6,70.61,9.61,2.99,0.0,0,0,0.0,58.32833333333334,0.0,0.45642718,9.61,0.0,1,2,1,0,0,0,0,0,0,1,0,0,0,1,0,0,1,0
57.17,13.42,72.97,0.0,2.43,0.0,2,0,0.0,57.306,0.0,0.561168138,0.0,0.0,2,2,0,0,1,0,1,0,0,0,0,0,1,0,0,1,0,0
51.47,12.56,71.65,1.07,1.13,0.0,1,0,0.0,53.431666666666665,0.0,0.43322205999999996,1.07,0.0,3,2,0,0,0,1,1,0,0,0,0,1,0,0,0,0,0,1
54.81,12.88,71.21,0.0,2.78,3.48,2,0,0.0,59.76333333333333,0.0,0.5453780760000001,9.61,0.0,4,2,1,0,0,0,1,0,0,0,0,0,0,1,0,0,1,0
57.93,14.18,81.78,0.0,2.69,66.06,0,0,0.0,57.41,0.0,0.5759711079999998,0.0,0.0,5,2,0,0,1,0,0,1,0,0,0,0,0,1,0,0,1,0
64.1,13.31,76.48,0.0,0.82,7.42,2,0,0.0,57.88333333333333,0.0,0.4461330859999999,0.0,0.0,6,2,0,0,1,0,0,1,0,0,1,0,0,0,1,0,0,0
57.73,17.22,70.22,0.0,2.04,165.29,1,0,0.0,54.99333333333334,0.0,0.9234081079999998,0.0,0.0,7,2,0,1,0,0,0,1,0,0,1,0,0,0,1,0,0,0
47.17,16.2,91.24,0.0,2.84,358.67,0,0,0.0,54.91,0.0,0.6953432,0.0,0.0,8,2,0,1,0,0,0,1,0,0,0,0,0,1,0,0,1,0
47.94,15.96,62.79,0.0,2.31,430.62,2,0,0.0,58.63333333333333,0.0,0.8672102880000002,9.61,0.0,9,2,1,0,0,0,0,0,0,1,1,0,0,0,1,0,0,0
63.12,17.86,75.15,0.0,0.05,599.39,1,0,0.0,54.97,0.0,0.8509762099999998,1.07,0.0,10,2,0,0,0,1,1,0,0,0,0,0,0,1,0,0,1,0
60.03,20.88,61.55,4.85,1.63,661.73,2,0,0.0,56.97,0.0,1.3914948999999999,4.85,0.0,11,2,0,1,0,0,0,1,0,0,0,0,1,0,0,1,0,0
46.88,19.03,69.27,0.0,1.55,652.06,0,0,0.0,54.43666666666667,0.0,1.1027330270000002,1.07,0.0,12,2,0,0,0,1,0,1,0,0,0,1,0,0,0,0,0,1
66.22,21.5,69.44,9.33,3.07,701.13,0,0,0.0,56.34166666666667,0.0,1.46921684,10.4,0.0,13,2,0,0,0,1,0,0,1,0,0,0,1,0,0,1,0,0
58.4,19.27,76.1,0.0,5.52,601.95,2,0,0.0,58.585,0.0,1.27014326,0.0,0.0,14,2,0,0,1,0,0,0,0,1,0,0,0,1,0,0,1,0
54.98,18.92,68.63,0.0,2.56,461.21,1,0,0.0,58.173333333333325,0.0,1.1462859920000001,9.61,0.0,15,2,1,0,0,0,0,0,1,0,0,0,0,1,0,0,1,0
57.64,20.66,66.5,0.0,0.96,319.97,0,0,0.0,55.395,0.0,1.28729658,4.85,0.0,16,2,0,1,0,0,0,0,1,0,0,0,1,0,0,1,0,0
54.22,17.72,69.47,0.0,2.21,153.12,2,0,0.0,55.643333333333324,0.0,0.9906110079999999,10.4,0.0,17,2,0,0,0,1,0,0,1,0,0,0,0,1,0,0,1,0
48.86,19.44,62.49,0.0,2.41,0.0,0,0,0.0,56.535,0.0,1.2503355320000002,9.61,0.0,18,2,1,0,0,0,0,0,1,0,0,1,0,0,0,0,0,1
45.42,17.77,75.81,0.0,3.31,0.0,0,0,0.0,56.82666666666666,0.0,0.999072279,0.0,0.0,19,2,0,0,1,0,0,0,0,1,0,0,1,0,0,1,0,0
50.17,14.9,75.65,0.0,3.89,0.0,1,0,0.0,53.916666666666664,0.0,0.74616535,4.85,0.0,20,2,0,1,0,0,0,0,1,0,0,1,0,0,0,0,0,1
54.93,15.06,76.59,0.0,4.07,0.0,0,0,0.0,56.13999999999999,0.0,0.762852778,10.4,0.0,21,2,0,0,0,1,0,0,1,0,0,0,0,1,0,0,1,0
56.02,13.38,74.41,4.24,3.04,0.0,2,0,0.0,56.50666666666666,0.0,0.577909446,4.24,0.0,22,2,0,0,1,0,1,0,0,0,0,1,0,0,0,0,0,1
59.21,13.9,73.13,0.0,2.4,0.0,1,0,0.0,57.43000000000001,0.0,0.60025817,10.4,0.0,23,2,0,0,0,1,0,0,0,1,1,0,0,0,1,0,0,0
49.28,15.61,81.34,0.0,4.18,0.0,2,0,0.0,54.02333333333334,0.0,0.7834782679999999,9.61,0.0,0,3,1,0,0,0,0,0,1,0,1,0,0,0,1,0,0,0
52.92,11.82,83.3,3.84,1.98,14.51,1,0,0.0,55.73,0.0,0.33675974000000003,14.24,0.0,1,3,0,0,0,1,0,0,1,0,1,0,0,0,1,0,0,0
54.25,13.04,85.07,0.0,2.47,2.8,0,0,0.0,56.958333333333336,0.0,0.4450347559999999,14.24,0.0,2,3,0,0,0,1,0,0,1,0,0,0,1,0,0,1,0,0
58.04,12.41,78.28,0.0,2.11,0.0,1,0,0.0,55.129999999999995,0.0,0.423871106,4.85,0.0,3,3,0,1,0,0,0,0,1,0,0,1,0,0,0,0,0,1
61.68,12.81,84.82,0.0,0.0,31.02,1,0,0.0,57.25833333333333,0.0,0.30470418400000004,4.24,0.0,4,3,0,0,1,0,0,1,0,0,0,0,0,1,0,0,1,0
46.15,13.16,72.16,0.0,3.93,0.0,2,0,0.0,55.294999999999995,0.0,0.6197603520000001,4.24,0.0,5,3,0,0,1,0,1,0,0,0,0,0,0,1,0,0,1,0
61.31,12.95,73.83,0.0,3.21,0.0,0,0,0.0,54.830000000000005,0.0,0.554226075,4.24,0.0,6,3,0,0,1,0,0,0,1,0,0,1,0,0,0,0,0,1
55.1,15.71,81.4,0.0,0.0,116.39,2,0,0.0,54.69166666666666,0.0,0.5834426100000002,4.85,0.0,7,3,0,1,0,0,0,1,0,0,0,0,1,0,0,1,0,0
51.05,15.81,78.86,0.0,3.6,360.81,1,0,0.0,51.15333333333333,0.0,0.7925489720000001,9.61,0.0,8,3,1,0,0,0,0,0,0,1,0,0,0,1,0,0,1,0
57.55,15.92,70.83,0.0,2.04,480.81,2,0,0.0,56.421666666666674,0.0,0.7873623719999999,4.85,0.0,9,3,0,1,0,0,0,0,0,1,0,0,0,1,0,0,1,0
60.91,19.76,62.47,0.0,3.59,609.45,1,0,0.0,52.169999999999995,0.0,1.3468610440000002,9.61,0.0,10,3,1,0,0,0,0,0,1,0,0,0,1,0,0,1,0,0
45.72,19.22,68.8,0.0,2.49,683.24,2,0,0.0,51.79999999999999,0.0,1.1752016399999998,9.61,0.0,11,3,1,0,0,0,0,0,0,1,0,0,1,0,0,1,0,0
51.95,19.36,65.32,0.0,0.77,635.15,1,0,0.0,54.580000000000005,0.0,1.1348835039999998,14.24,0.0,12,3,0,0,0,1,0,1,0,0,0,0,1,0,0,1,0,0
51.36,22.11,79.98,0.0,2.43,602.96,0,0,0.0,51.196666666666665,0.0,1.4168828159999995,9.61,0.0,13,3,1,0,0,0,0,1,0,0,0,0,0,1,0,0,1,0
57.2,17.49,76.93,0.0,1.32,500.08,0,0,0.0,54.63,0.0,0.8611930989999999,4.24,0.0,14,3,0,0,1,0,0,1,0,0,0,0,0,1,0,0,1,0
61.36,22.01,62.63,0.0,0.93,421.19,0,0,0.0,55.77,0.0,1.4883425610000003,14.24,0.0,15,3,0,0,0,1,0,0,1,0,0,0,0,1,0,0,1,0
54.41,18.38,63.58,0.0,3.44,313.63,1,0,0.0,56.12833333333333,0.0,1.1723987079999998,4.24,0.0,16,3,0,0,1,0,0,1,0,0,0,0,0,1,0,0,1,0
52.56,19.39,64.64,0.0,2.87,96.1,2,0,0.0,55.55166666666667,0.0,1.2491512619999998,4.24,0.0,17,3,0,0,1,0,0,0,1,0,0,0,1,0,0,1,0,0
56.24,17.36,67.8,0.0,4.2,0.0,1,0,0.0,55.98833333333334,0.0,1.06558344,14.24,0.0,18,3,0,0,0,1,0,0,0,1,1,0,0,0,1,0,0,0
52.82,15.89,71.72,0.0,1.93,0.0,2,0,0.0,54.074999999999996,0.0,0.7720316660000001,4.24,0.0,19,3,0,0,1,0,0,0,0,1,0,1,0,0,0,0,0,1
43.13,18.21,78.83,0.0,1.24,31.27,1,0,0.0,53.605,0.0,0.9173131210000003,4.85,0.0,20,3,0,1,0,0,0,1,0,0,0,0,1,0,0,1,0,0
56.55,17.99,64.44,0.0,3.17,0.0,2,0,0.0,55.80833333333333,0.0,1.108932082,4.24,0.0,21,3,0,0,1,0,1,0,0,0,0,0,1,0,0,1,0,0
58.88,13.91,90.5,0.0,1.4,4.48,0,0,0.0,55.93333333333334,0.0,0.42445437999999996,14.24,0.0,22,3,0,0,0,1,0,0,0,1,0,1,0,0,0,0,0,1
59.3,13.91,67.87,0.0,2.03,65.23,0,0,0.0,53.88166666666667,0.0,0.621001759,4.85,0.0,23,3,0,1,0,0,0,1,0,0,0,0,1,0,0,1,0,0
48.14,12.9,65.42,0.0,3.03,0.0,2,0,0.0,53.61333333333332,0.0,0.60043838,4.24,0.0,0,4,0,0,1,0,0,1,0,0,1,0,0,0,1,0,0,0
56.94,15.01,85.41,0.0,2.25,38.01,0,0,0.0,55.01,0.0,0.600670147,4.85,0.0,1,4,0,1,0,0,1,0,0,0,0,0,0,1,0,0,1,0
61.55,9.1,87.57,0.0,1.81,13.33,2,0,0.0,53.31166666666666,0.0,0.11172141000000001,9.61,0.0,2,4,1,0,0,0,0,0,1,0,1,0,0,0,1,0,0,0
66.53,12.98,73.94,0.0,0.72,44.33,2,0,0.0,55.16833333333333,0.0,0.431455284,4.24,0.0,3,4,0,0,1,0,0,1,0,0,0,0,1,0,0,1,0,0
56.25,11.72,78.89,0.0,3.52,33.84,0,0,0.0,55.475,0.0,0.4361095760000001,4.24,0.0,4,4,0,0,1,0,0,1,0,0,0,0,1,0,0,1,0,0
58.76,9.91,80.52,0.0,1.96,0.0,0,0,0.0,55.129999999999995,0.0,0.21641591400000004,4.85,0.0,5,4,0,1,0,0,1,0,0,0,1,0,0,0,1,0,0,0
48.87,13.73,75.57,0.0,3.14,0.06,2,0,0.0,53.24333333333333,0.0,0.6046597870000001,9.61,0.0,6,4,1,0,0,0,0,0,0,1,1,0,0,0,1,0,0,0
48.2,18.01,62.12,0.0,2.98,117.11,2,0,0.0,52.76833333333334,0.0,1.1207186740000001,9.61,0.0,7,4,1,0,0,0,1,0,0,0,0,0,0,1,0,0,1,0
58.74,15.29,55.99,0.0,3.71,306.7,1,0,0.0,56.903333333333336,0.0,0.923052937,14.24,0.0,8,4,0,0,0,1,0,0,0,1,0,0,0,1,0,0,1,0
53.18,18.5,64.89,5.32,2.12,460.64,1,0,0.0,55.57833333333334,0.0,1.10879839,9.56,0.0,9,4,0,0,1,0,1,0,0,0,0,0,1,0,0,1,0,0
54.55,20.07,82.26,0.0,1.98,573.54,1,0,0.0,55.038333333333334,0.0,1.130624244,4.85,0.0,10,4,0,1,0,0,0,0,0,1,0,0,0,1,0,0,1,0
62.89,19.08,83.32,1.1,1.07,655.48,2,0,0.0,58.343333333333334,0.0,0.9651883519999997,15.34,0.0,11,4,0,0,0,1,0,0,0,1,0,0,1,0,0,1,0,0
57.3,19.92,67.83,0.0,1.75,705.4,1,0,0.0,52.166666666666664,0.0,1.2272135720000001,9.61,0.0,12,4,1,0,0,0,0,0,0,1,0,1,0,0,0,0,0,1
57.26,17.56,64.84,0.0,2.81,612.61,0,0,0.0,54.09,0.0,1.041288928,9.61,0.0,13,4,1,0,0,0,0,0,1,0,0,0,0,1,0,0,1,0
75.42,19.2,72.19,12.2,1.42,602.98,2,0,0.0,58.01666666666667,0.0,1.0905831,17.049999999999997,0.0,14,4,0,1,0,0,0,0,1,0,0,0,0,1,0,0,1,0
51.65,21.5,71.47,0.0,2.78,468.98,2,0,0.0,55.38333333333333,0.0,1.4363676699999999,9.56,0.0,15,4,0,0,1,0,0,0,0,1,0,0,1,0,0,1,0,0
64.45,19.83,73.94,0.0,4.16,279.24,0,0,0.0,60.42666666666668,0.0,1.2843233639999996,15.34,0.0,16,4,0,0,0,1,0,0,1,0,0,1,0,0,0,0,0,1
59.83,19.65,52.19,0.0,1.87,162.97,1,0,0.0,60.171666666666674,0.0,1.336514185,15.34,0.0,17,4,0,0,0,1,0,0,1,0,0,0,0,1,0,0,1,0
57.88,18.47,92.93,0.0,0.82,4.06,1,0,0.0,55.605,0.0,0.8065545169999998,9.56,0.0,18,4,0,0,1,0,0,1,0,0,0,0,0,1,0,0,1,0
53.77,20.6,77.05,0.0,1.9,0.0,2,0,0.0,59.76,0.0,1.2338864000000003,15.34,0.0,19,4,0,0,0,1,1,0,0,0,0,0,1,0,0,1,0,0
56.26,15.63,71.71,3.09,0.69,0.0,1,0,0.0,59.32333333333333,0.0,0.6849040510000001,18.43,0.0,20,4,0,0,0,1,0,1,0,0,0,0,1,0,0,1,0,0
59.0,17.65,66.45,0.0,4.0,0.0,0,0,0.0,57.415,0.0,1.097292675,9.56,0.0,21,4,0,0,1,0,0,0,0,1,0,0,1,0,0,1,0,0
52.06,14.47,80.93,0.0,2.5,0.0,1,0,0.0,58.21,0.0,0.5983073170000002,18.43,0.0,22,4,0,0,0,1,0,0,1,0,0,1,0,0,0,0,0,1
53.97,15.99,76.28,0.0,1.53,0.0,0,0,0.0,55.321666666666665,0.0,0.726369554,9.56,0.0,23,4,0,0,1,0,1,0,0,0,0,0,1,0,0,1,0,0
56.64,11.01,77.44,0.0,1.73,43.06,1,0,0.0,60.26833333333334,0.0,0.302914958,17.049999999999997,0.0,0,5,0,1,0,0,0,0,0,1,0,0,0,1,0,0,1,0
54.59,12.72,78.63,0.0,0.98,0.0,0,0,0.0,54.62833333333333,0.0,0.3899419720000001,9.61,0.0,1,5,1,0,0,0,0,0,1,0,0,1,0,0,0,0,0,1
61.28,11.72,75.43,0.0,3.61,3.89,2,0,0.0,54.583333333333336,0.0,0.464101592,9.61,0.0,2,5,1,0,0,0,1,0,0,0,0,0,0,1,0,0,1,0
46.92,12.66,78.29,0.0,4.6,18.49,2,0,0.0,58.205000000000005,0.0,0.5684501979999999,17.049999999999997,0.0,3,5,0,1,0,0,1,0,0,0,0,1,0,0,0,0,0,1
53.84,14.68,78.94,0.0,0.61,0.0,2,0,0.0,56.701666666666675,0.0,0.537441344,18.43,0.0,4,5,0,0,0,1,0,0,1,0,0,0,1,0,0,1,0,0
64.18,14.05,76.76,0.0,3.65,0.0,0,0,0.0,59.41166666666667,0.0,0.6494273700000001,17.049999999999997,0.0,5,5,0,1,0,0,0,1,0,0,0,0,1,0,0,1,0,0
57.96,16.14,74.72,0.0,2.1,0.0,1,0,0.0,55.62,0.0,0.781641416,18.43,0.0,6,5,0,0,0,1,0,0,1,0,0,1,0,0,0,0,0,1
52.47,14.27,83.93,0.0,3.92,165.52,2,0,0.0,58.36333333333334,0.0,0.6294933969999998,17.049999999999997,0.0,7,5,0,1,0,0,0,1,0,0,0,1,0,0,0,0,0,1
57.43,15.08,62.36,0.0,0.2,348.2,1,0,0.0,55.22,0.0,0.6788186560000002,18.43,0.0,8,5,0,0,0,1,0,0,0,1,0,0,1,0,0,1,0,0
53.19,17.37,66.12,0.0,2.67,479.69,0,0,0.0,55.123333333333335,0.0,1.0037253780000002,18.43,0.0,9,5,0,0,0,1,0,0,0,1,0,0,1,0,0,1,0,0
60.74,18.25,71.18,0.0,1.91,541.92,1,0,0.0,55.870000000000005,0.0,1.0185097799999998,17.36,0.0,10,5,0,0,0,1,0,1,0,0,0,1,0,0,0,0,0,1
57.5,18.86,65.4,0.0,3.19,575.2,1,0,0.0,56.02166666666667,0.0,1.1982977599999998,9.61,0.0,11,5,1,0,0,0,0,0,0,1,1,0,0,0,1,0,0,0
49.05,18.34,68.16,0.0,2.47,655.78,2,0,0.0,54.12166666666667,0.0,1.0813979280000001,9.56,0.0,12,5,0,0,1,0,0,1,0,0,0,0,0,1,0,0,1,0
54.56,21.97,77.04,0.0,2.43,604.87,0,0,0.0,57.08166666666667,0.0,1.4264252859999995,9.61,0.0,13,5,1,0,0,0,0,0,1,0,0,0,1,0,0,1,0,0
66.33,19.77,68.74,6.05,2.27,544.45,1,0,0.0,56.31333333333333,0.0,1.227856256,15.61,0.0,14,5,0,0,1,0,1,0,0,0,0,1,0,0,0,0,0,1
55.68,22.31,54.94,0.0,4.27,467.44,2,0,0.0,56.473333333333336,0.0,1.764826448,17.36,0.0,15,5,0,0,0,1,1,0,0,0,0,1,0,0,0,0,0,1
54.91,19.79,66.8,0.0,2.19,309.77,2,0,0.0,56.68333333333333,0.0,1.24295127,9.61,0.0,16,5,1,0,0,0,0,0,1,0,0,1,0,0,0,0,0,1
56.13,20.11,69.92,0.0,3.44,178.97,0,0,0.0,57.06,0.0,1.3157977739999998,15.61,0.0,17,5,0,0,1,0,0,1,0,0,0,0,0,1,0,0,1,0
55.39,19.15,70.56,0.0,3.15,87.95,2,0,0.0,56.37166666666667,0.0,1.1853085899999998,9.61,0.0,18,5,1,0,0,0,0,0,0,1,0,0,0,1,0,0,1,0
49.67,16.11,76.6,0.0,3.47,24.0,2,0,0.0,55.55166666666667,0.0,0.8325408499999999,9.61,0.0,19,5,1,0,0,0,0,0,1,0,0,0,1,0,0,1,0,0
50.98,16.86,75.43,0.0,1.18,47.07,0,0,0.0,57.76833333333334,0.0,0.8017326059999998,17.049999999999997,0.0,20,5,0,1,0,0,0,0,0,1,0,0,0,1,0,0,1,0
67.71,18.17,70.09,8.74,3.25,17.88,1,0,0.0,56.48333333333334,0.0,1.0858606910000002,25.79,0.0,21,5,0,1,0,0,1,0,0,0,0,1,0,0,0,0,0,1
53.71,14.69,65.5,0.0,2.8,2.7,2,0,0.0,55.995,0.0,0.7482777800000001,25.79,0.0,22,5,0,1,0,0,1,0,0,0,0,1,0,0,0,0,0,1
51.96,14.83,70.64,0.0,0.97,18.41,0,0,0.0,56.835,0.0,0.631330534,25.79,0.0,23,5,0,1,0,0,1,0,0,0,0,0,1,0,0,1,0,0
58.71,13.93,70.1,0.0,2.15,16.71,0,0,0.0,57.198333333333345,0.0,0.6125146800000001,15.61,0.0,0,6,0,0,1,0,1,0,0,0,0,0,0,1,0,0,1,0
48.38,12.95,73.25,0.0,5.15,30.2,2,0,0.0,53.401666666666664,0.0,0.6553281249999999,9.61,0.0,1,6,1,0,0,0,1,0,0,0,0,1,0,0,0,0,0,1
44.5,12.63,80.33,0.0,1.93,2.08,0,0,0.0,51.23499999999999,0.0,0.4182394330000001,9.61,0.0,2,6,1,0,0,0,0,0,0,1,1,0,0,0,1,0,0,0
62.99,13.31,77.78,0.0,1.96,0.0,0,0,0.0,57.86333333333334,0.0,0.4938311959999999,15.61,0.0,3,6,0,0,1,0,1,0,0,0,0,0,0,1,0,0,1,0
49.05,14.03,80.14,0.0,2.94,0.0,2,0,0.0,55.67499999999999,0.0,0.587425344,17.36,0.0,4,6,0,0,0,1,0,1,0,0,0,0,0,1,0,0,1,0
58.63,11.49,73.72,0.0,1.75,16.14,1,0,0.0,51.913333333333334,0.0,0.36491730600000005,0.0,0.0,5,6,1,0,0,0,0,0,1,0,1,0,0,0,1,0,0,0
56.15,14.72,84.38,0.0,2.57,0.0,1,0,0.0,55.49666666666667,0.0,0.5983684720000002,25.79,0.0,6,6,0,1,0,0,0,1,0,0,0,0,1,0,0,1,0,0
49.18,15.04,78.28,0.0,1.86,192.26,1,0,0.0,54.211666666666666,0.0,0.6377367839999999,8.03,0.0,7,6,0,0,0,1,0,0,1,0,0,0,1,0,0,1,0,0
52.42,15.76,73.78,0.0,2.88,371.85,1,0,0.0,51.498333333333335,0.0,0.7909898160000001,0.0,0.0,8,6,1,0,0,0,0,0,1,0,1,0,0,0,1,0,0,0
51.66,19.33,74.36,0.0,2.33,451.9,2,0,0.0,50.876666666666665,0.0,1.1322357059999997,0.0,0.0,9,6,1,0,0,0,0,0,0,1,0,0,1,0,0,1,0,0
60.83,17.25,67.07,3.33,4.74,605.31,0,0,0.0,52.73666666666667,0.0,1.0869239450000001,3.33,0.0,10,6,1,0,0,0,0,0,0,1,0,1,0,0,0,0,0,1
49.2,17.09,57.17,0.0,2.46,636.91,0,0,0.0,52.873333333333335,0.0,1.035649131,3.33,0.0,11,6,1,0,0,0,0,0,1,0,0,1,0,0,0,0,0,1
52.14,21.01,64.55,0.0,2.13,650.91,1,0,0.0,55.44166666666666,0.0,1.4057229650000003,25.79,0.0,12,6,0,1,0,0,1,0,0,0,0,0,1,0,0,1,0,0
52.82,18.08,76.37,0.0,3.64,630.4,0,0,0.0,54.26,0.0,1.0437981319999996,3.33,0.0,13,6,1,0,0,0,0,1,0,0,0,1,0,0,0,0,0,1
58.5,17.46,72.19,0.0,0.73,533.84,1,0,0.0,54.38999999999999,0.0,0.8670246180000003,8.03,0.0,14,6,0,0,0,1,0,0,1,0,1,0,0,0,1,0,0,0
50.92,21.58,67.38,0.0,4.43,426.07,2,0,0.0,57.355,0.0,1.5657993079999997,15.61,0.0,15,6,0,0,1,0,0,0,1,0,1,0,0,0,1,0,0,0
48.08,20.05,63.62,0.0,1.21,267.46,2,0,0.0,52.501666666666665,0.0,1.2521088400000002,3.33,0.0,16,6,1,0,0,0,0,0,1,0,0,1,0,0,0,0,0,1
50.22,19.89,56.0,0.0,3.83,142.57,0,0,0.0,55.315,0.0,1.43025723,25.79,0.0,17,6,0,1,0,0,0,0,0,1,0,0,1,0,0,1,0,0
60.31,17.69,81.42,3.08,4.15,74.88,0,0,0.0,59.23166666666666,0.0,0.9868745960000003,18.69,0.0,18,6,0,0,1,0,1,0,0,0,0,1,0,0,0,0,0,1
44.06,15.31,71.9,0.0,1.77,0.0,1,0,0.0,55.52,0.0,0.7068623600000001,14.45,0.0,19,6,0,0,1,0,0,0,0,1,0,0,0,1,0,0,1,0
58.89,14.57,70.94,0.0,1.88,0.0,1,0,0.0,55.34,0.0,0.650595676,8.03,0.0,20,6,0,0,0,1,0,1,0,0,1,0,0,0,1,0,0,0
54.98,14.91,68.97,1.11,2.27,0.0,2,0,0.0,53.19333333333333,0.0,0.716342029,26.9,0.0,21,6,0,1,0,0,0,1,0,0,0,0,1,0,0,1,0,0
55.04,12.44,84.43,0.0,3.15,0.0,1,0,0.0,55.33833333333334,0.0,0.4354993439999999,14.45,0.0,22,6,0,0,1,0,0,1,0,0,0,0,0,1,0,0,1,0
53.95,13.98,80.58,0.0,1.2,9.43,0,0,0.0,54.54500000000001,0.0,0.49286266800000006,14.45,0.0,23,6,0,0,1,0,1,0,0,0,0,1,0,0,0,0,0,1
49.5,12.23,69.04,0.0,2.27,0.0,2,0,0.0,53.46666666666667,0.0,0.481361494,8.03,0.0,0,7,0,0,0,1,0,0,1,0,0,1,0,0,0,0,0,1
55.93,12.81,83.51,4.73,2.02,0.0,0,0,0.0,53.508333333333326,0.0,0.4149269769999999,8.92,0.0,1,7,0,0,0,1,1,0,0,0,0,0,0,1,0,0,1,0
49.31,12.62,74.49,0.0,1.02,0.0,2,0,0.0,52.46,0.0,0.41279418599999995,22.049999999999997,0.0,2,7,0,1,0,0,0,1,0,0,1,0,0,0,1,0,0,0
45.26,13.11,70.84,0.0,1.15,0.0,0,0,0.0,51.343333333333334,0.0,0.48590641799999995,22.049999999999997,0.0,3,7,0,1,0,0,0,1,0,0,0,0,0,1,0,0,1,0
54.52,13.68,72.6,0.0,2.55,0.0,2,0,0.0,54.42000000000001,0.0,0.59233368,8.92,0.0,4,7,0,0,0,1,0,1,0,0,0,0,0,1,0,0,1,0
51.95,13.05,69.68,0.0,2.53,0.0,2,0,0.0,50.64333333333334,0.0,0.55804831,22.049999999999997,0.0,5,7,0,1,0,0,1,0,0,0,0,1,0,0,0,0,0,1
45.08,14.67,64.62,0.0,1.48,69.33,0,0,0.0,53.73666666666667,0.0,0.6869816479999998,8.92,0.0,6,7,0,0,0,1,1,0,0,0,0,0,1,0,0,1,0,0
53.47,15.71,78.46,2.12,2.5,167.25,2,0,0.0,52.958333333333336,0.0,0.7311020720000002,16.57,0.0,7,7,0,0,1,0,0,0,1,0,0,0,0,1,0,0,1,0
60.5,12.75,73.86,2.51,1.62,317.66,2,0,0.0,54.07,0.0,0.45790146,11.43,0.0,8,7,0,0,0,1,1,0,0,0,0,1,0,0,0,0,0,1
59.17,18.4,75.2,0.0,3.97,372.23,2,0,0.0,54.333333333333336,0.0,1.1043688,16.57,0.0,9,7,0,0,1,0,0,1,0,0,1,0,0,0,1,0,0,0
46.27,18.62,72.72,0.0,2.28,571.31,0,0,0.0,51.99333333333334,0.0,1.0645765680000001,16.57,0.0,10,7,0,0,1,0,0,0,1,0,0,0,0,1,0,0,1,0
63.48,20.07,73.39,0.0,3.72,558.72,1,0,0.0,54.345,0.0,1.294882831,3.33,0.0,11,7,1,0,0,0,1,0,0,0,0,1,0,0,0,0,0,1
47.86,17.93,56.94,0.0,0.37,669.31,1,0,0.0,49.93,0.0,1.024042244,22.049999999999997,0.0,12,7,0,1,0,0,0,0,1,0,0,0,1,0,0,1,0,0
44.12,19.78,63.71,0.0,2.79,632.84,1,0,0.0,53.08833333333334,0.0,1.298493506,3.33,0.0,13,7,1,0,0,0,0,1,0,0,0,1,0,0,0,0,0,1
61.42,18.75,74.58,0.0,3.12,590.84,2,0,0.0,53.18666666666667,0.0,1.1052619799999999,3.33,0.0,14,7,1,0,0,0,0,0,0,1,0,0,0,1,0,0,1,0
47.41,21.37,59.58,0.0,2.23,437.41,2,0,0.0,52.156666666666666,0.0,1.499982492,11.43,0.0,15,7,0,0,0,1,0,0,0,1,0,1,0,0,0,0,0,1
60.22,17.75,74.01,0.0,1.75,325.94,2,0,0.0,53.94333333333333,0.0,0.9336859849999999,11.43,0.0,16,7,0,0,0,1,1,0,0,0,0,0,0,1,0,0,1,0
49.26,17.83,61.6,0.0,2.22,191.88,2,0,0.0,53.196666666666665,0.0,1.06734483,3.33,0.0,17,7,1,0,0,0,0,0,1,0,0,0,1,0,0,1,0,0
51.1,19.19,70.36,0.0,3.29,0.0,0,0,0.0,53.166666666666664,0.0,1.1985258580000002,16.57,0.0,18,7,0,0,1,0,0,0,1,0,0,1,0,0,0,0,0,1
46.03,16.48,65.11,0.0,0.95,21.35,0,0,0.0,51.665,0.0,0.8334958360000001,16.57,0.0,19,7,0,0,1,0,0,0,0,1,0,0,1,0,0,1,0,0
58.93,15.0,79.02,0.0,3.24,19.75,0,0,0.0,52.495000000000005,0.0,0.6974731200000001,16.57,0.0,20,7,0,0,1,0,0,0,1,0,0,0,0,1,0,0,1,0
58.23,16.72,59.27,0.0,2.78,0.0,0,0,0.0,54.326666666666675,0.0,0.9959210279999999,11.43,0.0,21,7,0,0,0,1,1,0,0,0,0,0,0,1,0,0,1,0
49.21,15.81,78.89,0.0,2.09,55.25,2,0,0.0,51.785,0.0,0.716817063,16.57,0.0,22,7,0,0,1,0,1,0,0,0,0,1,0,0,0,0,0,1
52.12,14.65,86.64,0.0,2.14,18.04,1,0,0.0,50.24666666666667,0.0,0.5537651100000001,22.049999999999997,0.0,23,7,0,1,0,0,0,0,0,1,0,0,0,1,0,0,1,0
55.79,14.24,93.78,0.0,2.47,0.0,1,0,0.0,51.22166666666667,0.0,0.48179050399999995,16.57,0.0,0,8,0,0,1,0,0,1,0,0,0,1,0,0,0,0,0,1
51.78,12.22,79.15,0.93,4.39,34.6,2,0,0.0,49.71333333333333,0.0,0.51674303,22.979999999999997,0.0,1,8,0,1,0,0,0,0,1,0,0,1,0,0,0,0,0,1
59.27,12.13,66.35,0.0,2.82,0.0,0,0,0.0,51.373333333333335,0.0,0.519270305,22.979999999999997,0.0,2,8,0,1,0,0,0,1,0,0,0,0,1,0,0,1,0,0
51.91,11.6,79.36,0.0,1.27,27.92,1,0,0.0,52.48166666666666,0.0,0.31125968,22.979999999999997,0.0,3,8,0,1,0,0,0,0,1,0,0,0,0,1,0,0,1,0
70.13,13.22,86.19,11.28,1.88,10.34,1,0,0.0,56.928333333333335,0.0,0.42226294600000014,21.61,0.0,4,8,0,0,0,1,0,0,1,0,0,0,1,0,0,1,0,0
44.49,12.81,74.04,0.0,1.03,0.0,0,0,0.0,51.80833333333334,0.0,0.43209861799999993,3.33,0.0,5,8,1,0,0,0,0,0,1,0,0,0,0,1,0,0,1,0
45.92,13.79,81.87,0.0,0.13,21.17,0,0,0.0,51.44833333333333,0.0,0.4135971709999999,3.33,0.0,6,8,1,0,0,0,0,1,0,0,0,1,0,0,0,0,0,1
55.32,16.3,66.68,0.0,1.01,160.47,2,0,0.0,52.73,0.0,0.80593776,16.57,0.0,7,8,0,0,1,0,0,0,1,0,0,1,0,0,0,0,0,1
53.54,18.21,73.64,0.0,2.54,308.92,2,0,0.0,49.791666666666664,0.0,1.025298258,3.33,0.0,8,8,1,0,0,0,0,0,1,0,0,0,0,1,0,0,1,0
56.42,18.07,53.72,0.0,3.93,444.84,1,0,0.0,53.22666666666667,0.0,1.244097698,22.979999999999997,0.0,9,8,0,1,0,0,1,0,0,0,0,0,1,0,0,1,0,0
49.52,21.13,62.05,0.0,3.59,590.53,2,0,0.0,57.66833333333333,0.0,1.5158695749999997,21.61,0.0,10,8,0,0,0,1,0,1,0,0,0,0,1,0,0,1,0,0
44.11,18.21,70.99,0.0,1.01,595.61,0,0,0.0,49.79,0.0,0.9707463530000001,3.33,0.0,11,8,1,0,0,0,0,0,1,0,0,0,1,0,0,1,0,0
59.65,17.14,69.34,5.46,1.44,688.96,2,0,0.0,57.526666666666664,0.0,0.8921745719999998,27.07,0.0,12,8,0,0,0,1,1,0,0,0,0,0,1,0,0,1,0,0
62.47,21.37,59.4,0.0,1.27,574.66,1,0,0.0,55.66166666666667,0.0,1.45360413,22.979999999999997,0.0,13,8,0,1,0,0,1,0,0,0,0,1,0,0,0,0,0,1
47.45,19.28,66.68,0.0,0.0,573.27,0,0,0.0,52.12166666666667,0.0,1.075601808,11.25,0.0,14,8,0,0,1,0,0,0,0,1,0,0,0,1,0,0,1,0
52.07,19.89,72.0,0.0,2.2,486.65,2,0,0.0,48.23166666666666,0.0,1.2100580300000001,3.33,0.0,15,8,1,0,0,0,0,1,0,0,0,0,1,0,0,1,0,0
48.99,17.24,71.2,4.9,3.36,351.18,0,0,0.0,52.615,0.0,0.9835910399999997,16.15,0.0,16,8,0,0,1,0,0,0,1,0,1,0,0,0,1,0,0,0
49.63,17.91,71.69,0.0,2.1,174.68,1,0,0.0,51.065,0.0,0.9871905529999999,16.15,0.0,17,8,0,0,1,0,0,1,0,0,0,0,1,0,0,1,0,0
50.14,16.18,77.78,0.0,0.88,0.0,1,0,0.0,55.33166666666667,0.0,0.700649908,22.979999999999997,0.0,18,8,0,1,0,0,0,0,0,1,0,1,0,0,0,0,0,1
53.85,16.82,69.74,0.0,1.39,0.0,2,0,0.0,51.83833333333334,0.0,0.8534975960000001,16.15,0.0,19,8,0,0,1,0,0,1,0,0,0,1,0,0,0,0,0,1
50.59,15.84,82.44,0.0,2.01,0.0,0,0,0.0,55.13333333333333,0.0,0.688217712,10.780000000000001,0.0,20,8,0,1,0,0,0,0,0,1,0,0,0,1,0,0,1,0
44.57,15.53,66.25,0.0,3.32,0.0,2,0,0.0,49.968333333333334,0.0,0.8486483949999999,16.15,0.0,21,8,0,0,1,0,0,0,1,0,0,0,0,1,0,0,1,0
48.83,16.29,86.06,0.0,2.18,0.0,0,0,0.0,48.160000000000004,0.0,0.711479388,3.33,0.0,22,8,1,0,0,0,1,0,0,0,1,0,0,0,1,0,0,0
62.11,14.62,81.69,6.11,3.16,0.0,0,0,0.0,51.096666666666664,0.0,0.639025266,9.440000000000001,0.0,23,8,1,0,0,0,0,0,1,0,0,0,0,1,0,0,1,0
47.14,10.58,74.64,0.0,2.3,63.13,0,0,0.0,51.29999999999999,0.0,0.31839378399999996,9.440000000000001,0.0,0,9,1,0,0,0,1,0,0,0,0,0,0,1,0,0,1,0
55.81,13.53,72.75,4.42,2.68,0.0,0,0,0.0,50.050000000000004,0.0,0.584729045,20.57,0.0,1,9,0,0,1,0,1,0,0,0,0,0,0,1,0,0,1,0
64.69,12.65,76.93,4.21,1.27,39.39,2,0,0.0,60.40666666666666,0.0,0.410663495,31.28,0.0,2,9,0,0,0,1,1,0,0,0,0,0,0,1,0,0,1,0
54.03,12.47,79.81,2.82,1.58,0.0,0,0,0.0,54.26,0.0,0.39152866900000005,13.6,0.0,3,9,0,1,0,0,0,0,0,1,0,1,0,0,0,0,0,1
54.26,12.98,82.88,0.0,0.89,0.0,0,0,0.0,51.185,0.0,0.37666544799999996,14.52,0.0,4,9,0,0,1,0,1,0,0,0,0,0,0,1,0,0,1,0
51.16,13.96,65.05,0.0,3.12,0.0,1,0,0.0,54.135,0.0,0.7005728400000001,13.6,0.0,5,9,0,1,0,0,0,0,0,1,0,0,1,0,0,1,0,0
45.88,13.44,77.91,0.0,2.05,0.0,0,0,0.0,50.666666666666664,0.0,0.508391948,14.52,0.0,6,9,0,0,1,0,0,0,1,0,1,0,0,0,1,0,0,0
50.35,15.17,58.65,0.0,0.0,200.53,1,0,0.0,58.76166666666666,0.0,0.7056074549999999,28.189999999999998,0.0,7,9,0,0,0,1,1,0,0,0,0,1,0,0,0,0,0,1
53.45,18.26,69.75,0.0,2.98,345.59,2,0,0.0,51.303333333333335,0.0,1.08495533,14.52,0.0,8,9,0,0,1,0,0,1,0,0,0,0,0,1,0,0,1,0
60.67,16.46,82.61,0.0,3.57,451.48,2,0,0.0,59.16833333333333,0.0,0.8245648020000002,28.189999999999998,0.0,9,9,0,0,0,1,0,0,1,0,0,1,0,0,0,0,0,1
48.11,16.94,62.13,0.0,1.43,657.67,0,0,0.0,50.34666666666667,0.0,0.9286087540000001,14.52,0.0,10,9,0,0,1,0,0,0,1,0,0,1,0,0,0,0,0,1
51.53,19.22,59.03,0.0,2.98,627.27,1,0,0.0,50.964999999999996,0.0,1.2828892819999997,9.440000000000001,0.0,11,9,1,0,0,0,1,0,0,0,0,1,0,0,0,0,0,1
56.49,18.25,72.55,0.0,2.15,652.1,0,0,0.0,52.333333333333336,0.0,1.0191504249999999,14.52,0.0,12,9,0,0,1,0,0,1,0,0,0,0,0,1,0,0,1,0
58.23,17.76,81.1,0.0,0.0,603.85,0,0,0.0,52.73666666666667,0.0,0.7892542000000001,11.440000000000001,0.0,13,9,0,0,1,0,0,0,1,0,0,1,0,0,0,0,0,1
48.67,19.96,71.91,0.0,4.74,534.75,0,0,0.0,55.59166666666667,0.0,1.3459621120000003,28.189999999999998,0.0,14,9,0,0,0,1,1,0,0,0,0,0,0,1,0,0,1,0
51.12,22.52,54.25,0.0,2.16,440.96,0,0,0.0,55.85833333333333,0.0,1.69332192,28.189999999999998,0.0,15,9,0,0,0,1,0,0,0,1,0,1,0,0,0,0,0,1
57.44,19.89,57.91,0.0,2.64,354.81,2,0,0.0,53.26666666666667,0.0,1.3542000129999998,11.440000000000001,0.0,16,9,0,0,1,0,0,0,0,1,0,0,0,1,0,0,1,0
54.42,19.58,70.62,0.0,1.65,188.22,1,0,0.0,54.98666666666667,0.0,1.1587225319999996,28.189999999999998,0.0,17,9,0,0,0,1,0,1,0,0,0,1,0,0,0,0,0,1
57.02,15.29,65.12,0.0,2.05,45.17,0,0,0.0,55.123333333333335,0.0,0.770567246,11.440000000000001,0.0,18,9,0,0,1,0,1,0,0,0,0,0,0,1,0,0,1,0
57.69,18.17,72.02,0.0,2.59,0.0,0,0,0.0,53.22833333333333,0.0,1.0368936080000002,9.440000000000001,0.0,19,9,1,0,0,0,0,0,0,1,0,1,0,0,0,0,0,1
54.59,16.62,73.68,0.0,1.15,20.63,0,0,0.0,53.30333333333334,0.0,0.7899438320000001,28.189999999999998,0.0,20,9,0,0,0,1,0,0,0,1,0,0,0,1,0,0,1,0
52.52,14.45,70.61,0.0,4.43,10.69,0,0,0.0,54.968333333333334,0.0,0.769579075,11.440000000000001,0.0,21,9,0,0,1,0,0,0,0,1,0,0,0,1,0,0,1,0
48.44,14.75,86.5,0.0,3.41,15.2,2,0,0.0,52.623333333333335,0.0,0.6271764999999999,9.440000000000001,0.0,22,9,1,0,0,0,1,0,0,0,0,0,0,1,0,0,1,0
62.85,13.91,78.61,6.83,3.02,0.0,2,0,0.0,57.425000000000004,0.0,0.592171717,16.15,0.0,23,9,0,0,1,0,0,0,0,1,1,0,0,0,1,0,0,0
50.87,11.48,84.9,0.0,2.23,0.0,0,0,0.0,53.21,0.0,0.31285856,13.6,0.0,0,10,0,1,0,0,0,0,1,0,0,1,0,0,0,0,0,1
57.74,13.16,81.51,0.0,1.49,18.87,1,0,0.0,52.42166666666666,0.0,0.43118087200000005,13.6,0.0,1,10,0,1,0,0,1,0,0,0,0,0,1,0,0,1,0,0
52.61,14.33,73.09,0.0,3.64,30.55,2,0,0.0,56.778333333333336,0.0,0.7008448790000001,16.15,0.0,2,10,0,0,1,0,0,0,0,1,0,1,0,0,0,0,0,1
52.64,12.32,74.38,0.0,3.13,0.0,1,0,0.0,53.685,0.0,0.49470543200000006,28.189999999999998,0.0,3,10,0,0,0,1,0,1,0,0,0,0,0,1,0,0,1,0
46.73,11.76,74.11,0.0,1.92,21.32,1,0,0.0,51.85333333333333,0.0,0.391679812,13.6,0.0,4,10,0,1,0,0,0,0,1,0,0,0,0,1,0,0,1,0
57.71,13.43,79.62,0.0,1.1,41.98,0,0,0.0,56.69166666666666,0.0,0.4477609719999999,16.15,0.0,5,10,0,0,1,0,1,0,0,0,0,0,1,0,0,1,0,0
50.86,15.81,68.4,1.68,0.51,0.0,0,0,0.0,52.961666666666666,0.0,0.7189079099999999,11.120000000000001,0.0,6,10,1,0,0,0,0,0,1,0,1,0,0,0,1,0,0,0
50.23,13.65,86.75,0.0,2.43,117.87,2,0,0.0,51.79333333333333,0.0,0.48136662500000005,4.859999999999999,0.0,7,10,0,1,0,0,0,0,1,0,0,0,0,1,0,0,1,0
64.99,17.4,66.46,3.78,2.1,279.02,1,0,0.0,53.44166666666666,0.0,0.97564384,14.9,0.0,8,10,1,0,0,0,0,0,0,1,0,0,1,0,0,1,0,0
56.06,16.55,73.86,0.0,3.82,435.94,2,0,0.0,56.461666666666666,0.0,0.9150018200000001,16.15,0.0,9,10,0,0,1,0,0,1,0,0,0,0,0,1,0,0,1,0
47.36,18.89,68.88,0.0,3.59,547.31,2,0,0.0,51.46666666666667,0.0,1.192312774,28.189999999999998,0.0,10,10,0,0,0,1,0,1,0,0,1,0,0,0,1,0,0,0
46.2,18.51,67.64,0.0,2.45,626.59,1,0,0.0,53.285,0.0,1.1034436980000002,14.9,0.0,11,10,1,0,0,0,0,0,0,1,0,0,0,1,0,0,1,0
50.56,19.14,85.49,0.0,2.3,649.45,2,0,0.0,53.12333333333333,0.0,1.0148325420000002,14.9,0.0,12,10,1,0,0,0,0,0,1,0,0,1,0,0,0,0,0,1
48.68,22.68,64.38,0.0,1.02,618.32,0,0,0.0,50.901666666666664,0.0,1.563195168,4.859999999999999,0.0,13,10,0,1,0,0,1,0,0,0,0,0,0,1,0,0,1,0
44.21,18.42,68.73,0.0,3.67,586.69,2,0,0.0,54.326666666666675,0.0,1.145434382,16.15,0.0,14,10,0,0,1,0,0,0,0,1,0,1,0,0,0,0,0,1
47.77,21.12,64.05,0.0,2.33,432.99,2,0,0.0,51.31666666666666,0.0,1.4337279400000003,28.189999999999998,0.0,15,10,0,0,0,1,0,0,1,0,0,0,0,1,0,0,1,0
46.47,22.59,67.81,4.83,3.13,369.26,1,0,0.0,50.12,0.0,1.625108673,9.69,0.0,16,10,0,1,0,0,0,1,0,0,0,0,0,1,0,0,1,0
59.19,20.39,68.58,1.76,3.81,201.13,1,0,0.0,52.66166666666666,0.0,1.3791102839999998,29.95,0.0,17,10,0,0,0,1,0,0,1,0,0,0,0,1,0,0,1,0
55.7,16.53,64.54,0.0,1.72,30.34,1,0,0.0,54.85666666666666,0.0,0.8815908840000001,16.15,0.0,18,10,0,0,1,0,0,0,0,1,0,0,1,0,0,1,0,0
58.52,15.64,70.12,0.0,1.41,0.0,2,0,0.0,53.26166666666666,0.0,0.7340967359999999,14.9,0.0,19,10,1,0,0,0,0,0,1,0,0,0,0,1,0,0,1,0
53.23,15.4,77.55,0.0,5.36,0.0,1,0,0.0,54.059999999999995,0.0,0.8517722000000001,11.57,0.0,20,10,1,0,0,0,0,0,0,1,0,1,0,0,0,0,0,1
49.2,15.73,80.2,0.0,3.11,25.3,1,0,0.0,52.58166666666667,0.0,0.7500874900000001,16.15,0.0,21,10,0,0,1,0,0,0,1,0,0,0,0,1,0,0,1,0
56.55,14.87,73.87,0.0,2.07,0.0,1,0,0.0,53.23833333333334,0.0,0.6657801029999999,16.15,0.0,22,10,0,0,1,0,0,1,0,0,1,0,0,0,1,0,0,0
47.91,11.79,76.58,0.0,3.89,0.0,2,0,0.0,53.568333333333335,0.0,0.47571152399999994,11.57,0.0,23,10,1,0,0,0,0,1,0,0,0,0,0,1,0,0,1,0
52.8,11.81,73.63,4.46,2.03,0.0,0,0,0.0,50.44166666666666,0.0,0.40435404100000005,14.149999999999999,0.0,0,11,0,1,0,0,0,0,0,1,0,1,0,0,0,0,0,1
50.65,11.5,72.88,0.0,2.79,0.0,2,0,0.0,51.178333333333335,0.0,0.4233466800000001,11.57,0.0,1,11,1,0,0,0,1,0,0,0,0,0,0,1,0,0,1,0
53.43,12.31,69.32,0.0,1.72,0.0,1,0,0.0,49.72333333333333,0.0,0.45844263400000007,14.149999999999999,0.0,2,11,0,1,0,0,0,0,0,1,0,0,1,0,0,1,0,0
47.3,15.69,62.15,0.0,2.38,100.46,1,0,0.0,51.36166666666667,0.0,0.848830825,11.57,0.0,3,11,1,0,0,0,0,1,0,0,0,0,1,0,0,1,0,0
46.1,11.72,71.31,0.0,2.07,0.0,1,0,0.0,50.61833333333334,0.0,0.41507474400000005,11.57,0.0,4,11,1,0,0,0,0,0,1,0,0,0,1,0,0,1,0,0
49.24,12.29,82.1,0.0,1.5,0.0,2,0,0.0,50.14166666666666,0.0,0.35736456000000005,14.149999999999999,0.0,5,11,0,1,0,0,0,1,0,0,0,1,0,0,0,0,0,1
53.37,12.88,72.33,0.0,2.69,20.86,1,0,0.0,52.48666666666667,0.0,0.5329749080000001,29.95,0.0,6,11,0,0,0,1,0,0,0,1,0,1,0,0,0,0,0,1
59.95,16.5,69.98,5.21,1.63,144.38,0,0,0.0,53.61166666666667,0.0,0.8311127799999998,21.36,0.0,7,11,0,0,1,0,0,0,0,1,0,1,0,0,0,0,0,1
64.46,16.52,69.83,0.0,3.09,312.69,2,0,0.0,54.13166666666666,0.0,0.907312632,29.95,0.0,8,11,0,0,0,1,0,0,1,0,0,0,0,1,0,0,1,0
50.58,16.27,81.3,0.0,2.03,473.45,1,0,0.0,50.199999999999996,0.0,0.7393585400000001,13.04,0.0,9,11,0,1,0,0,0,0,0,1,0,0,1,0,0,1,0,0
57.34,18.04,64.67,1.3,0.34,599.05,2,0,0.0,51.64333333333334,0.0,0.9709855359999999,14.34,0.0,10,11,0,1,0,0,0,0,0,1,0,0,1,0,0,1,0,0
43.99,18.22,72.96,0.0,3.15,618.28,1,0,0.0,51.6,0.0,1.0625097039999998,21.36,0.0,11,11,0,0,1,0,0,1,0,0,0,0,0,1,0,0,1,0
54.15,20.49,68.73,0.0,3.17,682.27,2,0,0.0,52.92333333333334,0.0,1.3577083389999998,14.34,0.0,12,11,0,1,0,0,1,0,0,0,0,0,1,0,0,1,0,0
48.61,24.47,66.5,0.0,5.1,568.44,1,0,0.0,52.333333333333336,0.0,1.9874782199999999,16.46,0.0,13,11,0,0,1,0,0,0,0,1,0,0,1,0,0,1,0,0
51.14,21.41,70.19,0.0,2.42,541.71,1,0,0.0,49.38833333333333,0.0,1.418823553,11.57,0.0,14,11,1,0,0,0,1,0,0,0,0,0,0,1,0,0,1,0
77.9,20.3,69.76,10.16,2.62,476.94,2,0,0.0,57.10666666666666,0.0,1.29858212,24.5,0.0,15,11,0,1,0,0,0,1,0,0,0,0,1,0,0,1,0,0
49.3,19.05,75.91,0.0,2.97,394.06,2,0,0.0,48.73333333333333,0.0,1.119707545,11.57,0.0,16,11,1,0,0,0,1,0,0,0,0,0,0,1,0,0,1,0
53.14,17.39,71.48,4.74,3.62,134.44,0,0,0.0,57.05833333333334,0.0,1.009956754,29.240000000000002,0.0,17,11,0,1,0,0,0,1,0,0,1,0,0,0,1,0,0,0
53.2,19.68,82.07,4.35,3.55,0.0,2,0,0.0,57.718333333333334,0.0,1.1665184920000002,33.59,0.0,18,11,0,1,0,0,0,1,0,0,0,0,0,1,0,0,1,0
51.98,18.63,71.0,0.0,2.78,11.95,0,0,0.0,49.41166666666667,0.0,1.10508717,11.57,0.0,19,11,1,0,0,0,0,0,1,0,0,1,0,0,0,0,0,1
51.69,15.88,60.97,0.0,2.36,1.86,2,0,0.0,53.97333333333333,0.0,0.875830312,29.95,0.0,20,11,0,0,0,1,0,1,0,0,0,0,0,1,0,0,1,0
51.47,17.36,76.18,0.0,3.41,0.0,1,0,0.0,57.866666666666674,0.0,0.9583160559999999,32.66,0.0,21,11,0,1,0,0,1,0,0,0,0,0,1,0,0,1,0,0
44.64,14.61,76.66,0.0,2.31,0.0,1,0,0.0,50.49,0.0,0.633126592,16.46,0.0,22,11,0,0,1,0,0,0,0,1,0,0,0,1,0,0,1,0
61.19,14.91,73.9,0.0,0.85,0.0,0,0,0.0,56.27833333333333,0.0,0.6082521599999999,25.22,0.0,23,11,0,0,0,1,0,0,1,0,0,0,0,1,0,0,1,0
58.36,13.61,72.89,0.0,0.6,18.24,0,0,0.0,58.04333333333333,0.0,0.486648003,25.22,0.0,0,12,0,0,0,1,0,0,0,1,0,1,0,0,0,0,0,1
58.1,12.5,60.8,3.57,2.05,0.0,0,0,0.0,50.653333333333336,0.0,0.5499098,15.14,0.0,1,12,1,0,0,0,1,0,0,0,1,0,0,0,1,0,0,0
43.4,11.2,63.01,0.0,2.54,40.99,0,0,0.0,49.52333333333333,0.0,0.4537632999999999,16.46,0.0,2,12,0,0,1,0,0,0,1,0,0,1,0,0,0,0,0,1
58.92,12.55,87.09,0.0,5.37,0.0,2,0,0.0,49.91833333333333,0.0,0.5366210050000001,16.46,0.0,3,12,0,0,1,0,0,1,0,0,0,0,0,1,0,0,1,0
56.66,14.43,69.96,0.0,2.26,21.05,1,0,0.0,52.21333333333333,0.0,0.6640749860000001,15.14,0.0,4,12,1,0,0,0,1,0,0,0,0,0,1,0,0,1,0,0
51.48,13.04,81.93,0.0,2.46,9.75,1,0,0.0,53.10999999999999,0.0,0.4668074039999998,15.14,0.0,5,12,1,0,0,0,1,0,0,0,0,1,0,0,0,0,0,1
56.94,15.29,62.15,0.0,1.91,0.0,2,0,0.0,49.416666666666664,0.0,0.786171025,12.04,0.0,6,12,0,0,1,0,0,0,0,1,1,0,0,0,1,0,0,0
48.46,13.97,67.09,0.0,3.14,197.39,2,0,0.0,56.38666666666666,0.0,0.6875685310000001,32.66,0.0,7,12,0,1,0,0,0,1,0,0,1,0,0,0,1,0,0,0
46.12,17.8,76.11,0.0,2.74,282.4,1,0,0.0,55.04833333333334,0.0,0.97127532,32.66,0.0,8,12,0,1,0,0,1,0,0,0,1,0,0,0,1,0,0,0
51.69,18.14,70.37,0.0,1.63,440.24,2,0,0.0,56.79333333333333,0.0,0.999296186,25.22,0.0,9,12,0,0,0,1,0,0,0,1,0,0,1,0,0,1,0,0
43.13,16.83,75.9,0.0,1.19,548.43,0,0,0.0,49.27333333333333,0.0,0.7954567599999998,12.04,0.0,10,12,0,0,1,0,0,1,0,0,0,1,0,0,0,0,0,1
45.32,19.12,70.2,0.0,1.92,641.21,1,0,0.0,48.725,0.0,1.1234836000000004,12.04,0.0,11,12,0,0,1,0,0,0,1,0,0,0,0,1,0,0,1,0
53.58,21.49,66.95,0.0,1.39,672.08,1,0,0.0,50.215,0.0,1.4064797649999998,12.04,0.0,12,12,0,0,1,0,0,1,0,0,0,0,0,1,0,0,1,0
52.04,18.61,65.95,0.0,2.12,599.32,0,0,0.0,56.571666666666665,0.0,1.1121721449999997,22.71,0.0,13,12,0,0,0,1,0,0,1,0,0,0,1,0,0,1,0,0
43.92,19.03,62.02,0.0,2.57,529.45,1,0,0.0,49.385,0.0,1.215147052,32.66,0.0,14,12,0,1,0,0,0,0,0,1,0,0,0,1,0,0,1,0
48.77,20.39,79.11,0.0,1.8,462.37,0,0,0.0,48.656666666666666,0.0,1.186117923,32.66,0.0,15,12,0,1,0,0,0,0,0,1,0,1,0,0,0,0,0,1
44.11,23.3,77.93,0.0,4.15,271.18,1,0,0.0,50.333333333333336,0.0,1.67337671,12.04,0.0,16,12,0,0,1,0,0,0,0,1,0,1,0,0,0,0,0,1
48.34,18.45,63.57,0.0,3.79,203.51,1,0,0.0,48.57,0.0,1.197753875,12.04,0.0,17,12,0,0,1,0,0,0,0,1,0,0,0,1,0,0,1,0
47.78,19.38,62.37,0.0,2.12,0.0,0,0,0.0,52.54999999999999,0.0,1.2299105019999999,15.14,0.0,18,12,1,0,0,0,0,1,0,0,0,1,0,0,0,0,0,1
55.72,18.06,68.72,0.0,1.24,0.0,1,0,0.0,48.36666666666667,0.0,0.9847638639999998,12.04,0.0,19,12,0,0,1,0,0,0,1,0,0,0,0,1,0,0,1,0
49.96,15.75,75.38,0.0,2.36,0.0,0,0,0.0,49.504999999999995,0.0,0.75167898,12.04,0.0,20,12,0,0,1,0,0,0,0,1,0,0,0,1,0,0,1,0
49.51,15.84,71.66,0.0,2.24,10.96,1,0,0.0,54.080000000000005,0.0,0.7831247279999999,22.71,0.0,21,12,0,0,0,1,0,1,0,0,0,0,1,0,0,1,0,0
48.75,13.96,77.93,0.0,2.32,10.01,2,0,0.0,47.915,0.0,0.566487016,32.66,0.0,22,12,0,1,0,0,0,1,0,0,0,1,0,0,0,0,0,1
42.09,13.27,74.64,0.0,1.92,0.0,3,1,5.09,51.348333333333336,0.0,0.510902566,15.14,0.0,23,12,1,0,0,0,0,0,1,0,0,0,1,0,0,1,0,0
50.19,10.73,76.21,0.0,1.14,0.0,1,0,0.0,51.050000000000004,0.0,0.26100947100000005,15.14,5.09,0,13,1,0,0,0,1,0,0,0,0,1,0,0,0,0,0,1
62.37,12.79,92.26,5.16,2.44,0.0,0,0,0.0,52.346666666666664,0.0,0.3727523479999999,17.2,0.0,1,13,0,0,1,0,0,0,1,0,0,0,0,1,0,0,1,0
51.81,14.04,70.7,0.0,1.98,0.0,2,0,0.0,54.1,0.0,0.6094270399999998,22.71,0.0,2,13,0,0,0,1,1,0,0,0,0,1,0,0,0,0,0,1
54.1,12.91,86.75,0.0,2.09,51.64,1,0,0.0,52.43333333333334,0.0,0.40363075499999995,17.2,0.0,3,13,0,0,1,0,0,0,0,1,0,1,0,0,0,0,0,1
68.74,14.86,83.84,8.01,2.51,74.57,0,0,0.0,55.35833333333333,0.0,0.6119641679999999,30.72,0.0,4,13,0,0,0,1,0,1,0,0,0,0,0,1,0,0,1,0
61.6,14.73,77.35,0.0,2.32,0.0,0,0,0.0,55.348333333333336,0.0,0.639358905,10.370000000000001,0.0,5,13,0,0,1,0,1,0,0,0,0,0,0,1,0,0,1,0
44.95,14.6,60.44,0.0,2.49,15.11,2,0,0.0,48.85833333333333,0.0,0.7620931200000001,9.030000000000001,5.09,6,13,1,0,0,0,1,0,0,0,0,1,0,0,0,0,0,1
51.75,14.71,74.05,0.0,1.92,181.96,1,0,0.0,48.04,0.0,0.6422167650000001,9.030000000000001,5.09,7,13,1,0,0,0,0,1,0,0,0,1,0,0,0,0,0,1
52.29,15.96,69.23,0.0,2.83,264.76,0,0,0.0,54.346666666666664,0.0,0.8432049760000002,19.439999999999998,0.0,8,13,0,0,0,1,0,1,0,0,0,0,0,1,0,0,1,0
48.95,15.52,73.33,0.0,1.54,419.37,1,0,0.0,55.449999999999996,0.0,0.7044189319999998,10.370000000000001,0.0,9,13,0,0,1,0,0,0,1,0,0,0,1,0,0,1,0,0
47.37,18.29,63.53,0.0,1.09,481.87,0,0,0.0,54.05833333333334,0.0,1.0453545590000002,10.370000000000001,0.0,10,13,0,0,1,0,0,1,0,0,0,0,0,1,0,0,1,0
53.01,19.73,75.11,0.0,1.33,643.57,2,0,0.0,48.17166666666666,0.0,1.1212318610000003,32.66,0.0,11,13,0,1,0,0,0,1,0,0,0,0,0,1,0,0,1,0
52.51,22.72,74.32,0.0,1.59,718.09,0,0,0.0,54.48333333333333,0.0,1.5042804479999998,10.370000000000001,0.0,12,13,0,0,1,0,1,0,0,0,0,0,0,1,0,0,1,0
45.22,21.34,76.72,0.0,0.85,665.16,2,0,0.0,53.26833333333334,0.0,1.272920696,19.439999999999998,0.0,13,13,0,0,0,1,0,0,1,0,0,0,1,0,0,1,0,0
41.48,19.39,67.41,0.0,0.37,564.47,3,1,10.3,47.00833333333333,0.0,1.1004575129999998,29.84,0.0,14,13,0,1,0,0,0,0,0,1,0,0,0,1,0,0,1,0
48.0,18.39,63.47,0.0,3.0,456.24,2,0,0.0,52.595,0.0,1.152423191,13.979999999999999,0.0,15,13,0,0,0,1,0,1,0,0,0,1,0,0,0,0,0,1
47.07,19.84,72.19,0.0,3.93,312.67,0,0,0.0,47.305,0.0,1.289125212,9.030000000000001,5.09,16,13,1,0,0,0,0,0,0,1,0,0,0,1,0,0,1,0
53.44,20.73,81.31,0.0,3.07,205.32,2,0,0.0,48.22833333333333,0.0,1.270010781,29.84,10.3,17,13,0,1,0,0,0,0,0,1,0,1,0,0,0,0,0,1
45.79,18.36,71.4,0.0,1.82,7.55,1,0,0.0,51.720000000000006,0.0,1.0241449599999999,10.370000000000001,0.0,18,13,0,0,1,0,0,0,1,0,0,0,1,0,0,1,0,0
49.51,18.54,73.94,0.0,0.34,2.19,0,0,0.0,47.593333333333334,0.0,0.9486049719999999,9.030000000000001,5.09,19,13,1,0,0,0,0,1,0,0,0,0,0,1,0,0,1,0
41.85,16.42,70.82,0.0,2.63,0.0,2,1,7.99,49.678333333333335,0.0,0.8664566280000001,10.370000000000001,0.0,20,13,0,0,1,0,0,0,0,1,0,0,1,0,0,1,0,0
42.61,16.73,68.69,0.0,0.47,21.04,2,0,0.0,48.01,0.0,0.806650759,29.84,10.3,21,13,0,1,0,0,0,0,0,1,1,0,0,0,1,0,0,0
46.5,12.29,80.38,0.0,2.3,0.0,0,0,0.0,48.328333333333326,0.0,0.40926816399999993,9.030000000000001,5.09,22,13,1,0,0,0,0,0,0,1,0,0,0,1,0,0,1,0
49.08,16.26,71.85,0.0,1.44,13.89,1,0,0.0,48.14333333333334,0.0,0.7829173500000002,7.35,5.09,23,13,1,0,0,0,1,0,0,0,0,1,0,0,0,0,0,1
46.22,11.61,79.14,0.0,0.0,34.97,0,0,0.0,47.585,0.0,0.25000852799999995,29.84,10.3,0,14,0,1,0,0,0,1,0,0,0,1,0,0,0,0,0,1
51.02,14.07,77.9,0.0,4.18,0.0,2,0,0.0,47.915,0.0,0.6693302799999999,10.370000000000001,7.99,1,14,0,0,1,0,0,0,0,1,0,0,0,1,0,0,1,0
41.78,12.34,78.16,0.0,0.89,0.0,4,1,7.24,46.423333333333325,0.0,0.35811272799999994,29.84,10.3,2,14,0,1,0,0,0,0,0,1,0,1,0,0,0,0,0,1
49.2,12.71,79.34,0.0,1.97,0.0,0,0,0.0,48.85166666666667,0.0,0.43364624800000007,3.57,5.09,3,14,1,0,0,0,0,1,0,0,0,0,0,1,0,0,1,0
49.24,12.92,69.29,0.0,2.25,0.0,1,0,0.0,48.43333333333334,0.0,0.535800096,3.57,5.09,4,14,1,0,0,0,0,0,1,0,0,1,0,0,0,0,0,1
43.01,14.3,67.76,0.0,1.84,0.0,0,0,0.0,47.75666666666667,0.0,0.64749692,3.57,5.09,5,14,1,0,0,0,0,1,0,0,0,1,0,0,0,0,0,1
51.37,15.43,72.96,0.0,2.96,0.0,0,0,0.0,52.904999999999994,0.0,0.7696734860000002,9.77,0.0,6,14,0,0,0,1,0,0,1,0,0,0,1,0,0,1,0,0
39.37,17.3,71.63,0.0,1.51,129.79,3,1,9.32,50.831666666666656,0.0,0.89386001,9.77,0.0,7,14,0,0,0,1,1,0,0,0,0,0,0,1,0,0,1,0
46.77,18.86,66.86,0.0,2.86,353.87,2,0,0.0,47.55166666666667,0.0,1.1694873319999999,10.370000000000001,7.99,8,14,0,0,1,0,0,0,1,0,0,1,0,0,0,0,0,1
54.12,18.28,72.67,0.0,2.78,472.83,0,0,0.0,46.60833333333333,0.0,1.052902792,29.84,17.54,9,14,0,1,0,0,0,1,0,0,0,1,0,0,0,0,0,1
46.62,21.31,74.91,4.21,0.75,573.7,1,0,0.0,47.275,0.0,1.280560507,7.779999999999999,5.09,10,14,1,0,0,0,0,0,0,1,0,0,0,1,0,0,1,0
53.51,19.71,78.14,0.0,2.68,560.41,1,0,0.0,48.29333333333333,0.0,1.1603036080000004,9.77,9.32,11,14,0,0,0,1,1,0,0,0,0,0,0,1,0,0,1,0
44.31,21.82,78.03,0.0,1.14,718.21,0,0,0.0,46.96333333333333,0.0,1.334313142,9.77,9.32,12,14,0,0,0,1,1,0,0,0,0,0,1,0,0,1,0,0
47.17,21.25,59.4,0.0,1.0,613.55,0,0,0.0,47.55666666666667,0.0,1.42506765,29.84,17.54,13,14,0,1,0,0,0,1,0,0,0,0,0,1,0,0,1,0
57.14,19.92,61.52,0.0,2.75,623.98,2,0,0.0,48.17333333333334,0.0,1.331956608,25.009999999999998,17.54,14,14,0,1,0,0,0,0,1,0,0,0,1,0,0,1,0,0
46.96,20.88,66.87,0.0,1.91,485.84,0,0,0.0,48.89833333333333,0.0,1.3581660519999998,20.55,17.54,15,14,0,1,0,0,0,0,0,1,0,0,0,1,0,0,1,0
58.15,20.96,69.39,0.0,2.85,316.89,1,0,0.0,50.88666666666666,0.0,1.3924441080000003,20.55,17.54,16,14,0,1,0,0,1,0,0,0,0,0,1,0,0,1,0,0
48.54,19.52,68.31,0.0,2.86,239.74,2,0,0.0,47.615,0.0,1.232173004,7.78,5.09,17,14,1,0,0,0,0,1,0,0,0,0,0,1,0,0,1,0
49.63,19.36,66.24,0.0,0.69,19.86,1,0,0.0,47.70666666666667,0.0,1.123020448,7.78,5.09,18,14,1,0,0,0,0,0,0,1,0,0,1,0,0,1,0,0
54.25,19.08,68.21,0.0,3.29,0.0,1,0,0.0,48.69833333333333,0.0,1.2043574159999997,5.16,7.99,19,14,0,0,1,0,0,0,1,0,0,1,0,0,0,0,0,1
52.74,16.71,75.62,0.0,2.74,0.0,1,0,0.0,48.73666666666667,0.0,0.8631042040000001,5.16,7.99,20,14,0,0,1,0,0,0,1,0,1,0,0,0,1,0,0,0
50.78,11.29,67.26,0.0,1.7,36.12,1,0,0.0,47.89000000000001,0.0,0.3903635479999999,9.77,9.32,21,14,0,0,0,1,1,0,0,0,0,1,0,0,0,0,0,1
47.67,17.26,88.19,0.0,2.24,0.0,0,0,0.0,49.050000000000004,0.0,0.7926653580000002,5.16,7.99,22,14,0,0,1,0,0,1,0,0,0,1,0,0,0,0,0,1
42.22,13.47,74.97,0.0,3.32,0.0,0,0,0.0,46.92666666666667,0.0,0.5955841330000001,9.77,9.32,23,14,0,0,0,1,0,1,0,0,0,0,0,1,0,0,1,0
42.45,12.1,83.27,0.0,2.02,0.0,1,0,0.0,45.44,0.0,0.36046921,9.77,9.32,0,15,0,0,0,1,0,1,0,0,0,0,0,1,0,0,1,0
83.69,11.25,72.54,15.1,4.94,0.0,0,0,0.0,56.02333333333333,0.0,0.51399274,20.259999999999998,7.99,1,15,0,0,1,0,0,0,0,1,0,1,0,0,0,0,0,1
60.35,12.3,79.78,1.07,4.19,0.0,1,0,0.0,53.981666666666676,0.0,0.5087120600000001,21.62,17.54,2,15,0,1,0,0,0,0,1,0,0,1,0,0,0,0,0,1
50.56,12.1,76.62,0.0,2.54,62.04,1,0,0.0,47.305,0.0,0.4322012599999999,9.77,9.32,3,15,0,0,0,1,0,0,0,1,0,0,0,1,0,0,1,0
41.03,12.23,81.81,0.0,2.13,35.27,2,0,0.0,46.345,0.0,0.386160381,7.78,5.09,4,15,1,0,0,0,0,1,0,0,0,0,1,0,0,1,0,0
46.02,12.95,73.85,0.0,2.18,8.24,0,0,0.0,55.190000000000005,0.0,0.502584625,20.259999999999998,7.99,5,15,0,0,1,0,0,0,1,0,0,0,0,1,0,0,1,0
45.76,15.6,83.98,0.0,1.68,0.0,0,0,0.0,45.76499999999999,0.0,0.63725764,7.78,5.09,6,15,1,0,0,0,0,0,1,0,1,0,0,0,1,0,0,0
47.08,18.81,60.11,0.0,2.55,148.93,0,0,0.0,46.44333333333333,0.0,1.2052141969999999,7.78,5.09,7,15,1,0,0,0,0,0,0,1,0,1,0,0,0,0,0,1
45.42,18.03,77.82,0.0,3.23,312.17,2,0,0.0,45.95666666666667,0.0,1.006027432,9.77,9.32,8,15,0,0,0,1,0,0,0,1,1,0,0,0,1,0,0,0
52.43,19.52,70.81,0.0,0.78,522.23,1,0,0.0,56.13333333333333,0.0,1.1067140039999999,20.259999999999998,7.99,9,15,0,0,1,0,0,1,0,0,0,0,0,1,0,0,1,0
59.58,18.24,63.88,4.74,3.17,573.1,0,0,0.0,48.501666666666665,0.0,1.1409359839999997,14.51,9.32,10,15,0,0,0,1,0,0,0,1,0,1,0,0,0,0,0,1
57.7,19.79,83.43,0.0,3.52,654.02,0,0,0.0,49.655,0.0,1.165673279,12.75,9.32,11,15,0,0,0,1,0,0,0,1,0,0,0,1,0,0,1,0
47.83,20.91,81.82,0.0,3.09,656.99,2,0,0.0,52.93333333333334,0.0,1.2877120240000002,21.62,17.54,12,15,0,1,0,0,0,1,0,0,0,0,0,1,0,0,1,0
50.77,19.68,55.34,0.0,2.24,596.85,2,0,0.0,53.53333333333333,0.0,1.3314417840000001,20.32,17.54,13,15,0,1,0,0,0,0,1,0,0,1,0,0,0,0,0,1
53.46,20.16,70.71,0.0,3.04,566.51,0,0,0.0,47.583333333333336,0.0,1.2947744120000002,7.78,5.09,14,15,1,0,0,0,0,0,1,0,0,1,0,0,0,0,0,1
54.84,21.95,72.98,0.0,3.96,421.97,1,0,0.0,53.150000000000006,0.0,1.5375590999999997,20.32,17.54,15,15,0,1,0,0,0,0,1,0,0,0,1,0,0,1,0,0
43.55,21.9,71.17,0.0,2.33,366.84,2,0,0.0,54.35,0.0,1.46633573,20.259999999999998,7.99,16,15,0,0,1,0,1,0,0,0,0,1,0,0,0,0,0,1
51.73,19.73,80.42,0.0,2.43,142.03,0,0,0.0,54.181666666666665,0.0,1.1303964720000002,20.259999999999998,7.99,17,15,0,0,1,0,0,0,1,0,0,1,0,0,0,0,0,1
50.42,17.01,81.15,0.0,4.96,0.0,0,0,0.0,51.02166666666667,0.0,0.9601603850000002,12.75,9.32,18,15,0,0,0,1,0,1,0,0,0,0,0,1,0,0,1,0
51.19,17.39,73.54,0.0,2.77,28.46,1,0,0.0,52.47833333333333,0.0,0.9507837319999999,12.75,9.32,19,15,0,0,0,1,1,0,0,0,0,0,1,0,0,1,0,0
49.96,14.64,89.83,0.0,1.19,0.0,0,0,0.0,53.65,0.0,0.48158008399999996,10.16,17.54,20,15,0,1,0,0,0,1,0,0,0,0,0,1,0,0,1,0
58.21,15.88,79.45,0.0,3.45,0.0,1,0,0.0,53.75333333333334,0.0,0.78717684,12.75,9.32,21,15,0,0,0,1,0,0,1,0,0,0,0,1,0,0,1,0
45.18,15.19,70.99,0.0,2.88,0.0,2,0,0.0,51.48833333333334,0.0,0.7579208070000001,5.42,17.54,22,15,0,1,0,0,0,1,0,0,0,0,1,0,0,1,0,0
44.86,13.57,70.88,0.0,1.61,0.0,1,0,0.0,46.97,0.0,0.5481827820000001,7.78,5.09,23,15,1,0,0,0,0,0,1,0,0,1,0,0,0,0,0,1
62.29,13.76,83.29,9.33,1.08,20.8,2,0,0.0,56.565,0.0,0.4482254279999999,22.08,9.32,0,16,0,0,0,1,0,0,1,0,0,1,0,0,0,0,0,1
60.82,13.63,69.15,7.05,2.69,0.0,2,0,0.0,56.77166666666667,0.0,0.6199206349999999,29.13,9.32,1,16,0,0,0,1,0,0,1,0,1,0,0,0,1,0,0,0
65.85,13.25,72.13,8.23,2.33,19.57,2,0,0.0,52.405,0.0,0.5476323550000001,9.3,17.54,2,16,0,1,0,0,0,0,1,0,0,0,0,1,0,0,1,0
57.61,11.2,74.96,5.74,0.91,0.0,1,0,0.0,56.75666666666666,0.0,0.29255679999999995,34.87,9.32,3,16,0,0,0,1,0,0,0,1,0,1,0,0,0,0,0,1
54.57,13.02,77.67,0.0,2.29,38.07,0,0,0.0,53.528333333333336,0.0,0.48686415799999994,9.3,17.54,4,16,0,1,0,0,0,0,1,0,0,1,0,0,0,0,0,1
49.51,14.65,72.53,0.0,2.22,0.0,0,0,0.0,46.949999999999996,0.0,0.6630750950000001,7.78,5.09,5,16,1,0,0,0,0,0,0,1,0,1,0,0,0,0,0,1
49.03,17.23,62.6,0.0,2.33,0.0,2,0,0.0,54.40833333333333,0.0,1.00034193,20.259999999999998,7.99,6,16,0,0,1,0,0,0,1,0,1,0,0,0,1,0,0,0
42.84,15.42,81.4,0.0,2.99,116.79,1,0,0.0,47.6,0.0,0.7057356800000001,20.259999999999998,7.99,7,16,0,0,1,0,0,1,0,0,0,0,0,1,0,0,1,0
58.59,17.69,68.62,0.0,0.29,321.78,1,0,0.0,54.83166666666667,0.0,0.8983571560000001,9.3,17.54,8,16,0,1,0,0,1,0,0,0,0,1,0,0,0,0,0,1
49.23,19.22,84.37,0.0,1.07,444.87,2,0,0.0,56.55833333333334,0.0,0.9716293179999996,34.87,9.32,9,16,0,0,0,1,0,0,0,1,0,1,0,0,0,0,0,1
57.64,18.57,72.87,0.0,1.82,596.52,0,0,0.0,49.53666666666666,0.0,1.034834233,20.259999999999998,7.99,10,16,0,0,1,0,0,1,0,0,1,0,0,0,1,0,0,0
46.32,21.42,77.34,0.0,3.99,605.99,0,0,0.0,47.83166666666667,0.0,1.4340593160000001,4.210000000000001,5.09,11,16,1,0,0,0,0,0,1,0,1,0,0,0,1,0,0,0
53.57,22.13,72.31,0.0,5.24,635.17,1,0,0.0,49.72666666666667,0.0,1.630309261,20.259999999999998,7.99,12,16,0,0,1,0,0,0,0,1,0,0,0,1,0,0,1,0
46.59,22.8,76.57,0.0,2.41,604.22,2,0,0.0,50.23333333333333,0.0,1.5345533400000002,20.259999999999998,7.99,13,16,0,0,1,0,0,0,0,1,1,0,0,0,1,0,0,0
58.49,21.55,72.35,0.0,2.45,563.87,1,0,0.0,57.775000000000006,0.0,1.4180790750000003,34.87,9.32,14,16,0,0,0,1,0,0,0,1,0,1,0,0,0,0,0,1
54.82,24.27,67.83,0.0,0.0,529.22,0,0,0.0,54.82833333333334,0.0,1.6920596070000002,9.3,17.54,15,16,0,1,0,0,0,0,0,1,0,0,0,1,0,0,1,0
55.57,19.41,77.73,1.09,3.49,202.58,1,0,0.0,49.46666666666667,0.0,1.1704293710000002,5.300000000000001,5.09,16,16,1,0,0,0,0,0,0,1,0,1,0,0,0,0,0,1
45.72,22.88,84.7,0.0,2.94,166.56,0,0,0.0,49.24,0.0,1.4952572399999997,5.300000000000001,5.09,17,16,1,0,0,0,0,0,1,0,0,1,0,0,0,0,0,1
58.86,20.02,67.7,0.0,2.74,41.1,1,0,0.0,51.421666666666674,0.0,1.2895645,20.259999999999998,7.99,18,16,0,0,1,0,0,0,1,0,0,0,1,0,0,1,0,0
59.5,19.91,75.24,0.0,0.9,0.0,2,0,0.0,53.166666666666664,0.0,1.119274938,15.1,7.99,19,16,0,0,1,0,0,0,0,1,0,0,1,0,0,1,0,0
47.4,16.38,72.46,0.0,4.78,18.44,0,0,0.0,54.401666666666664,0.0,0.9570602760000001,9.3,17.54,20,16,0,1,0,0,0,0,0,1,0,0,0,1,0,0,1,0
50.09,17.1,75.47,0.0,4.22,41.21,0,0,0.0,56.42166666666666,0.0,0.9778193100000001,34.87,9.32,21,16,0,0,0,1,0,0,0,1,1,0,0,0,1,0,0,0
53.9,17.0,72.29,0.0,2.75,0.0,1,0,0.0,55.02333333333333,0.0,0.9195708399999998,26.860000000000003,9.32,22,16,0,0,0,1,0,0,1,0,0,0,0,1,0,0,1,0
39.39,12.4,60.57,0.0,3.59,0.0,1,1,14.15,53.43666666666667,0.0,0.62008478,9.3,17.54,23,16,0,1,0,0,0,0,1,0,0,1,0,0,0,0,0,1
54.97,13.22,73.62,0.0,2.46,32.74,0,0,0.0,51.623333333333335,0.0,0.5409448680000001,9.3,31.69,0,17,0,1,0,0,0,0,1,0,1,0,0,0,1,0,0,0
54.34,9.85,84.72,0.0,3.39,17.34,0,0,0.0,51.585,0.0,0.25713391,9.3,31.69,1,17,0,1,0,0,0,0,0,1,0,0,0,1,0,0,1,0
46.39,12.66,70.12,0.0,0.83,0.0,2,0,0.0,49.55166666666667,0.0,0.4371875839999999,9.3,31.69,2,17,0,1,0,0,0,0,0,1,0,0,0,1,0,0,1,0
38.23,11.84,82.57,0.0,0.0,21.39,4,1,11.28,51.25833333333333,0.0,0.244260276,26.86,9.32,3,17,0,0,0,1,1,0,0,0,0,0,0,1,0,0,1,0
50.85,13.14,76.38,0.0,0.88,33.61,0,0,0.0,50.13166666666667,0.0,0.43553332400000005,26.86,20.6,4,17,0,0,0,1,0,0,0,1,0,1,0,0,0,0,0,1
43.5,18.48,69.47,0.0,1.43,0.0,1,0,0.0,47.665,0.0,1.033859652,9.3,31.69,5,17,0,1,0,0,0,0,0,1,0,1,0,0,0,0,0,1
41.21,17.5,77.94,0.0,1.63,10.69,2,1,9.25,47.19833333333333,0.0,0.86953014,5.300000000000001,5.09,6,17,1,0,0,0,0,0,0,1,0,1,0,0,0,0,0,1
65.93,13.73,79.38,8.3,2.94,186.52,2,0,0.0,50.75333333333333,0.0,0.567030048,17.6,31.69,7,17,0,1,0,0,1,0,0,0,0,0,1,0,0,1,0,0
55.71,17.76,74.33,0.0,2.09,308.83,0,0,0.0,55.31166666666667,0.0,0.9491246760000002,15.1,7.99,8,17,0,0,1,0,0,1,0,0,1,0,0,0,1,0,0,0
48.01,19.16,77.38,0.0,2.37,501.2,1,0,0.0,47.72333333333333,0.0,1.089461376,5.300000000000001,14.34,9,17,1,0,0,0,0,1,0,0,0,0,0,1,0,0,1,0
55.02,18.42,72.29,0.0,0.98,526.83,1,0,0.0,48.64166666666667,0.0,0.981277446,5.300000000000001,14.34,10,17,1,0,0,0,1,0,0,0,0,0,0,1,0,0,1,0
52.4,20.02,58.07,0.0,0.87,623.26,2,0,0.0,50.66,0.0,1.279832018,26.86,20.6,11,17,0,0,0,1,0,0,0,1,0,1,0,0,0,0,0,1
42.19,20.81,66.31,0.0,2.45,676.86,2,0,0.0,51.220000000000006,0.0,1.381637737,17.6,31.69,12,17,0,1,0,0,1,0,0,0,0,1,0,0,0,0,0,1
46.27,18.77,57.95,0.0,1.75,590.88,2,0,0.0,49.77,0.0,1.1788402249999999,17.6,31.69,13,17,0,1,0,0,0,0,0,1,1,0,0,0,1,0,0,0
54.43,19.38,74.7,0.0,2.41,593.41,0,0,0.0,54.77666666666667,0.0,1.13897174,15.1,7.99,14,17,0,0,1,0,0,1,0,0,0,0,1,0,0,1,0,0
46.2,21.05,75.03,0.0,3.05,466.28,2,0,0.0,53.54833333333334,0.0,1.3629921850000002,15.1,7.99,15,17,0,0,1,0,0,0,1,0,0,0,0,1,0,0,1,0
53.1,20.54,75.76,0.0,4.37,371.38,0,0,0.0,49.76166666666666,0.0,1.3616914480000002,26.86,20.6,16,17,0,0,0,1,0,0,1,0,0,0,0,1,0,0,1,0
46.93,18.69,74.07,0.0,2.38,189.68,0,0,0.0,49.23500000000001,0.0,1.0659483410000001,26.86,20.6,17,17,0,0,0,1,1,0,0,0,0,1,0,0,0,0,0,1
52.58,17.74,78.19,0.0,4.58,0.0,2,0,0.0,54.54666666666666,0.0,1.039962382,15.1,7.99,18,17,0,0,1,0,0,0,0,1,0,0,1,0,0,1,0,0
51.1,17.83,60.3,0.0,2.89,8.11,2,0,0.0,48.76833333333334,0.0,1.1114981999999998,26.86,20.6,19,17,0,0,0,1,1,0,0,0,0,1,0,0,0,0,0,1
47.7,18.26,70.24,0.0,3.23,9.36,2,0,0.0,52.68666666666667,0.0,1.0933913680000003,15.1,7.99,20,17,0,0,1,0,0,0,1,0,0,0,1,0,0,1,0,0
52.39,15.78,63.07,0.0,3.66,70.81,1,0,0.0,49.653333333333336,0.0,0.914637682,5.300000000000001,14.34,21,17,1,0,0,0,0,1,0,0,0,0,0,1,0,0,1,0
38.11,17.36,69.2,0.0,3.26,2.96,1,1,17.43,49.12166666666667,0.0,1.00726192,15.1,7.99,22,17,0,0,1,0,1,0,0,0,0,1,0,0,0,0,0,1
43.47,13.06,86.47,0.0,1.44,0.0,2,0,0.0,47.958333333333336,0.0,0.385225914,17.6,31.69,23,17,0,1,0,0,0,0,0,1,0,0,1,0,0,1,0,0
46.56,13.82,82.2,0.0,3.7,0.0,0,0,0.0,50.156666666666666,0.0,0.5922656,26.86,20.6,0,18,0,0,0,1,1,0,0,0,0,1,0,0,0,0,0,1
54.73,12.6,80.16,0.0,1.95,6.61,1,0,0.0,49.348333333333336,0.0,0.41801327999999993,17.6,31.69,1,18,0,1,0,0,0,1,0,0,0,0,0,1,0,0,1,0
56.83,13.87,73.23,8.45,2.76,0.0,1,0,0.0,51.57,0.0,0.614890027,26.05,31.69,2,18,0,1,0,0,0,1,0,0,0,0,1,0,0,1,0,0
48.66,11.96,69.08,0.0,2.56,0.0,0,0,0.0,48.69166666666666,0.0,0.47379929600000015,26.05,31.69,3,18,0,1,0,0,0,0,0,1,0,0,0,1,0,0,1,0
50.41,16.42,73.77,0.0,3.77,0.0,1,0,0.0,48.23833333333334,0.0,0.9002383580000002,15.1,25.42,4,18,0,0,1,0,0,0,1,0,0,0,0,1,0,0,1,0
50.04,11.63,84.07,0.0,2.87,0.0,2,0,0.0,50.0,0.0,0.36166164700000003,26.05,31.69,5,18,0,1,0,0,0,1,0,0,0,0,1,0,0,1,0,0
48.3,17.57,74.42,0.0,0.74,28.14,0,0,0.0,50.33833333333333,0.0,0.8609229280000001,24.98,31.69,6,18,0,1,0,0,0,0,1,0,0,0,1,0,0,1,0,0
45.67,16.09,61.63,0.0,4.91,169.15,2,0,0.0,48.00333333333333,0.0,1.019279869,5.300000000000001,14.34,7,18,1,0,0,0,0,0,0,1,0,0,1,0,0,1,0,0
47.53,17.82,72.08,0.0,3.4,299.04,2,0,0.0,49.60333333333333,0.0,1.0393987120000001,26.86,20.6,8,18,0,0,0,1,0,0,0,1,0,0,1,0,0,1,0,0
53.62,20.03,56.18,0.0,1.74,454.36,2,0,0.0,52.03,0.0,1.340973708,24.98,31.69,9,18,0,1,0,0,1,0,0,0,1,0,0,0,1,0,0,0
45.29,20.28,75.01,0.0,1.04,554.3,2,0,0.0,46.715,0.0,1.171235936,15.1,25.42,10,18,0,0,1,0,0,0,0,1,0,0,1,0,0,1,0,0
37.92,18.73,65.77,0.0,3.54,629.7,2,1,14.69,46.70333333333334,0.0,1.198082907,5.300000000000001,14.34,11,18,1,0,0,0,0,1,0,0,0,0,0,1,0,0,1,0
51.03,21.36,59.95,0.0,1.18,597.25,2,0,0.0,49.375,0.0,1.4428948199999998,26.86,20.6,12,18,0,0,0,1,1,0,0,0,0,1,0,0,0,0,0,1
56.16,23.66,72.4,0.0,3.36,589.66,2,0,0.0,49.195,0.0,1.73377836,5.300000000000001,29.03,13,18,1,0,0,0,0,0,0,1,0,0,0,1,0,0,1,0
49.17,19.66,73.79,3.2,3.68,512.47,2,0,0.0,48.72,0.0,1.2421063979999998,30.06,20.6,14,18,0,0,0,1,0,0,0,1,0,0,1,0,0,1,0,0
55.44,24.03,68.0,0.0,1.62,428.13,1,0,0.0,50.43333333333334,0.0,1.7386810699999997,5.300000000000001,29.03,15,18,1,0,0,0,0,1,0,0,0,1,0,0,0,0,0,1
51.24,21.04,84.11,0.0,1.51,299.7,2,0,0.0,47.55500000000001,0.0,1.203673828,15.1,25.42,16,18,0,0,1,0,0,0,0,1,0,0,1,0,0,1,0,0
42.84,19.17,74.71,0.0,1.84,132.02,1,0,0.0,50.048333333333325,0.0,1.0867776690000002,24.98,31.69,17,18,0,1,0,0,0,1,0,0,0,0,0,1,0,0,1,0
45.09,17.65,66.96,0.0,1.21,26.75,2,0,0.0,48.413333333333334,0.0,0.95363439,30.060000000000002,20.6,18,18,0,0,0,1,0,1,0,0,0,0,0,1,0,0,1,0
44.86,17.69,75.08,0.0,2.68,64.4,1,0,0.0,47.373333333333335,0.0,0.9651261140000003,30.060000000000002,20.6,19,18,0,0,0,1,0,1,0,0,0,0,0,1,0,0,1,0
49.43,14.06,72.35,0.0,2.85,28.9,0,0,0.0,48.815,0.0,0.6426223500000001,24.98,31.69,20,18,0,1,0,0,0,0,1,0,1,0,0,0,1,0,0,0
47.66,15.33,82.2,0.0,3.27,0.0,1,0,0.0,49.20666666666667,0.0,0.70527489,5.300000000000001,29.03,21,18,1,0,0,0,0,1,0,0,0,1,0,0,0,0,0,1
59.69,14.6,75.89,3.12,1.4,7.36,1,0,0.0,50.65333333333333,0.0,0.5924597199999998,28.1,31.69,22,18,0,1,0,0,0,1,0,0,0,0,0,1,0,0,1,0
52.78,12.55,78.22,0.0,3.41,0.0,2,0,0.0,49.27166666666667,0.0,0.5005380400000001,5.300000000000001,29.03,23,18,1,0,0,0,0,0,0,1,0,1,0,0,0,0,0,1
40.79,14.72,63.73,0.0,1.21,0.0,2,1,7.49,46.41166666666666,0.0,0.6848222120000002,25.32,20.6,0,19,0,0,0,1,0,1,0,0,1,0,0,0,1,0,0,0
41.41,12.87,65.11,0.0,3.41,46.37,4,1,9.34,49.214999999999996,0.0,0.619070219,28.1,31.69,1,19,0,1,0,0,1,0,0,0,0,0,0,1,0,0,1,0
51.56,12.11,75.52,0.0,0.62,70.25,0,0,0.0,47.385,0.0,0.34455849399999994,15.1,25.42,2,19,0,0,1,0,0,1,0,0,0,1,0,0,0,0,0,1
45.9,12.71,68.26,0.0,4.28,0.0,2,0,0.0,48.815,0.0,0.6268979320000001,19.87,41.03,3,19,0,1,0,0,0,0,1,0,0,0,0,1,0,0,1,0
47.59,14.13,72.75,0.0,1.77,50.41,2,0,0.0,49.59166666666666,0.0,0.5919243450000001,5.300000000000001,29.03,4,19,1,0,0,0,0,0,1,0,0,0,0,1,0,0,1,0
51.18,14.34,77.18,0.0,3.12,0.0,2,0,0.0,47.02,0.0,0.645511484,25.32,28.09,5,19,0,0,0,1,0,0,0,1,0,0,0,1,0,0,1,0
52.72,14.01,74.36,0.0,3.21,0.0,0,0,0.0,48.665,0.0,0.641473562,19.87,41.03,6,19,0,1,0,0,0,0,0,1,0,0,0,1,0,0,1,0
42.25,16.21,62.74,0.0,0.88,178.13,2,0,0.0,46.47666666666667,0.0,0.8212237280000002,15.1,25.42,7,19,0,0,1,0,0,0,0,1,0,1,0,0,0,0,0,1
37.29,16.98,70.1,0.0,3.4,379.17,4,1,15.16,44.73,0.0,0.9675401800000001,25.32,28.09,8,19,0,0,0,1,1,0,0,0,0,0,0,1,0,0,1,0
47.82,16.39,69.21,0.0,1.74,469.46,2,0,0.0,48.095,0.0,0.8316137530000001,15.1,25.42,9,19,0,0,1,0,0,0,0,1,0,0,0,1,0,0,1,0
44.1,18.63,72.05,0.0,2.03,577.35,2,0,0.0,48.875,0.0,1.058789325,19.87,41.03,10,19,0,1,0,0,1,0,0,0,0,1,0,0,0,0,0,1
48.69,20.76,69.59,0.0,1.6,657.72,2,0,0.0,47.80833333333334,0.0,1.3039830880000003,0.0,25.42,11,19,0,0,1,0,0,0,0,1,0,1,0,0,0,0,0,1
47.9,21.38,65.61,0.0,4.34,685.39,1,0,0.0,51.255,0.0,1.552399366,5.300000000000001,29.03,12,19,1,0,0,0,0,0,1,0,0,1,0,0,0,0,0,1
43.45,20.58,65.98,0.0,1.0,645.74,1,0,0.0,49.13666666666666,0.0,1.2842470679999998,1.09,29.03,13,19,1,0,0,0,0,0,1,0,0,0,0,1,0,0,1,0
58.74,22.08,68.41,0.0,2.92,598.52,0,0,0.0,50.050000000000004,0.0,1.5437820359999996,0.0,25.42,14,19,0,0,1,0,0,0,1,0,0,0,1,0,0,1,0,0
48.38,19.45,76.78,0.0,1.65,438.69,1,0,0.0,44.598333333333336,0.0,1.0910661,25.32,43.25,15,19,0,0,0,1,0,1,0,0,0,0,0,1,0,0,1,0
45.41,19.1,72.27,0.0,3.71,264.29,2,0,0.0,47.465,0.0,1.1931615100000004,1.09,29.03,16,19,1,0,0,0,1,0,0,0,0,0,0,1,0,0,1,0
52.79,19.51,79.95,2.23,5.19,232.11,2,0,0.0,50.30833333333334,0.0,1.247636695,2.23,25.42,17,19,0,0,1,0,1,0,0,0,0,0,1,0,0,1,0,0
50.9,21.31,76.49,0.0,1.64,0.0,0,0,0.0,45.56666666666666,0.0,1.310847933,25.32,43.25,18,19,0,0,0,1,0,0,0,1,0,1,0,0,0,0,0,1
45.07,18.34,81.4,0.0,2.57,0.0,1,0,0.0,45.60166666666667,0.0,0.9763443999999999,15.99,43.25,19,19,0,0,0,1,0,1,0,0,0,1,0,0,0,0,0,1
59.82,16.65,81.86,0.0,1.94,0.0,0,0,0.0,51.685,0.0,0.7676450399999999,2.23,25.42,20,19,0,0,1,0,0,0,0,1,0,0,1,0,0,1,0,0
40.59,18.34,81.87,0.0,3.65,0.0,2,1,12.34,47.401666666666664,0.0,1.0264376659999999,19.87,41.03,21,19,0,1,0,0,1,0,0,0,1,0,0,0,1,0,0,0
40.92,14.63,65.82,0.0,2.1,0.0,2,1,7.94,46.34166666666667,0.0,0.7052922720000001,1.09,29.03,22,19,1,0,0,0,0,0,1,0,0,0,1,0,0,1,0,0
40.18,17.58,76.06,0.0,3.49,16.23,3,1,12.76,44.24166666666667,0.0,0.9861242759999997,1.09,36.97,23,19,1,0,0,0,0,0,1,0,0,1,0,0,0,0,0,1
48.18,12.9,83.81,0.0,1.92,16.6,0,0,0.0,45.48333333333333,0.0,0.41508659000000003,19.87,53.370000000000005,0,20,0,1,0,0,0,0,0,1,0,0,0,1,0,0,1,0
50.51,11.75,85.99,0.0,5.09,21.7,0,0,0.0,44.72833333333333,0.0,0.468657715,1.09,49.730000000000004,1,20,1,0,0,0,0,0,0,1,0,0,0,1,0,0,1,0
46.48,12.88,69.9,0.0,0.0,19.5,0,0,0.0,46.550000000000004,0.0,0.41562196000000007,8.940000000000001,43.25,2,20,0,0,0,1,0,0,0,1,1,0,0,0,1,0,0,0
50.46,12.89,79.89,0.0,2.85,0.0,2,0,0.0,46.99166666666667,0.0,0.48844688700000005,19.87,53.370000000000005,3,20,0,1,0,0,1,0,0,0,0,0,1,0,0,1,0,0
50.38,12.45,76.16,0.0,2.39,0.0,0,0,0.0,45.14166666666667,0.0,0.45582554999999997,1.09,49.730000000000004,4,20,1,0,0,0,0,1,0,0,0,0,0,1,0,0,1,0
46.28,18.2,83.97,0.0,2.34,39.17,2,0,0.0,47.05500000000001,0.0,0.9286883999999999,19.87,53.370000000000005,5,20,0,1,0,0,1,0,0,0,0,0,0,1,0,0,1,0
50.21,15.61,63.4,0.0,2.74,0.0,2,0,0.0,46.26833333333334,0.0,0.8493346099999999,1.09,49.730000000000004,6,20,1,0,0,0,0,0,0,1,0,1,0,0,0,0,0,1
47.07,16.79,66.78,0.0,2.47,149.29,2,0,0.0,52.48833333333334,0.0,0.9279803839999999,2.23,25.42,7,20,0,0,1,0,0,1,0,0,0,1,0,0,0,0,0,1
45.99,16.44,59.78,0.0,2.66,357.53,1,0,0.0,45.93333333333334,0.0,0.9569034240000002,19.87,53.370000000000005,8,20,0,1,0,0,0,0,0,1,0,0,0,1,0,0,1,0
45.53,17.3,72.77,0.0,2.89,458.97,2,0,0.0,45.60833333333333,0.0,0.9536567900000001,3.2,43.25,9,20,0,0,0,1,0,0,1,0,0,0,1,0,0,1,0,0
49.18,20.67,84.91,0.0,4.5,545.24,0,0,0.0,46.78,0.0,1.3026100990000002,19.87,53.370000000000005,10,20,0,1,0,0,0,0,1,0,0,1,0,0,0,0,0,1
54.08,17.44,71.33,0.0,0.0,610.51,2,0,0.0,47.71333333333334,0.0,0.8354029640000001,1.09,49.730000000000004,11,20,1,0,0,0,0,0,1,0,0,0,1,0,0,1,0,0
41.95,18.88,71.2,0.0,4.62,689.34,1,0,0.0,47.00666666666667,0.0,1.2231206399999999,19.87,53.370000000000005,12,20,0,1,0,0,0,1,0,0,1,0,0,0,1,0,0,0
45.56,20.62,72.95,0.0,5.47,648.36,1,0,0.0,46.98666666666667,0.0,1.4509769500000003,3.2,43.25,13,20,0,0,0,1,0,0,0,1,1,0,0,0,1,0,0,0
48.76,23.16,66.26,0.0,0.3,571.2,2,0,0.0,49.02,0.0,1.5726350719999997,1.09,49.730000000000004,14,20,1,0,0,0,0,0,1,0,0,1,0,0,0,0,0,1
56.72,20.43,71.82,0.0,2.46,418.8,0,0,0.0,48.376666666666665,0.0,1.2878833920000001,3.2,43.25,15,20,0,0,0,1,0,1,0,0,0,0,0,1,0,0,1,0
50.08,21.22,71.37,0.0,4.05,333.43,0,0,0.0,52.865,0.0,1.466392918,2.23,25.42,16,20,0,0,1,0,0,0,0,1,0,1,0,0,0,0,0,1
43.84,20.0,63.68,0.0,3.5,160.78,1,0,0.0,52.05666666666667,0.0,1.36016608,2.23,25.42,17,20,0,0,1,0,1,0,0,0,1,0,0,0,1,0,0,0
43.27,21.07,68.08,0.0,4.41,0.0,2,0,0.0,49.535,0.0,1.4955370620000004,1.09,49.730000000000004,18,20,1,0,0,0,0,0,1,0,0,1,0,0,0,0,0,1
52.8,15.79,78.16,0.0,2.85,0.0,2,0,0.0,48.69333333333333,0.0,0.758547318,3.2,43.25,19,20,0,0,0,1,1,0,0,0,0,0,1,0,0,1,0,0
46.29,18.23,77.51,0.0,0.0,24.37,2,0,0.0,48.89666666666667,0.0,0.8683842509999999,3.2,43.25,20,20,0,0,0,1,0,1,0,0,0,0,1,0,0,1,0,0
41.69,15.8,82.05,0.0,3.97,43.48,1,0,0.0,45.925000000000004,0.0,0.7854416000000001,11.57,53.370000000000005,21,20,0,1,0,0,0,1,0,0,0,0,1,0,0,1,0,0
56.95,16.52,74.73,2.25,3.16,0.0,1,0,0.0,50.60833333333333,0.0,0.872133992,2.25,49.730000000000004,22,20,1,0,0,0,0,1,0,0,0,0,1,0,0,1,0,0
49.36,13.07,77.63,0.0,4.16,0.0,2,0,0.0,45.74166666666667,0.0,0.584802307,11.57,53.370000000000005,23,20,0,1,0,0,1,0,0,0,0,0,0,1,0,0,1,0
41.83,13.77,79.83,0.0,0.56,24.29,0,0,0.0,49.23833333333334,0.0,0.448199857,2.23,25.42,0,21,0,0,1,0,0,1,0,0,0,0,0,1,0,0,1,0
41.08,13.18,70.89,0.0,0.94,0.0,3,1,8.43,47.99666666666667,0.0,0.48100811399999993,3.2,43.25,1,21,0,0,0,1,0,0,0,1,0,0,1,0,0,1,0,0
36.93,11.7,71.79,0.0,2.42,19.35,4,1,14.62,46.595,0.0,0.4277498499999999,2.23,25.42,2,21,0,0,1,0,0,0,0,1,0,0,1,0,0,1,0,0
44.64,11.42,75.59,0.0,4.0,0.0,0,0,0.0,47.848333333333336,0.0,0.459482366,3.2,51.68,3,21,0,0,0,1,0,1,0,0,0,0,1,0,0,1,0,0
49.26,12.87,66.38,0.0,4.33,20.19,1,0,0.0,44.835,0.0,0.6561115120000001,2.23,40.04,4,21,0,0,1,0,0,0,0,1,0,1,0,0,0,0,0,1
52.53,14.57,76.79,0.0,1.53,0.0,1,0,0.0,46.78333333333333,0.0,0.5895418410000001,11.57,53.370000000000005,5,21,0,1,0,0,0,0,0,1,0,0,0,1,0,0,1,0
49.83,14.07,81.69,0.0,1.91,19.23,2,0,0.0,45.294999999999995,0.0,0.528049201,2.23,40.04,6,21,0,0,1,0,0,0,0,1,0,0,1,0,0,1,0,0
41.17,15.67,68.09,0.0,5.85,94.76,4,1,15.24,49.07333333333333,0.0,0.974628641,2.25,49.730000000000004,7,21,1,0,0,0,0,0,1,0,0,0,1,0,0,1,0,0
46.26,14.37,77.15,0.0,1.74,357.39,2,0,0.0,47.965,0.0,0.5794101049999999,3.2,51.68,8,21,0,0,0,1,0,0,0,1,0,1,0,0,0,0,0,1
67.29,17.68,67.05,6.93,3.21,458.43,1,0,0.0,51.919999999999995,0.0,1.0561039,9.18,64.97,9,21,1,0,0,0,0,1,0,0,0,0,1,0,0,1,0,0
45.09,20.74,61.89,0.0,1.86,578.36,1,0,0.0,46.02666666666667,0.0,1.3828297419999998,3.2,51.68,10,21,0,0,0,1,0,1,0,0,0,1,0,0,0,0,0,1
51.48,21.09,83.12,0.0,2.97,636.15,0,0,0.0,45.806666666666665,0.0,1.2914537659999998,3.2,51.68,11,21,0,0,0,1,1,0,0,0,0,0,1,0,0,1,0,0
50.85,20.54,62.16,0.0,1.36,590.3,2,0,0.0,46.56666666666666,0.0,1.3311189680000002,3.2,51.68,12,21,0,0,0,1,0,0,1,0,1,0,0,0,1,0,0,0
51.4,21.43,59.5,0.0,1.39,675.69,1,0,0.0,51.473333333333336,0.0,1.46624492,9.18,64.97,13,21,1,0,0,0,0,0,1,0,0,0,1,0,0,1,0,0
49.75,19.96,71.14,0.0,1.96,574.62,1,0,0.0,45.24,0.0,1.2136494080000002,2.23,40.04,14,21,0,0,1,0,0,1,0,0,1,0,0,0,1,0,0,0
51.36,23.5,68.68,0.0,1.75,486.09,2,0,0.0,46.49333333333333,0.0,1.6673736799999996,2.23,40.04,15,21,0,0,1,0,0,0,1,0,0,0,0,1,0,0,1,0
40.15,23.77,71.26,0.0,2.04,297.03,2,1,12.73,45.81,0.0,1.6933494839999998,11.57,53.370000000000005,16,21,0,1,0,0,0,1,0,0,0,0,0,1,0,0,1,0
55.12,20.28,83.39,0.0,3.03,176.66,2,0,0.0,48.708333333333336,0.0,1.197340544,2.23,40.04,17,21,0,0,1,0,0,0,0,1,0,1,0,0,0,0,0,1
38.5,23.09,61.69,0.0,4.67,0.0,4,1,18.82,46.13666666666666,0.0,1.824869287,3.2,51.68,18,21,0,0,0,1,1,0,0,0,0,0,0,1,0,0,1,0
49.07,17.22,67.78,0.0,1.69,5.22,2,0,0.0,50.73166666666666,0.0,0.9255613319999998,2.23,40.04,19,21,0,0,1,0,0,0,0,1,0,0,1,0,0,1,0,0
47.26,15.32,84.6,0.0,1.21,0.0,2,0,0.0,45.49,0.0,0.5830673600000001,11.57,66.1,20,21,0,1,0,0,1,0,0,0,0,1,0,0,0,0,0,1
44.36,15.1,80.09,0.0,2.41,175.25,2,0,0.0,50.74000000000001,0.0,0.65707597,9.18,64.97,21,21,1,0,0,0,0,1,0,0,0,0,1,0,0,1,0,0
42.59,14.87,79.3,0.0,1.38,21.18,1,0,0.0,45.794999999999995,0.0,0.5904785399999999,3.2,70.5,22,21,0,0,0,1,0,0,0,1,0,0,0,1,0,0,1,0
50.2,17.84,67.2,0.0,0.44,46.58,2,0,0.0,46.451666666666675,0.0,0.93352864,3.2,70.5,23,21,0,0,0,1,0,1,0,0,1,0,0,0,1,0,0,0
51.45,13.39,82.77,0.0,3.68,0.0,2,0,0.0,51.096666666666664,0.0,0.5507912810000001,2.23,40.04,0,22,0,0,1,0,0,0,0,1,0,1,0,0,0,0,0,1
46.91,12.12,81.52,0.0,2.5,13.97,0,0,0.0,50.61000000000001,0.0,0.39806188800000003,2.23,40.04,1,22,0,0,1,0,0,1,0,0,0,1,0,0,0,0,0,1
52.34,11.93,77.38,3.54,2.61,31.69,1,0,0.0,52.251666666666665,0.0,0.417144768,12.719999999999999,64.97,2,22,1,0,0,0,0,1,0,0,0,1,0,0,0,0,0,1
53.8,15.12,69.41,0.0,0.09,0.0,0,0,0.0,47.465,0.0,0.6237811639999998,3.12,66.1,3,22,0,1,0,0,0,0,0,1,0,0,1,0,0,1,0,0
54.31,15.31,74.1,5.02,1.7,0.0,0,0,0.0,51.370000000000005,0.0,0.6866087000000001,7.25,40.04,4,22,0,0,1,0,0,0,0,1,0,0,1,0,0,1,0,0
47.15,13.72,86.16,0.0,0.7,34.04,1,0,0.0,48.375,0.0,0.4050195840000001,3.12,66.1,5,22,0,1,0,0,0,1,0,0,0,1,0,0,0,0,0,1
46.33,12.46,67.97,0.0,2.38,0.0,2,0,0.0,46.65833333333333,0.0,0.5131334740000001,0.0,70.5,6,22,0,0,0,1,0,0,1,0,0,0,1,0,0,1,0,0
59.69,14.55,68.36,0.0,2.56,142.06,2,0,0.0,52.708333333333336,0.0,0.70196017,12.719999999999999,64.97,7,22,1,0,0,0,1,0,0,0,0,1,0,0,0,0,0,1
43.12,19.86,65.32,0.0,2.56,302.92,2,0,0.0,45.26499999999999,0.0,1.282444704,0.0,70.5,8,22,0,0,0,1,0,1,0,0,0,1,0,0,0,0,0,1
51.46,19.34,67.25,0.0,1.6,416.83,1,0,0.0,45.36666666666667,0.0,1.15759853,0.0,70.5,9,22,0,0,0,1,0,1,0,0,0,0,0,1,0,0,1,0
38.79,19.37,69.99,0.0,1.38,494.34,3,1,16.61,45.415,0.0,1.1266091610000002,0.0,70.5,10,22,0,0,0,1,0,0,0,1,1,0,0,0,1,0,0,0
42.49,22.91,73.98,0.0,2.17,568.49,2,0,0.0,47.23,0.0,1.560935096,3.12,66.1,11,22,0,1,0,0,0,1,0,0,0,0,0,1,0,0,1,0
45.71,23.68,69.89,0.0,2.83,651.6,0,0,0.0,45.935,0.0,1.733888164,0.0,87.11,12,22,0,0,0,1,1,0,0,0,0,1,0,0,0,0,0,1
46.59,21.08,69.16,0.0,1.7,651.36,1,0,0.0,46.24,0.0,1.3516015359999995,3.12,66.1,13,22,0,1,0,0,0,0,0,1,0,1,0,0,0,0,0,1
45.86,21.25,70.54,0.0,1.28,651.08,1,0,0.0,50.453333333333326,0.0,1.33901374,7.25,40.04,14,22,0,0,1,0,0,0,1,0,0,0,0,1,0,0,1,0
49.42,20.27,73.76,1.5,1.33,458.17,0,0,0.0,54.083333333333336,0.0,1.1955115339999998,14.219999999999999,64.97,15,22,1,0,0,0,0,0,0,1,0,1,0,0,0,0,0,1
43.75,20.31,57.58,0.0,1.61,280.2,1,0,0.0,48.55833333333333,0.0,1.356026456,7.25,40.04,16,22,0,0,1,0,0,0,1,0,0,0,0,1,0,0,1,0
53.62,17.87,78.8,0.0,1.86,167.24,1,0,0.0,48.48500000000001,0.0,0.9125895900000002,3.12,66.1,17,22,0,1,0,0,0,1,0,0,0,0,0,1,0,0,1,0
42.17,17.04,66.18,0.0,1.08,24.6,4,1,6.32,47.63666666666666,0.0,0.8891357040000001,3.12,66.1,18,22,0,1,0,0,0,0,1,0,0,0,1,0,0,1,0,0
50.88,15.73,69.91,0.0,1.87,36.06,2,0,0.0,46.04833333333334,0.0,0.7674429410000001,0.0,87.11,19,22,0,0,0,1,0,1,0,0,0,0,0,1,0,0,1,0
69.64,18.9,72.86,10.62,3.88,32.66,1,0,0.0,51.98666666666666,0.0,1.17433774,17.869999999999997,40.04,20,22,0,0,1,0,0,0,1,0,0,0,0,1,0,0,1,0
42.39,13.9,73.95,0.0,2.05,20.05,1,0,0.0,50.47666666666667,0.0,0.57677955,17.869999999999997,40.04,21,22,0,0,1,0,0,0,0,1,0,1,0,0,0,0,0,1
45.28,18.2,74.45,0.0,0.91,3.34,1,0,0.0,45.873333333333335,0.0,0.9360139999999999,0.0,87.11,22,22,0,0,0,1,0,0,0,1,0,0,0,1,0,0,1,0
47.08,13.35,75.91,0.0,0.0,25.79,0,0,0.0,46.51666666666667,0.0,0.412603555,3.12,72.42,23,22,0,1,0,0,1,0,0,0,0,1,0,0,0,0,0,1
55.46,16.49,70.38,0.0,4.6,0.0,1,0,0.0,47.93,0.0,0.9754508839999998,0.0,87.11,0,23,0,0,0,1,0,1,0,0,0,0,1,0,0,1,0,0
45.22,12.94,85.95,0.0,3.77,0.0,1,0,0.0,46.89000000000001,0.0,0.49570018999999993,0.0,87.11,1,23,0,0,0,1,0,0,1,0,0,1,0,0,0,0,0,1
65.17,11.0,81.76,0.0,2.74,73.26,1,0,0.0,53.73,0.0,0.32406176000000003,14.219999999999999,64.97,2,23,1,0,0,0,0,1,0,0,0,1,0,0,0,0,0,1
50.87,15.41,75.38,0.0,3.8,0.0,0,0,0.0,47.13666666666666,0.0,0.7912869760000001,0.0,72.42,3,23,0,1,0,0,0,0,0,1,0,0,0,1,0,0,1,0
48.74,15.99,77.66,0.0,3.03,18.69,1,0,0.0,48.178333333333335,0.0,0.7906446079999999,0.0,72.42,4,23,0,1,0,0,0,0,0,1,0,1,0,0,0,0,0,1
51.43,13.16,70.13,0.0,2.31,0.0,1,0,0.0,51.23,0.0,0.553215576,17.869999999999997,40.04,5,23,0,0,1,0,0,0,0,1,0,0,0,1,0,0,1,0
38.4,14.85,88.94,0.0,0.91,54.07,1,1,10.98,51.56333333333333,0.0,0.4927658199999999,14.219999999999999,64.97,6,23,1,0,0,0,1,0,0,0,1,0,0,0,1,0,0,0
52.83,14.96,66.02,0.0,4.69,208.69,2,0,0.0,49.218333333333334,0.0,0.8642585840000002,0.0,72.42,7,23,0,1,0,0,0,1,0,0,0,0,1,0,0,1,0,0
40.35,17.17,72.66,0.0,1.88,270.2,1,1,8.8,48.903333333333336,0.0,0.8905886240000002,17.869999999999997,40.04,8,23,0,0,1,0,0,1,0,0,0,0,0,1,0,0,1,0
51.29,18.55,68.76,0.0,1.94,448.51,0,0,0.0,48.82999999999999,0.0,1.07300477,0.0,72.42,9,23,0,1,0,0,0,0,0,1,0,1,0,0,0,0,0,1
43.97,18.82,68.27,0.0,2.44,572.23,2,0,0.0,51.49833333333333,0.0,1.1321224180000002,14.219999999999999,75.95,10,23,1,0,0,0,0,0,0,1,1,0,0,0,1,0,0,0
42.92,17.45,68.46,0.0,2.47,583.62,1,0,0.0,48.955000000000005,0.0,0.9832192999999999,0.0,72.42,11,23,0,1,0,0,0,1,0,0,0,0,1,0,0,1,0,0
69.44,19.94,64.24,7.6,3.09,667.11,1,0,0.0,54.348333333333336,0.0,1.3277158320000002,21.82,75.95,12,23,1,0,0,0,0,0,1,0,0,0,0,1,0,0,1,0
46.39,22.27,76.1,0.0,2.95,664.45,2,0,0.0,48.84,0.0,1.4985802599999998,0.0,72.42,13,23,0,1,0,0,1,0,0,0,0,0,0,1,0,0,1,0
39.21,21.04,60.34,0.0,1.71,574.26,1,1,12.9,46.89666666666667,0.0,1.426015992,0.0,72.42,14,23,0,1,0,0,0,1,0,0,0,0,1,0,0,1,0,0
63.39,20.72,75.91,6.48,2.43,404.8,1,0,0.0,49.33833333333333,0.0,1.2846768839999998,6.48,85.32000000000001,15,23,0,1,0,0,0,0,1,0,0,0,0,1,0,0,1,0
40.74,19.42,74.6,0.0,3.05,288.71,2,1,12.01,47.214999999999996,0.0,1.1763477600000003,0.0,87.11,16,23,0,0,0,1,0,1,0,0,0,0,1,0,0,1,0,0
53.63,19.26,67.52,0.0,1.61,163.9,1,0,0.0,49.47166666666667,0.0,1.1466569040000003,6.48,85.32000000000001,17,23,0,1,0,0,1,0,0,0,0,0,0,1,0,0,1,0
46.73,21.46,72.16,0.0,4.14,0.0,1,0,0.0,49.048333333333325,0.0,1.4932047120000005,17.869999999999997,48.84,18,23,0,0,1,0,0,0,1,0,0,1,0,0,0,0,0,1
40.43,16.68,71.15,0.0,2.38,0.0,1,1,9.81,51.13833333333333,0.0,0.8775427600000001,21.82,75.95,19,23,1,0,0,0,0,1,0,0,0,0,1,0,0,1,0,0
53.44,18.43,63.15,1.42,4.32,0.0,2,0,0.0,51.80833333333333,0.0,1.2255308350000003,23.24,85.76,20,23,1,0,0,0,1,0,0,0,0,1,0,0,0,0,0,1
49.37,16.39,64.86,0.0,0.73,0.0,2,0,0.0,49.175000000000004,0.0,0.8153208479999999,23.24,85.76,21,23,1,0,0,0,0,0,0,1,0,1,0,0,0,0,0,1
36.13,15.72,77.61,0.0,3.19,28.2,3,1,18.36,45.61833333333334,0.0,0.7731070640000001,0.0,99.12,22,23,0,0,0,1,1,0,0,0,0,0,0,1,0,0,1,0
46.42,13.42,79.09,0.0,1.33,21.95,2,0,0.0,49.49333333333333,0.0,0.4622228659999999,17.869999999999997,48.84,23,23,0,0,1,0,0,0,0,1,0,1,0,0,0,0,0,1
48.21,13.44,76.54,0.0,1.64,18.28,1,0,0.0,45.17333333333334,0.0,0.4977356719999999,0.0,117.47999999999999,0,24,0,0,0,1,0,1,0,0,0,0,1,0,0,1,0,0
47.91,13.56,72.01,0.0,3.49,15.04,0,0,0.0,45.87166666666667,0.0,0.633161952,15.639999999999999,48.84,1,24,0,0,1,0,0,1,0,0,0,1,0,0,0,0,0,1
45.77,12.65,74.15,0.0,2.13,0.0,1,0,0.0,45.254999999999995,0.0,0.47313322499999994,0.0,117.47999999999999,2,24,0,0,0,1,0,1,0,0,0,0,1,0,0,1,0,0
50.4,14.06,72.07,0.0,5.52,0.0,2,0,0.0,51.175000000000004,0.0,0.7781741340000001,23.24,85.76,3,24,1,0,0,0,0,0,1,0,0,1,0,0,0,0,0,1
49.5,14.65,61.65,0.0,3.02,0.0,1,0,0.0,52.096666666666664,0.0,0.7842779750000001,23.24,85.76,4,24,1,0,0,0,0,1,0,0,0,1,0,0,0,0,0,1
55.62,17.86,71.74,4.9,1.57,54.0,0,0,0.0,45.281666666666666,0.0,0.9549443479999999,4.9,117.47999999999999,5,24,0,0,0,1,0,0,0,1,0,0,0,1,0,0,1,0
45.45,15.85,76.58,0.0,3.02,0.0,1,0,0.0,45.32,0.0,0.7850198399999999,4.9,117.47999999999999,6,24,0,0,0,1,0,0,0,1,0,1,0,0,0,0,0,1
47.36,13.52,75.25,0.0,2.12,110.11,0,0,0.0,46.42333333333334,0.0,0.53785582,4.9,117.47999999999999,7,24,0,0,0,1,0,0,0,1,0,0,1,0,0,1,0,0
43.58,19.17,82.65,0.0,3.4,323.98,0,0,0.0,47.78666666666666,0.0,1.097263055,23.24,85.76,8,24,1,0,0,0,0,1,0,0,0,1,0,0,0,0,0,1
41.47,18.16,64.04,0.0,2.04,386.67,2,1,11.91,47.835,0.0,1.074315248,6.48,85.32000000000001,9,24,0,1,0,0,0,0,1,0,0,0,0,1,0,0,1,0
40.95,22.45,63.02,0.0,2.89,571.6,3,1,14.8,45.63166666666667,0.0,1.6394011000000002,15.639999999999999,48.84,10,24,0,0,1,0,0,0,0,1,0,1,0,0,0,0,0,1
46.05,22.46,68.56,0.0,2.64,632.86,2,0,0.0,48.35666666666666,0.0,1.5768991920000004,6.48,97.23,11,24,0,1,0,0,1,0,0,0,0,1,0,0,0,0,0,1
53.86,20.13,71.2,6.45,2.49,631.03,2,0,0.0,49.37833333333333,0.0,1.2594793899999999,11.350000000000001,117.47999999999999,12,24,0,0,0,1,0,0,1,0,0,0,1,0,0,1,0,0
45.73,22.37,54.39,0.0,3.65,594.97,0,0,0.0,48.24666666666667,0.0,1.746772021,6.48,97.23,13,24,0,1,0,0,0,0,1,0,0,0,0,1,0,0,1,0
53.16,20.54,73.39,0.0,0.24,582.6,0,0,0.0,50.571666666666665,0.0,1.176090582,6.48,97.23,14,24,0,1,0,0,0,0,1,0,0,0,0,1,0,0,1,0
45.46,21.3,70.3,0.0,2.52,456.71,0,0,0.0,47.583333333333336,0.0,1.4093011,6.48,97.23,15,24,0,1,0,0,0,0,0,1,0,0,0,1,0,0,1,0
47.17,21.91,53.24,0.0,1.56,257.04,0,0,0.0,48.91,0.0,1.5928491379999998,23.24,85.76,16,24,1,0,0,0,0,1,0,0,0,0,0,1,0,0,1,0
45.32,21.93,67.24,0.0,0.78,210.37,0,0,0.0,47.556666666666665,0.0,1.428509074,23.24,85.76,17,24,1,0,0,0,0,0,1,0,0,0,1,0,0,1,0,0
52.98,20.77,63.32,0.0,1.39,0.0,2,0,0.0,50.17333333333334,0.0,1.3503094179999997,11.350000000000001,117.47999999999999,18,24,0,0,0,1,0,0,0,1,0,0,0,1,0,0,1,0
54.72,18.58,67.57,0.0,1.66,0.0,1,0,0.0,46.18,0.0,1.0722777019999996,15.639999999999999,63.64,19,24,0,0,1,0,1,0,0,0,0,1,0,0,0,0,0,1
44.07,21.15,59.31,0.0,2.12,47.55,0,0,0.0,46.79999999999999,0.0,1.469394115,15.639999999999999,63.64,20,24,0,0,1,0,1,0,0,0,0,0,0,1,0,0,1,0
50.04,15.85,75.84,0.0,2.8,37.09,1,0,0.0,46.98499999999999,0.0,0.7797470699999998,6.48,97.23,21,24,0,1,0,0,0,1,0,0,0,0,0,1,0,0,1,0
56.85,13.02,87.52,0.0,3.05,0.0,0,0,0.0,49.54833333333334,0.0,0.455041448,6.48,97.23,22,24,0,1,0,0,1,0,0,0,0,0,1,0,0,1,0,0
40.57,12.48,77.47,0.0,1.91,0.0,4,1,5.36,45.77333333333333,0.0,0.42512505200000006,15.639999999999999,63.64,23,24,0,0,1,0,1,0,0,0,0,1,0,0,0,0,0,1
70.67,16.25,57.48,10.78,4.3,0.0,0,0,0.0,54.32333333333333,0.0,1.03746413,22.13,117.47999999999999,0,25,0,0,0,1,0,0,1,0,1,0,0,0,1,0,0,0
37.64,13.53,76.78,0.0,1.95,0.0,4,1,14.28,45.60166666666667,0.0,0.519189268,23.24,85.76,1,25,1,0,0,0,0,1,0,0,0,0,0,1,0,0,1,0
46.48,13.75,73.24,0.0,0.06,42.57,2,0,0.0,52.800000000000004,0.0,0.46930269,22.13,117.47999999999999,2,25,0,0,0,1,0,1,0,0,0,0,1,0,0,1,0,0
45.61,12.83,67.63,0.0,1.99,45.32,0,0,0.0,49.474999999999994,0.0,0.5269140830000001,6.48,97.23,3,25,0,1,0,0,0,0,0,1,0,0,1,0,0,1,0,0
37.76,13.36,77.38,0.0,2.46,5.81,4,1,13.15,48.14666666666667,0.0,0.5259174959999999,6.48,97.23,4,25,0,1,0,0,0,0,0,1,0,0,0,1,0,0,1,0
57.01,13.5,80.96,2.93,0.0,22.75,2,0,0.0,54.72666666666667,0.0,0.38903396,25.06,117.47999999999999,5,25,0,0,0,1,0,0,0,1,0,1,0,0,0,0,0,1
47.01,16.21,67.95,0.0,3.85,0.0,1,0,0.0,47.12166666666667,0.0,0.9289695450000002,6.48,110.38,6,25,0,1,0,0,0,1,0,0,1,0,0,0,1,0,0,0
41.62,16.33,61.03,0.0,2.28,137.68,0,0,0.0,46.48166666666666,0.0,0.9168092729999997,6.48,110.38,7,25,0,1,0,0,0,1,0,0,0,1,0,0,0,0,0,1
47.88,18.16,56.99,0.0,1.02,272.48,2,0,0.0,46.01666666666667,0.0,1.081624388,15.639999999999999,69.0,8,25,0,0,1,0,0,1,0,0,0,0,0,1,0,0,1,0
50.74,19.05,65.7,0.0,1.25,470.92,0,0,0.0,55.29,0.0,1.1202424,25.06,117.47999999999999,9,25,0,0,0,1,0,0,1,0,0,0,1,0,0,1,0,0
37.37,18.87,69.42,0.0,3.31,594.43,1,1,17.96,43.43,0.0,1.171519448,23.24,100.04,10,25,1,0,0,0,0,0,0,1,0,0,1,0,0,1,0,0
30.45,18.15,67.47,0.0,3.46,609.98,3,1,30.66,43.21666666666667,0.0,1.115857055,6.48,110.38,11,25,0,1,0,0,0,0,1,0,0,0,0,1,0,0,1,0
45.97,18.65,65.89,0.0,1.62,691.56,1,0,0.0,53.974999999999994,0.0,1.092133935,25.06,117.47999999999999,12,25,0,0,0,1,0,0,1,0,0,1,0,0,0,0,0,1
41.18,25.91,68.85,0.0,0.77,614.38,3,1,12.2,52.00833333333333,0.0,1.9511403249999997,25.06,117.47999999999999,13,25,0,0,0,1,1,0,0,0,1,0,0,0,1,0,0,0
52.84,23.72,69.86,0.0,2.56,565.85,1,0,0.0,49.03666666666667,0.0,1.7260300639999997,25.06,129.68,14,25,0,0,0,1,1,0,0,0,0,0,0,1,0,0,1,0
52.98,23.38,68.29,4.83,2.78,451.88,2,0,0.0,50.120000000000005,0.0,1.7066114139999997,29.89,129.68,15,25,0,0,0,1,1,0,0,0,1,0,0,0,1,0,0,0
47.67,19.96,75.35,0.0,3.08,368.28,1,0,0.0,41.68666666666667,0.3133333333333326,1.2330864000000004,6.48,141.04,16,25,0,1,0,0,1,0,0,0,0,0,0,1,0,0,1,0
45.17,20.35,64.73,0.0,1.72,185.48,0,0,0.0,48.14666666666667,0.0,1.3036373650000004,29.89,129.68,17,25,0,0,0,1,1,0,0,0,0,0,1,0,0,1,0,0
38.36,18.28,63.31,0.0,2.25,0.0,3,1,16.63,44.425000000000004,0.0,1.104075816,15.639999999999999,69.0,18,25,0,0,1,0,0,0,1,0,1,0,0,0,1,0,0,0
51.43,16.57,68.68,2.89,2.42,2.68,1,0,0.0,48.26166666666666,0.0,0.887952802,32.78,129.68,19,25,0,0,0,1,0,0,0,1,0,0,1,0,0,1,0,0
39.43,16.62,68.16,0.0,3.56,0.0,4,1,13.11,41.751666666666665,0.24833333333333485,0.9541434640000002,23.24,118.0,20,25,1,0,0,0,0,0,0,1,1,0,0,0,1,0,0,0
39.17,18.46,56.47,0.0,4.0,0.0,3,1,17.54,47.12833333333333,0.0,1.2685785740000002,32.78,129.68,21,25,0,0,0,1,0,0,1,0,0,1,0,0,0,0,0,1
50.95,16.77,68.37,5.78,4.32,0.0,2,0,0.0,42.98,0.0,1.005782763,29.02,131.11,22,25,1,0,0,0,0,0,0,1,0,0,0,1,0,0,1,0
40.09,13.22,82.75,0.0,3.96,0.0,2,1,12.47,41.800000000000004,0.19999999999999574,0.5508059700000001,26.77,131.11,23,25,1,0,0,0,0,0,0,1,0,0,1,0,0,1,0,0
44.95,13.65,80.28,0.0,4.58,18.59,2,0,0.0,41.73833333333334,0.26166666666666316,0.6356673700000001,26.77,143.58,0,26,1,0,0,0,1,0,0,0,0,0,0,1,0,0,1,0
44.03,14.85,77.4,0.0,3.62,0.0,1,0,0.0,47.60333333333333,0.0,0.71492545,32.78,147.22,1,26,0,0,0,1,0,0,0,1,0,0,0,1,0,0,1,0
51.06,12.73,76.34,2.04,1.69,0.0,1,0,0.0,43.975,0.0,0.44233602400000005,21.88,143.58,2,26,1,0,0,0,1,0,0,0,0,1,0,0,0,0,0,1
38.08,13.84,84.67,0.0,4.24,0.0,4,1,14.05,40.431666666666665,1.5683333333333351,0.603003956,6.48,141.04,3,26,0,1,0,0,0,1,0,0,0,1,0,0,0,0,0,1
44.68,14.73,66.4,0.0,0.75,18.45,0,0,0.0,46.24333333333333,0.0,0.64278571,32.78,147.22,4,26,0,0,0,1,0,1,0,0,0,1,0,0,0,0,0,1
43.52,15.35,66.57,0.0,5.24,7.39,1,0,0.0,45.0,0.0,0.9247977850000001,21.88,143.58,5,26,1,0,0,0,0,1,0,0,1,0,0,0,1,0,0,0
46.92,15.97,80.69,0.0,1.23,28.48,0,0,0.0,45.419999999999995,0.0,0.6751785710000001,15.639999999999999,85.63,6,26,0,0,1,0,0,0,1,0,0,0,0,1,0,0,1,0
81.04,15.57,73.33,18.83,3.47,169.19,2,0,0.0,51.935,0.0,0.8056979870000001,40.709999999999994,143.58,7,26,1,0,0,0,0,1,0,0,0,0,1,0,0,1,0,0
46.66,16.76,67.49,0.0,4.13,365.14,2,0,0.0,45.19,0.0,1.0022543680000002,32.78,147.22,8,26,0,0,0,1,0,0,0,1,0,1,0,0,0,0,0,1
60.21,16.92,75.92,10.72,2.95,440.35,2,0,0.0,47.696666666666665,0.0,0.892396768,43.5,147.22,9,26,0,0,0,1,1,0,0,0,0,1,0,0,0,0,0,1
45.97,17.25,68.73,0.0,0.0,561.5,1,0,0.0,46.78666666666666,0.0,0.8365418549999998,43.5,147.22,10,26,0,0,0,1,0,0,1,0,0,0,0,1,0,0,1,0
43.27,20.25,63.54,0.0,1.26,636.27,2,0,0.0,43.51166666666666,0.0,1.27910844,15.639999999999999,85.63,11,26,0,0,1,0,0,0,0,1,0,0,0,1,0,0,1,0
52.39,22.28,61.72,0.0,2.83,673.1,1,0,0.0,48.99,0.0,1.626399872,43.5,147.22,12,26,0,0,0,1,0,1,0,0,0,0,1,0,0,1,0,0
46.36,19.38,72.34,0.0,3.16,642.43,1,0,0.0,43.89333333333334,0.0,1.196653044,15.639999999999999,85.63,13,26,0,0,1,0,0,1,0,0,0,1,0,0,0,0,0,1
46.19,22.0,69.44,0.0,2.19,579.63,2,0,0.0,51.14166666666667,0.0,1.48772624,37.17,143.58,14,26,1,0,0,0,0,0,1,0,0,0,0,1,0,0,1,0
39.37,22.63,78.11,0.0,2.49,469.03,2,1,13.52,51.02166666666667,0.0,1.502503991,37.17,143.58,15,26,1,0,0,0,0,1,0,0,0,0,1,0,0,1,0,0
42.81,18.3,68.93,0.0,0.64,318.26,1,0,0.0,41.27333333333333,0.7266666666666666,0.9791232100000001,6.48,155.09,16,26,0,1,0,0,0,0,0,1,0,1,0,0,0,0,0,1
47.04,20.01,67.44,0.0,4.53,199.78,0,0,0.0,44.97166666666667,0.0,1.3801511580000003,15.639999999999999,85.63,17,26,0,0,1,0,0,1,0,0,0,0,0,1,0,0,1,0
45.34,22.06,78.03,0.0,1.95,0.0,0,0,0.0,40.995000000000005,1.0049999999999955,1.4045532459999996,6.48,155.09,18,26,0,1,0,0,0,0,0,1,0,0,0,1,0,0,1,0
45.27,19.45,76.94,0.0,3.35,0.0,2,0,0.0,41.60333333333333,0.3966666666666683,1.1746953,6.48,155.09,19,26,0,1,0,0,0,0,0,1,0,1,0,0,0,0,0,1
36.93,14.78,74.79,0.0,4.08,55.71,2,1,19.19,43.14666666666667,0.0,0.751093134,15.639999999999999,85.63,20,26,0,0,1,0,0,0,0,1,0,0,0,1,0,0,1,0
41.61,17.54,60.64,0.0,1.01,0.0,2,1,7.79,43.68833333333333,0.0,0.983292232,15.639999999999999,104.82000000000001,21,26,0,0,1,0,0,0,1,0,0,1,0,0,0,0,0,1
44.3,14.47,68.34,0.0,2.55,0.0,0,0,0.0,43.91166666666667,0.0,0.694251556,6.48,155.09,22,26,0,1,0,0,0,0,1,0,0,1,0,0,0,0,0,1
76.38,15.8,65.58,13.73,2.73,48.57,0,0,0.0,48.59833333333333,0.0,0.8507217600000001,29.369999999999997,112.61,23,26,0,0,1,0,0,0,1,0,0,0,0,1,0,0,1,0
46.1,13.17,75.32,5.51,2.09,0.0,2,0,0.0,51.21333333333333,0.0,0.5061003780000001,41.18,157.1,0,27,1,0,0,0,0,0,0,1,0,0,1,0,0,1,0,0
40.4,13.73,71.06,0.0,3.51,0.0,2,1,8.54,42.699999999999996,0.0,0.655865856,6.48,155.09,1,27,0,1,0,0,0,0,0,1,0,0,0,1,0,0,1,0
36.12,12.87,86.53,0.0,1.6,41.94,4,1,14.72,47.406666666666666,0.0,0.37747139699999993,29.369999999999997,112.61,2,27,0,0,1,0,0,0,1,0,0,0,0,1,0,0,1,0
47.22,13.81,63.55,0.0,2.47,0.0,2,0,0.0,47.54999999999999,0.0,0.6655008650000002,24.35,127.33000000000001,3,27,0,0,1,0,0,0,0,1,0,1,0,0,0,0,0,1
51.51,13.36,66.78,0.0,1.95,0.0,0,0,0.0,51.288333333333334,0.0,0.576385576,41.18,157.1,4,27,1,0,0,0,0,1,0,0,0,1,0,0,0,0,0,1
47.37,14.51,75.71,0.0,5.19,0.0,1,0,0.0,47.605,0.0,0.7751579070000001,24.35,127.33000000000001,5,27,0,0,1,0,1,0,0,0,0,0,0,1,0,0,1,0
48.44,13.91,78.12,0.0,1.6,0.0,1,0,0.0,52.10833333333334,0.0,0.524745434,41.18,157.1,6,27,1,0,0,0,0,0,1,0,0,1,0,0,0,0,0,1
40.37,17.37,53.59,0.0,3.29,192.14,4,1,14.67,48.178333333333335,0.0,1.1360818010000002,24.35,127.33000000000001,7,27,0,0,1,0,1,0,0,0,0,0,1,0,0,1,0,0
47.37,17.94,59.1,0.0,4.56,309.92,0,0,0.0,49.13833333333333,0.0,1.2168900599999999,13.73,142.0,8,27,0,0,1,0,0,0,0,1,0,0,1,0,0,1,0,0
41.64,16.28,70.73,0.0,1.3,414.77,3,1,7.51,43.34833333333333,0.0,0.7866814879999999,13.73,142.0,9,27,0,0,1,0,0,0,0,1,0,0,1,0,0,1,0,0
45.79,21.16,78.16,0.0,2.51,546.1,0,0,0.0,43.98500000000001,0.0,1.3212291520000001,6.48,163.63,10,27,0,1,0,0,0,1,0,0,0,0,0,1,0,0,1,0
47.99,20.24,82.63,0.0,1.22,606.32,1,0,0.0,46.6,0.0,1.1088916839999998,41.18,157.1,11,27,1,0,0,0,0,1,0,0,0,0,0,1,0,0,1,0
44.0,21.38,65.6,0.0,0.0,641.12,2,0,0.0,44.18333333333334,0.0,1.3354894800000001,6.48,163.63,12,27,0,1,0,0,1,0,0,0,0,1,0,0,0,0,0,1
61.52,22.68,66.26,6.65,1.46,609.74,1,0,0.0,47.58166666666667,0.0,1.5676916159999998,20.380000000000003,149.51,13,27,0,0,1,0,0,0,0,1,1,0,0,0,1,0,0,0
44.61,22.16,62.01,0.0,1.72,621.18,1,0,0.0,49.086666666666666,0.0,1.5527597720000001,43.5,147.22,14,27,0,0,0,1,0,1,0,0,0,1,0,0,0,0,0,1
54.15,23.28,71.41,4.09,1.79,470.2,2,0,0.0,50.665,0.0,1.6143772760000001,47.59,147.22,15,27,0,0,0,1,0,0,1,0,0,0,0,1,0,0,1,0
54.85,20.7,79.74,0.0,2.04,264.09,1,0,0.0,48.04333333333333,0.0,1.2288873,33.58,157.1,16,27,1,0,0,0,0,0,1,0,0,0,0,1,0,0,1,0
47.87,22.05,76.75,0.0,2.41,170.73,1,0,0.0,50.866666666666674,0.0,1.438040625,42.69,147.22,17,27,0,0,0,1,0,0,0,1,0,0,0,1,0,0,1,0
41.62,19.86,69.51,0.0,0.96,0.0,2,1,8.42,47.768333333333324,0.0,1.1661517619999997,42.69,147.22,18,27,0,0,0,1,1,0,0,0,0,0,0,1,0,0,1,0
42.95,19.47,64.15,0.0,2.82,41.81,0,0,0.0,46.87,0.0,1.2600876549999998,20.380000000000003,149.51,19,27,0,0,1,0,0,0,0,1,0,0,0,1,0,0,1,0
49.71,18.28,71.04,0.0,3.86,0.0,1,0,0.0,48.39166666666667,0.0,1.1204291839999998,42.69,155.64,20,27,0,0,0,1,1,0,0,0,0,1,0,0,0,0,0,1
50.54,18.5,80.47,0.0,4.0,0.0,2,0,0.0,47.39833333333333,0.0,1.07272097,20.380000000000003,149.51,21,27,0,0,1,0,0,1,0,0,0,1,0,0,0,0,0,1
45.13,16.75,69.39,0.0,2.09,65.2,0,0,0.0,48.19166666666667,0.0,0.884131115,20.380000000000003,149.51,22,27,0,0,1,0,0,1,0,0,0,0,0,1,0,0,1,0
45.78,14.18,61.55,4.51,3.47,0.0,2,0,0.0,49.11166666666667,0.0,0.76377085,38.089999999999996,157.1,23,27,1,0,0,0,0,1,0,0,0,0,0,1,0,0,1,0
40.53,13.33,72.41,0.0,1.58,27.92,2,1,9.12,46.415,0.0,0.5149663110000001,36.239999999999995,155.64,0,28,0,0,0,1,1,0,0,0,0,0,1,0,0,1,0,0
46.17,13.82,72.59,0.0,1.99,2.24,0,0,0.0,46.67499999999999,0.0,0.576655286,36.239999999999995,164.76,1,28,0,0,0,1,0,0,0,1,1,0,0,0,1,0,0,0
48.15,12.62,62.76,0.0,2.88,0.0,0,0,0.0,48.321666666666665,0.0,0.587864304,20.380000000000003,149.51,2,28,0,0,1,0,0,0,0,1,0,1,0,0,0,0,0,1
50.26,12.32,77.37,0.0,2.0,0.0,0,0,0.0,49.805,0.0,0.417491908,36.669999999999995,157.1,3,28,1,0,0,0,0,1,0,0,0,1,0,0,0,0,0,1
35.06,11.1,80.26,0.0,0.88,47.54,2,1,15.69,42.47,0.0,0.24832878,6.48,163.63,4,28,0,1,0,0,0,0,1,0,0,1,0,0,0,0,0,1
49.56,12.61,88.53,0.0,3.4,16.29,1,0,0.0,45.910000000000004,0.0,0.43277585100000004,25.46,164.76,5,28,0,0,0,1,0,0,0,1,0,0,1,0,0,1,0,0
52.33,18.74,61.28,0.0,1.41,21.04,2,0,0.0,49.94166666666666,0.0,1.1304377039999998,36.669999999999995,157.1,6,28,1,0,0,0,0,0,0,1,0,1,0,0,0,0,0,1
33.21,15.74,78.12,0.0,1.78,199.37,2,1,24.25,47.403333333333336,0.0,0.7005817759999999,36.669999999999995,157.1,7,28,1,0,0,0,0,0,1,0,0,0,1,0,0,1,0,0
55.97,20.61,75.88,6.02,3.67,336.97,1,0,0.0,47.26,0.0,1.3339025459999998,31.48,164.76,8,28,0,0,0,1,0,0,0,1,0,0,1,0,0,1,0,0
48.93,19.4,73.72,0.0,3.04,422.48,2,0,0.0,47.56,0.0,1.18111568,36.669999999999995,181.35,9,28,1,0,0,0,0,0,0,1,0,0,0,1,0,0,1,0
38.07,19.68,62.81,0.0,2.61,507.91,1,1,18.06,41.27,0.7299999999999969,1.2855473960000001,0.0,179.32,10,28,0,1,0,0,1,0,0,0,0,0,0,1,0,0,1,0
42.62,18.34,63.48,0.0,0.64,681.74,0,0,0.0,48.48500000000001,0.0,1.028799024,20.380000000000003,149.51,11,28,0,0,1,0,0,0,1,0,0,0,0,1,0,0,1,0
47.9,21.23,69.3,0.0,1.0,657.28,0,0,0.0,41.87,0.13000000000000256,1.3336967000000002,0.0,197.38,12,28,0,1,0,0,1,0,0,0,0,0,0,1,0,0,1,0
42.2,24.46,66.66,0.0,2.88,630.63,0,0,0.0,45.451666666666675,0.0,1.8735412120000001,36.669999999999995,181.35,13,28,1,0,0,0,1,0,0,0,0,1,0,0,0,0,0,1
43.2,24.09,62.41,0.0,3.16,626.08,2,0,0.0,42.336666666666666,0.0,1.877697603,0.0,197.38,14,28,0,1,0,0,0,0,0,1,0,0,0,1,0,0,1,0
46.16,22.03,77.02,0.0,2.7,422.37,0,0,0.0,42.39833333333333,0.0,1.447573752,0.0,197.38,15,28,0,1,0,0,0,1,0,0,0,0,0,1,0,0,1,0
39.19,19.5,67.2,0.0,1.83,236.68,4,1,13.37,44.35333333333333,0.0,1.1878961999999997,36.669999999999995,181.35,16,28,1,0,0,0,0,1,0,0,0,0,0,1,0,0,1,0
39.69,19.15,57.02,0.0,1.79,104.83,1,1,11.32,42.59166666666667,0.0,1.2323782799999998,36.669999999999995,194.72,17,28,1,0,0,0,0,1,0,0,0,1,0,0,0,0,0,1
47.35,18.48,69.25,0.0,2.66,0.0,1,0,0.0,41.76166666666666,0.23833333333333684,1.09719542,36.669999999999995,206.04,18,28,1,0,0,0,0,0,0,1,0,1,0,0,0,0,0,1
49.74,20.71,72.39,0.0,0.9,4.1,0,0,0.0,48.61333333333334,0.0,1.238166883,28.55,164.76,19,28,0,0,0,1,0,0,0,1,0,0,1,0,0,1,0,0
46.97,20.21,71.83,0.0,2.51,48.71,0,0,0.0,48.156666666666666,0.0,1.2643594210000002,28.55,164.76,20,28,0,0,0,1,0,0,0,1,0,0,0,1,0,0,1,0
51.77,17.02,74.33,0.0,0.73,29.51,1,0,0.0,43.69333333333333,0.0,0.804284482,0.0,197.38,21,28,0,1,0,0,0,1,0,0,0,0,0,1,0,0,1,0
56.07,15.3,83.82,5.01,1.14,0.0,1,0,0.0,50.74666666666667,0.0,0.5836673400000001,33.56,164.76,22,28,0,0,0,1,1,0,0,0,0,0,1,0,0,1,0,0
54.17,17.25,63.99,0.0,2.61,98.02,2,0,0.0,45.254999999999995,0.0,1.005253365,36.669999999999995,206.04,23,28,1,0,0,0,0,1,0,0,0,1,0,0,0,0,0,1
45.25,12.91,72.3,0.0,3.1,0.0,1,0,0.0,44.64166666666666,0.0,0.5561954400000001,36.669999999999995,206.04,0,29,1,0,0,0,0,1,0,0,0,1,0,0,0,0,0,1
46.17,14.06,85.17,0.0,2.81,42.97,0,0,0.0,45.544999999999995,0.0,0.546679954,0.0,197.38,1,29,0,1,0,0,1,0,0,0,0,1,0,0,0,0,0,1
47.82,14.54,60.2,0.51,1.06,19.11,2,0,0.0,45.57833333333334,0.0,0.6867346400000001,31.4,206.04,2,29,1,0,0,0,0,1,0,0,1,0,0,0,1,0,0,0
58.53,12.69,75.07,9.33,0.15,0.19,2,0,0.0,48.80166666666667,0.0,0.37096824100000003,40.73,206.04,3,29,1,0,0,0,0,0,0,1,0,0,1,0,0,1,0,0
40.98,13.43,83.46,0.0,2.39,0.0,3,1,6.51,49.01666666666667,0.0,0.484678636,40.73,206.04,4,29,1,0,0,0,1,0,0,0,0,1,0,0,0,0,0,1
40.34,13.95,82.94,0.0,0.12,0.0,4,1,6.53,45.92333333333334,0.0,0.4190293999999999,0.0,197.38,5,29,0,1,0,0,0,0,1,0,0,1,0,0,0,0,0,1
42.05,17.97,75.84,0.0,3.53,0.0,1,0,0.0,48.13333333333333,0.0,1.0309666059999998,38.69,212.55,6,29,1,0,0,0,0,0,0,1,0,1,0,0,0,0,0,1
55.17,19.68,74.65,0.0,1.1,162.41,0,0,0.0,52.24666666666667,0.0,1.10798186,33.56,164.76,7,29,0,0,0,1,0,0,1,0,0,0,0,1,0,0,1,0
53.91,18.02,63.9,0.0,5.08,276.41,1,0,0.0,48.089999999999996,0.0,1.21214918,38.69,212.55,8,29,1,0,0,0,1,0,0,0,0,0,0,1,0,0,1,0
48.02,18.48,80.43,2.71,1.25,517.3,2,0,0.0,45.943333333333335,0.0,0.933405028,2.71,203.91,9,29,0,1,0,0,0,0,0,1,0,1,0,0,0,0,0,1
42.67,18.94,62.04,0.0,2.96,566.31,2,0,0.0,51.09833333333333,0.0,1.224217472,33.56,164.76,10,29,0,0,0,1,0,0,1,0,0,1,0,0,0,0,0,1
46.66,20.68,61.08,7.02,1.52,701.1,2,0,0.0,49.54666666666666,0.0,1.3656802880000003,35.75,164.76,11,29,0,0,0,1,0,0,0,1,1,0,0,0,1,0,0,0
39.77,20.48,71.93,0.0,2.2,634.75,4,1,13.78,45.37166666666667,0.0,1.2798406279999999,2.71,203.91,12,29,0,1,0,0,0,0,0,1,0,0,0,1,0,0,1,0
43.31,21.56,64.9,1.46,2.62,607.18,0,0,0.0,48.475,0.0,1.4952569599999999,37.21,164.76,13,29,0,0,0,1,0,0,0,1,0,0,1,0,0,1,0,0
42.51,22.46,69.08,0.0,3.43,583.6,1,0,0.0,45.31666666666666,0.0,1.6115840960000003,20.380000000000003,149.51,14,29,0,0,1,0,0,1,0,0,0,0,0,1,0,0,1,0
41.85,21.1,71.74,0.0,3.62,450.54,2,0,0.0,47.52333333333333,0.0,1.4269592200000003,19.86,212.55,15,29,1,0,0,0,1,0,0,0,0,0,0,1,0,0,1,0
45.75,21.02,81.23,0.0,3.27,359.06,2,0,0.0,45.78333333333333,0.0,1.315021542,20.380000000000003,149.51,16,29,0,0,1,0,0,0,0,1,0,1,0,0,0,0,0,1
48.54,20.39,72.32,0.0,3.65,218.57,1,0,0.0,48.73666666666667,0.0,1.3382592460000002,34.32,164.76,17,29,0,0,0,1,0,0,1,0,0,0,1,0,0,1,0,0
46.83,19.37,65.78,3.23,1.66,38.47,0,0,0.0,47.196666666666665,0.0,1.176600872,37.550000000000004,164.76,18,29,0,0,0,1,0,0,0,1,0,1,0,0,0,0,0,1
51.82,18.22,75.76,0.0,3.18,47.75,2,0,0.0,46.63833333333333,0.0,1.0408128239999996,37.550000000000004,164.76,19,29,0,0,0,1,0,0,0,1,0,0,1,0,0,1,0,0
46.35,18.99,64.59,0.0,1.99,28.62,2,0,0.0,47.251666666666665,0.0,1.1598356269999999,37.550000000000004,164.76,20,29,0,0,0,1,0,1,0,0,1,0,0,0,1,0,0,0
49.05,14.15,80.67,0.0,3.58,0.0,1,0,0.0,47.65,0.0,0.626009255,37.550000000000004,164.76,21,29,0,0,0,1,0,1,0,0,0,0,1,0,0,1,0,0
42.39,18.21,71.49,0.0,2.54,39.9,1,0,0.0,44.74333333333334,0.0,1.043105203,2.71,217.69,22,29,0,1,0,0,0,1,0,0,0,0,1,0,0,1,0,0
47.31,15.22,76.23,0.0,3.14,24.42,2,0,0.0,45.245000000000005,0.0,0.7339617620000001,20.380000000000003,149.51,23,29,0,0,1,0,0,0,1,0,0,1,0,0,0,0,0,1
46.83,15.38,60.83,0.0,2.75,0.0,0,0,0.0,47.35833333333333,0.0,0.8469912580000001,19.86,212.55,0,30,1,0,0,0,0,1,0,0,0,1,0,0,0,0,0,1
51.88,15.16,57.72,0.0,3.31,0.0,2,0,0.0,46.25,0.0,0.877185504,19.86,212.55,1,30,1,0,0,0,0,0,0,1,0,0,0,1,0,0,1,0
47.79,12.87,64.79,0.0,1.43,0.0,0,0,0.0,44.080000000000005,0.0,0.5223275309999998,2.71,217.69,2,30,0,1,0,0,0,0,0,1,0,0,0,1,0,0,1,0
48.78,12.7,87.66,0.0,0.51,38.9,2,0,0.0,44.51499999999999,0.0,0.30147009999999996,2.71,217.69,3,30,0,1,0,0,1,0,0,0,0,0,0,1,0,0,1,0
41.85,12.92,67.23,0.0,3.59,4.09,2,0,0.0,46.395,0.0,0.617355232,14.35,212.55,4,30,1,0,0,0,0,1,0,0,1,0,0,0,1,0,0,0
50.46,14.73,78.94,0.0,4.01,0.0,0,0,0.0,47.79666666666666,0.0,0.711962684,14.35,212.55,5,30,1,0,0,0,1,0,0,0,0,0,1,0,0,1,0,0
38.09,16.98,67.52,0.0,2.26,0.0,3,1,14.05,44.14000000000001,0.0,0.9311786320000001,2.71,217.69,6,30,0,1,0,0,1,0,0,0,0,0,0,1,0,0,1,0
41.59,16.02,71.1,0.0,3.37,155.87,1,0,0.0,43.068333333333335,0.0,0.8615732599999999,2.71,231.74,7,30,0,1,0,0,0,1,0,0,0,1,0,0,0,0,0,1
45.85,18.85,70.21,0.0,0.44,284.26,1,0,0.0,44.08166666666667,0.0,1.0191255550000002,2.71,231.74,8,30,0,1,0,0,1,0,0,0,0,0,0,1,0,0,1,0
38.66,15.42,84.77,0.0,1.65,487.45,3,1,11.85,45.254999999999995,0.0,0.612986858,14.35,212.55,9,30,1,0,0,0,0,0,1,0,0,0,0,1,0,0,1,0
61.27,19.36,74.21,11.93,2.5,527.31,2,0,0.0,47.22833333333333,0.0,1.145402452,14.64,231.74,10,30,0,1,0,0,0,0,0,1,0,0,0,1,0,0,1,0
39.78,22.51,70.29,0.0,0.32,630.22,4,1,14.07,44.91,0.0,1.4512899530000003,14.35,224.4,11,30,1,0,0,0,0,0,0,1,0,0,0,1,0,0,1,0
46.27,21.14,77.76,0.0,0.56,635.69,0,0,0.0,45.435,0.0,1.224906568,20.380000000000003,149.51,12,30,0,0,1,0,0,0,0,1,0,1,0,0,0,0,0,1
43.57,20.55,64.72,0.0,2.59,654.67,2,0,0.0,44.67166666666666,0.0,1.3712499900000001,20.380000000000003,149.51,13,30,0,0,1,0,0,0,0,1,0,0,1,0,0,1,0,0
49.17,20.95,76.32,0.0,1.67,550.95,1,0,0.0,45.300000000000004,0.0,1.2704667499999998,14.35,238.47,14,30,1,0,0,0,0,0,1,0,0,0,0,1,0,0,1,0
53.74,17.26,78.1,0.0,1.98,424.4,0,0,0.0,45.60999999999999,0.0,0.8610291000000002,9.84,238.47,15,30,1,0,0,0,0,1,0,0,0,0,1,0,0,1,0,0
45.67,19.88,75.93,0.0,1.91,359.63,1,0,0.0,46.24666666666667,0.0,1.1603405679999996,9.84,238.47,16,30,1,0,0,0,0,1,0,0,0,1,0,0,0,0,0,1
41.75,22.35,66.64,0.0,0.86,139.32,2,0,0.0,47.38999999999999,0.0,1.4915236700000003,26.83,164.76,17,30,0,0,0,1,0,1,0,0,0,1,0,0,0,0,0,1
46.13,19.06,67.29,0.0,2.14,5.41,1,0,0.0,46.98833333333334,0.0,1.1523975179999997,26.83,164.76,18,30,0,0,0,1,0,0,0,1,0,0,0,1,0,0,1,0
39.8,18.27,64.89,0.0,2.38,44.58,4,1,13.08,45.81666666666666,0.0,1.0963635409999997,26.83,164.76,19,30,0,0,0,1,0,1,0,0,1,0,0,0,1,0,0,0
43.94,14.44,68.4,0.0,1.7,0.0,1,0,0.0,45.16,0.0,0.6485552,9.84,238.47,20,30,1,0,0,0,0,0,1,0,0,0,1,0,0,1,0,0
56.56,14.45,67.62,0.0,1.8,0.0,2,0,0.0,46.995000000000005,0.0,0.6602573999999999,20.380000000000003,149.51,21,30,0,0,1,0,0,0,0,1,0,1,0,0,0,0,0,1
43.21,17.72,73.99,0.0,2.16,0.0,2,0,0.0,46.465,0.0,0.9511844159999999,14.64,231.74,22,30,0,1,0,0,0,0,1,0,0,0,0,1,0,0,1,0
45.73,16.03,71.18,0.0,3.38,4.6,1,0,0.0,46.33833333333333,0.0,0.862433808,9.84,238.47,23,30,1,0,0,0,0,0,1,0,0,0,1,0,0,1,0,0
43.39,12.61,78.53,0.0,2.29,0.0,2,0,0.0,45.56666666666666,0.0,0.447218851,14.64,231.74,0,31,0,1,0,0,0,0,0,1,0,0,0,1,0,0,1,0
42.14,13.21,78.44,0.0,0.09,32.21,2,0,0.0,44.20333333333334,0.0,0.3872192180000001,26.83,177.84,1,31,0,0,0,1,1,0,0,0,0,0,1,0,0,1,0,0
46.57,13.98,67.0,0.0,0.97,0.0,0,0,0.0,44.24,0.0,0.5806243200000001,22.74,177.84,2,31,0,0,0,1,0,1,0,0,0,0,0,1,0,0,1,0
37.8,12.37,68.08,0.0,3.52,44.6,1,1,14.78,45.51833333333334,0.0,0.561952742,14.64,231.74,3,31,0,1,0,0,0,1,0,0,0,0,1,0,0,1,0,0
43.31,11.55,74.76,0.0,1.58,56.16,2,0,0.0,43.28333333333333,0.0,0.35401537,22.74,177.84,4,31,0,0,0,1,0,0,0,1,0,0,0,1,0,0,1,0
37.34,14.96,68.21,0.0,2.29,8.98,3,1,14.42,44.81,0.0,0.7277573720000002,14.64,246.52,5,31,0,1,0,0,1,0,0,0,0,0,0,1,0,0,1,0
51.83,16.88,65.93,0.0,4.71,0.0,2,0,0.0,48.346666666666664,0.0,1.0560322679999998,9.84,238.47,6,31,1,0,0,0,0,1,0,0,0,1,0,0,0,0,0,1
49.03,17.88,83.17,0.0,3.16,166.79,2,0,0.0,45.34,0.0,0.9427780319999999,14.64,260.94,7,31,0,1,0,0,0,0,0,1,0,0,0,1,0,0,1,0
40.24,19.34,59.4,0.0,0.0,320.63,1,1,12.18,46.61666666666667,0.0,1.1446548,20.380000000000003,149.51,8,31,0,0,1,0,0,1,0,0,0,0,1,0,0,1,0,0
34.79,16.73,86.38,0.0,4.13,521.65,3,1,23.75,45.949999999999996,0.0,0.8491585480000001,9.84,238.47,9,31,1,0,0,0,0,0,1,0,0,1,0,0,0,0,0,1
51.49,20.11,65.11,2.77,2.58,559.31,1,0,0.0,45.574999999999996,0.0,1.3147376069999999,12.61,262.22,10,31,1,0,0,0,0,0,1,0,0,0,0,1,0,0,1,0
43.82,20.45,76.14,0.0,2.84,676.25,1,0,0.0,46.294999999999995,0.0,1.2712470999999999,20.380000000000003,161.69,11,31,0,0,1,0,0,0,0,1,0,0,0,1,0,0,1,0
55.24,21.36,74.59,0.0,2.77,653.9,2,0,0.0,45.531666666666666,0.0,1.390535268,22.74,177.84,12,31,0,0,0,1,0,0,1,0,0,0,1,0,0,1,0,0
51.01,21.57,72.66,0.0,3.5,629.46,2,0,0.0,46.345,0.0,1.470241504,22.74,177.84,13,31,0,0,0,1,0,0,0,1,0,1,0,0,0,0,0,1
82.93,21.03,80.41,19.87,2.3,550.51,1,0,0.0,48.949999999999996,0.0,1.275034601,34.510000000000005,260.94,14,31,0,1,0,0,0,0,0,1,0,0,1,0,0,1,0,0
41.33,17.36,64.13,0.0,0.62,450.48,1,1,7.46,44.85166666666666,0.0,0.9162619959999999,12.61,262.22,15,31,1,0,0,0,0,0,0,1,1,0,0,0,1,0,0,0
42.65,23.23,65.92,0.0,2.79,356.14,2,0,0.0,44.63666666666666,0.0,1.7096114219999996,12.61,269.68,16,31,1,0,0,0,1,0,0,0,0,0,1,0,0,1,0,0
45.46,21.35,62.55,0.0,0.74,142.66,1,0,0.0,45.98666666666667,0.0,1.3962292750000003,20.380000000000003,161.69,17,31,0,0,1,0,0,0,1,0,0,1,0,0,0,0,0,1
45.71,17.8,59.49,0.0,4.58,33.59,1,0,0.0,44.63333333333333,0.0,1.1993598800000003,12.61,269.68,18,31,1,0,0,0,0,0,1,0,0,1,0,0,0,0,0,1
40.38,19.77,65.16,0.0,1.97,50.43,4,1,13.47,46.44166666666666,0.0,1.243791394,22.74,177.84,19,31,0,0,0,1,0,0,1,0,0,0,0,1,0,0,1,0
37.08,17.35,84.83,0.0,2.34,0.0,4,1,17.65,45.598333333333336,0.0,0.8338526150000002,22.74,191.31,20,31,0,0,0,1,1,0,0,0,1,0,0,0,1,0,0,0
53.53,16.36,71.3,0.0,1.59,42.28,2,0,0.0,46.75833333333333,0.0,0.8046826399999999,22.74,208.95999999999998,21,31,0,0,0,1,0,1,0,0,0,0,1,0,0,1,0,0
44.04,14.87,87.59,0.0,2.81,36.69,2,0,0.0,43.335,0.0,0.5996866509999998,12.61,269.68,22,31,1,0,0,0,1,0,0,0,0,0,1,0,0,1,0,0
63.72,16.0,87.4,9.86,2.95,30.42,0,0,0.0,48.895,0.0,0.7118924,30.240000000000002,161.69,23,31,0,0,1,0,0,0,1,0,0,0,0,1,0,0,1,0
39.55,13.45,95.8,0.0,1.59,0.0,2,1,13.24,46.13166666666667,0.0,0.35765624999999995,16.72,208.95999999999998,0,32,0,0,0,1,0,0,0,1,0,0,1,0,0,1,0,0
50.66,12.61,88.85,0.0,2.94,0.0,1,0,0.0,50.07666666666666,0.0,0.40753767499999993,30.240000000000002,161.69,1,32,0,0,1,0,0,1,0,0,0,0,0,1,0,0,1,0
49.01,15.81,89.46,0.0,2.48,0.0,2,0,0.0,45.70499999999999,0.0,0.6546077920000001,12.1,269.68,2,32,1,0,0,0,0,0,1,0,0,0,0,1,0,0,1,0
44.1,13.98,76.69,0.0,2.28,73.17,1,0,0.0,48.0,0.0,0.5752962340000001,16.509999999999998,161.69,3,32,0,0,1,0,1,0,0,0,1,0,0,0,1,0,0,0
49.56,14.43,75.65,2.63,1.5,0.0,1,0,0.0,49.553333333333335,0.0,0.583895585,19.14,161.69,4,32,0,0,1,0,1,0,0,0,0,0,0,1,0,0,1,0
50.55,16.33,74.6,2.98,5.18,0.0,2,0,0.0,50.17333333333334,0.0,0.9552861299999998,37.49,260.94,5,32,0,1,0,0,0,0,1,0,1,0,0,0,1,0,0,0
44.24,15.12,73.51,0.0,3.82,0.0,2,0,0.0,44.29833333333334,0.0,0.779237604,16.72,222.2,6,32,0,0,0,1,1,0,0,0,0,0,0,1,0,0,1,0
46.52,16.38,73.54,0.0,3.27,134.22,1,0,0.0,50.69499999999999,0.0,0.8730699639999998,37.49,260.94,7,32,0,1,0,0,0,1,0,0,0,0,0,1,0,0,1,0
45.6,18.58,76.01,0.0,3.75,301.05,1,0,0.0,51.995000000000005,0.0,1.1061568459999997,37.49,260.94,8,32,0,1,0,0,0,0,0,1,0,1,0,0,0,0,0,1
42.83,16.84,68.87,0.0,2.76,472.27,1,0,0.0,42.935,0.0,0.930975416,16.72,222.2,9,32,0,0,0,1,0,0,1,0,0,0,1,0,0,1,0,0
37.85,20.45,59.6,0.0,1.98,513.07,3,1,15.33,43.43166666666667,0.0,1.3737577499999998,2.77,269.68,10,32,1,0,0,0,0,0,0,1,0,1,0,0,0,0,0,1
43.55,19.81,72.3,0.0,0.0,604.55,2,0,0.0,49.50833333333333,0.0,1.0882077399999999,19.14,161.69,11,32,0,0,1,0,1,0,0,0,0,0,0,1,0,0,1,0
53.12,22.86,62.46,3.17,0.94,584.87,0,0,0.0,45.39666666666667,0.0,1.6007080519999994,5.9399999999999995,285.01,12,32,1,0,0,0,0,0,0,1,0,1,0,0,0,0,0,1
47.01,22.8,63.23,0.0,5.0,676.92,2,0,0.0,49.76666666666666,0.0,1.7886222600000001,19.14,161.69,13,32,0,0,1,0,0,0,1,0,0,0,0,1,0,0,1,0
50.19,22.74,66.41,0.0,3.79,566.64,1,0,0.0,54.13666666666666,0.0,1.6906029579999995,37.49,260.94,14,32,0,1,0,0,0,1,0,0,0,1,0,0,0,0,0,1
50.71,19.57,67.34,0.0,2.64,470.48,2,0,0.0,46.74,0.0,1.2352670360000002,5.9399999999999995,285.01,15,32,1,0,0,0,0,0,0,1,0,1,0,0,0,0,0,1
47.11,21.43,76.23,0.0,0.51,286.85,1,0,0.0,53.81666666666667,0.0,1.271291803,37.49,260.94,16,32,0,1,0,0,0,0,0,1,0,0,0,1,0,0,1,0
44.52,19.18,69.09,0.0,3.16,208.88,1,0,0.0,46.541666666666664,0.0,1.2016976339999998,5.9399999999999995,285.01,17,32,1,0,0,0,0,1,0,0,1,0,0,0,1,0,0,0
45.29,20.06,77.67,0.0,2.07,52.61,1,0,0.0,43.75333333333333,0.0,1.173949854,11.709999999999999,222.2,18,32,0,0,0,1,0,0,0,1,0,0,1,0,0,1,0,0
40.68,15.68,74.5,0.0,3.24,2.34,4,1,13.6,44.35333333333333,0.0,0.7957429200000001,11.709999999999999,222.2,19,32,0,0,0,1,0,0,1,0,0,0,1,0,0,1,0,0
47.54,15.81,72.34,0.0,1.07,0.0,0,0,0.0,47.06999999999999,0.0,0.716450528,19.14,161.69,20,32,0,0,1,0,0,0,1,0,0,1,0,0,0,0,0,1
50.14,18.86,71.62,0.0,1.81,19.33,0,0,0.0,43.788333333333334,0.0,1.0768519639999998,11.709999999999999,235.79999999999998,21,32,0,0,0,1,0,0,0,1,0,0,1,0,0,1,0,0
48.72,16.67,63.22,0.0,3.46,25.72,2,0,0.0,47.321666666666665,0.0,0.9933997880000002,5.9399999999999995,285.01,22,32,1,0,0,0,0,0,0,1,0,0,1,0,0,1,0,0
50.87,14.76,65.11,2.55,4.71,30.46,1,0,0.0,47.105,0.0,0.853251112,21.689999999999998,161.69,23,32,0,0,1,0,0,1,0,0,0,0,0,1,0,0,1,0
57.56,13.38,80.84,8.49,1.61,23.24,1,0,0.0,49.58833333333334,0.0,0.4602973440000001,45.980000000000004,260.94,0,33,0,1,0,0,1,0,0,0,0,1,0,0,0,0,0,1
48.85,12.72,82.36,3.98,1.2,33.74,1,0,0.0,47.89666666666667,0.0,0.374758864,25.669999999999998,161.69,1,33,0,0,1,0,0,0,0,1,0,0,0,1,0,0,1,0
42.65,14.51,64.53,0.0,3.63,0.0,1,0,0.0,46.26166666666666,0.0,0.7802398409999999,5.9399999999999995,285.01,2,33,1,0,0,0,1,0,0,0,0,1,0,0,0,0,0,1
42.11,13.83,63.9,1.29,0.89,31.92,1,0,0.0,44.214999999999996,0.0,0.5857525600000001,5.98,235.79999999999998,3,33,0,0,0,1,0,1,0,0,0,0,0,1,0,0,1,0
44.79,17.07,68.19,0.0,0.97,0.0,1,0,0.0,48.62833333333333,0.0,0.8706404510000002,45.980000000000004,260.94,4,33,0,1,0,0,0,1,0,0,0,0,1,0,0,1,0,0
29.42,15.11,83.21,0.0,2.72,0.0,2,1,26.76,44.85666666666666,0.0,0.649879777,5.9399999999999995,285.01,5,33,1,0,0,0,0,1,0,0,0,1,0,0,0,0,0,1
40.7,16.3,74.11,0.0,4.9,0.0,3,1,8.48,43.625,0.0,0.94216427,4.52,235.79999999999998,6,33,0,0,0,1,0,1,0,0,0,0,0,1,0,0,1,0
43.72,15.09,68.1,0.0,1.38,148.85,2,0,0.0,43.77333333333333,0.0,0.69535716,4.52,244.28,7,33,0,0,0,1,1,0,0,0,0,0,0,1,0,0,1,0
55.87,17.67,61.29,0.0,1.96,333.44,1,0,0.0,48.94833333333333,0.0,1.0395263210000003,19.019999999999996,161.69,8,33,0,0,1,0,0,0,1,0,0,0,0,1,0,0,1,0
43.37,19.51,65.2,0.0,2.53,488.95,2,0,0.0,48.10333333333333,0.0,1.2412108700000002,45.980000000000004,260.94,9,33,0,1,0,0,0,0,1,0,0,1,0,0,0,0,0,1
43.54,19.65,64.62,0.0,1.83,569.66,0,0,0.0,48.94666666666666,0.0,1.2274483799999998,19.019999999999996,161.69,10,33,0,0,1,0,0,0,1,0,0,0,1,0,0,1,0,0
39.15,20.31,75.9,0.0,0.28,698.15,4,1,12.61,42.75,0.0,1.12894616,1.29,244.28,11,33,0,0,0,1,0,0,0,1,0,0,0,1,0,0,1,0
51.9,22.17,74.96,0.0,3.36,631.62,0,0,0.0,44.62,0.0,1.516995494,1.29,256.89,12,33,0,0,0,1,0,1,0,0,0,1,0,0,0,0,0,1
39.01,24.35,58.77,0.0,2.62,558.28,1,1,14.87,42.505,0.0,1.9218649850000002,5.9399999999999995,311.77,13,33,1,0,0,0,0,0,0,1,0,1,0,0,0,0,0,1
53.43,22.43,72.93,0.0,2.84,572.65,1,0,0.0,49.40833333333333,0.0,1.542611473,45.980000000000004,260.94,14,33,0,1,0,0,0,0,0,1,0,0,0,1,0,0,1,0
39.56,23.79,71.12,0.0,2.23,440.55,4,1,17.63,47.63666666666666,0.0,1.7068674459999997,43.27,260.94,15,33,0,1,0,0,0,0,0,1,0,1,0,0,0,0,0,1
47.95,22.61,59.26,0.0,4.22,287.0,0,0,0.0,49.10333333333333,0.0,1.7616610119999996,19.019999999999996,161.69,16,33,0,0,1,0,0,0,0,1,1,0,0,0,1,0,0,0
42.94,22.67,66.88,0.0,1.79,157.82,1,0,0.0,41.21,0.7899999999999991,1.577120542,5.9399999999999995,326.64,17,33,1,0,0,0,0,1,0,0,0,0,0,1,0,0,1,0
40.4,19.3,72.55,0.0,1.11,0.0,2,1,8.31,46.51833333333334,0.0,1.0832998500000004,43.27,278.57,18,33,0,1,0,0,0,1,0,0,0,0,0,1,0,0,1,0
48.24,18.94,71.59,0.0,4.4,0.0,0,0,0.0,41.830000000000005,0.1699999999999946,1.2155180620000001,5.9399999999999995,326.64,19,33,1,0,0,0,0,0,1,0,0,0,1,0,0,1,0,0
49.82,17.91,59.3,0.0,0.0,53.29,1,0,0.0,42.013333333333335,0.0,0.98395334,5.9399999999999995,326.64,20,33,1,0,0,0,0,0,0,1,0,0,0,1,0,0,1,0
42.24,17.99,72.12,0.0,2.22,4.35,1,1,8.73,43.964999999999996,0.0,0.9982126259999999,43.27,286.88,21,33,0,1,0,0,0,0,1,0,0,0,0,1,0,0,1,0
52.07,17.4,76.13,5.02,2.31,0.0,1,0,0.0,45.178333333333335,0.0,0.90785552,48.29,295.61,22,33,0,1,0,0,0,0,1,0,0,1,0,0,0,0,0,1
45.14,15.57,84.2,2.26,2.26,55.92,1,0,0.0,48.70333333333334,0.0,0.6617696500000001,21.279999999999998,161.69,23,33,0,0,1,0,0,1,0,0,0,0,1,0,0,1,0,0
44.24,16.16,67.99,0.0,0.54,0.0,0,0,0.0,42.278333333333336,0.0,0.7581689880000001,5.9399999999999995,326.64,0,34,1,0,0,0,0,1,0,0,0,0,0,1,0,0,1,0
37.63,13.6,70.9,0.0,0.98,0.0,3,1,14.01,42.535000000000004,0.0,0.5191521999999998,1.29,256.89,1,34,0,0,0,1,0,0,1,0,1,0,0,0,1,0,0,0
29.62,15.63,71.63,0.0,3.55,0.0,1,1,30.16,45.16166666666666,0.0,0.8285191630000002,21.28,161.69,2,34,0,0,1,0,0,0,1,0,0,1,0,0,0,0,0,1
33.72,15.97,74.87,0.0,4.06,0.0,1,1,24.07,42.64,0.0,0.861883093,21.28,191.85,3,34,0,0,1,0,1,0,0,0,0,0,0,1,0,0,1,0
41.95,15.86,73.59,0.0,1.9,0.0,2,0,0.0,42.50833333333333,0.0,0.7531304179999998,1.29,270.9,4,34,0,0,0,1,0,1,0,0,0,1,0,0,0,0,0,1
37.7,15.68,77.29,0.0,1.28,0.0,4,1,15.53,39.61166666666667,2.3883333333333283,0.6762588039999999,21.28,215.92000000000002,5,34,0,0,1,0,0,0,1,0,0,0,0,1,0,0,1,0
42.44,17.38,63.82,0.0,0.26,0.0,0,0,0.0,39.428333333333335,2.5716666666666654,0.9028921719999999,21.28,231.45000000000002,6,34,0,0,1,0,0,0,1,0,1,0,0,0,1,0,0,0
40.45,15.93,75.63,0.0,3.53,207.85,3,1,12.12,38.178333333333335,3.8216666666666654,0.8256034930000001,21.28,231.45000000000002,7,34,0,0,1,0,0,0,0,1,0,0,0,1,0,0,1,0
39.47,18.6,65.52,0.0,3.6,370.21,4,1,17.17,44.52833333333333,0.0,1.1886585600000004,48.29,295.61,8,34,0,1,0,0,1,0,0,0,0,1,0,0,0,0,0,1
39.74,19.79,68.76,0.0,0.0,482.71,4,1,11.89,37.278333333333336,4.721666666666664,1.1165056979999999,21.28,243.57,9,34,0,0,1,0,0,0,1,0,0,0,0,1,0,0,1,0
47.81,18.31,82.91,0.0,0.0,562.78,1,0,0.0,45.343333333333334,0.0,0.8321080069999999,5.9399999999999995,326.64,10,34,1,0,0,0,0,0,0,1,0,0,0,1,0,0,1,0
44.13,21.85,58.33,0.0,2.56,607.89,1,0,0.0,43.080000000000005,0.0,1.5886703150000003,1.29,270.9,11,34,0,0,0,1,1,0,0,0,0,1,0,0,0,0,0,1
50.76,19.9,67.73,0.0,2.72,663.59,1,0,0.0,47.30166666666667,0.0,1.27424217,5.9399999999999995,326.64,12,34,1,0,0,0,0,1,0,0,0,1,0,0,0,0,0,1
43.44,21.53,59.45,0.0,1.83,690.22,2,0,0.0,43.03333333333333,0.0,1.501303515,1.29,270.9,13,34,0,0,0,1,0,0,0,1,1,0,0,0,1,0,0,0
33.36,22.37,68.78,0.0,2.36,567.87,2,1,21.47,45.705000000000005,0.0,1.549321372,5.9399999999999995,326.64,14,34,1,0,0,0,0,0,0,1,0,1,0,0,0,0,0,1
37.68,21.07,76.08,0.0,2.1,443.45,1,1,16.16,41.903333333333336,0.09666666666666401,1.3085162620000002,48.29,312.78,15,34,0,1,0,0,0,0,0,1,0,1,0,0,0,0,0,1
43.46,21.89,69.27,0.0,2.43,319.48,2,0,0.0,39.585,2.414999999999999,1.4874273809999998,21.28,255.46,16,34,0,0,1,0,0,1,0,0,0,0,0,1,0,0,1,0
44.07,21.24,67.79,0.0,1.32,158.9,2,0,0.0,43.85333333333333,0.0,1.364482112,1.29,270.9,17,34,0,0,0,1,0,0,0,1,0,0,1,0,0,1,0,0
39.92,19.08,79.64,0.0,2.39,19.21,3,1,12.56,41.96333333333333,0.036666666666668846,1.0624035839999997,48.29,328.94,18,34,0,1,0,0,1,0,0,0,0,0,1,0,0,1,0,0
38.86,20.19,71.76,0.0,1.59,0.0,1,1,12.97,41.68,0.3200000000000003,1.2166242780000003,1.29,270.9,19,34,0,0,0,1,1,0,0,0,0,0,0,1,0,0,1,0
43.42,17.16,77.61,2.02,1.49,14.22,2,0,0.0,44.901666666666664,0.0,0.8302547920000002,7.96,348.11,20,34,1,0,0,0,0,0,1,0,1,0,0,0,1,0,0,0
42.08,20.7,74.04,0.0,0.16,19.89,0,0,0.0,40.97833333333333,1.0216666666666683,1.1853608,21.28,255.46,21,34,0,0,1,0,0,1,0,0,0,0,0,1,0,0,1,0
42.54,16.14,52.55,0.0,2.19,12.04,2,0,0.0,42.498333333333335,0.0,0.9592048700000001,1.29,283.87,22,34,0,0,0,1,0,0,1,0,0,0,0,1,0,0,1,0
37.29,13.72,74.09,0.0,3.36,0.0,3,1,17.41,41.72166666666667,0.2783333333333289,0.625522256,1.29,283.87,23,34,0,0,0,1,0,0,0,1,0,1,0,0,0,0,0,1
43.99,13.46,67.28,0.0,2.01,0.0,0,0,0.0,42.56166666666667,0.0,0.5845173360000001,48.29,341.5,0,35,0,1,0,0,0,1,0,0,0,0,1,0,0,1,0,0
48.21,16.26,66.79,2.38,1.98,0.0,1,0,0.0,43.556666666666665,0.0,0.8495563780000002,38.74,341.5,1,35,0,1,0,0,0,0,0,1,0,0,1,0,0,1,0,0
42.18,13.79,84.89,0.0,3.91,0.0,1,0,0.0,43.62833333333333,0.0,0.5806547569999999,7.96,348.11,2,35,1,0,0,0,0,0,0,1,0,0,0,1,0,0,1,0
44.93,12.49,72.98,3.15,3.63,0.0,2,0,0.0,41.855,0.14500000000000313,0.543211064,4.4399999999999995,301.28,3,35,0,0,0,1,0,0,1,0,0,0,0,1,0,0,1,0
52.81,16.22,85.87,3.75,4.48,43.52,0,0,0.0,43.68,0.0,0.8212517179999999,42.49,341.5,4,35,0,1,0,0,0,0,0,1,1,0,0,0,1,0,0,0
49.3,14.95,63.78,0.0,5.11,6.54,0,0,0.0,44.471666666666664,0.0,0.9011859,7.96,348.11,5,35,1,0,0,0,0,0,1,0,0,1,0,0,0,0,0,1
42.88,17.38,64.11,1.36,2.47,0.0,1,0,0.0,44.248333333333335,0.0,1.011045666,43.85,341.5,6,35,0,1,0,0,0,1,0,0,1,0,0,0,1,0,0,0
39.51,18.77,75.92,0.0,1.01,121.69,2,1,12.33,43.08833333333333,0.0,0.990692758,5.1899999999999995,348.11,7,35,1,0,0,0,1,0,0,0,0,0,1,0,0,1,0,0
44.97,18.82,68.16,0.0,1.77,367.17,2,0,0.0,42.12333333333333,0.0,1.0995489040000002,5.1899999999999995,360.44,8,35,1,0,0,0,0,1,0,0,0,0,1,0,0,1,0,0
36.77,23.03,69.32,0.0,3.09,453.32,3,1,18.93,44.096666666666664,0.0,1.6662470820000002,43.85,341.5,9,35,0,1,0,0,1,0,0,0,0,0,0,1,0,0,1,0
36.23,17.82,70.56,0.0,4.13,549.27,1,1,21.13,42.60166666666667,0.0,1.088351464,5.1899999999999995,360.44,10,35,1,0,0,0,0,0,1,0,0,1,0,0,0,0,0,1
39.35,20.01,68.6,0.0,1.14,667.35,1,1,9.2,41.17333333333333,0.826666666666668,1.2005634500000002,4.4399999999999995,301.28,11,35,0,0,0,1,1,0,0,0,0,1,0,0,0,0,0,1
55.31,21.48,66.28,6.21,2.71,644.7,1,0,0.0,43.04666666666666,0.0,1.477289088,10.65,310.48,12,35,0,0,0,1,0,0,1,0,0,0,1,0,0,1,0,0
37.17,25.66,66.33,0.0,1.45,586.02,2,1,19.03,43.63833333333334,0.0,1.9744008660000003,43.85,360.43,13,35,0,1,0,0,0,0,0,1,0,1,0,0,0,0,0,1
41.8,25.1,70.01,0.0,2.22,523.45,1,1,8.14,43.27333333333333,0.0,1.8968283300000002,43.85,379.46,14,35,0,1,0,0,1,0,0,0,0,0,0,1,0,0,1,0
54.44,24.2,77.54,12.26,2.21,481.58,2,0,0.0,44.31166666666667,0.0,1.6991835999999998,36.24,387.6,15,35,0,1,0,0,0,0,0,1,0,1,0,0,0,0,0,1
45.6,20.68,67.64,0.0,2.86,396.03,0,0,0.0,42.295,0.0,1.3746216640000002,21.28,255.46,16,35,0,0,1,0,0,0,0,1,1,0,0,0,1,0,0,0
49.71,20.22,66.67,0.0,4.84,197.62,2,0,0.0,43.794999999999995,0.0,1.427155638,33.260000000000005,387.6,17,35,0,1,0,0,0,0,0,1,0,1,0,0,0,0,0,1
52.41,19.16,66.61,8.04,2.97,0.0,0,0,0.0,45.305,0.0,1.2110149920000002,18.689999999999998,310.48,18,35,0,0,0,1,0,0,1,0,0,0,0,1,0,0,1,0
44.7,18.26,81.28,0.0,1.88,0.0,1,0,0.0,45.665,0.0,0.934327816,18.689999999999998,310.48,19,35,0,0,0,1,0,0,1,0,0,1,0,0,0,0,0,1
41.42,20.64,73.92,0.0,1.69,1.7,4,1,8.92,46.35333333333333,0.0,1.255782176,18.689999999999998,310.48,20,35,0,0,0,1,0,0,1,0,0,0,1,0,0,1,0,0
42.98,17.0,58.7,0.0,2.17,0.0,0,0,0.0,43.81166666666667,0.0,0.9993451999999998,33.260000000000005,387.6,21,35,0,1,0,0,1,0,0,0,1,0,0,0,1,0,0,0
42.66,16.24,59.01,0.81,1.35,0.82,2,0,0.0,44.79333333333333,0.0,0.8769609879999999,34.07,387.6,22,35,0,1,0,0,0,0,1,0,0,0,0,1,0,0,1,0
40.9,16.74,66.4,0.0,2.57,20.44,4,1,12.68,45.681666666666665,0.0,0.9308641999999998,18.689999999999998,319.4,23,35,0,0,0,1,0,0,1,0,0,1,0,0,0,0,0,1
38.23,12.54,77.18,0.0,0.0,62.05,3,1,10.64,41.593333333333334,0.4066666666666663,0.33648880399999986,21.28,255.46,0,36,0,0,1,0,0,0,1,0,0,0,0,1,0,0,1,0
36.92,14.72,73.59,0.0,2.15,38.18,4,1,12.98,41.51833333333333,0.48166666666666913,0.658073356,5.1899999999999995,381.57,1,36,1,0,0,0,1,0,0,0,0,1,0,0,0,0,0,1
47.87,12.86,78.92,0.0,2.24,67.55,1,0,0.0,47.10166666666667,0.0,0.462333424,18.689999999999998,332.08,2,36,0,0,0,1,0,0,0,1,0,1,0,0,0,0,0,1
33.96,14.2,73.01,0.0,1.01,58.82,3,1,16.66,44.25833333333333,0.0,0.5582663999999999,34.07,387.6,3,36,0,1,0,0,0,0,0,1,0,0,0,1,0,0,1,0
42.25,14.16,84.05,0.0,1.94,48.81,3,1,7.86,44.333333333333336,0.0,0.52003854,34.07,404.26,4,36,0,1,0,0,0,0,1,0,0,0,1,0,0,1,0,0
42.0,14.72,79.23,0.0,3.74,0.92,0,0,0.0,42.26,0.0,0.6953884120000001,25.580000000000002,412.12,5,36,0,1,0,0,0,1,0,0,0,1,0,0,0,0,0,1
54.69,16.84,72.67,7.01,3.83,12.07,0,0,0.0,43.09,0.0,0.9542000560000001,32.589999999999996,412.12,6,36,0,1,0,0,0,1,0,0,0,1,0,0,0,0,0,1
45.62,17.8,79.38,0.0,1.76,109.78,0,0,0.0,43.53,0.0,0.8955005600000002,32.589999999999996,412.12,7,36,0,1,0,0,0,1,0,0,0,0,0,1,0,0,1,0
40.43,18.17,59.52,0.0,3.03,329.56,4,1,9.56,44.62166666666667,0.0,1.162307358,18.689999999999998,332.08,8,36,0,0,0,1,0,1,0,0,1,0,0,0,1,0,0,0
45.53,20.09,68.93,0.0,0.6,479.44,2,0,0.0,42.07666666666667,0.0,1.180078959,5.1899999999999995,394.55,9,36,1,0,0,0,0,0,1,0,1,0,0,0,1,0,0,0
52.18,19.2,71.2,0.0,2.04,553.0,0,0,0.0,44.583333333333336,0.0,1.130008,18.689999999999998,341.64,10,36,0,0,0,1,0,0,0,1,0,0,1,0,0,1,0,0
41.47,22.35,71.93,0.0,2.68,573.89,4,1,10.85,44.044999999999995,0.0,1.5336731650000002,18.689999999999998,341.64,11,36,0,0,0,1,0,0,0,1,0,0,1,0,0,1,0,0
32.06,21.66,56.27,0.0,4.23,705.4,3,1,30.55,42.485,0.0,1.6666230140000002,17.4,352.49,12,36,0,0,0,1,0,0,0,1,0,0,1,0,0,1,0,0
41.49,21.64,66.46,0.0,3.83,642.06,2,1,12.69,43.335,0.0,1.551635728,32.589999999999996,412.12,13,36,0,1,0,0,0,0,1,0,0,0,0,1,0,0,1,0
40.99,21.31,71.35,0.0,2.65,623.14,1,1,12.48,41.68333333333333,0.31666666666667,1.4075837749999998,21.28,266.1,14,36,0,0,1,0,0,0,1,0,0,1,0,0,0,0,0,1
44.19,22.01,71.34,0.0,1.31,485.6,1,0,0.0,43.03333333333333,0.0,1.427591188,17.4,383.03999999999996,15,36,0,0,0,1,0,0,1,0,0,0,1,0,0,1,0,0
31.73,24.77,74.08,0.0,4.03,372.9,2,1,26.85,42.96333333333334,0.0,1.9014307820000003,32.589999999999996,424.81,16,36,0,1,0,0,0,1,0,0,0,1,0,0,0,0,0,1
43.77,21.24,73.94,0.0,1.99,208.94,1,0,0.0,43.21666666666667,0.0,1.3427600319999997,32.589999999999996,451.66,17,36,0,1,0,0,0,0,1,0,1,0,0,0,1,0,0,0
40.02,18.79,70.14,0.0,2.94,0.0,3,1,9.83,40.53,1.4699999999999989,1.1380328320000002,5.1899999999999995,394.55,18,36,1,0,0,0,0,1,0,0,0,0,1,0,0,1,0,0
46.13,20.92,73.59,0.0,2.25,0.0,1,0,0.0,42.74333333333333,0.0,1.3201884160000001,17.4,383.03999999999996,19,36,0,0,0,1,0,1,0,0,0,0,0,1,0,0,1,0
39.51,17.8,69.95,0.0,4.79,0.0,1,1,16.94,42.59,0.0,1.1242134000000001,17.4,383.03999999999996,20,36,0,0,0,1,0,0,1,0,0,0,0,1,0,0,1,0
46.42,17.89,72.31,0.0,1.67,0.0,1,0,0.0,41.63,0.36999999999999744,0.958465333,17.4,399.98,21,36,0,0,0,1,0,0,1,0,0,0,1,0,0,1,0,0
34.52,15.6,78.69,0.0,3.5,61.78,2,1,18.7,41.970000000000006,0.02999999999999403,0.76889542,32.589999999999996,451.66,22,36,0,1,0,0,0,1,0,0,0,1,0,0,0,0,0,1
42.14,17.6,71.21,0.0,2.3,1.48,0,0,0.0,41.74166666666667,0.25833333333333286,0.9682001800000003,17.4,399.98,23,36,0,0,0,1,0,1,0,0,0,0,0,1,0,0,1,0
37.18,14.25,76.73,0.0,3.08,16.08,4,1,15.48,42.595,0.0,0.6388235549999999,17.4,399.98,0,37,0,0,0,1,0,0,1,0,0,1,0,0,0,0,0,1
39.58,16.84,78.86,0.0,4.34,0.0,2,1,12.62,40.541666666666664,1.4583333333333357,0.9303830880000001,5.1899999999999995,404.38,1,37,1,0,0,0,0,0,1,0,0,0,1,0,0,1,0,0
55.61,13.03,80.16,0.0,0.0,28.65,0,0,0.0,44.498333333333335,0.0,0.35553772599999994,17.4,415.46,2,37,0,0,0,1,0,1,0,0,1,0,0,0,1,0,0,0
37.25,14.3,82.79,0.0,2.32,0.0,2,1,12.17,43.01833333333334,0.0,0.56053043,17.4,415.46,3,37,0,0,0,1,0,1,0,0,0,1,0,0,0,0,0,1
40.12,17.24,88.11,0.0,1.33,44.13,4,1,8.58,41.74666666666666,0.2533333333333374,0.7458099679999999,11.42,278.58,4,37,0,0,1,0,0,0,0,1,0,0,0,1,0,0,1,0
36.25,16.03,77.7,0.0,2.93,0.0,3,1,17.05,38.89666666666667,3.1033333333333317,0.7892023400000001,27.57,470.36,5,37,0,1,0,0,0,0,1,0,1,0,0,0,1,0,0,0
40.42,20.01,66.36,0.0,3.23,46.62,2,1,13.4,41.24,0.759999999999998,1.324543162,11.42,287.16,6,37,0,0,1,0,1,0,0,0,0,0,0,1,0,0,1,0
41.19,17.17,75.45,0.0,1.84,201.16,2,1,9.17,38.15833333333334,3.8416666666666615,0.8661483750000002,27.57,487.41,7,37,0,1,0,0,0,0,0,1,0,1,0,0,0,0,0,1
38.25,18.99,73.69,0.0,1.77,308.7,2,1,12.81,37.61833333333333,4.381666666666668,1.0718341569999998,27.57,496.58,8,37,0,1,0,0,1,0,0,0,0,0,0,1,0,0,1,0
49.79,22.5,71.9,0.0,2.64,509.24,1,0,0.0,40.62833333333334,1.3716666666666626,1.5510838999999996,27.57,509.39,9,37,0,1,0,0,0,0,0,1,0,0,0,1,0,0,1,0
47.67,18.33,81.4,0.0,0.87,603.12,2,0,0.0,40.99166666666667,1.0083333333333329,0.8902788099999998,2.02,417.0,10,37,1,0,0,0,0,0,1,0,0,1,0,0,0,0,0,1
37.14,18.98,58.63,0.0,2.8,644.99,4,1,15.68,41.14333333333334,0.856666666666662,1.249619498,2.02,417.0,11,37,1,0,0,0,0,0,1,0,0,1,0,0,0,0,0,1
45.94,20.88,79.5,0.0,1.42,615.22,2,0,0.0,42.64666666666667,0.0,1.22130452,2.02,432.68,12,37,1,0,0,0,0,0,0,1,0,1,0,0,0,0,0,1
39.44,23.69,79.6,0.0,3.28,655.86,3,1,15.7,41.63166666666667,0.3683333333333323,1.66506671,2.02,432.68,13,37,1,0,0,0,1,0,0,0,0,0,1,0,0,1,0,0
35.68,20.19,73.42,0.0,0.82,565.23,4,1,17.54,40.90833333333333,1.0916666666666686,1.163619696,2.02,448.38,14,37,1,0,0,0,0,0,1,0,0,0,0,1,0,0,1,0
38.23,23.36,71.05,0.0,1.72,461.35,2,1,15.95,40.68333333333333,1.31666666666667,1.6248283399999999,2.02,465.92,15,37,1,0,0,0,1,0,0,0,0,0,0,1,0,0,1,0
68.28,22.86,65.62,18.2,1.5,327.58,2,0,0.0,44.71333333333333,0.0,1.5991563639999997,45.77,509.39,16,37,0,1,0,0,0,0,1,0,0,1,0,0,0,0,0,1
52.72,24.45,66.08,3.61,2.04,167.18,1,0,0.0,45.22,0.0,1.8357963499999999,21.01,427.63,17,37,0,0,0,1,1,0,0,0,0,1,0,0,0,0,0,1
37.39,22.17,72.75,0.0,4.05,0.0,3,1,23.28,40.458333333333336,1.5416666666666643,1.5718122450000003,11.42,300.56,18,37,0,0,1,0,1,0,0,0,1,0,0,0,1,0,0,0
48.2,20.19,73.89,0.0,3.42,0.0,2,0,0.0,46.99333333333333,0.0,1.2895129770000002,43.39,509.39,19,37,0,1,0,0,0,1,0,0,0,0,0,1,0,0,1,0
42.44,20.64,74.13,0.0,1.82,0.0,0,0,0.0,44.556666666666665,0.0,1.260425524,21.01,427.63,20,37,0,0,0,1,0,0,0,1,0,0,0,1,0,0,1,0
39.71,18.38,75.28,0.0,1.82,10.48,3,1,8.5,39.35666666666666,2.643333333333338,0.9940383279999998,2.02,481.87,21,37,1,0,0,0,0,1,0,0,0,0,0,1,0,0,1,0
39.2,15.91,65.11,0.0,3.46,0.0,2,1,13.98,47.48499999999999,0.0,0.9017326670000002,39.64,509.39,22,37,0,1,0,0,0,0,1,0,0,0,1,0,0,1,0,0
50.46,14.06,79.86,0.0,1.0,25.42,0,0,0.0,49.03,0.0,0.495090572,38.28,523.37,23,37,0,1,0,0,1,0,0,0,0,1,0,0,0,0,0,1
41.73,14.39,66.92,0.0,2.43,17.72,1,1,9.91,49.60999999999999,0.0,0.691436826,38.28,523.37,0,38,0,1,0,0,0,0,1,0,0,0,0,1,0,0,1,0
39.14,14.78,79.6,0.0,1.67,0.0,4,1,10.69,39.38166666666667,2.6183333333333323,0.5945498800000001,8.79,323.84000000000003,1,38,0,0,1,0,0,0,0,1,0,1,0,0,0,0,0,1
45.92,14.97,86.63,0.0,2.19,35.93,1,0,0.0,48.965,0.0,0.5848648970000001,38.28,533.28,2,38,0,1,0,0,0,0,0,1,0,1,0,0,0,0,0,1
44.56,11.64,76.1,0.0,3.37,0.0,0,0,0.0,40.593333333333334,1.4066666666666663,0.4413793600000001,2.02,490.37,3,38,1,0,0,0,0,1,0,0,0,0,0,1,0,0,1,0
36.68,14.91,84.17,0.0,1.6,14.65,1,1,16.63,39.050000000000004,2.9499999999999957,0.5684878689999999,2.02,490.37,4,38,1,0,0,0,1,0,0,0,0,0,0,1,0,0,1,0
41.63,15.92,66.44,0.0,3.57,0.0,2,1,11.67,44.47166666666667,0.0,0.8979094559999999,21.01,427.63,5,38,0,0,0,1,0,0,0,1,0,1,0,0,0,0,0,1
35.82,17.53,71.37,1.82,5.04,0.0,1,1,16.82,38.446666666666665,3.5533333333333346,1.096524787,3.84,507.0,6,38,1,0,0,0,0,1,0,0,1,0,0,0,1,0,0,0
41.41,20.11,65.02,0.0,3.12,160.0,4,1,12.25,39.401666666666664,2.5983333333333363,1.3425223439999998,3.84,523.82,7,38,1,0,0,0,1,0,0,0,0,1,0,0,0,0,0,1
43.13,18.99,80.07,0.0,2.3,339.8,0,0,0.0,40.218333333333334,1.7816666666666663,1.044348511,3.84,536.07,8,38,1,0,0,0,0,0,0,1,0,1,0,0,0,0,0,1
57.39,18.38,82.38,7.56,3.79,492.88,0,0,0.0,47.15,0.0,1.0334563879999998,45.84,533.28,9,38,0,1,0,0,0,0,0,1,0,1,0,0,0,0,0,1
36.53,17.98,70.52,0.0,1.07,556.71,3,1,15.03,45.205000000000005,0.0,0.9528088320000001,33.580000000000005,533.28,10,38,0,1,0,0,0,1,0,0,0,0,1,0,0,1,0,0
37.82,22.57,75.74,0.0,4.23,636.48,1,1,18.24,39.903333333333336,2.096666666666664,1.603893596,3.84,536.07,11,38,1,0,0,0,0,1,0,0,0,0,1,0,0,1,0,0
42.74,20.87,80.46,0.0,1.5,677.52,2,0,0.0,45.794999999999995,0.0,1.2155793840000002,33.580000000000005,548.3100000000001,12,38,0,1,0,0,0,0,0,1,0,1,0,0,0,0,0,1
47.74,23.87,66.27,0.0,5.0,623.38,0,0,0.0,45.34166666666667,0.0,1.9025863630000002,33.580000000000005,548.3100000000001,13,38,0,1,0,0,1,0,0,0,0,0,0,1,0,0,1,0
41.45,24.8,66.67,0.0,1.54,583.47,4,1,12.99,45.294999999999995,0.0,1.8536713400000002,32.77,548.3100000000001,14,38,0,1,0,0,0,0,1,0,0,1,0,0,0,0,0,1
38.66,20.25,74.53,0.0,3.19,420.11,3,1,14.6,44.718333333333334,0.0,1.279429455,21.01,439.3,15,38,0,0,0,1,1,0,0,0,0,0,1,0,0,1,0,0
48.27,23.0,61.3,1.1,0.53,267.02,1,0,0.0,41.055,0.9450000000000003,1.6095808,9.889999999999999,334.53000000000003,16,38,0,0,1,0,1,0,0,0,0,0,1,0,0,1,0,0
42.07,23.47,67.59,0.0,2.14,149.55,2,0,0.0,39.48833333333334,2.511666666666663,1.6932248309999998,3.84,554.31,17,38,1,0,0,0,1,0,0,0,0,0,1,0,0,1,0,0
42.3,22.24,82.81,0.0,1.1,27.12,4,1,8.63,41.27333333333333,0.7266666666666666,1.3405122279999997,9.89,334.53000000000003,18,38,0,0,1,0,0,0,1,0,0,0,0,1,0,0,1,0
45.38,16.6,68.82,0.0,0.67,0.0,2,0,0.0,45.205000000000005,0.0,0.8023881600000002,32.77,561.3,19,38,0,1,0,0,0,0,0,1,0,1,0,0,0,0,0,1
40.9,17.43,77.64,0.0,3.85,22.78,3,1,12.41,41.403333333333336,0.596666666666664,0.9757263140000001,9.89,343.16,20,38,0,0,1,0,0,0,1,0,0,0,1,0,0,1,0,0
58.96,15.75,76.67,12.37,0.93,0.0,1,0,0.0,45.46666666666667,0.0,0.6702246949999999,45.14,561.3,21,38,0,1,0,0,0,0,0,1,0,1,0,0,0,0,0,1
40.58,17.49,70.46,0.0,1.52,0.0,3,1,8.78,42.21333333333333,0.0,0.923708148,17.86,453.9,22,38,0,0,0,1,0,1,0,0,0,1,0,0,0,0,0,1
46.9,16.5,73.95,0.0,1.38,8.47,2,0,0.0,47.195,0.0,0.7872934499999998,45.14,561.3,23,38,0,1,0,0,0,0,0,1,0,1,0,0,0,0,0,1
50.78,11.3,88.83,0.0,3.77,0.0,2,0,0.0,43.129999999999995,0.0,0.3502698100000001,7.34,355.57,0,39,0,0,1,0,0,0,1,0,0,1,0,0,0,0,0,1
35.21,14.5,77.88,0.0,3.62,0.0,3,1,22.58,41.87333333333333,0.12666666666667226,0.67963448,17.86,462.68,1,39,0,0,0,1,0,0,0,1,0,0,0,1,0,0,1,0
49.48,16.01,77.76,0.0,3.92,0.0,2,0,0.0,41.62166666666666,0.3783333333333374,0.836300542,1.82,554.31,2,39,1,0,0,0,0,0,1,0,1,0,0,0,1,0,0,0
39.44,15.17,84.67,0.0,1.46,29.37,1,1,11.41,43.471666666666664,0.0,0.5812951929999999,3.36,355.57,3,39,0,0,1,0,0,0,0,1,0,0,1,0,0,1,0,0
41.36,15.57,71.12,0.0,4.02,0.0,0,0,0.0,42.544999999999995,0.0,0.8501599580000001,1.82,554.31,4,39,1,0,0,0,0,1,0,0,0,0,1,0,0,1,0,0
49.74,15.44,65.92,0.0,1.45,0.0,1,0,0.0,41.376666666666665,0.6233333333333348,0.748947296,11.649999999999999,485.26,5,39,0,0,0,1,0,1,0,0,0,0,1,0,0,1,0,0
55.09,15.22,85.8,8.84,1.49,64.14,0,0,0.0,46.13,0.0,0.5787814400000001,12.2,366.98,6,39,0,0,1,0,0,0,0,1,0,0,0,1,0,0,1,0
39.84,17.75,72.36,0.0,1.56,140.61,1,1,10.59,42.28333333333333,0.0,0.9376772099999999,1.82,554.31,7,39,1,0,0,0,1,0,0,0,1,0,0,0,1,0,0,0
37.99,18.89,76.74,0.0,1.61,306.96,3,1,14.11,40.635,1.365000000000002,1.026984592,3.61,485.26,8,39,0,0,0,1,1,0,0,0,0,0,0,1,0,0,1,0
41.37,20.77,63.65,0.0,2.29,425.96,2,1,13.31,41.99,0.00999999999999801,1.392381955,1.82,564.9,9,39,1,0,0,0,0,0,1,0,0,0,1,0,0,1,0,0
42.73,21.86,70.84,0.0,1.39,601.55,1,0,0.0,45.20666666666667,0.0,1.4173371679999998,12.2,366.98,10,39,0,0,1,0,0,1,0,0,0,1,0,0,0,0,0,1
37.72,21.77,60.51,0.0,2.68,678.03,4,1,18.0,46.35833333333333,0.0,1.5646019089999998,38.13,551.0,11,39,0,1,0,0,0,0,1,0,0,0,1,0,0,1,0,0
48.39,23.92,66.91,0.0,0.0,696.69,1,0,0.0,46.46666666666667,0.0,1.6532259240000002,38.13,569.0,12,39,0,1,0,0,0,0,0,1,0,0,0,1,0,0,1,0
58.48,22.11,63.37,11.72,2.67,674.2,1,0,0.0,43.44333333333333,0.0,1.5813509889999997,15.33,499.37,13,39,0,0,0,1,0,0,1,0,0,1,0,0,0,0,0,1
43.6,20.64,62.94,0.0,1.09,542.01,1,0,0.0,42.95333333333334,0.0,1.3228585519999998,1.82,578.21,14,39,1,0,0,0,0,0,0,1,0,0,1,0,0,1,0,0
41.23,23.39,64.77,0.0,1.6,518.15,3,1,9.48,45.02833333333333,0.0,1.6822868809999998,12.2,366.98,15,39,0,0,1,0,1,0,0,0,0,0,0,1,0,0,1,0
47.3,22.46,51.57,0.0,1.63,318.15,0,0,0.0,46.095,0.0,1.6837231940000001,9.94,376.46000000000004,16,39,0,0,1,0,1,0,0,0,0,0,1,0,0,1,0,0
37.05,22.38,59.57,0.0,3.53,114.24,1,1,20.39,42.11666666666667,0.0,1.6942151219999997,1.82,578.21,17,39,1,0,0,0,1,0,0,0,0,1,0,0,0,0,0,1
43.91,18.91,75.95,0.0,3.01,0.0,0,0,0.0,41.18833333333333,0.8116666666666674,1.105859395,1.82,598.6,18,39,1,0,0,0,0,1,0,0,1,0,0,0,1,0,0,0
53.14,22.53,70.01,0.0,2.2,11.41,2,0,0.0,43.151666666666664,0.0,1.550454511,1.82,598.6,19,39,1,0,0,0,0,1,0,0,1,0,0,0,1,0,0,0
33.81,19.88,62.18,0.0,1.54,0.0,3,1,19.21,43.26666666666666,0.0,1.2610035679999998,9.94,376.46000000000004,20,39,0,0,1,0,1,0,0,0,0,0,1,0,0,1,0,0
36.5,17.34,75.56,0.0,3.34,5.14,3,1,19.54,42.595,0.0,0.957762448,1.82,598.6,21,39,1,0,0,0,0,0,0,1,0,1,0,0,0,0,0,1
51.41,15.41,67.13,0.0,4.55,18.78,0,0,0.0,45.26166666666666,0.0,0.8918029510000002,9.94,395.67,22,39,0,0,1,0,0,0,0,1,0,1,0,0,0,0,0,1
51.73,17.6,76.58,6.35,2.37,14.37,1,0,0.0,45.62166666666667,0.0,0.9279776400000003,21.68,499.37,23,39,0,0,0,1,0,1,0,0,0,0,1,0,0,1,0,0
41.53,13.8,73.75,0.0,0.48,22.93,1,1,6.83,46.48,0.0,0.4909690000000001,38.13,569.0,0,40,0,1,0,0,0,0,1,0,0,0,0,1,0,0,1,0
39.28,18.44,68.57,0.0,1.56,0.0,1,1,14.31,45.46333333333334,0.0,1.0434662160000003,38.13,575.83,1,40,0,1,0,0,0,0,1,0,0,0,1,0,0,1,0,0
49.2,14.0,73.77,0.0,3.07,0.0,2,0,0.0,44.28,0.0,0.63790622,9.94,395.67,2,40,0,0,1,0,0,0,0,1,0,0,1,0,0,1,0,0
32.85,17.63,89.41,0.0,1.87,0.0,3,1,19.85,41.175000000000004,0.8249999999999957,0.801557921,1.82,618.14,3,40,1,0,0,0,0,1,0,0,0,0,0,1,0,0,1,0
47.09,15.18,68.15,0.0,1.37,0.0,0,0,0.0,41.75666666666667,0.2433333333333323,0.7030187099999999,1.82,637.99,4,40,1,0,0,0,0,0,0,1,0,1,0,0,0,0,0,1
33.5,18.46,72.42,0.0,1.32,0.0,1,1,21.26,42.74166666666667,0.0,1.001558764,9.94,395.67,5,40,0,0,1,0,0,0,0,1,0,0,0,1,0,0,1,0
33.04,15.81,78.42,0.0,2.51,0.0,4,1,19.61,44.365,0.0,0.741450304,21.68,490.05,6,40,0,0,0,1,0,0,0,1,0,0,0,1,0,0,1,0
35.42,17.91,64.54,0.0,0.56,95.76,3,1,18.04,41.77333333333333,0.22666666666666657,0.968915648,9.94,416.93,7,40,0,0,1,0,0,0,1,0,0,0,0,1,0,0,1,0
40.2,20.12,58.34,0.0,2.36,271.85,1,1,14.91,42.336666666666666,0.0,1.363967776,38.13,582.9000000000001,8,40,0,1,0,0,1,0,0,0,0,0,1,0,0,1,0,0
37.25,20.94,64.64,0.0,2.51,477.47,4,1,19.14,40.72833333333333,1.2716666666666683,1.415340552,38.13,597.8100000000001,9,40,0,1,0,0,0,0,1,0,1,0,0,0,1,0,0,0
36.94,22.57,72.86,0.0,1.86,505.67,3,1,14.66,44.653333333333336,0.0,1.512134684,21.68,509.65999999999997,10,40,0,0,0,1,0,1,0,0,0,0,0,1,0,0,1,0
36.16,21.01,66.39,0.0,1.15,621.2,1,1,17.07,40.468333333333334,1.5316666666666663,1.340298573,38.13,616.95,11,40,0,1,0,0,0,1,0,0,0,1,0,0,0,0,0,1
36.23,22.51,65.98,0.0,3.62,620.92,2,1,23.21,42.401666666666664,0.0,1.6562492560000002,21.68,524.32,12,40,0,0,0,1,0,0,1,0,1,0,0,0,1,0,0,0
35.71,24.65,72.25,0.0,0.8,596.55,1,1,16.67,39.84166666666666,2.1583333333333385,1.7412898749999997,9.94,434.97,13,40,0,0,1,0,1,0,0,0,0,0,1,0,0,1,0,0
41.92,21.86,62.47,0.0,2.61,565.9,2,0,0.0,39.39,2.6099999999999994,1.5546866339999998,38.13,634.0200000000001,14,40,0,1,0,0,0,1,0,0,0,0,1,0,0,1,0,0
37.56,23.64,66.07,0.0,3.27,460.62,3,1,19.33,40.46666666666667,1.5333333333333314,1.786949296,9.94,451.64,15,40,0,0,1,0,0,1,0,0,1,0,0,0,1,0,0,0
27.39,22.05,57.36,0.0,2.59,344.12,1,1,31.65,40.14666666666667,1.8533333333333317,1.62475967,1.82,637.99,16,40,1,0,0,0,0,0,0,1,0,0,0,1,0,0,1,0
40.52,22.05,70.2,0.0,3.88,129.66,1,1,13.93,38.651666666666664,3.3483333333333363,1.57157465,9.94,470.97,17,40,0,0,1,0,0,0,0,1,0,0,1,0,0,1,0,0
44.44,21.04,70.37,0.0,1.04,0.0,0,0,0.0,43.47666666666666,0.0,1.302915996,21.68,547.53,18,40,0,0,0,1,1,0,0,0,0,0,0,1,0,0,1,0
39.28,18.77,76.15,0.0,1.45,39.31,3,1,10.29,39.375,2.625,1.010758205,1.82,669.64,19,40,1,0,0,0,0,1,0,0,1,0,0,0,1,0,0,0
34.36,18.53,62.76,0.0,1.85,0.0,2,1,22.49,36.178333333333335,5.821666666666665,1.116431986,9.94,484.90000000000003,20,40,0,0,1,0,1,0,0,0,0,0,1,0,0,1,0,0
44.37,18.1,69.78,0.0,6.35,12.81,2,0,0.0,37.913333333333334,4.086666666666666,1.2358435400000003,1.82,674.8399999999999,21,40,1,0,0,0,1,0,0,0,0,0,1,0,0,1,0,0
33.77,16.76,63.24,0.0,3.01,0.0,3,1,21.9,39.35833333333333,2.641666666666673,0.9800367680000002,21.68,547.53,22,40,0,0,0,1,0,0,0,1,0,1,0,0,0,0,0,1
39.01,18.45,69.12,0.0,3.23,15.93,1,1,11.67,37.09666666666667,4.903333333333329,1.12348075,9.94,507.39,23,40,0,0,1,0,0,1,0,0,0,1,0,0,0,0,0,1
40.49,17.07,82.31,0.0,3.18,0.0,1,1,14.44,39.21666666666667,2.7833333333333314,0.8678966390000001,38.13,634.0200000000001,0,41,0,1,0,0,0,0,1,0,0,0,1,0,0,1,0,0
45.98,15.59,70.88,0.0,2.49,40.3,0,0,0.0,38.85666666666667,3.143333333333331,0.7774280940000001,9.94,519.0600000000001,1,41,0,0,1,0,0,1,0,0,0,1,0,0,0,0,0,1
43.46,13.88,64.94,0.0,3.66,0.0,1,0,0.0,37.98,4.020000000000003,0.7211735040000001,21.68,569.43,2,41,0,0,0,1,0,0,0,1,0,1,0,0,0,0,0,1
41.75,13.92,69.7,0.0,0.16,0.0,4,1,7.07,39.62833333333334,2.3716666666666626,0.5150442,38.13,648.46,3,41,0,1,0,0,0,0,1,0,0,0,1,0,0,1,0,0
45.19,18.52,59.51,0.0,2.73,0.0,1,0,0.0,40.004999999999995,1.9950000000000045,1.186463984,21.68,569.43,4,41,0,0,0,1,0,1,0,0,0,1,0,0,0,0,0,1
34.73,14.68,64.79,0.0,2.91,0.0,2,1,17.06,37.61833333333333,4.381666666666668,0.7581475040000001,1.82,674.8399999999999,5,41,1,0,0,0,0,1,0,0,0,1,0,0,0,0,0,1
48.41,17.19,76.54,0.0,3.62,0.0,0,0,0.0,40.211666666666666,1.788333333333334,0.9484286720000003,1.82,691.9,6,41,1,0,0,0,0,1,0,0,0,0,0,1,0,0,1,0
25.17,18.53,60.65,0.0,1.01,173.17,1,1,35.0,37.1,4.899999999999999,1.092062935,9.94,519.0600000000001,7,41,0,0,1,0,0,0,1,0,0,1,0,0,0,0,0,1
47.62,18.56,72.94,0.0,1.1,283.26,1,0,0.0,41.785,0.2150000000000034,0.9971530479999998,21.68,569.43,8,41,0,0,0,1,0,0,1,0,0,1,0,0,0,0,0,1
46.91,18.56,70.94,5.92,1.18,490.11,0,0,0.0,40.74666666666666,1.2533333333333374,1.017878648,25.85,655.5300000000001,9,41,0,1,0,0,1,0,0,0,0,0,0,1,0,0,1,0
42.35,19.85,66.0,0.0,3.03,544.57,4,1,9.17,37.89833333333333,4.101666666666667,1.2988837500000001,9.94,554.0600000000001,10,41,0,0,1,0,0,0,1,0,0,0,0,1,0,0,1,0
47.68,21.03,70.37,0.0,3.04,607.75,1,0,0.0,39.09166666666667,2.9083333333333314,1.401700837,9.94,563.23,11,41,0,0,1,0,0,0,1,0,0,0,1,0,0,1,0,0
43.22,21.42,61.9,0.0,1.26,642.08,0,0,0.0,40.56833333333333,1.431666666666672,1.43683738,9.94,563.23,12,41,0,0,1,0,0,1,0,0,0,0,0,1,0,0,1,0
41.74,24.88,71.58,0.0,4.7,651.05,1,1,15.57,41.02333333333333,0.9766666666666666,1.9746624080000001,8.84,563.23,13,41,0,0,1,0,0,0,1,0,1,0,0,0,1,0,0,0
44.72,23.01,62.3,0.0,2.74,561.73,0,0,0.0,41.99166666666667,0.00833333333333286,1.71202114,25.85,655.5300000000001,14,41,0,1,0,0,0,1,0,0,0,0,0,1,0,0,1,0
32.98,22.1,65.21,0.0,2.55,440.64,2,1,25.47,41.461666666666666,0.538333333333334,1.5571848300000004,25.85,655.5300000000001,15,41,0,1,0,0,0,0,1,0,0,0,0,1,0,0,1,0
33.71,22.65,63.94,0.0,2.15,313.67,1,1,23.94,40.093333333333334,1.9066666666666663,1.61987696,25.85,681.0,16,41,0,1,0,0,1,0,0,0,0,0,1,0,0,1,0,0
41.7,22.85,72.14,0.0,3.52,210.9,4,1,12.91,39.31333333333333,2.6866666666666674,1.6378878200000002,1.82,691.9,17,41,1,0,0,0,1,0,0,0,0,0,0,1,0,0,1,0
39.34,20.51,73.01,0.0,2.87,36.94,2,1,13.91,39.916666666666664,2.0833333333333357,1.307384617,8.84,578.8,18,41,0,0,1,0,1,0,0,0,0,0,0,1,0,0,1,0
38.75,21.41,50.12,0.0,4.67,12.8,4,1,16.28,41.20666666666667,0.7933333333333294,1.712320834,1.82,704.81,19,41,1,0,0,0,0,1,0,0,0,0,1,0,0,1,0,0
46.49,17.12,73.69,0.0,0.94,5.2,2,0,0.0,42.40833333333333,0.0,0.8301613160000001,1.82,721.0899999999999,20,41,1,0,0,0,0,0,1,0,1,0,0,0,1,0,0,0
72.72,19.75,57.59,14.82,0.55,80.98,0,0,0.0,47.13333333333333,0.0,1.235832715,14.82,721.0899999999999,21,41,1,0,0,0,0,1,0,0,0,0,0,1,0,0,1,0
35.67,17.01,69.6,0.0,1.51,16.22,4,1,19.8,47.29,0.0,0.8801331500000003,14.82,721.0899999999999,22,41,1,0,0,0,1,0,0,0,0,0,1,0,0,1,0,0
45.4,16.12,71.94,1.63,3.06,6.32,1,0,0.0,46.788333333333334,0.0,0.8493708160000002,16.45,740.89,23,41,1,0,0,0,0,1,0,0,0,1,0,0,0,0,0,1
32.42,14.63,71.43,0.0,1.89,0.0,3,1,20.91,45.24166666666667,0.0,0.6529478430000001,16.45,740.89,0,42,1,0,0,0,0,1,0,0,0,1,0,0,0,0,0,1
32.28,13.43,78.36,0.0,3.93,12.49,3,1,22.85,44.163333333333334,0.0,0.598311426,16.45,761.8,1,42,1,0,0,0,0,1,0,0,0,0,1,0,0,1,0,0
35.75,12.63,80.53,0.0,1.93,0.0,4,1,15.51,42.37333333333333,0.0,0.41683965300000003,16.45,784.65,2,42,1,0,0,0,0,1,0,0,0,0,1,0,0,1,0,0
39.93,14.12,68.89,0.0,3.7,35.97,4,1,9.91,42.376666666666665,0.0,0.7158710960000001,8.84,592.71,3,42,0,0,1,0,0,1,0,0,1,0,0,0,1,0,0,0
36.91,16.55,66.69,0.0,1.4,0.0,2,1,14.8,39.49666666666666,2.5033333333333374,0.850648405,25.85,704.94,4,42,0,1,0,0,0,0,0,1,0,0,1,0,0,1,0,0
42.42,14.86,73.46,0.0,3.82,0.0,0,0,0.0,42.81666666666666,0.0,0.755436652,21.68,569.43,5,42,0,0,0,1,0,0,1,0,0,1,0,0,0,0,0,1
40.07,14.81,62.95,0.0,4.04,0.0,1,1,8.88,41.99666666666666,0.003333333333337407,0.8406505450000001,8.84,602.62,6,42,0,0,1,0,0,1,0,0,0,0,0,1,0,0,1,0
45.71,16.73,68.87,0.0,1.72,142.46,1,0,0.0,37.87166666666666,4.128333333333337,0.867721217,16.45,800.16,7,42,1,0,0,0,0,0,0,1,0,0,1,0,0,1,0,0
46.88,18.55,80.19,2.24,2.99,313.09,2,0,0.0,40.35166666666667,1.6483333333333334,1.029944255,28.09,719.74,8,42,0,1,0,0,1,0,0,0,0,0,0,1,0,0,1,0
41.09,19.65,59.34,3.43,2.72,490.75,1,0,0.0,40.89833333333333,1.1016666666666666,1.31742766,12.27,611.5,9,42,0,0,1,0,0,1,0,0,0,0,1,0,0,1,0,0
44.59,20.94,66.47,0.0,3.02,608.03,0,0,0.0,39.358333333333334,2.6416666666666657,1.4245348860000002,16.45,800.16,10,42,1,0,0,0,0,0,0,1,0,1,0,0,0,0,0,1
35.77,23.51,62.65,0.0,3.94,695.79,4,1,20.49,37.75333333333334,4.246666666666663,1.8354991850000002,16.45,800.16,11,42,1,0,0,0,1,0,0,0,0,1,0,0,0,0,0,1
41.84,24.47,80.06,0.0,3.57,653.58,0,0,0.0,39.32333333333334,2.6766666666666623,1.7791465439999996,16.45,820.65,12,42,1,0,0,0,0,1,0,0,0,0,0,1,0,0,1,0
36.38,26.0,61.03,0.0,3.02,620.18,4,1,23.7,39.75833333333333,2.241666666666667,2.1554237799999996,3.43,611.5,13,42,0,0,1,0,0,1,0,0,0,0,1,0,0,1,0,0
46.65,20.69,65.69,0.0,3.2,590.2,1,0,0.0,43.185,0.0,1.4100897670000005,21.68,569.43,14,42,0,0,0,1,0,0,1,0,0,1,0,0,0,0,0,1
43.67,21.71,61.01,0.0,0.88,429.72,0,0,0.0,41.22166666666667,0.7783333333333289,1.4624366570000003,16.45,820.65,15,42,1,0,0,0,1,0,0,0,1,0,0,0,1,0,0,0
36.54,23.64,66.75,0.0,2.35,291.2,2,1,20.16,43.64666666666667,0.0,1.7344680799999999,21.68,569.43,16,42,0,0,0,1,0,0,1,0,1,0,0,0,1,0,0,0
57.44,21.28,70.47,10.77,1.08,155.38,2,0,0.0,44.83666666666667,0.0,1.333318972,27.22,820.65,17,42,1,0,0,0,0,1,0,0,0,1,0,0,0,0,0,1
56.32,22.42,61.46,0.0,2.38,0.0,1,0,0.0,46.605,0.0,1.624442644,27.22,820.65,18,42,1,0,0,0,0,0,0,1,0,0,0,1,0,0,1,0
33.65,20.48,76.14,0.0,3.74,0.0,2,1,22.51,42.01166666666666,0.0,1.319774104,21.68,589.59,19,42,0,0,0,1,0,1,0,0,0,1,0,0,0,0,0,1
36.34,21.5,70.3,0.0,2.39,37.34,2,1,14.72,38.589999999999996,3.4100000000000037,1.4274433,20.53,719.74,20,42,0,1,0,0,0,1,0,0,0,1,0,0,0,0,0,1
36.57,19.66,75.83,0.0,0.0,8.4,4,1,16.66,40.574999999999996,1.4250000000000043,1.040530166,21.68,612.1,21,42,0,0,0,1,0,1,0,0,0,0,0,1,0,0,1,0
34.12,18.72,68.32,0.0,1.14,27.94,1,1,20.93,38.324999999999996,3.6750000000000043,1.0555444479999998,21.68,628.76,22,42,0,0,0,1,0,0,1,0,0,1,0,0,0,0,0,1
34.63,15.69,74.75,0.0,3.1,0.0,4,1,19.13,44.945,0.0,0.787776805,27.22,820.65,23,42,1,0,0,0,1,0,0,0,0,0,0,1,0,0,1,0
39.34,15.63,71.6,0.0,1.75,0.0,2,1,10.25,45.54,0.0,0.7387498300000002,27.22,839.78,0,43,1,0,0,0,0,1,0,0,0,0,1,0,0,1,0,0
42.25,14.92,83.87,0.0,3.34,0.0,1,0,0.0,45.60833333333333,0.0,0.6586474479999999,27.22,850.03,1,43,1,0,0,0,0,0,0,1,0,0,1,0,0,1,0,0
31.88,12.98,76.03,0.0,0.95,0.0,2,1,20.05,38.115,3.884999999999998,0.428159338,3.43,635.2,2,43,0,0,1,0,1,0,0,0,0,0,0,1,0,0,1,0
50.49,17.59,71.59,7.31,2.86,0.0,1,0,0.0,39.669999999999995,2.3300000000000054,0.9920521069999999,25.38,649.69,3,43,0,0,0,1,0,1,0,0,0,1,0,0,0,0,0,1
35.8,16.9,68.88,0.0,2.92,30.44,3,1,17.94,37.10333333333333,4.896666666666668,0.94505772,20.53,734.46,4,43,0,1,0,0,1,0,0,0,0,1,0,0,0,0,0,1
33.95,15.9,69.27,0.0,3.35,3.46,1,1,21.77,37.21666666666667,4.783333333333331,0.8629972300000002,3.43,655.25,5,43,0,0,1,0,1,0,0,0,0,0,1,0,0,1,0,0
44.77,19.2,71.9,0.0,1.61,0.0,2,0,0.0,45.791666666666664,0.0,1.1025509999999998,27.22,850.03,6,43,1,0,0,0,1,0,0,0,0,0,0,1,0,0,1,0
35.95,17.26,77.53,0.0,3.34,244.8,4,1,17.53,37.88666666666666,4.113333333333337,0.9336254660000002,25.38,649.69,7,43,0,0,0,1,0,1,0,0,0,1,0,0,0,0,0,1
32.91,16.48,67.62,0.0,4.21,315.71,2,1,22.53,36.04666666666667,5.953333333333333,0.976705992,3.43,677.02,8,43,0,0,1,0,0,1,0,0,0,0,1,0,0,1,0,0
44.15,21.79,69.06,0.0,0.0,427.88,2,0,0.0,36.72666666666667,5.273333333333333,1.355292388,3.43,699.55,9,43,0,0,1,0,0,0,0,1,0,0,0,1,0,0,1,0
45.99,19.32,71.43,0.0,2.46,496.94,1,0,0.0,39.27166666666667,2.7283333333333317,1.1626235520000001,20.53,752.4000000000001,10,43,0,1,0,0,0,0,1,0,0,1,0,0,0,0,0,1
40.9,21.78,70.69,0.0,0.23,631.02,4,1,6.69,40.47,1.5300000000000011,1.3507011740000001,20.53,752.4000000000001,11,43,0,1,0,0,0,1,0,0,1,0,0,0,1,0,0,0
35.0,23.02,55.24,0.0,1.37,674.18,4,1,22.14,40.151666666666664,1.8483333333333363,1.7111294559999999,20.53,759.09,12,43,0,1,0,0,0,0,1,0,0,1,0,0,0,0,0,1
38.3,23.68,60.18,0.0,1.47,587.95,1,1,13.58,38.72166666666667,3.278333333333329,1.7585254479999999,20.53,767.0799999999999,13,43,0,1,0,0,1,0,0,0,0,0,0,1,0,0,1,0
36.09,24.51,56.43,0.0,2.32,584.79,1,1,22.13,37.81166666666667,4.188333333333333,1.9520043710000001,25.38,667.22,14,43,0,0,0,1,0,0,0,1,0,0,1,0,0,1,0,0
39.41,23.98,66.65,0.0,2.85,462.55,1,1,16.02,38.77166666666667,3.2283333333333317,1.80636761,25.38,689.35,15,43,0,0,0,1,0,0,1,0,0,0,0,1,0,0,1,0
43.22,23.53,60.47,0.0,3.49,262.93,2,0,0.0,39.88,2.1199999999999974,1.836416497,25.38,705.37,16,43,0,0,0,1,0,0,1,0,0,0,0,1,0,0,1,0
39.5,20.88,65.42,0.0,2.72,190.13,2,1,15.38,39.248333333333335,2.751666666666665,1.411565832,8.16,780.66,17,43,0,1,0,0,0,0,1,0,0,0,1,0,0,1,0,0
39.59,21.68,59.89,0.0,3.21,0.0,2,1,14.46,39.88,2.1199999999999974,1.5853055640000002,8.16,796.04,18,43,0,1,0,0,0,0,0,1,0,0,1,0,0,1,0,0
44.84,18.02,68.36,4.34,1.11,0.0,1,0,0.0,37.35166666666667,4.648333333333333,0.9769050239999999,7.77,699.55,19,43,0,0,1,0,0,0,0,1,0,1,0,0,0,0,0,1
44.99,21.59,60.46,1.16,3.67,33.49,0,0,0.0,43.71666666666667,0.0,1.591739768,28.38,840.78,20,43,1,0,0,0,1,0,0,0,0,1,0,0,0,0,0,1
57.59,16.1,78.02,8.99,0.0,32.83,2,0,0.0,40.88666666666667,1.1133333333333297,0.6469950600000003,16.759999999999998,699.55,21,43,0,0,1,0,0,0,1,0,0,0,0,1,0,0,1,0
30.36,16.72,75.58,0.0,4.23,0.0,4,1,26.86,40.63333333333333,1.3666666666666671,0.9389261519999998,16.759999999999998,699.55,22,43,0,0,1,0,0,0,0,1,0,1,0,0,0,0,0,1
30.63,14.44,75.1,0.0,4.02,10.27,1,1,27.14,37.32,4.68,0.71487336,8.16,810.5,23,43,0,1,0,0,0,0,0,1,1,0,0,0,1,0,0,0
37.86,14.79,71.65,0.0,3.3,7.11,4,1,15.9,40.64000000000001,1.3599999999999923,0.736547125,28.38,840.78,0,44,1,0,0,0,0,0,1,0,0,0,0,1,0,0,1,0
44.36,15.51,58.93,0.0,5.07,0.0,0,0,0.0,42.36833333333333,0.0,0.990287221,16.759999999999998,726.41,1,44,0,0,1,0,0,0,0,1,0,0,1,0,0,1,0,0
45.32,14.56,70.74,0.0,0.24,0.0,0,0,0.0,38.056666666666665,3.943333333333335,0.569168008,8.16,837.64,2,44,0,1,0,0,0,1,0,0,0,1,0,0,0,0,0,1
47.74,17.21,66.5,2.47,3.34,0.0,2,0,0.0,42.824999999999996,0.0,1.01732288,30.849999999999998,856.68,3,44,1,0,0,0,0,1,0,0,0,0,0,1,0,0,1,0
38.71,16.23,74.35,0.0,2.56,32.85,1,1,15.39,40.645,1.3549999999999969,0.8163758550000002,25.38,705.37,4,44,0,0,0,1,0,0,0,1,1,0,0,0,1,0,0,0
46.77,15.83,77.27,0.0,2.69,14.32,2,0,0.0,40.01833333333334,1.981666666666662,0.7612589470000002,8.16,837.64,5,44,0,1,0,0,0,1,0,0,0,0,1,0,0,1,0,0
35.82,17.15,74.15,0.0,1.0,0.0,4,1,16.01,42.85333333333333,0.0,0.832547975,16.759999999999998,726.41,6,44,0,0,1,0,0,0,0,1,1,0,0,0,1,0,0,0
37.71,20.15,78.32,0.0,2.87,93.21,4,1,20.23,38.515,3.4849999999999994,1.21867663,25.38,709.48,7,44,0,0,0,1,0,0,1,0,0,0,0,1,0,0,1,0
32.3,20.72,65.05,0.0,2.82,260.0,4,1,26.11,41.651666666666664,0.34833333333333627,1.40039214,30.849999999999998,856.68,8,44,1,0,0,0,1,0,0,0,0,0,0,1,0,0,1,0
37.66,18.68,66.39,0.0,1.57,412.08,1,1,17.14,38.8,3.200000000000003,1.088788064,25.38,729.71,9,44,0,0,0,1,0,0,1,0,1,0,0,0,1,0,0,0
35.06,20.33,76.6,0.0,2.32,536.49,2,1,21.53,41.33833333333333,0.6616666666666688,1.2271463299999996,16.759999999999998,742.42,10,44,0,0,1,0,1,0,0,0,0,0,0,1,0,0,1,0
57.43,22.89,68.45,5.77,0.82,612.01,2,0,0.0,43.43666666666667,0.0,1.5426034149999999,22.53,763.95,11,44,0,0,1,0,0,0,0,1,0,0,1,0,0,1,0,0
46.05,23.35,65.19,0.0,1.93,647.71,2,0,0.0,42.285,0.0,1.6894699950000005,30.849999999999998,882.79,12,44,1,0,0,0,0,0,1,0,0,0,0,1,0,0,1,0
65.94,21.64,81.21,14.61,3.55,626.67,2,0,0.0,44.625,0.0,1.4038355279999999,22.77,837.64,13,44,0,1,0,0,0,0,1,0,0,1,0,0,0,0,0,1
41.36,24.48,70.06,0.0,3.58,561.22,3,1,12.9,44.935,0.0,1.878241656,22.77,837.64,14,44,0,1,0,0,0,0,1,0,0,1,0,0,0,0,0,1
55.64,21.88,66.76,10.76,3.32,499.65,1,0,0.0,44.09666666666667,0.0,1.5535778559999998,41.61,868.1,15,44,1,0,0,0,1,0,0,0,0,1,0,0,0,0,0,1
26.13,24.77,60.98,0.0,3.55,266.32,1,1,35.0,40.95333333333333,1.0466666666666669,2.005694192,41.61,868.1,16,44,1,0,0,0,0,0,0,1,0,1,0,0,0,0,0,1
35.45,22.98,76.5,0.0,3.57,179.92,3,1,23.66,44.245000000000005,0.0,1.61636202,22.77,850.54,17,44,0,1,0,0,1,0,0,0,0,1,0,0,0,0,0,1
42.99,19.66,71.32,0.0,1.63,11.52,1,0,0.0,41.80833333333333,0.19166666666666998,1.160887424,26.79,903.1,18,44,1,0,0,0,1,0,0,0,0,1,0,0,0,0,0,1
41.43,19.6,70.1,0.0,2.81,0.0,1,0,0.0,40.74333333333333,1.2566666666666677,1.2234918000000004,22.53,763.95,19,44,0,0,1,0,0,1,0,0,0,1,0,0,0,0,0,1
37.26,18.53,75.51,0.0,3.7,18.68,1,1,19.51,40.06166666666667,1.9383333333333326,1.102394261,26.79,903.1,20,44,1,0,0,0,0,0,1,0,0,0,1,0,0,1,0,0
42.9,18.56,76.91,0.0,0.74,13.04,0,0,0.0,39.934999999999995,2.065000000000005,0.945952732,13.66,746.85,21,44,0,0,0,1,0,0,1,0,0,1,0,0,0,0,0,1
36.84,17.05,75.81,0.0,0.74,0.0,3,1,13.03,45.28,0.0,0.7959876950000002,22.77,874.1999999999999,22,44,0,1,0,0,0,0,1,0,0,0,1,0,0,1,0,0
33.77,14.81,79.94,0.17,0.67,0.0,3,1,17.01,38.995,3.0050000000000026,0.5447204480000001,7.4799999999999995,746.85,23,44,0,0,0,1,0,1,0,0,0,0,0,1,0,0,1,0
42.86,13.91,77.63,0.0,0.26,33.73,2,0,0.0,42.826666666666675,0.0,0.46131915100000004,22.53,763.95,0,45,0,0,1,0,0,0,1,0,0,1,0,0,0,0,0,1
36.09,16.43,76.34,0.0,1.14,7.93,4,1,16.91,37.80666666666667,4.193333333333328,0.749500284,7.4799999999999995,763.86,1,45,0,0,0,1,1,0,0,0,0,1,0,0,0,0,0,1
44.26,15.9,67.76,0.0,1.77,14.13,0,0,0.0,42.81,0.0,0.79570124,22.53,763.95,2,45,0,0,1,0,0,1,0,0,0,0,0,1,0,0,1,0
29.13,15.76,85.66,0.0,4.21,0.0,1,1,32.71,41.695,0.3049999999999997,0.7657904720000002,22.53,763.95,3,45,0,0,1,0,0,0,1,0,0,0,1,0,0,1,0,0
36.25,16.41,63.84,0.0,1.88,0.0,3,1,14.36,37.39666666666667,4.603333333333332,0.882875758,7.4799999999999995,780.77,4,45,0,0,0,1,0,1,0,0,0,0,0,1,0,0,1,0
42.07,15.71,75.2,0.0,0.58,0.0,1,1,4.72,41.69,0.3100000000000023,0.6602278700000003,25.16,922.61,5,45,1,0,0,0,0,0,1,0,0,0,0,1,0,0,1,0
62.69,17.74,62.05,11.75,2.6,45.27,2,0,0.0,48.175000000000004,0.0,1.07289397,34.519999999999996,887.2299999999999,6,45,0,1,0,0,1,0,0,0,0,0,1,0,0,1,0,0
37.95,22.24,67.12,0.0,2.17,129.56,2,1,19.69,40.339999999999996,1.6600000000000037,1.5385045759999998,25.16,927.33,7,45,1,0,0,0,0,0,0,1,0,0,0,1,0,0,1,0
40.48,21.23,64.62,0.0,1.46,376.77,3,1,15.7,37.858333333333334,4.141666666666666,1.398708592,7.4799999999999995,795.13,8,45,0,0,0,1,1,0,0,0,0,0,0,1,0,0,1,0
39.73,20.07,70.5,0.0,1.69,492.97,4,1,15.21,42.47333333333333,0.0,1.2185550200000002,22.53,796.66,9,45,0,0,1,0,1,0,0,0,0,0,0,1,0,0,1,0
32.97,20.68,71.45,0.78,3.68,570.66,3,1,21.55,37.07666666666667,4.923333333333332,1.3819016400000002,8.26,810.83,10,45,0,0,0,1,1,0,0,0,0,0,1,0,0,1,0,0
37.18,18.0,64.5,0.0,0.71,667.59,2,1,13.37,37.263333333333335,4.736666666666665,0.986527,25.16,947.02,11,45,1,0,0,0,0,0,1,0,0,0,0,1,0,0,1,0
39.8,24.53,65.77,0.0,0.4,616.95,1,1,10.64,39.535,2.4650000000000034,1.7678861270000004,22.53,811.87,12,45,0,0,1,0,1,0,0,0,0,1,0,0,0,0,0,1
44.41,24.51,75.75,1.79,2.96,601.07,0,0,0.0,47.781666666666666,0.0,1.795995655,36.31,887.2299999999999,13,45,0,1,0,0,0,0,1,0,0,0,1,0,0,1,0,0
38.62,22.65,58.29,0.0,1.66,595.2,3,1,16.72,39.345,2.655000000000001,1.6479417349999999,25.16,960.39,14,45,1,0,0,0,0,1,0,0,0,1,0,0,0,0,0,1
36.18,21.18,62.68,0.0,4.26,426.73,4,1,22.78,42.821666666666665,0.0,1.5499204480000002,36.31,887.2299999999999,15,45,0,1,0,0,0,0,0,1,0,0,1,0,0,1,0,0
32.25,21.2,74.67,0.0,2.21,278.6,1,1,26.38,35.30166666666667,6.698333333333331,1.3423501,8.26,832.38,16,45,0,0,0,1,0,0,1,0,0,0,1,0,0,1,0,0
42.67,22.96,67.77,0.0,2.28,156.99,1,0,0.0,39.291666666666664,2.7083333333333357,1.631123884,25.16,977.11,17,45,1,0,0,0,0,0,1,0,0,0,0,1,0,0,1,0
42.1,21.33,69.59,0.0,3.34,0.0,3,1,11.19,39.64666666666666,2.353333333333339,1.4603756289999996,22.53,822.51,18,45,0,0,1,0,0,0,1,0,0,0,1,0,0,1,0,0
43.81,21.54,75.52,0.0,0.39,65.29,2,0,0.0,43.23,0.0,1.285162216,30.389999999999997,910.01,19,45,0,1,0,0,0,0,1,0,0,1,0,0,0,0,0,1
33.47,19.6,64.36,0.0,2.81,27.14,1,1,24.6,38.660000000000004,3.3399999999999963,1.2728672800000003,25.16,969.17,20,45,1,0,0,0,1,0,0,0,1,0,0,0,1,0,0,0
44.03,19.88,66.06,2.54,1.96,0.0,1,0,0.0,44.66,0.0,1.2483779359999998,32.93,910.01,21,45,0,1,0,0,0,0,0,1,0,0,0,1,0,0,1,0
35.37,18.02,65.11,0.0,3.63,0.0,4,1,19.91,38.39833333333333,3.6016666666666666,1.1296804740000002,22.53,833.7,22,45,0,0,1,0,0,1,0,0,0,1,0,0,0,0,0,1
39.05,17.88,68.86,0.0,1.62,11.85,3,1,13.18,36.181666666666665,5.818333333333335,0.983211616,8.26,858.76,23,45,0,0,0,1,0,0,0,1,0,0,0,1,0,0,1,0
53.33,12.98,84.59,0.0,2.61,41.56,1,0,0.0,39.055,2.9450000000000003,0.450559674,8.26,871.94,0,46,0,0,0,1,0,1,0,0,0,1,0,0,0,0,0,1
43.3,13.87,62.6,0.0,1.97,10.18,0,0,0.0,40.23,1.7700000000000031,0.65282001,8.26,871.94,1,46,0,0,0,1,0,1,0,0,0,0,0,1,0,0,1,0
34.99,15.03,65.21,0.0,2.9,0.0,3,1,20.48,39.315,2.6850000000000023,0.787506081,8.26,864.45,2,46,0,0,0,1,0,0,1,0,0,1,0,0,0,0,0,1
46.98,17.34,62.17,5.27,2.1,0.0,2,0,0.0,39.47833333333333,2.5216666666666683,1.003983106,30.43,981.01,3,46,1,0,0,0,0,1,0,0,1,0,0,0,1,0,0,0
36.93,18.94,80.26,0.0,2.71,0.0,4,1,16.23,44.675000000000004,0.0,1.0577548280000002,32.93,910.01,4,46,0,1,0,0,1,0,0,0,0,0,1,0,0,1,0,0
39.34,16.51,68.09,0.0,4.5,11.05,2,1,15.99,40.376666666666665,1.6233333333333348,0.990535013,8.26,884.9300000000001,5,46,0,0,0,1,1,0,0,0,0,0,0,1,0,0,1,0
31.09,16.66,69.98,0.0,2.06,0.0,3,1,28.55,40.18333333333333,1.81666666666667,0.8687907959999999,8.26,885.76,6,46,0,0,0,1,0,0,1,0,0,0,0,1,0,0,1,0
46.06,15.61,61.81,3.19,2.88,203.5,0,0,0.0,41.35166666666667,0.6483333333333334,0.8685526469999999,11.45,914.31,7,46,0,0,0,1,0,0,1,0,0,0,0,1,0,0,1,0
28.09,20.88,67.06,0.0,5.14,343.45,3,1,33.55,37.835,4.164999999999999,1.517975736,30.43,981.01,8,46,1,0,0,0,0,1,0,0,0,1,0,0,0,0,0,1
30.3,19.79,75.83,0.0,2.87,467.93,3,1,30.58,39.276666666666664,2.7233333333333363,1.198880599,32.93,926.24,9,46,0,1,0,0,0,0,1,0,0,1,0,0,0,0,0,1
47.45,26.02,66.56,0.0,0.0,580.68,1,0,0.0,39.54666666666666,2.4533333333333402,1.9516201039999996,30.43,1014.56,10,46,1,0,0,0,1,0,0,0,0,1,0,0,0,0,0,1
36.83,21.3,67.81,0.0,1.6,579.23,1,1,19.84,37.16,4.840000000000003,1.38569367,22.53,853.61,11,46,0,0,1,0,0,0,1,0,1,0,0,0,1,0,0,0
44.43,26.2,53.68,0.0,0.96,632.56,2,0,0.0,39.86833333333333,2.1316666666666677,2.1561984,11.45,914.31,12,46,0,0,0,1,1,0,0,0,0,0,1,0,0,1,0,0
37.36,24.57,63.65,1.75,3.51,591.44,4,1,17.25,38.531666666666666,3.4683333333333337,1.949595455,24.28,865.46,13,46,0,0,1,0,0,0,0,1,0,0,0,1,0,0,1,0
28.08,22.04,69.0,0.0,2.29,576.37,2,1,35.0,36.589999999999996,5.410000000000004,1.50180848,24.28,882.71,14,46,0,0,1,0,0,0,0,1,1,0,0,0,1,0,0,0
33.32,23.79,59.62,0.0,3.68,423.74,3,1,27.84,37.428333333333335,4.571666666666665,1.889372996,32.93,956.8199999999999,15,46,0,1,0,0,1,0,0,0,0,1,0,0,0,0,0,1
51.88,24.2,70.82,0.0,3.13,327.87,1,0,0.0,41.29833333333334,0.7016666666666609,1.8100988000000002,11.45,914.31,16,46,0,0,0,1,1,0,0,0,0,1,0,0,0,0,0,1
31.49,22.07,74.14,0.0,3.13,162.47,1,1,29.28,40.715,1.2849999999999966,1.5004698560000003,4.140000000000001,914.31,17,46,0,0,0,1,1,0,0,0,0,1,0,0,0,0,0,1
51.61,22.84,63.63,2.33,0.93,21.0,0,0,0.0,40.0,2.0,1.586638144,33.019999999999996,975.32,18,46,0,1,0,0,1,0,0,0,0,0,0,1,0,0,1,0
40.24,21.84,73.21,0.0,3.01,0.0,3,1,14.1,36.663333333333334,5.336666666666666,1.4742262680000002,20.85,917.71,19,46,0,0,1,0,0,0,1,0,0,0,0,1,0,0,1,0
39.1,20.48,68.45,0.0,4.04,15.81,3,1,18.14,36.163333333333334,5.836666666666666,1.4024799399999999,20.85,931.8100000000001,20,46,0,0,1,0,0,0,1,0,0,1,0,0,0,0,0,1
38.43,18.52,78.81,2.05,0.66,0.0,2,0,0.0,36.67333333333333,5.326666666666668,0.9217395039999999,22.9,949.95,21,46,0,0,1,0,0,0,0,1,1,0,0,0,1,0,0,0
33.96,15.82,87.18,0.0,2.02,0.0,3,1,20.13,39.818333333333335,2.181666666666665,0.6501692520000001,4.140000000000001,943.5899999999999,22,46,0,0,0,1,0,0,1,0,0,0,0,1,0,0,1,0
41.28,16.64,64.63,0.0,2.83,0.0,1,1,10.05,39.57833333333333,2.421666666666667,0.9476405240000001,33.019999999999996,975.32,23,46,0,1,0,0,0,0,0,1,0,0,1,0,0,1,0,0
63.9,16.5,77.79,10.48,2.52,41.8,2,0,0.0,41.184999999999995,0.8150000000000048,0.8139996899999999,33.379999999999995,949.95,0,47,0,0,1,0,1,0,0,0,0,1,0,0,0,0,0,1
39.41,13.02,84.32,0.0,4.12,0.0,2,1,13.1,38.80833333333333,3.19166666666667,0.5312249680000001,33.019999999999996,985.37,1,47,0,1,0,0,0,0,0,1,0,0,0,1,0,0,1,0
42.11,15.95,66.05,0.0,3.27,0.0,0,0,0.0,39.671666666666674,2.328333333333326,0.8889056249999999,33.019999999999996,998.47,2,47,0,1,0,0,0,0,0,1,0,0,0,1,0,0,1,0
36.27,15.69,69.02,0.0,2.89,0.0,2,1,18.59,40.681666666666665,1.3183333333333351,0.8214132759999999,4.140000000000001,963.7199999999999,3,47,0,0,0,1,0,0,0,1,0,1,0,0,0,0,0,1
59.9,14.29,70.07,5.92,3.38,0.0,0,0,0.0,42.98833333333334,0.0,0.706536381,10.06,982.3100000000001,4,47,0,0,0,1,0,0,0,1,0,0,0,1,0,0,1,0
39.56,16.37,71.58,0.0,3.32,65.42,3,1,14.99,41.215,0.7849999999999966,0.8899802920000003,33.019999999999996,986.13,5,47,0,1,0,0,0,0,0,1,0,0,0,1,0,0,1,0
48.52,17.23,69.32,0.0,2.45,13.59,2,0,0.0,41.196666666666665,0.8033333333333346,0.9521995620000002,19.66,1014.56,6,47,1,0,0,0,0,1,0,0,0,0,0,1,0,0,1,0
33.51,21.56,66.97,0.0,1.97,141.87,2,1,22.98,41.24666666666667,0.7533333333333303,1.444017664,33.019999999999996,1001.12,7,47,0,1,0,0,0,0,1,0,0,1,0,0,0,0,0,1
38.09,20.03,75.45,0.0,3.59,320.06,3,1,13.7,38.99333333333333,3.0066666666666677,1.265807365,33.019999999999996,1024.1,8,47,0,1,0,0,0,1,0,0,0,1,0,0,0,0,0,1
43.66,22.29,54.5,0.0,1.51,514.6,2,0,0.0,42.235,0.0,1.6282658800000003,33.379999999999995,949.95,9,47,0,0,1,0,1,0,0,0,1,0,0,0,1,0,0,0
56.77,21.52,61.57,9.87,2.31,554.5,0,0,0.0,41.574999999999996,0.42500000000000426,1.5048682679999998,42.89,1037.8,10,47,0,1,0,0,0,1,0,0,1,0,0,0,1,0,0,0
40.86,19.71,74.52,0.0,1.01,619.86,4,1,7.92,44.365,0.0,1.1080344340000003,33.379999999999995,949.95,11,47,0,0,1,0,0,1,0,0,0,1,0,0,0,0,0,1
33.27,24.17,70.13,0.0,3.28,635.81,2,1,26.81,41.12833333333334,0.8716666666666626,1.8201823670000001,10.06,982.31,12,47,0,0,0,1,0,0,1,0,0,1,0,0,0,0,0,1
36.22,22.57,60.13,0.0,3.88,652.21,2,1,20.02,40.12166666666666,1.8783333333333374,1.7313340070000003,19.66,1014.56,13,47,1,0,0,0,0,0,0,1,0,1,0,0,0,0,0,1
33.85,23.19,70.96,0.0,1.28,544.53,2,1,25.69,40.185,1.8149999999999977,1.5812940380000002,19.66,1034.58,14,47,1,0,0,0,0,0,1,0,0,0,0,1,0,0,1,0
37.79,21.98,77.3,0.0,2.22,490.15,2,1,15.59,43.95666666666667,0.0,1.4147895000000001,29.04,957.87,15,47,0,0,1,0,1,0,0,0,0,1,0,0,0,0,0,1
37.26,23.27,66.64,0.0,1.82,362.2,4,1,17.54,41.21666666666667,0.7833333333333314,1.6596193660000003,42.89,1037.8,16,47,0,1,0,0,0,1,0,0,0,0,1,0,0,1,0,0
37.57,24.12,59.25,1.17,3.69,189.7,2,1,15.91,40.46,1.5399999999999991,1.93878912,44.06,1055.34,17,47,0,1,0,0,0,0,0,1,0,1,0,0,0,0,0,1
41.33,23.1,73.25,0.0,4.1,0.0,1,1,14.39,44.328333333333326,0.0,1.6889542500000005,20.049999999999997,973.46,18,47,0,0,1,0,0,0,1,0,0,0,0,1,0,0,1,0
32.83,23.11,79.17,0.0,1.83,0.0,4,1,25.13,39.33833333333333,2.661666666666669,1.5210549489999998,44.06,1071.25,19,47,0,1,0,0,1,0,0,0,0,1,0,0,0,0,0,1
27.39,22.29,61.57,0.0,0.0,0.0,1,1,29.77,37.04666666666667,4.953333333333333,1.487575531,10.06,1009.1199999999999,20,47,0,0,0,1,0,1,0,0,0,0,0,1,0,0,1,0
35.27,15.59,73.4,0.0,3.78,0.0,3,1,18.41,37.67666666666667,4.323333333333331,0.8225752500000001,10.06,1030.46,21,47,0,0,0,1,0,1,0,0,1,0,0,0,1,0,0,0
48.87,15.91,80.51,0.0,2.45,0.0,1,0,0.0,40.16166666666667,1.8383333333333312,0.731831847,10.06,1048.87,22,47,0,0,0,1,1,0,0,0,0,0,0,1,0,0,1,0
40.64,14.16,75.08,0.0,2.46,0.0,1,1,7.62,39.12833333333334,2.8716666666666626,0.611975216,19.66,1060.27,23,47,1,0,0,0,0,1,0,0,0,0,1,0,0,1,0,0
33.85,17.3,59.53,0.0,3.56,16.77,1,1,20.4,40.08833333333333,1.9116666666666688,1.09404331,19.66,1067.8899999999999,0,48,1,0,0,0,0,1,0,0,0,0,0,1,0,0,1,0
40.29,14.91,76.78,0.0,1.96,0.0,2,1,10.61,38.895,3.104999999999997,0.642085056,19.66,1073.05,1,48,1,0,0,0,0,0,0,1,0,0,1,0,0,1,0,0
37.38,15.08,66.69,0.0,1.64,0.0,1,1,17.23,44.153333333333336,0.0,0.7180734640000002,20.049999999999997,987.85,2,48,0,0,1,0,0,0,0,1,0,1,0,0,0,0,0,1
39.97,15.62,64.21,0.0,1.97,0.0,4,1,11.1,37.47,4.530000000000001,0.805590334,18.5,1083.6599999999999,3,48,1,0,0,0,1,0,0,0,0,1,0,0,0,0,0,1
42.42,16.92,59.97,0.0,2.99,59.16,2,0,0.0,41.18666666666667,0.8133333333333326,1.021767088,10.06,1048.87,4,48,0,0,0,1,0,1,0,0,1,0,0,0,1,0,0,0
38.97,14.76,82.13,0.0,3.45,19.21,1,1,16.07,37.69833333333333,4.301666666666669,0.6627917360000001,9.89,1048.87,5,48,0,0,0,1,0,0,1,0,0,1,0,0,0,0,0,1
38.59,15.92,67.02,0.0,4.36,0.0,2,1,13.54,37.865,4.134999999999998,0.9329112079999999,18.5,1094.76,6,48,1,0,0,0,0,1,0,0,1,0,0,0,1,0,0,0
56.08,18.78,72.91,5.93,2.88,213.35,2,0,0.0,43.1,0.0,1.1106155260000001,49.989999999999995,1096.38,7,48,0,1,0,0,0,0,0,1,0,1,0,0,0,0,0,1
40.66,21.61,72.36,0.0,2.23,316.6,1,1,11.84,39.0,3.0,1.4144024819999996,16.03,1108.3,8,48,1,0,0,0,1,0,0,0,0,0,0,1,0,0,1,0
38.92,20.81,70.08,0.0,3.46,539.35,3,1,17.3,39.99,2.009999999999998,1.398659006,20.049999999999997,1005.08,9,48,0,0,1,0,0,0,0,1,0,0,0,1,0,0,1,0
38.14,20.63,71.18,0.0,1.23,572.09,2,1,17.45,38.583333333333336,3.4166666666666643,1.2558121679999998,16.03,1120.1399999999999,10,48,1,0,0,0,1,0,0,0,0,1,0,0,0,0,0,1
35.09,19.42,72.73,0.0,4.1,647.64,3,1,21.54,38.79,3.210000000000001,1.2448560820000003,16.03,1137.59,11,48,1,0,0,0,0,0,1,0,1,0,0,0,1,0,0,0
31.25,24.71,66.8,0.0,2.65,679.31,2,1,30.42,37.361666666666665,4.638333333333335,1.8953471900000003,9.89,1064.94,12,48,0,0,0,1,0,0,0,1,0,0,0,1,0,0,1,0
41.24,22.57,62.22,0.0,2.13,679.86,1,1,11.85,39.586666666666666,2.413333333333334,1.624428148,20.049999999999997,1022.38,13,48,0,0,1,0,0,0,0,1,0,0,1,0,0,1,0,0
44.25,22.09,61.98,0.0,1.24,547.55,2,0,0.0,40.17166666666667,1.8283333333333331,1.520043324,9.89,1095.36,14,48,0,0,0,1,1,0,0,0,1,0,0,0,1,0,0,0
39.99,21.1,67.98,0.0,3.15,508.6,3,1,12.49,40.958333333333336,1.0416666666666643,1.4370999400000002,9.89,1076.54,15,48,0,0,0,1,0,0,0,1,0,0,0,1,0,0,1,0
40.67,21.12,67.82,0.0,2.06,303.17,4,1,10.91,39.555,2.4450000000000003,1.386480408,20.049999999999997,1034.23,16,48,0,0,1,0,0,0,0,1,0,0,0,1,0,0,1,0
33.39,21.2,71.65,0.0,2.29,155.58,1,1,22.97,38.821666666666665,3.1783333333333346,1.3734395,14.28,1045.14,17,48,0,0,1,0,0,1,0,0,0,0,0,1,0,0,1,0
34.83,21.45,76.15,0.0,0.39,0.31,1,1,21.89,37.879999999999995,4.1200000000000045,1.268454625,5.27,1159.1299999999999,18,48,1,0,0,0,0,0,1,0,0,1,0,0,0,0,0,1
31.39,19.03,72.78,0.0,1.88,32.22,2,1,22.26,38.044999999999995,3.9550000000000054,1.089500168,9.110000000000001,1089.03,19,48,0,0,0,1,0,0,1,0,0,0,0,1,0,0,1,0
36.53,20.09,63.85,0.0,1.72,0.0,4,1,18.44,37.30666666666667,4.693333333333328,1.280349635,5.27,1181.02,20,48,1,0,0,0,0,0,0,1,0,1,0,0,0,0,0,1
42.68,18.41,55.61,0.0,2.9,57.78,2,0,0.0,38.08833333333333,3.911666666666669,1.215103267,9.110000000000001,1111.29,21,48,0,0,0,1,1,0,0,0,0,1,0,0,0,0,0,1
34.26,21.15,63.3,0.0,2.08,46.43,3,1,21.99,37.64333333333334,4.356666666666662,1.4316497000000001,14.28,1068.1100000000001,22,48,0,0,1,0,0,0,1,0,0,0,0,1,0,0,1,0
37.36,14.43,64.65,0.0,0.0,1.39,1,1,13.1,37.10166666666667,4.898333333333333,0.590437485,5.27,1188.48,23,48,1,0,0,0,0,0,0,1,0,0,1,0,0,1,0,0
41.23,16.71,67.12,0.0,1.9,0.0,4,1,12.69,38.285000000000004,3.7149999999999963,0.8885712540000001,14.28,1090.1,0,49,0,0,1,0,0,0,1,0,0,0,1,0,0,1,0,0
43.75,16.33,74.23,0.0,0.65,35.04,0,0,0.0,38.885,3.115000000000002,0.7316905929999997,9.110000000000001,1111.29,1,49,0,0,0,1,0,0,0,1,1,0,0,0,1,0,0,0
45.4,14.38,74.68,8.86,1.15,0.0,0,0,0.0,39.365,2.634999999999998,0.569084768,23.14,1102.79,2,49,0,0,1,0,0,0,1,0,0,0,0,1,0,0,1,0
35.29,16.21,85.64,0.0,3.6,25.95,2,1,18.01,36.20666666666666,5.7933333333333366,0.7780930580000002,5.27,1201.58,3,49,1,0,0,0,0,0,0,1,0,0,0,1,0,0,1,0
33.97,17.62,74.88,0.0,0.37,0.0,4,1,20.09,42.413333333333334,0.0,0.8439135120000001,35.379999999999995,1096.38,4,49,0,1,0,0,0,0,0,1,0,0,0,1,0,0,1,0
33.26,17.25,85.17,0.0,2.75,43.97,4,1,22.65,39.22,2.780000000000001,0.841510795,9.110000000000001,1111.29,5,49,0,0,0,1,0,0,1,0,0,1,0,0,0,0,0,1
35.72,20.01,74.6,0.0,1.79,0.0,2,1,21.07,38.445,3.5549999999999997,1.18088565,23.14,1102.79,6,49,0,0,1,0,1,0,0,0,0,1,0,0,0,0,0,1
27.88,15.63,80.7,0.0,1.56,145.06,3,1,30.32,36.31333333333333,5.686666666666667,0.6592808400000001,23.14,1123.8600000000001,7,49,0,0,1,0,0,0,0,1,0,0,0,1,0,0,1,0
35.76,18.67,68.15,0.0,1.22,340.34,4,1,17.44,35.81,6.189999999999998,1.055409255,5.27,1219.59,8,49,1,0,0,0,0,0,0,1,0,0,0,1,0,0,1,0
37.76,23.18,59.54,0.0,2.78,480.68,2,1,17.22,37.041666666666664,4.958333333333336,1.762619404,23.14,1154.18,9,49,0,0,1,0,1,0,0,0,0,0,0,1,0,0,1,0
32.35,23.3,63.82,0.0,2.92,541.0,3,1,27.02,37.23666666666667,4.763333333333328,1.7452585399999998,9.110000000000001,1133.94,10,49,0,0,0,1,1,0,0,0,0,0,1,0,0,1,0,0
35.15,23.57,66.66,0.0,0.33,616.23,2,1,19.01,35.82,6.18,1.6249325040000002,5.27,1227.22,11,49,1,0,0,0,0,1,0,0,0,0,1,0,0,1,0,0
36.89,25.24,61.01,0.0,3.78,683.34,3,1,19.42,36.163333333333334,5.836666666666666,2.083607888,5.27,1246.23,12,49,1,0,0,0,0,0,0,1,1,0,0,0,1,0,0,0
38.12,20.92,61.86,0.0,0.98,663.09,3,1,15.01,39.305,2.6950000000000003,1.361151104,35.379999999999995,1116.47,13,49,0,1,0,0,0,0,1,0,0,1,0,0,0,0,0,1
28.66,25.12,68.42,0.0,2.87,550.6,1,1,33.28,37.87166666666666,4.128333333333337,1.9478310479999998,35.379999999999995,1118.75,14,49,0,1,0,0,0,0,0,1,0,0,0,1,0,0,1,0
40.16,25.39,58.25,0.0,0.98,438.37,4,1,13.23,38.025,3.9750000000000014,1.992528405,23.14,1171.4,15,49,0,0,1,0,0,0,0,1,0,1,0,0,0,0,0,1
41.1,22.41,56.94,0.0,1.85,277.08,2,1,13.91,37.42166666666667,4.578333333333333,1.638445828,9.110000000000001,1144.35,16,49,0,0,0,1,0,0,1,0,0,1,0,0,0,0,0,1
32.13,26.7,56.38,0.0,0.87,177.11,3,1,22.35,37.544999999999995,4.455000000000005,2.1991956999999998,9.110000000000001,1158.26,17,49,0,0,0,1,0,1,0,0,0,0,1,0,0,1,0,0
45.84,22.23,66.18,0.0,1.77,28.44,2,0,0.0,37.714999999999996,4.285000000000004,1.525881228,5.27,1265.65,18,49,1,0,0,0,0,0,1,0,1,0,0,0,1,0,0,0
39.71,17.68,64.52,0.0,2.16,5.3,3,1,11.17,38.10666666666666,3.893333333333338,1.024249712,5.27,1265.65,19,49,1,0,0,0,0,1,0,0,0,0,0,1,0,0,1,0
38.98,20.5,65.11,0.0,1.02,0.0,1,1,13.03,37.65,4.350000000000001,1.28329101,23.14,1184.63,20,49,0,0,1,0,0,0,1,0,0,0,1,0,0,1,0,0
40.82,17.82,75.55,0.0,2.78,62.53,4,1,13.03,38.413333333333334,3.586666666666666,0.9799703900000002,35.379999999999995,1152.03,21,49,0,1,0,0,0,0,1,0,0,0,0,1,0,0,1,0
77.35,19.68,73.88,25.07,2.93,0.0,0,0,0.0,45.833333333333336,0.0,1.206119568,48.7,1165.06,22,49,0,1,0,0,0,1,0,0,0,0,0,1,0,0,1,0
35.61,17.92,66.63,0.0,5.65,30.74,1,1,19.67,36.01833333333333,5.981666666666669,1.207330092,23.14,1180.23,23,49,0,0,1,0,1,0,0,0,0,1,0,0,0,0,0,1
40.45,15.69,63.92,0.0,3.51,7.58,3,1,7.33,36.806666666666665,5.193333333333335,0.8916970459999999,21.39,1199.8999999999999,0,50,0,0,1,0,0,0,1,0,0,1,0,0,0,0,0,1
33.36,18.44,66.82,0.0,3.81,16.4,2,1,21.05,42.04666666666666,0.0,1.1705528160000003,46.91,1165.06,1,50,0,1,0,0,0,1,0,0,0,1,0,0,0,0,0,1
35.57,17.46,76.22,0.0,0.28,0.0,3,1,15.89,38.08833333333333,3.911666666666669,0.8118421240000002,21.39,1207.23,2,50,0,0,1,0,0,0,0,1,0,1,0,0,0,0,0,1
40.32,14.94,79.87,0.0,0.05,0.0,4,1,8.23,43.105,0.0,0.526074806,46.91,1186.11,3,50,0,1,0,0,0,0,0,1,0,1,0,0,0,0,0,1
38.85,16.36,74.98,0.0,2.04,10.27,2,1,12.31,38.7,3.299999999999997,0.7982696159999997,5.27,1276.82,4,50,1,0,0,0,0,1,0,0,0,0,0,1,0,0,1,0
37.39,18.0,79.61,0.0,4.54,0.0,4,1,18.29,36.663333333333334,5.336666666666666,1.05361126,9.110000000000001,1180.61,5,50,0,0,0,1,0,0,0,1,0,1,0,0,0,0,0,1
37.58,17.5,83.7,0.0,5.37,0.0,4,1,17.62,39.00333333333333,2.9966666666666697,1.0097646999999998,0.0,1289.13,6,50,1,0,0,0,0,0,1,0,0,1,0,0,0,0,0,1
36.38,18.51,67.41,0.0,1.57,228.17,1,1,17.27,37.85833333333333,4.141666666666673,1.0613644970000002,21.39,1223.12,7,50,0,0,1,0,0,0,1,0,0,0,1,0,0,1,0,0
41.5,20.1,79.92,0.0,1.7,347.76,2,1,9.37,38.08166666666667,3.9183333333333294,1.1404543600000001,21.39,1240.3899999999999,8,50,0,0,1,0,0,0,0,1,0,0,0,1,0,0,1,0
47.68,19.49,68.19,0.0,3.05,460.83,2,0,0.0,39.531666666666666,2.4683333333333337,1.239253657,19.339999999999996,1249.76,9,50,0,0,1,0,0,0,0,1,0,0,0,1,0,0,1,0
38.67,18.7,77.78,0.0,2.16,566.38,2,1,15.72,43.196666666666665,0.0,1.0249019,46.91,1194.34,10,50,0,1,0,0,0,0,1,0,0,0,1,0,0,1,0,0
43.61,23.24,71.97,0.0,2.19,686.78,1,0,0.0,40.413333333333334,1.586666666666666,1.6238308559999997,0.0,1306.75,11,50,1,0,0,0,1,0,0,0,0,0,0,1,0,0,1,0
35.0,20.53,55.34,0.0,3.16,624.0,3,1,19.8,40.098333333333336,1.9016666666666637,1.480032364,0.0,1306.75,12,50,1,0,0,0,0,1,0,0,1,0,0,0,1,0,0,0
33.76,22.42,60.9,0.0,5.66,593.96,3,1,28.95,44.04666666666666,0.0,1.7936229799999999,44.370000000000005,1210.06,13,50,0,1,0,0,0,0,1,0,0,0,1,0,0,1,0,0
33.21,21.39,59.94,0.0,3.97,592.67,3,1,25.95,39.13166666666667,2.8683333333333323,1.586249252,8.859999999999998,1249.76,14,50,0,0,1,0,0,0,0,1,0,1,0,0,0,0,0,1
32.54,21.44,55.97,0.0,4.64,475.81,3,1,23.71,37.81333333333333,4.186666666666667,1.661862436,8.859999999999998,1275.71,15,50,0,0,1,0,0,1,0,0,0,0,0,1,0,0,1,0
35.56,24.15,72.43,0.0,0.19,289.65,1,1,20.19,43.169999999999995,0.0,1.6407718949999996,44.370000000000005,1232.69,16,50,0,1,0,0,0,0,0,1,1,0,0,0,1,0,0,0
41.54,22.54,82.05,0.0,3.69,206.34,3,1,13.88,39.38166666666667,2.6183333333333323,1.51452997,0.0,1312.27,17,50,1,0,0,0,0,0,1,0,1,0,0,0,1,0,0,0
42.1,21.66,66.47,0.0,1.26,10.32,2,0,0.0,39.779999999999994,2.220000000000006,1.425549854,0.0,1308.19,18,50,1,0,0,0,0,1,0,0,0,0,1,0,0,1,0,0
34.53,19.11,76.29,0.0,4.41,0.0,4,1,22.93,39.059999999999995,2.940000000000005,1.1951565329999998,0.0,1295.0800000000002,19,50,1,0,0,0,0,0,1,0,0,1,0,0,0,0,0,1
63.79,19.07,80.74,15.75,4.03,17.16,1,0,0.0,43.428333333333335,0.0,1.1339717960000002,15.75,1318.01,20,50,1,0,0,0,0,0,1,0,0,0,0,1,0,0,1,0
37.03,19.58,71.39,0.0,3.12,11.92,1,1,15.51,35.54333333333334,6.4566666666666634,1.225602534,5.92,1198.8999999999999,21,50,0,0,0,1,0,0,0,1,0,0,0,1,0,0,1,0
38.2,17.97,71.05,0.0,1.51,0.0,3,1,11.7,36.36666666666667,5.633333333333333,0.9693744149999997,5.92,1214.4099999999999,22,50,0,0,0,1,0,0,0,1,0,0,0,1,0,0,1,0
77.84,18.46,69.12,21.05,1.82,13.45,2,0,0.0,49.13333333333333,0.0,1.0540801040000003,36.8,1305.54,23,50,1,0,0,0,0,0,1,0,1,0,0,0,1,0,0,0
35.0,18.15,74.84,0.0,1.92,21.92,3,1,19.79,36.80833333333333,5.19166666666667,0.9779182099999999,5.92,1226.11,0,51,0,0,0,1,1,0,0,0,0,0,0,1,0,0,1,0
35.98,15.93,78.98,0.0,3.31,32.0,2,1,16.8,37.88166666666667,4.118333333333332,0.7886145280000001,8.859999999999998,1299.4199999999998,1,51,0,0,1,0,0,0,0,1,0,1,0,0,0,0,0,1
61.02,13.39,78.12,9.6,2.88,3.76,1,0,0.0,40.12833333333334,1.8716666666666626,0.544148986,15.52,1233.8899999999999,2,51,0,0,0,1,0,1,0,0,0,0,0,1,0,0,1,0
35.56,15.17,76.46,0.0,4.1,0.0,1,1,18.01,40.7,1.2999999999999972,0.775552444,15.52,1215.53,3,51,0,0,0,1,0,1,0,0,0,0,0,1,0,0,1,0
43.98,16.56,71.99,5.51,4.33,8.37,1,0,0.0,50.629999999999995,0.0,0.956281108,42.31,1305.54,4,51,1,0,0,0,0,0,0,1,0,1,0,0,0,0,0,1
38.28,16.18,61.51,0.99,1.39,41.68,4,1,10.74,40.848333333333336,1.1516666666666637,0.853306466,16.509999999999998,1233.54,5,51,0,0,0,1,0,0,0,1,0,0,0,1,0,0,1,0
37.3,16.59,78.61,0.0,2.97,22.05,2,1,16.82,49.92333333333334,0.0,0.838937713,42.31,1305.54,6,51,1,0,0,0,0,0,1,0,0,0,0,1,0,0,1,0
29.19,19.24,61.22,0.0,2.96,156.8,4,1,27.82,47.77166666666667,0.0,1.2655486559999995,42.31,1322.3600000000001,7,51,1,0,0,0,0,1,0,0,1,0,0,0,1,0,0,0
34.66,23.82,70.88,0.0,2.29,326.95,4,1,24.87,37.595,4.405000000000001,1.7161874320000001,8.859999999999998,1316.22,8,51,0,0,1,0,0,0,1,0,1,0,0,0,1,0,0,0
38.96,20.47,74.51,0.0,3.53,517.92,4,1,15.29,41.17,0.8299999999999983,1.3224453989999998,10.59,1244.28,9,51,0,0,0,1,0,1,0,0,0,0,0,1,0,0,1,0
46.87,22.17,59.88,0.0,2.99,589.14,1,0,0.0,49.82833333333334,0.0,1.6371274420000002,42.31,1350.18,10,51,1,0,0,0,1,0,0,0,0,1,0,0,0,0,0,1
34.19,21.03,64.52,0.0,1.71,633.17,4,1,18.97,40.50166666666667,1.4983333333333277,1.387446602,10.59,1259.57,11,51,0,0,0,1,0,1,0,0,0,0,0,1,0,0,1,0
39.74,25.5,80.05,0.0,2.23,689.91,1,1,13.9,37.30166666666667,4.698333333333331,1.85382705,8.859999999999998,1341.09,12,51,0,0,1,0,1,0,0,0,0,0,1,0,0,1,0,0
36.89,25.35,64.77,0.0,1.98,608.84,2,1,18.34,40.81666666666667,1.18333333333333,1.9720508850000003,10.59,1278.54,13,51,0,0,0,1,0,1,0,0,0,1,0,0,0,0,0,1
41.76,25.38,56.76,0.0,1.53,574.43,1,1,9.74,37.23833333333334,4.761666666666663,2.033383056,44.370000000000005,1252.88,14,51,0,1,0,0,1,0,0,0,1,0,0,0,1,0,0,0
32.44,26.07,70.35,0.0,2.3,525.27,2,1,25.24,37.085,4.914999999999999,2.0356505350000003,44.370000000000005,1262.6200000000001,15,51,0,1,0,0,1,0,0,0,1,0,0,0,1,0,0,0
42.28,22.99,61.8,0.0,0.84,347.87,2,0,0.0,46.24333333333333,0.0,1.61906377,42.31,1350.18,16,51,1,0,0,0,0,1,0,0,0,0,0,1,0,0,1,0
43.76,22.54,54.12,0.0,2.97,224.96,2,0,0.0,40.56333333333333,1.4366666666666674,1.7376700960000002,42.31,1336.66,17,51,1,0,0,0,1,0,0,0,1,0,0,0,1,0,0,0
43.51,24.73,69.45,0.0,4.08,0.0,0,0,0.0,37.89833333333333,4.101666666666667,1.943710915,10.59,1296.88,18,51,0,0,0,1,1,0,0,0,0,1,0,0,0,0,0,1
43.85,22.15,61.46,0.0,2.46,0.0,0,0,0.0,36.663333333333334,5.336666666666666,1.59352754,8.859999999999998,1354.99,19,51,0,0,1,0,0,0,1,0,1,0,0,0,1,0,0,0
37.65,16.84,74.38,0.0,3.54,40.61,1,1,15.35,39.50833333333333,2.491666666666667,0.9260761440000002,42.31,1336.66,20,51,1,0,0,0,0,1,0,0,0,0,1,0,0,1,0,0
39.61,19.82,64.06,0.0,2.59,0.0,4,1,12.67,39.89333333333334,2.106666666666662,1.290159764,42.31,1352.01,21,51,1,0,0,0,0,0,1,0,0,1,0,0,0,0,0,1
34.57,17.3,76.71,0.0,1.17,6.31,4,1,19.62,37.733333333333334,4.266666666666666,0.83584917,10.59,1296.88,22,51,0,0,0,1,1,0,0,0,0,1,0,0,0,0,0,1
25.54,18.69,71.93,0.0,4.81,36.08,3,1,35.0,39.285000000000004,2.7149999999999963,1.205408719,42.31,1364.68,23,51,1,0,0,0,0,0,1,0,0,1,0,0,0,0,0,1
37.92,17.44,53.52,0.0,0.0,19.69,4,1,13.58,37.44833333333333,4.551666666666669,0.9797565760000001,8.859999999999998,1354.99,0,52,0,0,1,0,1,0,0,0,0,1,0,0,0,0,0,1
35.82,13.82,77.22,0.0,2.41,0.0,2,1,16.54,37.32333333333333,4.676666666666669,0.563983148,10.59,1316.5,1,52,0,0,0,1,0,1,0,0,0,0,1,0,0,1,0,0
41.43,16.69,70.22,0.0,1.48,0.0,4,1,7.55,37.27,4.729999999999997,0.8409334360000001,42.040000000000006,1287.8600000000001,2,52,0,1,0,0,1,0,0,0,0,0,1,0,0,1,0,0
40.9,16.74,82.12,0.0,4.3,0.0,4,1,11.22,37.64666666666667,4.353333333333332,0.8924813759999999,10.59,1333.04,3,52,0,0,0,1,0,0,0,1,0,0,0,1,0,0,1,0
31.27,17.37,74.47,0.0,2.66,16.62,2,1,23.3,36.03666666666667,5.963333333333331,0.9356813930000002,42.040000000000006,1295.41,4,52,0,1,0,0,0,1,0,0,0,0,0,1,0,0,1,0
61.58,18.33,76.23,7.4,5.47,17.99,2,0,0.0,42.288333333333334,0.0,1.1632409929999996,16.259999999999998,1368.57,5,52,0,0,1,0,0,1,0,0,0,0,0,1,0,0,1,0
38.49,20.54,64.2,0.0,2.44,0.0,4,1,11.73,38.36333333333334,3.636666666666663,1.36712984,10.59,1344.26,6,52,0,0,0,1,1,0,0,0,0,0,0,1,0,0,1,0
30.11,19.88,64.17,0.0,1.49,193.79,2,1,24.65,36.49166666666667,5.508333333333333,1.2412574319999998,42.31,1399.68,7,52,1,0,0,0,1,0,0,0,0,1,0,0,0,0,0,1
30.8,20.33,69.16,0.0,0.35,340.29,1,1,25.47,37.348333333333336,4.651666666666664,1.1938943859999998,10.59,1355.99,8,52,0,0,0,1,0,1,0,0,0,0,0,1,0,0,1,0
25.62,23.05,64.64,0.0,3.73,455.12,4,1,35.0,33.714999999999996,8.285000000000004,1.7448376299999997,42.31,1424.3300000000002,9,52,1,0,0,0,0,1,0,0,0,1,0,0,0,0,0,1
39.31,25.66,74.44,0.0,1.4,581.73,2,1,15.35,32.973333333333336,9.026666666666664,1.8908349280000003,42.31,1459.3300000000002,10,52,1,0,0,0,0,0,0,1,0,1,0,0,0,0,0,1
33.55,24.49,64.93,0.0,1.9,605.19,3,1,20.88,41.88333333333333,0.11666666666666714,1.845514199,16.259999999999998,1368.57,11,52,0,0,1,0,1,0,0,0,0,0,0,1,0,0,1,0
32.22,24.07,57.77,0.0,3.87,672.29,1,1,29.14,35.779999999999994,6.220000000000006,1.9551341930000001,42.040000000000006,1318.71,12,52,0,1,0,0,0,0,0,1,0,1,0,0,0,0,0,1
32.74,24.8,59.96,0.0,3.66,598.21,3,1,24.45,35.31,6.689999999999998,2.02541592,42.040000000000006,1347.8500000000001,13,52,0,1,0,0,0,1,0,0,0,0,0,1,0,0,1,0
34.52,24.68,72.61,0.0,1.67,579.98,4,1,20.69,41.86000000000001,0.13999999999999346,1.7854059760000003,16.259999999999998,1374.8300000000002,14,52,0,0,1,0,0,1,0,0,0,0,1,0,0,1,0,0
39.18,24.18,65.08,0.0,1.86,475.82,1,1,16.26,34.879999999999995,7.1200000000000045,1.799302288,42.040000000000006,1372.3,15,52,0,1,0,0,0,0,1,0,0,1,0,0,0,0,0,1
26.38,27.0,62.45,0.0,0.29,314.54,2,1,35.0,31.095,10.905000000000001,2.1530951999999997,42.31,1474.68,16,52,1,0,0,0,0,0,0,1,1,0,0,0,1,0,0,0
31.04,22.0,75.42,0.0,0.0,190.46,3,1,24.27,35.269999999999996,6.730000000000004,1.3234853199999999,10.59,1381.46,17,52,0,0,0,1,0,0,0,1,0,1,0,0,0,0,0,1
38.68,24.02,59.98,0.0,3.32,53.99,3,1,18.97,35.955,6.045000000000002,1.8994640919999997,10.59,1405.73,18,52,0,0,0,1,1,0,0,0,0,0,0,1,0,0,1,0
33.38,21.14,53.04,0.0,3.45,0.0,2,1,26.84,40.800000000000004,1.1999999999999957,1.590803832,16.259999999999998,1395.52,19,52,0,0,1,0,0,0,1,0,0,1,0,0,0,0,0,1
39.25,18.07,65.17,0.0,2.83,33.4,2,1,12.39,36.526666666666664,5.473333333333336,1.094634053,10.59,1412.5,20,52,0,0,0,1,0,0,0,1,0,1,0,0,0,0,0,1
33.84,18.97,72.12,0.0,2.62,38.03,3,1,20.27,35.35,6.649999999999999,1.1253858179999998,10.59,1424.89,21,52,0,0,0,1,0,1,0,0,0,0,0,1,0,0,1,0
44.18,17.47,69.88,0.0,1.55,0.0,1,0,0.0,36.29833333333334,5.701666666666661,0.9278103219999998,10.59,1445.16,22,52,0,0,0,1,0,0,0,1,0,1,0,0,0,0,0,1
37.34,18.33,60.01,0.0,4.16,28.03,1,1,18.04,39.715,2.2849999999999966,1.2325275709999999,16.259999999999998,1422.3600000000001,23,52,0,0,1,0,1,0,0,0,0,0,1,0,0,1,0,0
42.41,17.09,79.04,0.0,0.26,0.0,0,0,0.0,40.46333333333333,1.5366666666666688,0.750148942,7.399999999999999,1440.4,0,53,0,0,1,0,0,0,1,0,0,1,0,0,0,0,0,1
38.85,15.02,74.73,0.0,1.84,43.97,2,1,9.54,37.64,4.359999999999999,0.6616928419999999,10.59,1445.16,1,53,0,0,0,1,0,0,0,1,0,1,0,0,0,0,0,1
39.14,18.62,73.43,0.0,2.59,0.0,3,1,10.97,35.99666666666666,6.003333333333337,1.074129182,42.040000000000006,1375.6599999999999,2,53,0,1,0,0,0,0,0,1,0,1,0,0,0,0,0,1
32.47,18.19,73.99,0.0,2.4,50.57,1,1,23.64,35.61166666666667,6.388333333333328,1.0132466070000001,7.399999999999999,1440.4,3,53,0,0,1,0,0,0,1,0,0,0,0,1,0,0,1,0
42.06,19.33,61.05,0.0,2.4,0.0,4,1,11.98,36.10166666666667,5.898333333333333,1.2494017749999995,42.040000000000006,1386.6299999999999,4,53,0,1,0,0,0,0,1,0,0,0,1,0,0,1,0,0
37.28,17.94,73.37,0.0,1.78,3.15,4,1,14.54,38.68,3.3200000000000003,0.960587806,10.59,1454.7,5,53,0,0,0,1,0,1,0,0,0,0,1,0,0,1,0,0
31.42,18.36,77.26,0.0,3.05,0.0,1,1,29.71,29.73,12.27,1.036908512,42.31,1509.68,6,53,1,0,0,0,0,0,1,0,0,0,0,1,0,0,1,0
25.63,20.43,77.23,0.0,0.94,220.61,2,1,34.79,35.16166666666667,6.838333333333331,1.164313803,32.17,1398.61,7,53,0,1,0,0,0,0,1,0,0,0,0,1,0,0,1,0
36.86,19.55,75.01,0.0,2.23,316.98,2,1,16.25,35.935,6.064999999999998,1.1465693449999999,32.17,1421.49,8,53,0,1,0,0,0,0,0,1,0,0,0,1,0,0,1,0
43.68,21.64,71.88,0.0,2.92,440.65,1,0,0.0,32.75333333333333,9.24666666666667,1.456969824,42.31,1515.14,9,53,1,0,0,0,0,0,0,1,0,0,0,1,0,0,1,0
31.59,22.15,55.72,0.0,2.0,602.12,3,1,25.04,33.0,9.0,1.6232695300000002,42.31,1515.14,10,53,1,0,0,0,1,0,0,0,0,0,0,1,0,0,1,0
31.41,21.05,68.65,0.0,2.41,653.48,3,1,26.03,37.468333333333334,4.531666666666666,1.3880006750000002,10.59,1451.7,11,53,0,0,0,1,0,0,0,1,0,0,0,1,0,0,1,0
34.48,24.07,59.65,0.0,2.66,638.32,3,1,19.43,35.766666666666666,6.233333333333334,1.8765296050000002,7.399999999999999,1464.04,12,53,0,0,1,0,1,0,0,0,0,1,0,0,0,0,0,1
41.59,23.62,75.68,0.0,0.29,593.16,4,1,8.61,37.858333333333334,4.141666666666666,1.543709832,10.59,1477.73,13,53,0,0,0,1,0,0,1,0,1,0,0,0,1,0,0,0
26.86,24.05,74.27,0.0,0.4,523.5,3,1,31.81,34.49,7.509999999999998,1.6200468650000002,7.399999999999999,1483.47,14,53,0,0,1,0,0,0,0,1,0,0,0,1,0,0,1,0
32.31,24.82,59.09,0.0,2.56,504.25,4,1,27.04,37.60333333333333,4.396666666666668,1.9817696860000003,10.59,1486.34,15,53,0,0,0,1,0,0,0,1,0,1,0,0,0,0,0,1
29.94,25.79,64.65,0.0,1.67,339.66,4,1,30.1,35.468333333333334,6.531666666666666,2.0209665250000004,31.0,1437.74,16,53,0,1,0,0,0,0,0,1,0,0,0,1,0,0,1,0
38.84,21.97,69.76,0.0,1.74,174.3,4,1,13.55,35.41166666666666,6.588333333333338,1.4585161739999994,31.0,1467.8400000000001,17,53,0,1,0,0,0,1,0,0,0,0,0,1,0,0,1,0
35.3,21.91,74.38,0.0,3.08,17.23,3,1,19.99,34.77166666666667,7.228333333333332,1.4757711760000003,25.07,1481.39,18,53,0,1,0,0,0,0,1,0,0,0,1,0,0,1,0,0
34.26,20.3,57.63,0.0,1.21,0.0,4,1,19.76,34.63666666666666,7.363333333333337,1.33437731,7.399999999999999,1515.28,19,53,0,0,1,0,0,0,1,0,0,0,1,0,0,1,0,0
35.08,19.17,54.8,0.0,0.0,0.0,2,1,17.57,36.086666666666666,5.913333333333334,1.1640743900000001,10.59,1513.38,20,53,0,0,0,1,0,1,0,0,0,1,0,0,0,0,0,1
39.89,18.49,71.08,0.0,4.39,0.0,4,1,12.69,34.41,7.590000000000003,1.1695213939999998,25.07,1501.38,21,53,0,1,0,0,0,1,0,0,1,0,0,0,1,0,0,0
41.56,18.12,53.38,0.0,3.85,34.35,3,1,12.24,35.339999999999996,6.660000000000004,1.2484977120000003,7.399999999999999,1535.04,22,53,0,0,1,0,1,0,0,0,1,0,0,0,1,0,0,0
41.06,18.46,71.94,0.0,3.84,0.0,2,1,11.66,36.98166666666666,5.018333333333338,1.1315618680000004,25.07,1514.0700000000002,23,53,0,1,0,0,1,0,0,0,0,0,1,0,0,1,0,0
38.8,17.55,75.7,0.0,1.06,36.88,1,1,11.11,36.07833333333333,5.921666666666667,0.8644239000000001,10.59,1530.95,0,54,0,0,0,1,0,1,0,0,0,1,0,0,0,0,0,1
42.82,15.09,82.18,0.0,2.31,62.8,1,0,0.0,35.86666666666667,6.133333333333333,0.6353461840000001,42.31,1540.18,1,54,1,0,0,0,1,0,0,0,0,1,0,0,0,0,0,1
31.23,18.48,66.46,0.0,0.88,0.0,2,1,22.23,35.07,6.93,1.0314762960000001,0.99,1542.06,2,54,0,0,0,1,0,1,0,0,0,1,0,0,0,0,0,1
37.81,18.09,72.26,0.0,2.33,0.58,1,1,15.23,35.61666666666667,6.383333333333333,1.013290608,42.31,1526.81,3,54,1,0,0,0,0,0,1,0,0,0,0,1,0,0,1,0
47.6,15.72,77.58,0.0,1.98,17.48,2,0,0.0,39.153333333333336,2.846666666666664,0.7128383520000001,42.31,1530.72,4,54,1,0,0,0,0,1,0,0,0,0,0,1,0,0,1,0
26.66,19.55,61.73,0.0,1.11,30.56,4,1,32.48,34.278333333333336,7.721666666666664,1.2046511850000001,0.99,1564.29,5,54,0,0,0,1,0,0,0,1,0,0,1,0,0,1,0,0
33.16,19.03,76.78,0.0,3.0,0.0,2,1,23.37,36.365,5.634999999999998,1.111616568,25.07,1525.73,6,54,0,1,0,0,0,1,0,0,0,0,1,0,0,1,0,0
30.64,19.27,72.11,0.0,2.09,180.05,4,1,26.3,32.45333333333333,9.546666666666667,1.132662399,0.0,1596.77,7,54,0,0,0,1,1,0,0,0,0,0,0,1,0,0,1,0
37.24,21.07,64.5,0.0,4.47,317.34,2,1,21.63,40.123333333333335,1.8766666666666652,1.5305426200000003,42.31,1530.72,8,54,1,0,0,0,0,0,0,1,0,1,0,0,0,0,0,1
42.97,21.53,69.36,0.0,2.5,449.7,0,0,0.0,40.004999999999995,1.9950000000000045,1.445158646,42.31,1552.3500000000001,9,54,1,0,0,0,1,0,0,0,0,0,0,1,0,0,1,0
38.46,23.36,65.94,0.0,0.0,635.33,4,1,12.2,34.681666666666665,7.318333333333335,1.5872036879999996,7.399999999999999,1547.28,10,54,0,0,1,0,1,0,0,0,0,0,1,0,0,1,0,0
34.67,23.65,72.14,0.0,0.23,620.31,3,1,22.04,32.846666666666664,9.153333333333336,1.5784260600000002,0.0,1623.07,11,54,0,0,0,1,0,0,0,1,0,0,0,1,0,0,1,0
38.47,23.5,64.28,0.0,4.91,665.74,3,1,19.89,35.681666666666665,6.318333333333335,1.86716928,7.399999999999999,1559.48,12,54,0,0,1,0,0,0,1,0,0,1,0,0,0,0,0,1
34.28,21.36,70.1,0.0,1.97,623.64,1,1,22.25,37.08833333333333,4.911666666666669,1.3909757999999999,25.07,1549.1000000000001,13,54,0,1,0,0,1,0,0,0,0,0,0,1,0,0,1,0
35.88,25.33,60.99,0.0,2.69,571.36,3,1,21.09,32.980000000000004,9.019999999999996,2.0421959689999993,0.0,1645.1100000000001,14,54,0,0,0,1,1,0,0,0,0,1,0,0,0,0,0,1
38.79,23.84,59.96,0.0,2.41,478.96,4,1,17.96,37.080000000000005,4.919999999999995,1.8294555680000002,0.0,1558.2,15,54,0,1,0,0,0,0,0,1,0,1,0,0,0,0,0,1
43.74,25.17,66.67,0.0,4.1,356.27,2,0,0.0,38.48666666666667,3.5133333333333283,2.033669993,0.0,1576.16,16,54,0,1,0,0,0,0,1,0,0,0,0,1,0,0,1,0
37.86,24.09,60.05,0.0,0.11,141.04,1,1,13.06,41.050000000000004,0.9499999999999957,1.7479354950000001,42.31,1552.3500000000001,17,54,1,0,0,0,0,1,0,0,0,0,1,0,0,1,0,0
39.71,22.02,73.59,1.65,4.0,5.34,4,1,11.84,38.45666666666667,3.5433333333333294,1.5427423459999998,1.65,1576.16,18,54,0,1,0,0,0,0,0,1,0,0,1,0,0,1,0,0
45.81,23.11,71.26,0.0,3.91,6.58,1,0,0.0,34.14833333333333,7.851666666666667,1.6994825119999997,0.0,1657.78,19,54,0,0,0,1,0,0,1,0,0,0,1,0,0,1,0,0
25.84,20.85,63.57,0.0,2.41,0.0,1,1,34.94,34.24166666666667,7.758333333333333,1.4088552350000005,7.399999999999999,1579.3700000000001,20,54,0,0,1,0,0,0,0,1,0,0,0,1,0,0,1,0
35.14,19.75,71.3,0.0,2.9,0.0,3,1,22.9,37.470000000000006,4.529999999999994,1.2349263000000001,1.65,1557.34,21,54,0,1,0,0,0,0,0,1,0,1,0,0,0,0,0,1
31.88,18.33,65.55,0.0,1.96,31.18,1,1,24.78,34.25666666666667,7.743333333333332,1.0764907249999998,0.0,1657.78,22,54,0,0,0,1,0,1,0,0,0,1,0,0,0,0,0,1
34.38,20.23,58.18,0.0,0.38,0.0,2,1,17.12,39.64333333333334,2.356666666666662,1.279603228,26.560000000000002,1565.41,23,54,1,0,0,0,0,1,0,0,0,1,0,0,0,0,0,1
38.58,16.13,68.52,0.0,3.1,91.42,1,1,11.28,36.195,5.805,0.8790458419999999,7.399999999999999,1614.31,0,55,0,0,1,0,0,1,0,0,0,1,0,0,0,0,0,1
40.45,16.31,72.2,0.0,2.7,33.71,4,1,10.99,40.083333333333336,1.9166666666666643,0.8481377699999998,5.51,1582.53,1,55,1,0,0,0,0,1,0,0,0,1,0,0,0,0,0,1
32.93,14.81,77.4,0.0,2.72,15.81,2,1,23.97,37.63833333333333,4.361666666666672,0.66627121,0.0,1587.01,2,55,1,0,0,0,0,0,1,0,0,0,0,1,0,0,1,0
58.61,17.89,72.34,10.97,2.98,52.86,1,0,0.0,41.711666666666666,0.288333333333334,1.023719072,12.620000000000001,1580.24,3,55,0,1,0,0,0,0,0,1,0,0,0,1,0,0,1,0
31.01,16.33,78.89,0.0,1.67,27.05,1,1,29.46,34.98166666666666,7.018333333333338,0.7461100589999998,0.0,1673.44,4,55,0,0,0,1,0,0,0,1,0,0,0,1,0,0,1,0
42.47,17.13,65.03,7.44,4.19,6.45,0,0,0.0,37.56333333333333,4.436666666666667,1.063262553,14.84,1625.5900000000001,5,55,0,0,1,0,0,0,0,1,0,0,0,1,0,0,1,0
35.82,17.89,68.65,0.0,2.41,0.0,3,1,21.98,37.401666666666664,4.598333333333336,1.025509175,0.0,1610.98,6,55,1,0,0,0,0,0,1,0,0,0,0,1,0,0,1,0
34.36,19.72,81.33,0.0,3.05,191.52,1,1,22.74,35.60166666666667,6.398333333333333,1.152411752,0.0,1702.9,7,55,0,0,0,1,0,0,0,1,0,0,0,1,0,0,1,0
42.89,18.79,57.05,0.0,2.07,373.88,2,0,0.0,37.38833333333333,4.611666666666672,1.204694345,0.0,1632.96,8,55,1,0,0,0,0,0,0,1,0,0,1,0,0,1,0,0
46.07,18.33,67.77,0.0,3.66,438.87,0,0,0.0,38.75666666666667,3.2433333333333323,1.1430427469999997,0.0,1632.96,9,55,1,0,0,0,0,0,0,1,0,1,0,0,0,0,0,1
32.37,23.35,59.42,0.0,2.52,499.01,2,1,22.56,36.031666666666666,5.968333333333334,1.7735801600000003,14.84,1625.5900000000001,10,55,0,0,1,0,0,1,0,0,1,0,0,0,1,0,0,0
31.99,20.32,67.98,3.14,2.3,590.43,0,0,0.0,41.330000000000005,0.6699999999999946,1.300554872,15.760000000000002,1566.19,11,55,0,1,0,0,0,1,0,0,0,0,1,0,0,1,0,0
27.7,25.41,62.23,0.0,3.85,711.57,1,1,34.06,34.23833333333334,7.761666666666663,2.099361621,14.84,1639.3500000000001,12,55,0,0,1,0,1,0,0,0,0,0,1,0,0,1,0,0
29.47,26.86,68.32,0.0,0.33,630.66,3,1,27.91,34.735,7.265000000000001,2.073736104,0.0,1725.64,13,55,0,0,0,1,0,1,0,0,0,0,1,0,0,1,0,0
51.63,24.42,67.86,8.61,2.06,614.01,2,0,0.0,41.63166666666667,0.3683333333333323,1.815367204,8.61,1632.96,14,55,1,0,0,0,0,1,0,0,0,0,1,0,0,1,0,0
48.37,26.48,55.28,8.79,1.66,460.29,0,0,0.0,35.88833333333333,6.111666666666672,2.216835488,23.63,1673.41,15,55,0,0,1,0,0,0,0,1,0,0,1,0,0,1,0,0
28.97,24.09,62.21,0.0,2.85,307.62,4,1,28.62,33.583333333333336,8.416666666666664,1.8641245430000002,0.0,1753.55,16,55,0,0,0,1,0,1,0,0,0,1,0,0,0,0,0,1
43.1,25.89,64.89,0.0,2.78,242.94,0,0,0.0,33.13166666666667,8.868333333333332,2.0885482869999996,0.0,1782.17,17,55,0,0,0,1,0,0,0,1,0,0,1,0,0,1,0,0
49.57,21.98,73.19,6.09,2.39,0.0,1,0,0.0,36.08,5.920000000000002,1.4608935340000002,6.09,1782.17,18,55,0,0,0,1,0,0,1,0,0,0,1,0,0,1,0,0
44.07,18.15,88.11,0.0,1.54,0.0,0,0,0.0,38.92666666666667,3.0733333333333306,0.849195215,23.63,1673.41,19,55,0,0,1,0,0,0,1,0,0,0,0,1,0,0,1,0
26.25,20.54,74.09,0.0,2.37,16.12,2,1,35.0,39.265,2.7349999999999994,1.276417842,8.61,1632.96,20,55,1,0,0,0,0,0,1,0,0,0,1,0,0,1,0,0
41.61,22.19,60.76,0.0,2.79,0.0,2,1,9.7,40.711666666666666,1.288333333333334,1.621617378,8.61,1667.96,21,55,1,0,0,0,0,0,0,1,0,0,1,0,0,1,0,0
34.48,19.46,69.37,0.0,2.19,27.24,4,1,21.75,38.24333333333333,3.7566666666666677,1.182696054,23.63,1673.41,22,55,0,0,1,0,0,1,0,0,0,1,0,0,0,0,0,1
33.26,17.06,73.22,0.0,3.73,15.61,3,1,24.44,36.708333333333336,5.291666666666664,0.967273364,23.63,1680.36,23,55,0,0,1,0,1,0,0,0,0,0,1,0,0,1,0,0
35.32,17.82,67.71,0.0,3.13,16.99,3,1,18.61,40.751666666666665,1.2483333333333348,1.0617003740000002,15.760000000000002,1566.19,0,56,0,1,0,0,0,1,0,0,0,0,0,1,0,0,1,0
31.69,18.38,74.19,0.0,2.42,0.0,4,1,23.29,36.595,5.405000000000001,1.0331086539999998,23.63,1704.8,1,56,0,0,1,0,0,1,0,0,0,0,0,1,0,0,1,0
42.48,16.66,56.37,4.46,0.0,0.0,1,0,0.0,41.821666666666665,0.17833333333333456,0.8736609339999999,13.07,1677.66,2,56,1,0,0,0,0,0,1,0,0,1,0,0,0,0,0,1
39.89,20.86,72.78,0.0,2.14,0.0,4,1,11.85,37.56,4.439999999999998,1.314684276,6.09,1782.17,3,56,0,0,0,1,0,0,0,1,0,1,0,0,0,0,0,1
25.32,16.55,69.03,0.0,3.16,0.0,3,1,35.0,36.053333333333335,5.946666666666665,0.9201612350000001,6.09,1794.02,4,56,0,0,0,1,0,1,0,0,0,0,1,0,0,1,0,0
42.61,19.46,69.26,0.0,2.06,10.24,1,0,0.0,40.56333333333333,1.4366666666666674,1.1771387320000002,15.760000000000002,1584.8,5,56,0,1,0,0,0,0,1,0,0,0,1,0,0,1,0,0
37.07,19.93,79.92,0.0,2.76,0.0,3,1,16.33,40.85166666666667,1.1483333333333334,1.173967702,13.07,1665.81,6,56,1,0,0,0,0,0,0,1,0,1,0,0,0,0,0,1
34.54,18.7,61.81,0.0,2.13,116.95,1,1,23.4,39.70166666666667,2.298333333333332,1.15747005,15.760000000000002,1584.8,7,56,0,1,0,0,0,0,1,0,0,0,1,0,0,1,0,0
58.21,20.15,71.39,10.25,2.68,284.87,0,0,0.0,42.875,0.0,1.269665135,23.32,1668.07,8,56,1,0,0,0,1,0,0,0,0,0,0,1,0,0,1,0
36.88,23.35,72.48,0.0,4.08,473.19,3,1,17.87,38.125,3.875,1.72797379,23.63,1728.09,9,56,0,0,1,0,0,1,0,0,0,0,1,0,0,1,0,0
32.65,23.01,68.39,0.0,3.34,586.98,3,1,30.29,35.505,6.494999999999997,1.684858573,16.229999999999997,1740.6,10,56,0,0,1,0,0,0,1,0,1,0,0,0,1,0,0,0
31.1,24.12,55.0,0.0,0.85,610.12,4,1,23.58,39.45333333333333,2.546666666666667,1.83776592,23.32,1668.07,11,56,1,0,0,0,0,1,0,0,0,1,0,0,0,0,0,1
42.52,21.8,77.61,0.0,0.41,636.0,0,0,0.0,35.24666666666667,6.75333333333333,1.2991721200000002,16.229999999999997,1770.89,12,56,0,0,1,0,0,0,1,0,1,0,0,0,1,0,0,0
26.63,25.64,63.61,0.0,2.93,649.34,3,1,35.0,35.58,6.420000000000002,2.0727034479999995,6.09,1829.02,13,56,0,0,0,1,0,0,1,0,0,1,0,0,0,0,0,1
33.27,25.22,61.73,0.0,3.8,568.71,1,1,28.09,40.623333333333335,1.3766666666666652,2.0746244619999996,23.32,1691.6499999999999,14,56,1,0,0,0,0,0,1,0,0,0,0,1,0,0,1,0
27.59,24.56,63.78,0.0,0.41,501.13,3,1,31.61,35.35,6.649999999999999,1.7919358959999998,6.09,1864.02,15,56,0,0,0,1,0,0,1,0,1,0,0,0,1,0,0,0
36.92,24.79,63.09,0.0,2.15,319.48,3,1,14.25,39.84166666666667,2.1583333333333314,1.9178433169999998,23.32,1719.74,16,56,1,0,0,0,0,1,0,0,0,1,0,0,0,0,0,1
40.27,23.0,58.87,3.23,5.25,139.13,0,0,0.0,36.211666666666666,5.788333333333334,1.8683839199999999,19.459999999999997,1754.26,17,56,0,0,1,0,0,0,0,1,0,1,0,0,0,0,0,1
28.68,21.9,69.23,0.0,2.08,38.02,3,1,28.09,32.946666666666665,9.053333333333335,1.47154987,6.09,1895.63,18,56,0,0,0,1,0,1,0,0,0,0,0,1,0,0,1,0
30.57,21.46,64.25,0.0,5.43,0.0,3,1,31.87,35.76333333333333,6.236666666666672,1.6291304300000002,19.46,1754.26,19,56,0,0,1,0,0,0,1,0,0,1,0,0,0,0,0,1
35.12,20.09,74.22,0.0,1.41,0.0,1,1,16.77,38.615,3.384999999999998,1.174478196,23.32,1733.99,20,56,1,0,0,0,0,1,0,0,0,0,0,1,0,0,1,0
36.31,23.02,70.8,0.0,1.62,31.25,4,1,15.72,39.89666666666667,2.1033333333333317,1.5775428399999998,15.760000000000002,1608.2,21,56,0,1,0,0,0,1,0,0,0,0,0,1,0,0,1,0
25.18,20.16,80.85,0.0,1.56,50.72,2,1,33.67,34.324999999999996,7.675000000000004,1.1322441,15.760000000000002,1615.38,22,56,0,1,0,0,0,1,0,0,0,0,0,1,0,0,1,0
31.33,16.51,70.91,0.0,0.86,6.41,4,1,21.26,37.65833333333333,4.341666666666669,0.7862815470000002,23.32,1750.76,23,56,1,0,0,0,0,1,0,0,0,1,0,0,0,0,0,1
35.64,20.51,63.57,0.0,0.37,0.0,1,1,16.18,34.93333333333333,7.06666666666667,1.2655632890000001,15.760000000000002,1649.05,0,57,0,1,0,0,1,0,0,0,0,1,0,0,0,0,0,1
40.87,16.4,62.19,0.0,2.13,53.72,4,1,11.98,31.49666666666667,10.50333333333333,0.90733746,6.09,1923.72,1,57,0,0,0,1,0,0,1,0,0,1,0,0,0,0,0,1
39.01,16.96,87.39,0.0,2.57,13.19,2,1,10.46,31.349999999999998,10.650000000000002,0.7857525080000001,6.09,1935.7,2,57,0,0,0,1,0,1,0,0,0,0,1,0,0,1,0,0
32.52,18.4,75.52,0.0,1.54,7.69,1,1,21.32,33.37666666666667,8.623333333333328,0.98020448,23.32,1772.02,3,57,1,0,0,0,0,1,0,0,0,1,0,0,0,0,0,1
39.78,14.5,69.16,0.0,1.83,0.0,4,1,10.59,34.82333333333333,7.176666666666669,0.6549153600000001,23.32,1769.59,4,57,1,0,0,0,0,0,0,1,0,0,1,0,0,1,0,0
33.19,17.73,65.11,0.0,4.14,39.54,4,1,22.96,34.81,7.189999999999998,1.1238054610000001,23.32,1780.18,5,57,1,0,0,0,0,0,1,0,0,0,1,0,0,1,0,0
19.14,18.05,80.65,0.0,3.57,0.0,4,1,35.0,32.23666666666667,9.763333333333328,1.0018131750000001,15.760000000000002,1665.23,6,57,0,1,0,0,0,0,1,0,0,0,0,1,0,0,1,0
41.94,20.19,59.99,0.0,2.09,126.1,4,1,9.4,37.471666666666664,4.528333333333336,1.344467007,19.46,1786.1299999999999,7,57,0,0,1,0,0,0,0,1,0,0,0,1,0,0,1,0
37.01,21.47,63.15,0.0,2.92,391.31,3,1,19.23,37.49333333333333,4.506666666666668,1.5148147549999995,19.46,1795.53,8,57,0,0,1,0,0,0,1,0,0,0,0,1,0,0,1,0
35.65,21.83,67.21,0.0,0.44,429.43,3,1,17.75,33.071666666666665,8.928333333333335,1.3991702409999998,6.09,1946.16,9,57,0,0,0,1,0,0,1,0,0,1,0,0,0,0,0,1
34.73,22.73,59.93,0.0,2.72,596.51,1,1,20.94,30.923333333333332,11.076666666666668,1.6962064030000001,15.760000000000002,1684.54,10,57,0,1,0,0,0,1,0,0,0,1,0,0,0,0,0,1
35.38,25.34,64.65,0.0,2.33,676.1,2,1,22.41,37.94833333333333,4.051666666666669,1.9893152500000002,19.46,1814.76,11,57,0,0,1,0,0,0,0,1,0,0,0,1,0,0,1,0
34.2,24.83,70.72,0.0,1.95,657.36,2,1,23.88,36.56166666666667,5.438333333333333,1.8386541419999995,19.46,1817.98,12,57,0,0,1,0,1,0,0,0,0,0,1,0,0,1,0,0
32.7,24.84,56.11,0.0,2.44,597.02,2,1,27.9,30.616666666666664,11.383333333333336,2.007826488,15.760000000000002,1687.42,13,57,0,1,0,0,0,0,1,0,0,0,1,0,0,1,0,0
30.68,25.14,67.54,0.0,2.25,584.96,2,1,29.59,29.67833333333333,12.321666666666669,1.9283381319999997,15.760000000000002,1715.32,14,57,0,1,0,0,0,1,0,0,0,0,0,1,0,0,1,0
32.88,27.53,71.75,0.0,0.82,508.33,3,1,25.3,35.330000000000005,6.669999999999995,2.163191945,19.46,1834.0700000000002,15,57,0,0,1,0,0,0,0,1,0,0,0,1,0,0,1,0
29.81,24.64,68.69,0.0,4.42,336.99,3,1,31.54,30.45,11.55,1.955662852,15.760000000000002,1744.91,16,57,0,1,0,0,0,0,1,0,0,0,0,1,0,0,1,0
28.87,22.97,66.69,0.0,3.54,142.11,3,1,32.5,29.32166666666667,12.678333333333331,1.7055610709999998,15.760000000000002,1776.45,17,57,0,1,0,0,0,0,0,1,0,0,0,1,0,0,1,0
35.92,20.05,64.88,0.0,1.93,10.71,2,1,15.37,36.22166666666667,5.778333333333329,1.2771399100000003,19.46,1859.3700000000001,18,57,0,0,1,0,0,1,0,0,0,0,1,0,0,1,0,0
52.14,19.8,75.58,7.05,0.29,0.0,0,0,0.0,34.821666666666665,7.178333333333335,1.07318816,22.810000000000002,1808.95,19,57,0,1,0,0,0,0,1,0,0,1,0,0,0,0,0,1
30.56,20.21,61.19,0.0,0.0,0.0,3,1,27.12,33.75,8.25,1.2318774930000003,23.32,1795.6799999999998,20,57,1,0,0,0,1,0,0,0,1,0,0,0,1,0,0,0
39.08,19.72,71.53,4.26,4.81,0.0,2,0,0.0,35.54666666666667,6.453333333333333,1.3249818319999995,27.07,1808.95,21,57,0,1,0,0,0,0,1,0,0,1,0,0,0,0,0,1
26.03,18.08,71.31,0.0,2.19,2.15,4,1,34.43,33.57,8.43,1.0130552759999998,19.46,1860.02,22,57,0,0,1,0,0,1,0,0,1,0,0,0,1,0,0,0
34.68,18.61,78.59,3.76,3.32,0.0,0,0,0.0,33.181666666666665,8.818333333333335,1.0663209929999997,23.22,1894.45,23,57,0,0,1,0,0,0,0,1,0,0,0,1,0,0,1,0
38.92,16.73,68.14,6.02,1.26,8.74,2,0,0.0,35.12,6.880000000000003,0.850518804,12.11,1963.91,0,58,0,0,0,1,0,1,0,0,0,0,0,1,0,0,1,0
39.34,15.81,69.47,0.0,2.03,18.26,3,1,13.46,34.45333333333333,7.546666666666667,0.7866364889999999,23.32,1822.8,1,58,1,0,0,0,0,0,1,0,0,1,0,0,0,0,0,1
33.53,17.96,62.54,4.31,2.09,0.0,1,0,0.0,36.11,5.890000000000001,1.0672950880000003,16.419999999999998,1963.91,2,58,0,0,0,1,0,0,1,0,0,1,0,0,0,0,0,1
36.73,19.23,73.27,0.0,2.69,0.0,4,1,16.03,33.406666666666666,8.593333333333334,1.148266607,23.22,1894.45,3,58,0,0,1,0,0,0,0,1,0,0,1,0,0,1,0,0
33.09,15.92,69.9,0.0,2.51,3.66,1,1,22.95,33.22166666666667,8.778333333333329,0.8180750800000001,23.22,1895.81,4,58,0,0,1,0,0,0,0,1,1,0,0,0,1,0,0,0
37.43,18.58,64.7,0.0,1.29,63.52,2,1,16.07,33.98,8.020000000000003,1.0777921399999997,23.22,1918.76,5,58,0,0,1,0,0,0,0,1,0,1,0,0,0,0,0,1
40.22,16.18,67.28,0.0,1.28,16.02,2,1,7.45,38.03333333333333,3.9666666666666686,0.8027116080000001,16.419999999999998,1963.91,6,58,0,0,0,1,1,0,0,0,1,0,0,0,1,0,0,0
41.25,17.8,75.12,3.9,2.3,168.78,1,0,0.0,38.096666666666664,3.903333333333336,0.9573814400000001,20.32,1971.3600000000001,7,58,0,0,0,1,0,0,1,0,0,0,0,1,0,0,1,0
40.03,20.16,61.75,0.0,0.29,311.96,1,1,12.17,38.266666666666666,3.7333333333333343,1.2355023799999998,20.32,1958.28,8,58,0,0,0,1,0,0,0,1,0,0,1,0,0,1,0,0
42.09,23.78,59.48,0.0,1.41,479.82,0,0,0.0,39.339999999999996,2.6600000000000037,1.775845488,20.32,1970.4499999999998,9,58,0,0,0,1,1,0,0,0,0,1,0,0,0,0,0,1
41.06,21.87,74.38,0.0,2.22,570.21,1,1,12.21,36.075,5.924999999999997,1.4277901120000003,23.32,1836.26,10,58,1,0,0,0,0,0,0,1,0,0,0,1,0,0,1,0
30.95,22.65,66.32,0.0,2.88,652.61,2,1,27.98,35.81333333333333,6.186666666666667,1.6342346300000001,23.32,1848.47,11,58,1,0,0,0,0,0,1,0,0,1,0,0,0,0,0,1
24.12,24.56,72.64,0.0,4.2,611.63,4,1,35.0,36.873333333333335,5.126666666666665,1.8951146879999998,20.32,1970.4499999999998,12,58,0,0,0,1,0,1,0,0,0,1,0,0,0,0,0,1
33.08,24.96,63.12,0.0,1.83,632.1,2,1,24.54,33.50666666666667,8.493333333333332,1.9254935040000003,15.78,1927.32,13,58,0,0,1,0,1,0,0,0,0,0,1,0,0,1,0,0
35.16,23.86,66.5,0.0,2.44,546.77,2,1,21.43,35.028333333333336,6.971666666666664,1.7710277799999998,15.779999999999998,1951.8600000000001,14,58,0,0,1,0,0,1,0,0,0,1,0,0,0,0,0,1
22.16,27.89,64.39,0.0,0.16,472.63,4,1,35.0,34.97833333333333,7.021666666666668,2.262221237,20.32,2005.4499999999998,15,58,0,0,0,1,0,0,1,0,1,0,0,0,1,0,0,0
34.48,24.11,76.02,0.0,2.8,256.9,3,1,25.8,34.995,7.005000000000003,1.7312556439999998,15.779999999999998,1973.29,16,58,0,0,1,0,1,0,0,0,0,1,0,0,0,0,0,1
27.96,24.04,75.51,3.68,1.31,154.49,1,0,0.0,34.75666666666667,7.243333333333332,1.6522694479999998,30.75,1802.42,17,58,0,1,0,0,0,0,0,1,0,0,0,1,0,0,1,0
41.94,22.44,75.72,0.0,2.03,18.99,0,0,0.0,36.17333333333334,5.826666666666661,1.4775631360000003,23.32,1876.45,18,58,1,0,0,0,1,0,0,0,1,0,0,0,1,0,0,0
67.52,22.74,63.01,17.19,2.97,24.63,1,0,0.0,40.126666666666665,1.8733333333333348,1.681305238,24.18,1999.0900000000001,19,58,0,0,1,0,1,0,0,0,0,1,0,0,0,0,0,1
30.09,22.89,60.38,0.0,3.02,0.0,2,1,28.34,33.29,8.71,1.728128124,20.32,2040.4499999999998,20,58,0,0,0,1,1,0,0,0,0,1,0,0,0,0,0,1
34.8,22.5,72.92,0.0,0.66,0.0,4,1,22.37,32.215,9.784999999999997,1.4426295199999999,20.32,2068.79,21,58,0,0,0,1,0,0,0,1,1,0,0,0,1,0,0,0
57.41,17.9,80.92,12.23,3.36,22.45,1,0,0.0,44.18,0.0,0.9733348799999999,36.41,1999.0900000000001,22,58,0,0,1,0,0,0,0,1,0,0,1,0,0,1,0,0
36.55,19.86,77.85,0.0,2.35,55.44,4,1,17.04,36.733333333333334,5.266666666666666,1.1634123499999998,23.32,1861.1200000000001,23,58,1,0,0,0,0,1,0,0,0,1,0,0,0,0,0,1
34.47,18.53,70.87,0.0,3.92,0.0,4,1,24.71,31.288333333333338,10.711666666666662,1.152165637,20.32,2077.69,0,59,0,0,0,1,0,0,1,0,0,1,0,0,0,0,0,1
38.83,18.77,75.68,0.0,4.15,0.0,4,1,15.72,38.11166666666667,3.8883333333333283,1.1497114219999998,23.32,1878.16,1,59,1,0,0,0,0,0,1,0,0,0,0,1,0,0,1,0
27.75,17.03,77.19,0.0,4.33,28.23,4,1,33.62,34.26833333333334,7.731666666666662,0.9623948990000002,30.75,1802.42,2,59,0,1,0,0,1,0,0,0,0,0,0,1,0,0,1,0
33.43,17.03,73.02,0.0,0.69,29.16,2,1,18.82,37.126666666666665,4.873333333333335,0.8138003520000001,23.32,1893.88,3,59,1,0,0,0,0,1,0,0,1,0,0,0,1,0,0,0
42.99,19.11,71.66,0.0,2.88,38.4,1,0,0.0,37.44833333333333,4.551666666666669,1.1579619919999997,23.32,1912.7,4,59,1,0,0,0,0,0,1,0,0,0,0,1,0,0,1,0
32.29,19.77,70.47,0.0,0.51,35.51,3,1,23.67,37.67166666666667,4.328333333333333,1.124907153,23.32,1912.7,5,59,1,0,0,0,0,0,1,0,0,0,0,1,0,0,1,0
35.24,21.52,62.87,0.0,3.96,0.0,4,1,18.43,35.17333333333333,6.826666666666668,1.5756115880000001,30.75,1822.26,6,59,0,1,0,0,0,0,0,1,0,0,0,1,0,0,1,0
29.04,20.43,64.45,0.0,4.13,151.45,2,1,31.03,42.781666666666666,0.0,1.436187065,36.41,1999.0900000000001,7,59,0,0,1,0,0,0,0,1,0,0,0,1,0,0,1,0
44.78,21.01,65.11,0.0,3.57,346.93,1,0,0.0,31.736666666666668,10.263333333333332,1.4727242370000004,20.32,2084.75,8,59,0,0,0,1,0,0,0,1,0,0,0,1,0,0,1,0
35.41,18.52,59.59,0.0,1.89,456.6,2,1,21.67,36.26333333333333,5.736666666666672,1.143795696,30.75,1840.69,9,59,0,1,0,0,1,0,0,0,0,0,1,0,0,1,0,0
27.68,20.75,70.0,0.0,3.05,575.72,2,1,34.06,41.88166666666667,0.11833333333333229,1.37164375,36.41,2030.1200000000001,10,59,0,0,1,0,0,1,0,0,0,0,1,0,0,1,0,0
39.41,23.41,66.59,0.0,1.74,623.29,3,1,11.67,42.589999999999996,0.0,1.6747100329999998,36.41,2064.18,11,59,0,0,1,0,0,0,1,0,0,0,0,1,0,0,1,0
28.57,22.98,72.55,0.0,2.42,634.75,3,1,31.31,32.335,9.665,1.5959106500000002,30.75,1862.3600000000001,12,59,0,1,0,0,0,0,1,0,0,0,1,0,0,1,0,0
39.37,26.26,73.42,1.88,2.29,619.39,2,1,8.47,32.38333333333333,9.616666666666667,2.031612284,32.63,1893.67,13,59,0,1,0,0,0,1,0,0,0,0,0,1,0,0,1,0
39.06,23.21,76.31,0.0,0.0,523.65,3,1,12.83,43.35333333333333,0.0,1.4694580170000002,36.41,2075.85,14,59,0,0,1,0,1,0,0,0,0,0,0,1,0,0,1,0
43.86,24.28,76.1,0.0,1.43,434.3,0,0,0.0,35.026666666666664,6.973333333333336,1.68488928,20.32,2084.75,15,59,0,0,0,1,1,0,0,0,0,0,1,0,0,1,0,0
35.0,23.94,61.15,0.0,5.13,322.66,3,1,25.46,33.556666666666665,8.443333333333335,1.9677356500000003,30.98,1888.0900000000001,16,59,0,1,0,0,0,0,1,0,0,0,0,1,0,0,1,0
33.03,25.81,54.93,0.0,2.3,166.53,3,1,23.53,37.605,4.395000000000003,2.1528560509999997,36.41,2088.68,17,59,0,0,1,0,1,0,0,0,0,0,0,1,0,0,1,0
23.72,22.26,74.31,0.0,2.59,19.86,2,1,35.0,32.885,9.115000000000002,1.495814402,30.98,1913.5500000000002,18,59,0,1,0,0,0,0,1,0,0,0,0,1,0,0,1,0
31.55,22.88,76.97,0.0,2.39,0.0,1,1,25.48,35.94,6.060000000000002,1.5400822119999997,14.71,1936.3700000000001,19,59,1,0,0,0,0,0,1,0,0,1,0,0,0,0,0,1
30.25,21.46,79.32,0.0,1.91,58.65,1,1,31.85,33.07833333333333,8.921666666666667,1.3170513440000005,36.41,2112.21,20,59,0,0,1,0,1,0,0,0,0,1,0,0,0,0,0,1
32.9,21.49,71.8,0.0,2.44,43.05,4,1,27.66,36.81666666666667,5.18333333333333,1.41515177,20.32,2071.5099999999998,21,59,0,0,0,1,0,0,1,0,0,0,0,1,0,0,1,0
31.19,20.45,55.27,0.0,1.91,0.0,4,1,30.92,35.04666666666667,6.953333333333333,1.4083509249999997,14.71,1935.09,22,59,1,0,0,0,0,0,1,0,0,0,0,1,0,0,1,0
37.71,18.29,73.53,0.0,0.0,6.92,4,1,14.82,38.086666666666666,3.913333333333334,0.907847559,20.32,2099.1699999999996,23,59,0,0,0,1,0,0,1,0,0,0,0,1,0,0,1,0
43.35,15.29,77.26,6.88,3.34,42.45,2,0,0.0,35.8,6.200000000000003,0.742673348,21.59,1951.1399999999999,0,60,1,0,0,0,0,0,1,0,0,1,0,0,0,0,0,1
36.12,17.09,80.69,0.0,4.34,0.0,2,1,22.13,34.25833333333333,7.741666666666667,0.940908187,33.18000000000001,2144.06,1,60,0,0,1,0,0,0,1,0,0,0,0,1,0,0,1,0
33.15,17.27,81.79,0.0,1.0,0.0,4,1,18.2,37.81166666666666,4.18833333333334,0.783289151,14.229999999999999,2113.99,2,60,0,0,0,1,0,1,0,0,0,0,1,0,0,1,0,0
30.6,17.87,77.68,0.0,1.9,45.48,4,1,26.67,34.745,7.255000000000003,0.9237781820000001,33.18000000000001,2166.19,3,60,0,0,1,0,0,0,1,0,0,1,0,0,0,0,0,1
30.13,16.73,68.11,0.0,4.2,24.2,2,1,30.1,37.08833333333333,4.911666666666669,0.9977570610000002,14.229999999999999,2132.1899999999996,4,60,0,0,0,1,0,0,0,1,0,0,0,1,0,0,1,0
34.85,20.18,62.25,0.0,1.47,37.58,4,1,21.53,35.43333333333334,6.566666666666663,1.29252507,14.229999999999999,2148.69,5,60,0,0,0,1,1,0,0,0,0,1,0,0,0,0,0,1
40.52,19.32,73.88,0.0,2.87,11.04,1,1,12.91,36.98166666666667,5.018333333333331,1.162206432,17.13,1951.1399999999999,6,60,1,0,0,0,0,0,1,0,1,0,0,0,1,0,0,0
30.0,18.88,64.95,0.0,7.59,159.31,3,1,34.67,34.81666666666667,7.18333333333333,1.4243481399999998,17.13,1964.05,7,60,1,0,0,0,1,0,0,0,0,0,0,1,0,0,1,0
33.88,20.61,79.44,0.0,3.16,278.03,1,1,23.19,33.82333333333333,8.17666666666667,1.276952438,33.18000000000001,2180.6800000000003,8,60,0,0,1,0,0,0,0,1,0,0,0,1,0,0,1,0
35.31,25.23,53.49,0.0,2.48,464.41,3,1,20.05,34.00833333333333,7.991666666666667,2.091602689,14.229999999999999,2170.22,9,60,0,0,0,1,0,1,0,0,0,1,0,0,0,0,0,1
33.33,24.3,70.13,0.0,3.46,606.04,2,1,24.61,34.99,7.009999999999998,1.84690021,6.88,1998.7199999999998,10,60,1,0,0,0,0,0,1,0,0,1,0,0,0,0,0,1
27.41,25.7,67.28,2.02,3.33,671.38,0,0,0.0,33.093333333333334,8.906666666666666,2.0646486,16.25,2190.27,11,60,0,0,0,1,1,0,0,0,0,0,1,0,0,1,0,0
35.98,23.2,65.59,0.0,1.61,687.48,4,1,18.79,33.31,8.689999999999998,1.6497462999999997,33.18000000000001,2203.8700000000003,12,60,0,0,1,0,0,0,0,1,0,0,0,1,0,0,1,0
25.95,24.13,59.82,0.0,0.32,655.4,4,1,32.22,31.133333333333336,10.866666666666664,1.766174972,16.25,2181.79,13,60,0,0,0,1,1,0,0,0,0,0,0,1,0,0,1,0
25.92,24.28,51.75,0.0,3.11,640.3,2,1,35.0,32.125,9.875,2.00455832,33.18000000000001,2222.6600000000003,14,60,0,0,1,0,0,0,1,0,0,1,0,0,0,0,0,1
26.15,25.44,61.53,0.0,3.29,405.31,1,1,35.0,31.37,10.629999999999999,2.082630724,20.009999999999998,1948.5500000000002,15,60,0,1,0,0,0,1,0,0,0,0,0,1,0,0,1,0
32.41,24.5,62.4,0.0,2.04,333.08,2,1,27.81,30.87,11.129999999999999,1.8785153999999997,16.869999999999997,1983.5500000000002,16,60,0,1,0,0,0,0,1,0,0,0,0,1,0,0,1,0
28.69,23.39,74.67,0.0,4.37,135.45,4,1,34.02,34.513333333333335,7.486666666666665,1.7269972509999998,6.88,2023.33,17,60,1,0,0,0,0,0,0,1,0,0,1,0,0,1,0,0
26.31,22.75,61.92,0.0,4.13,54.34,4,1,35.0,31.468333333333334,10.531666666666666,1.75078187,33.18000000000001,2257.6600000000003,18,60,0,0,1,0,0,0,1,0,0,0,1,0,0,1,0,0
35.37,21.14,71.85,0.0,3.33,0.0,2,1,23.9,32.00333333333333,9.99666666666667,1.41633771,16.869999999999997,2011.3600000000001,19,60,0,1,0,0,0,0,0,1,0,0,1,0,0,1,0,0
33.33,21.03,59.73,0.0,2.07,35.3,3,1,23.72,31.00333333333333,10.99666666666667,1.4482256130000002,33.18000000000001,2292.6600000000003,20,60,0,0,1,0,0,0,1,0,0,0,0,1,0,0,1,0
37.23,21.93,71.41,0.0,0.0,0.0,3,1,15.16,35.52,6.479999999999997,1.351404031,6.88,2057.35,21,60,1,0,0,0,0,1,0,0,1,0,0,0,1,0,0,0
40.46,17.03,56.31,5.93,2.19,14.71,1,0,0.0,32.64666666666667,9.353333333333332,1.022662491,39.11,2316.38,22,60,0,0,1,0,0,0,1,0,0,0,0,1,0,0,1,0
40.03,18.99,85.07,3.85,0.2,0.0,2,0,0.0,32.28,9.719999999999999,0.8970400109999999,20.099999999999998,2214.0099999999998,23,60,0,0,0,1,0,0,0,1,0,0,1,0,0,1,0,0
37.4,20.04,68.58,0.0,0.0,0.0,1,1,12.95,33.49166666666667,8.508333333333333,1.1472558240000001,20.099999999999998,2201.4,0,61,0,0,0,1,0,0,0,1,0,0,0,1,0,0,1,0
26.82,17.29,52.21,0.0,3.18,11.68,2,1,32.54,32.765,9.235,1.1330527830000001,6.88,2072.5099999999998,1,61,1,0,0,0,0,0,0,1,1,0,0,0,1,0,0,0
30.06,16.64,67.27,0.0,3.81,32.18,3,1,28.45,32.693333333333335,9.306666666666665,0.975728556,20.099999999999998,2214.3500000000004,2,61,0,0,0,1,0,0,0,1,1,0,0,0,1,0,0,0
38.32,18.95,64.31,0.0,0.06,0.0,4,1,13.96,33.38666666666666,8.613333333333337,1.0611684749999999,39.11,2316.38,3,61,0,0,1,0,0,1,0,0,0,1,0,0,0,0,0,1
33.44,16.49,67.82,0.0,2.09,31.2,4,1,20.99,31.015,10.985,0.8701408359999998,16.869999999999997,2035.2600000000002,4,61,0,1,0,0,0,0,0,1,0,0,1,0,0,1,0,0
32.57,18.57,68.19,0.0,2.38,36.32,2,1,23.32,30.61,11.39,1.1019829010000002,16.869999999999997,2041.47,5,61,0,1,0,0,1,0,0,0,0,1,0,0,0,0,0,1
33.12,17.87,66.67,0.0,2.05,0.0,1,1,22.95,32.32833333333334,9.67166666666666,1.0216053230000002,14.08,2228.79,6,61,0,0,0,1,0,0,0,1,1,0,0,0,1,0,0,0
39.41,17.59,65.81,0.0,0.75,234.21,1,1,9.14,34.328333333333326,7.671666666666674,0.933599573,9.77,2251.74,7,61,0,0,0,1,0,0,0,1,0,1,0,0,0,0,0,1
33.16,21.2,60.53,0.0,4.0,351.08,1,1,25.86,31.53833333333333,10.46166666666667,1.5586859,6.88,2083.58,8,61,1,0,0,0,1,0,0,0,0,0,0,1,0,0,1,0
33.49,20.57,74.9,0.0,0.78,444.52,4,1,23.29,32.23833333333334,9.761666666666663,1.19332308,16.869999999999997,2050.37,9,61,0,1,0,0,0,0,1,0,0,0,0,1,0,0,1,0
33.17,23.41,75.28,0.0,0.06,584.41,1,1,25.26,32.91833333333333,9.08166666666667,1.508343606,35.349999999999994,2330.34,10,61,0,0,1,0,0,0,1,0,0,0,0,1,0,0,1,0
24.0,25.93,63.07,0.0,0.75,664.2,2,1,35.0,31.88,10.120000000000001,2.011161717,16.869999999999997,2073.66,11,61,0,1,0,0,1,0,0,0,0,1,0,0,0,0,0,1
42.78,27.68,63.34,5.14,2.98,670.64,0,0,0.0,33.608333333333334,8.391666666666666,2.3818769840000003,22.009999999999998,2108.66,12,61,0,1,0,0,1,0,0,0,0,0,0,1,0,0,1,0
28.24,25.43,57.37,0.0,2.08,634.92,1,1,31.27,32.419999999999995,9.580000000000005,2.0620552969999997,22.009999999999998,2108.66,13,61,0,1,0,0,0,1,0,0,0,0,1,0,0,1,0,0
25.1,26.96,64.53,0.0,1.48,442.12,2,1,35.0,30.721666666666664,11.278333333333336,2.185154636,6.88,2109.44,14,61,1,0,0,0,0,0,0,1,0,1,0,0,0,0,0,1
23.31,25.89,66.5,0.0,3.03,425.76,1,1,35.0,30.731666666666666,11.268333333333334,2.0848698800000003,22.009999999999998,2139.9300000000003,15,61,0,1,0,0,0,1,0,0,0,0,0,1,0,0,1,0
25.27,24.32,64.61,0.0,2.8,348.75,2,1,35.0,34.214999999999996,7.785000000000004,1.8701084840000002,9.77,2260.88,16,61,0,0,0,1,1,0,0,0,0,1,0,0,0,0,0,1
38.16,21.37,71.28,9.09,0.0,133.68,1,0,0.0,34.958333333333336,7.041666666666664,1.2830760220000001,44.44,2355.6000000000004,17,61,0,0,1,0,1,0,0,0,0,1,0,0,0,0,0,1
43.28,25.87,67.07,9.11,3.02,17.99,1,0,0.0,37.78666666666667,4.213333333333331,2.0757508830000004,53.55,2355.6000000000004,18,61,0,0,1,0,0,0,0,1,1,0,0,0,1,0,0,0
30.94,20.89,61.51,0.0,3.82,30.97,4,1,30.85,30.323333333333338,11.676666666666662,1.502579393,6.88,2144.44,19,61,1,0,0,0,0,0,1,0,0,1,0,0,0,0,0,1
38.41,23.5,75.15,0.0,2.25,0.0,4,1,17.54,33.945,8.055,1.6309151499999999,5.870000000000001,2295.88,20,61,0,0,0,1,0,0,1,0,0,0,0,1,0,0,1,0
33.39,21.2,67.19,0.0,2.12,0.0,3,1,22.39,37.79666666666666,4.20333333333334,1.4049457,53.55,2355.6000000000004,21,61,0,0,1,0,0,0,0,1,0,0,0,1,0,0,1,0
34.34,17.97,82.96,0.0,4.67,0.0,3,1,24.32,31.026666666666667,10.973333333333333,1.0293896539999998,22.009999999999998,2174.9300000000003,22,61,0,1,0,0,0,1,0,0,0,1,0,0,0,0,0,1
39.45,19.07,73.29,0.0,1.55,23.97,1,1,12.77,32.02,9.979999999999997,1.0731485410000001,22.009999999999998,2199.25,23,61,0,1,0,0,0,0,0,1,0,1,0,0,0,0,0,1
18.78,21.3,82.36,0.0,2.2,43.99,3,1,35.0,30.841666666666665,11.158333333333335,1.28484552,5.870000000000001,2313.42,0,62,0,0,0,1,0,0,1,0,0,0,0,1,0,0,1,0
34.98,20.0,77.83,0.0,2.8,0.0,3,1,22.72,33.85,8.149999999999999,1.2021459799999998,22.009999999999998,2212.02,1,62,0,1,0,0,0,0,0,1,0,0,0,1,0,0,1,0
34.58,16.79,73.76,0.0,2.46,2.83,4,1,20.08,31.304999999999996,10.695000000000004,0.8719495979999998,6.88,2175.29,2,62,1,0,0,0,0,0,1,0,0,1,0,0,0,0,0,1
37.11,16.63,67.24,0.0,2.07,0.0,3,1,15.3,37.23833333333334,4.761666666666663,0.887946234,53.55,2377.9900000000002,3,62,0,0,1,0,0,0,0,1,0,0,0,1,0,0,1,0
24.0,18.25,66.09,0.0,2.51,3.17,4,1,35.0,29.831666666666663,12.168333333333337,1.0907135149999998,5.870000000000001,2335.4500000000003,4,62,0,0,0,1,0,0,1,0,0,0,1,0,0,1,0,0
52.83,18.48,74.54,12.63,4.28,0.0,1,0,0.0,35.525,6.475000000000001,1.1340535440000001,34.64,2234.7400000000002,5,62,0,1,0,0,0,0,0,1,0,1,0,0,0,0,0,1
28.3,21.36,69.51,0.0,3.37,82.61,1,1,32.7,29.028333333333336,12.971666666666664,1.4662898119999999,5.870000000000001,2370.4500000000003,6,62,0,0,0,1,1,0,0,0,0,0,1,0,0,1,0,0
26.5,21.63,64.17,0.0,2.31,149.37,3,1,35.0,29.516666666666666,12.483333333333334,1.4951517569999997,6.88,2183.04,7,62,1,0,0,0,0,0,0,1,0,0,0,1,0,0,1,0
47.26,19.02,76.21,1.54,1.36,361.71,2,0,0.0,38.72833333333333,3.2716666666666683,1.0333357140000001,55.089999999999996,2393.2900000000004,8,62,0,0,1,0,0,0,1,0,0,0,1,0,0,1,0,0
30.07,23.28,67.24,0.0,1.52,494.93,2,1,27.25,35.830000000000005,6.169999999999995,1.6402771040000002,27.590000000000003,2234.7400000000002,9,62,0,1,0,0,0,0,0,1,1,0,0,0,1,0,0,0
41.27,23.29,72.84,2.08,3.54,556.1,2,0,0.0,29.338333333333328,12.661666666666672,1.6896790420000003,7.950000000000001,2385.74,10,62,0,0,0,1,0,0,0,1,0,0,0,1,0,0,1,0
36.14,24.44,59.22,0.0,0.49,632.01,4,1,17.39,39.223333333333336,2.7766666666666637,1.8235607360000001,55.089999999999996,2393.2900000000004,11,62,0,0,1,0,0,0,0,1,1,0,0,0,1,0,0,0
24.82,25.4,72.28,0.0,5.28,650.02,4,1,35.0,37.0,5.0,2.0695699199999997,37.9,2410.6800000000003,12,62,0,0,1,0,0,0,0,1,1,0,0,0,1,0,0,0
28.29,27.22,67.33,0.0,2.36,601.82,2,1,35.0,34.501666666666665,7.498333333333335,2.2393469019999994,25.669999999999998,2445.6800000000003,13,62,0,0,1,0,0,0,0,1,0,0,1,0,0,1,0,0
31.31,27.03,72.36,0.0,0.75,533.86,2,1,26.81,37.163333333333334,4.836666666666666,2.078439546,23.33,2261.9900000000002,14,62,0,1,0,0,0,0,1,0,0,1,0,0,0,0,0,1
34.61,24.3,73.0,0.0,2.62,445.28,4,1,20.5,34.705000000000005,7.294999999999995,1.77711,25.669999999999998,2450.52,15,62,0,0,1,0,0,1,0,0,0,1,0,0,0,0,0,1
33.89,24.94,65.06,0.0,1.44,285.16,2,1,23.45,37.08833333333333,4.911666666666669,1.8840990680000003,19.65,2288.8,16,62,0,1,0,0,0,0,0,1,0,1,0,0,0,0,0,1
41.55,23.72,65.47,0.0,1.9,150.72,1,1,8.56,37.43833333333333,4.561666666666667,1.7349528079999996,19.65,2294.62,17,62,0,1,0,0,0,0,1,0,0,1,0,0,0,0,0,1
42.09,21.04,81.25,2.65,0.59,0.0,1,0,0.0,35.535000000000004,6.464999999999996,1.1832227800000001,28.32,2446.9500000000003,18,62,0,0,1,0,0,1,0,0,0,1,0,0,0,0,0,1
36.04,22.43,65.62,0.0,2.11,5.66,3,1,19.91,37.615,4.384999999999998,1.573750172,19.65,2294.87,19,62,0,1,0,0,0,0,0,1,0,0,1,0,0,1,0,0
41.45,24.33,71.38,2.26,0.0,15.53,2,0,0.0,34.56666666666667,7.43333333333333,1.6658876079999998,30.58,2431.42,20,62,0,0,1,0,0,0,1,0,0,1,0,0,0,0,0,1
39.49,17.96,68.56,0.0,1.68,0.0,1,1,11.34,31.708333333333332,10.291666666666668,0.9972817920000002,7.950000000000001,2385.74,21,62,0,0,0,1,0,0,0,1,0,1,0,0,0,0,0,1
29.59,19.52,56.95,0.0,1.41,0.0,3,1,29.26,33.74166666666667,8.258333333333333,1.2571827,19.65,2306.05,22,62,0,1,0,0,0,0,0,1,0,0,0,1,0,0,1,0
24.8,18.65,62.09,0.0,1.8,14.89,4,1,35.0,32.86333333333333,9.13666666666667,1.132991235,19.65,2335.31,23,62,0,1,0,0,0,0,1,0,0,0,1,0,0,1,0,0
29.65,18.66,73.51,0.0,1.48,27.68,3,1,29.45,32.586666666666666,9.413333333333334,1.022350122,17.770000000000003,2353.14,0,63,0,1,0,0,1,0,0,0,1,0,0,0,1,0,0,0
25.8,16.38,77.4,0.0,2.44,0.0,2,1,31.46,29.346666666666668,12.653333333333332,0.80122496,6.88,2218.04,1,63,1,0,0,0,1,0,0,0,0,0,0,1,0,0,1,0
27.74,15.55,76.02,0.0,3.47,0.0,4,1,31.85,33.166666666666664,8.833333333333336,0.7831513400000001,30.58,2431.42,2,63,0,0,1,0,1,0,0,0,0,0,1,0,0,1,0,0
33.13,15.76,81.01,0.0,2.83,0.0,4,1,23.52,34.55166666666667,7.448333333333331,0.7326828919999999,30.58,2451.15,3,63,0,0,1,0,0,0,1,0,0,0,0,1,0,0,1,0
29.85,20.22,72.16,0.0,3.96,0.0,2,1,31.34,31.91333333333333,10.08666666666667,1.335147784,17.770000000000003,2366.4300000000003,4,63,0,1,0,0,0,0,0,1,0,0,0,1,0,0,1,0
35.85,17.39,66.26,0.0,1.8,40.08,4,1,20.66,35.81166666666667,6.188333333333333,0.9612058679999999,30.58,2462.78,5,63,0,0,1,0,0,0,1,0,0,0,0,1,0,0,1,0
34.11,18.94,74.61,0.0,2.79,24.28,4,1,20.28,35.72833333333333,6.271666666666668,1.1094984580000002,30.58,2483.44,6,63,0,0,1,0,0,0,0,1,0,0,0,1,0,0,1,0
35.93,23.81,67.74,0.85,2.84,168.12,1,1,17.38,34.70166666666666,7.298333333333339,1.772396308,31.43,2503.7200000000003,7,63,0,0,1,0,0,0,0,1,0,0,1,0,0,1,0,0
26.24,20.59,65.1,0.0,3.78,391.52,3,1,35.0,28.19333333333333,13.806666666666668,1.43222176,6.88,2228.37,8,63,1,0,0,0,0,0,0,1,0,0,1,0,0,1,0,0
55.57,23.24,70.31,15.23,1.52,458.4,2,0,0.0,34.568333333333335,7.431666666666665,1.6059999279999995,23.18,2387.88,9,63,0,0,0,1,0,0,1,0,0,1,0,0,0,0,0,1
22.21,25.29,65.93,0.0,3.35,612.4,3,1,35.0,31.495,10.504999999999999,2.020503579,31.43,2521.1000000000004,10,63,0,0,1,0,0,0,1,0,0,0,1,0,0,1,0,0
34.13,26.04,60.53,0.0,1.37,670.6,4,1,24.62,37.12666666666667,4.873333333333328,2.083829184,23.18,2387.88,11,63,0,0,0,1,0,0,0,1,0,1,0,0,0,0,0,1
42.11,23.16,65.83,0.0,1.72,690.27,2,0,0.0,31.028333333333336,10.971666666666664,1.647686016,6.88,2250.39,12,63,1,0,0,0,0,1,0,0,0,0,1,0,0,1,0,0
33.09,24.49,75.91,0.0,1.97,639.09,3,1,26.81,32.38666666666666,9.613333333333337,1.742215033,31.43,2545.46,13,63,0,0,1,0,0,0,1,0,0,0,0,1,0,0,1,0
32.52,26.15,74.35,0.0,2.94,567.0,3,1,29.14,30.408333333333335,11.591666666666665,2.038805775,17.770000000000003,2385.21,14,63,0,1,0,0,1,0,0,0,0,1,0,0,0,0,0,1
27.13,28.45,64.16,0.0,1.1,459.8,4,1,34.04,31.386666666666667,10.613333333333333,2.39886675,31.43,2559.79,15,63,0,0,1,0,0,0,0,1,1,0,0,0,1,0,0,0
31.35,24.01,66.79,0.0,1.26,354.76,1,1,26.93,31.096666666666664,10.903333333333336,1.7296009530000003,6.88,2250.39,16,63,1,0,0,0,0,0,1,0,1,0,0,0,1,0,0,0
38.8,23.78,56.54,0.0,1.63,140.61,3,1,15.75,30.86833333333333,11.131666666666671,1.814961884,17.770000000000003,2414.35,17,63,0,1,0,0,0,0,0,1,0,1,0,0,0,0,0,1
32.67,24.32,78.18,0.0,2.46,0.0,2,1,26.03,38.571666666666665,3.4283333333333346,1.721647752,23.18,2412.5,18,63,0,0,0,1,0,0,1,0,1,0,0,0,1,0,0,0
35.59,23.66,73.93,0.0,1.28,58.34,4,1,18.55,31.343333333333334,10.656666666666666,1.615188586,31.43,2585.25,19,63,0,0,1,0,0,0,0,1,0,1,0,0,0,0,0,1
38.88,22.71,72.69,0.0,2.72,21.82,1,1,15.13,40.335,1.6649999999999991,1.5746842930000002,23.18,2438.53,20,63,0,0,0,1,0,0,0,1,0,1,0,0,0,0,0,1
37.87,19.39,54.17,0.0,1.97,33.39,2,1,14.54,31.645,10.355,1.293708501,6.88,2267.4900000000002,21,63,1,0,0,0,0,1,0,0,1,0,0,0,1,0,0,0
32.51,18.89,70.77,0.0,3.19,0.0,4,1,26.67,31.076666666666668,10.923333333333332,1.156363631,31.43,2590.3999999999996,22,63,0,0,1,0,0,0,0,1,0,0,0,1,0,0,1,0
32.86,19.19,69.36,0.0,2.48,0.0,3,1,22.15,31.41333333333333,10.58666666666667,1.1665335580000002,17.770000000000003,2430.1,23,63,0,1,0,0,0,0,0,1,0,1,0,0,0,0,0,1
30.39,20.25,74.18,0.0,4.5,11.68,3,1,30.02,32.29333333333333,9.70666666666667,1.34799248,6.88,2269.41,0,64,1,0,0,0,1,0,0,0,0,0,1,0,0,1,0,0
47.94,17.6,68.36,7.3,2.55,0.0,1,0,0.0,33.07833333333334,8.92166666666666,1.00390488,32.8,2593.79,1,64,0,0,1,0,0,0,0,1,0,0,0,1,0,0,1,0
30.22,17.79,69.75,0.0,0.94,0.0,2,1,22.42,32.31666666666667,9.68333333333333,0.9322834550000001,17.770000000000003,2452.25,2,64,0,1,0,0,0,1,0,0,0,0,1,0,0,1,0,0
34.03,16.42,76.8,0.0,2.14,26.59,3,1,22.18,39.12833333333334,2.8716666666666626,0.7948904400000001,23.18,2444.74,3,64,0,0,0,1,0,0,1,0,0,0,1,0,0,1,0,0
37.45,21.16,63.26,0.0,2.43,37.71,4,1,17.19,35.61833333333333,6.381666666666668,1.450745072,32.8,2583.1,4,64,0,0,1,0,0,0,0,1,0,1,0,0,0,0,0,1
23.81,19.23,66.2,0.0,1.31,0.0,4,1,35.0,31.343333333333334,10.656666666666666,1.1394810899999999,17.770000000000003,2474.67,5,64,0,1,0,0,0,0,1,0,0,0,0,1,0,0,1,0
22.94,21.44,69.8,0.0,4.22,27.85,1,1,35.0,33.92666666666667,8.07333333333333,1.5160439200000002,32.8,2600.29,6,64,0,0,1,0,0,0,0,1,0,1,0,0,0,0,0,1
31.99,20.83,78.3,0.0,2.03,239.25,1,1,24.74,34.73666666666667,7.263333333333328,1.2565369999999996,23.71,2626.66,7,64,0,0,1,0,0,1,0,0,0,0,1,0,0,1,0,0
35.54,21.95,73.7,0.0,1.63,378.39,2,1,21.27,38.470000000000006,3.529999999999994,1.4144764999999997,23.18,2454.2400000000002,8,64,0,0,0,1,0,0,0,1,0,0,0,1,0,0,1,0
33.62,20.61,76.64,0.0,2.62,451.2,4,1,24.01,33.596666666666664,8.403333333333336,1.2746884779999998,6.88,2299.43,9,64,1,0,0,0,0,0,0,1,0,0,1,0,0,1,0,0
26.12,20.6,69.56,0.0,1.31,524.29,4,1,35.0,30.721666666666668,11.278333333333332,1.2705380800000001,17.770000000000003,2490.74,10,64,0,1,0,0,0,0,1,0,0,0,1,0,0,1,0,0
35.14,26.53,74.84,0.0,3.56,635.91,3,1,25.54,31.15833333333333,10.841666666666669,2.1199111139999998,17.770000000000003,2506.71,11,64,0,1,0,0,1,0,0,0,0,1,0,0,0,0,0,1
40.84,25.41,53.09,0.0,3.32,732.14,3,1,13.63,36.03,5.969999999999999,2.163697683,6.88,2307.7599999999998,12,64,1,0,0,0,0,1,0,0,0,1,0,0,0,0,0,1
26.58,26.0,78.96,0.0,2.56,674.68,1,1,35.0,29.121666666666666,12.878333333333334,1.9517969599999998,17.770000000000003,2524.11,13,64,0,1,0,0,1,0,0,0,0,1,0,0,0,0,0,1
28.48,23.95,81.5,0.0,3.11,562.7,4,1,33.52,33.55166666666666,8.448333333333338,1.6726949999999998,14.6,2638.9900000000002,14,64,0,0,1,0,0,1,0,0,0,1,0,0,0,0,0,1
32.02,24.33,69.33,0.0,1.8,514.3,3,1,23.71,28.981666666666666,13.018333333333334,1.7757519029999997,12.63,2559.11,15,64,0,1,0,0,0,1,0,0,0,0,1,0,0,1,0,0
29.72,26.88,69.92,0.0,0.6,365.9,2,1,31.47,28.89833333333333,13.10166666666667,2.0737704319999994,12.63,2582.82,16,64,0,1,0,0,0,0,1,0,1,0,0,0,1,0,0,0
36.12,27.26,63.52,0.0,2.01,101.75,3,1,17.17,35.22833333333333,6.771666666666668,2.2673633040000003,23.18,2475.51,17,64,0,0,0,1,1,0,0,0,1,0,0,0,1,0,0,0
33.47,22.89,65.82,0.0,1.8,37.16,4,1,23.54,30.508333333333336,11.491666666666664,1.6162167959999998,12.63,2614.2900000000004,18,64,0,1,0,0,0,0,1,0,0,0,0,1,0,0,1,0
30.58,23.87,62.23,0.0,0.0,4.16,4,1,25.17,31.251666666666665,10.748333333333335,1.691306127,12.63,2637.8300000000004,19,64,0,1,0,0,0,0,1,0,0,0,1,0,0,1,0,0
29.07,22.11,67.57,0.0,1.13,0.0,3,1,27.64,34.385,7.615000000000002,1.4657979289999998,23.18,2483.1200000000003,20,64,0,0,0,1,0,1,0,0,0,0,0,1,0,0,1,0
24.37,20.61,73.0,0.0,0.92,3.19,3,1,34.77,29.456666666666667,12.543333333333333,1.2218453299999998,12.63,2646.3399999999997,21,64,0,1,0,0,0,0,1,0,0,0,1,0,0,1,0,0
38.84,22.6,70.46,0.0,1.14,14.5,3,1,14.26,35.413333333333334,6.586666666666666,1.5022776800000004,23.18,2510.76,22,64,0,0,0,1,0,0,0,1,0,1,0,0,0,0,0,1
35.11,18.32,84.85,0.0,4.0,0.0,1,1,23.17,30.87833333333333,11.12166666666667,1.0170524600000002,12.63,2673.2500000000005,23,64,0,1,0,0,0,0,1,0,0,0,0,1,0,0,1,0
31.51,20.35,65.11,0.0,3.01,0.0,2,1,26.89,30.793333333333337,11.206666666666663,1.3648030550000005,0.0,2696.42,0,65,0,1,0,0,0,0,1,0,0,0,1,0,0,1,0,0
32.49,18.67,60.25,0.0,3.56,0.0,4,1,24.86,31.255000000000006,10.744999999999994,1.238675245,0.0,2723.3100000000004,1,65,0,1,0,0,1,0,0,0,0,1,0,0,0,0,0,1
31.39,17.93,82.76,0.0,3.01,27.83,1,1,27.53,34.24333333333333,7.756666666666668,0.9438560659999999,6.88,2321.39,2,65,1,0,0,0,0,0,1,0,0,0,0,1,0,0,1,0
23.09,20.15,60.93,0.0,3.7,0.0,2,1,35.0,32.86666666666667,9.133333333333333,1.411965245,6.88,2333.2200000000003,3,65,1,0,0,0,1,0,0,0,1,0,0,0,1,0,0,0
24.79,18.93,66.54,0.0,2.43,0.0,4,1,35.0,32.265,9.735,1.1585642040000002,14.6,2672.51,4,65,0,0,1,0,0,0,1,0,1,0,0,0,1,0,0,0
30.86,18.98,72.31,0.0,4.22,0.0,3,1,26.48,30.819999999999997,11.180000000000003,1.204894906,0.0,2748.17,5,65,0,1,0,0,0,1,0,0,0,0,0,1,0,0,1,0
30.76,22.03,70.9,0.0,0.92,0.0,2,1,27.51,30.849999999999998,11.150000000000002,1.4146384600000002,0.0,2761.96,6,65,0,1,0,0,0,0,0,1,0,0,0,1,0,0,1,0
31.79,22.8,57.25,0.0,2.32,122.94,3,1,26.93,31.853333333333335,10.146666666666665,1.7104635000000004,6.88,2350.6800000000003,7,65,1,0,0,0,1,0,0,0,0,1,0,0,0,0,0,1
40.33,23.76,61.37,0.0,1.17,366.31,4,1,10.54,33.51,8.490000000000002,1.7430473240000002,0.0,2762.62,8,65,0,1,0,0,0,0,1,0,0,0,0,1,0,0,1,0
32.25,17.16,61.51,1.03,3.89,487.74,2,1,23.96,32.163333333333334,9.836666666666666,1.0797116720000002,7.91,2361.66,9,65,1,0,0,0,0,0,0,1,1,0,0,0,1,0,0,0
27.63,24.62,70.26,0.0,2.9,529.07,4,1,34.68,31.165000000000003,10.834999999999997,1.8615762040000001,1.03,2377.12,10,65,1,0,0,0,0,0,0,1,0,0,0,1,0,0,1,0
31.4,25.1,73.8,0.0,3.82,583.42,2,1,29.22,34.166666666666664,7.833333333333336,1.9394324000000005,23.18,2514.1699999999996,11,65,0,0,0,1,0,0,0,1,0,0,0,1,0,0,1,0
23.97,25.37,56.75,0.0,0.72,646.41,4,1,35.0,28.27,13.73,1.991536245,14.6,2696.1000000000004,12,65,0,0,1,0,0,0,1,0,0,0,1,0,0,1,0,0
30.9,26.74,71.18,0.0,1.68,581.53,3,1,29.29,32.80833333333333,9.19166666666667,2.0941169239999997,0.0,2773.16,13,65,0,1,0,0,0,1,0,0,0,0,0,1,0,0,1,0
26.72,26.35,71.04,0.0,0.26,554.44,1,1,32.5,26.48166666666667,15.51833333333333,1.9673350700000003,13.059999999999999,2731.1000000000004,14,65,0,0,1,0,1,0,0,0,1,0,0,0,1,0,0,0
31.16,26.84,59.52,0.0,2.83,462.09,4,1,29.21,33.68833333333333,8.311666666666667,2.2861127359999998,21.160000000000004,2512.84,15,65,0,0,0,1,0,1,0,0,0,1,0,0,0,0,0,1
30.21,25.02,51.71,0.0,1.89,335.66,1,1,31.46,29.39333333333333,12.60666666666667,2.049348614,1.03,2411.7999999999997,16,65,1,0,0,0,0,0,1,0,0,0,1,0,0,1,0,0
29.18,27.03,56.47,0.0,3.31,180.14,4,1,34.47,29.024999999999995,12.975000000000005,2.370279747,1.03,2426.63,17,65,1,0,0,0,0,0,1,0,0,0,1,0,0,1,0,0
34.15,25.13,61.33,0.0,2.44,0.0,1,1,22.07,28.350000000000005,13.649999999999995,1.997744783,13.059999999999999,2763.6000000000004,18,65,0,0,1,0,1,0,0,0,0,0,1,0,0,1,0,0
56.82,23.81,77.35,11.93,0.0,2.47,0,0,0.0,37.026666666666664,4.973333333333336,1.538425725,11.93,2783.75,19,65,0,1,0,0,1,0,0,0,0,0,1,0,0,1,0,0
41.83,22.7,66.61,0.0,0.41,44.82,2,1,10.1,34.736666666666665,7.263333333333335,1.5145328500000002,21.160000000000004,2542.05,20,65,0,0,0,1,0,0,1,0,0,1,0,0,0,0,0,1
38.54,22.66,60.43,1.9,2.5,0.0,1,1,12.86,35.14,6.859999999999999,1.6713447860000001,19.21,2552.15,21,65,0,0,0,1,1,0,0,0,0,0,1,0,0,1,0,0
45.02,21.49,69.44,8.12,2.96,11.4,0,0,0.0,37.79833333333333,4.201666666666668,1.4624783819999998,27.33,2548.07,22,65,0,0,0,1,0,0,1,0,1,0,0,0,1,0,0,0
28.45,18.96,61.36,0.0,0.0,0.0,1,1,29.97,36.06666666666666,5.933333333333337,1.0842435520000002,27.33,2548.07,23,65,0,0,0,1,1,0,0,0,0,0,1,0,0,1,0,0
33.33,20.11,73.11,0.0,2.3,49.14,3,1,25.35,28.573333333333334,13.426666666666666,1.2309832069999997,13.059999999999999,2776.19,0,66,0,0,1,0,1,0,0,0,0,0,1,0,0,1,0,0
38.89,18.49,63.97,0.0,1.18,28.6,1,1,13.36,30.308333333333337,11.691666666666663,1.0683664309999998,13.059999999999999,2801.5400000000004,1,66,0,0,1,0,0,1,0,0,0,0,1,0,0,1,0,0
35.85,20.97,63.0,0.0,1.07,27.48,4,1,20.58,37.586666666666666,4.413333333333334,1.3616385699999998,11.93,2766.7,2,66,0,1,0,0,0,0,0,1,0,1,0,0,0,0,0,1
27.99,19.87,72.33,0.0,1.61,0.0,4,1,29.52,35.498333333333335,6.501666666666665,1.175382317,27.33,2578.04,3,66,0,0,0,1,0,1,0,0,0,0,1,0,0,1,0,0
33.8,17.69,83.7,0.0,2.55,9.23,2,1,20.11,30.810000000000002,11.189999999999998,0.8882636400000001,1.03,2444.28,4,66,1,0,0,0,0,0,0,1,0,0,0,1,0,0,1,0
32.64,22.76,82.78,0.0,1.55,13.13,1,1,22.57,31.616666666666664,10.383333333333336,1.4284968160000004,13.059999999999999,2795.69,5,66,0,0,1,0,0,1,0,0,0,1,0,0,0,0,0,1
36.76,16.94,64.77,0.0,0.02,0.0,1,1,14.81,36.431666666666665,5.568333333333335,0.8370146260000001,27.33,2592.08,6,66,0,0,0,1,0,0,1,0,0,0,0,1,0,0,1,0
33.0,22.01,63.81,0.0,2.54,173.36,3,1,22.35,31.011666666666667,10.988333333333333,1.558038127,1.03,2452.14,7,66,1,0,0,0,0,1,0,0,0,1,0,0,0,0,0,1
32.8,21.05,72.37,0.0,1.98,346.46,4,1,23.37,34.92666666666667,7.073333333333331,1.3332606150000001,27.33,2606.89,8,66,0,0,0,1,1,0,0,0,0,1,0,0,0,0,0,1
24.39,25.95,73.02,0.0,1.27,410.13,4,1,35.0,32.568333333333335,9.431666666666665,1.9399549999999999,27.33,2618.09,9,66,0,0,0,1,0,0,0,1,0,0,0,1,0,0,1,0
35.13,24.47,50.88,0.0,2.03,583.99,1,1,23.5,38.29833333333334,3.701666666666661,1.9858374219999995,11.93,2778.11,10,66,0,1,0,0,0,0,1,0,0,0,0,1,0,0,1,0
32.64,23.73,67.23,4.53,1.98,631.34,0,0,0.0,33.06166666666667,8.938333333333333,1.7234916329999999,14.940000000000001,2818.26,11,66,0,0,1,0,0,1,0,0,0,0,0,1,0,0,1,0
31.18,25.15,62.07,0.0,2.45,698.34,1,1,33.04,30.83333333333333,11.166666666666671,1.993784255,1.03,2474.4900000000002,12,66,1,0,0,0,0,0,1,0,0,1,0,0,0,0,0,1
28.12,24.88,52.23,0.0,2.1,613.39,1,1,33.6,29.751666666666665,12.248333333333335,2.0346097480000003,27.33,2653.09,13,66,0,0,0,1,0,0,0,1,0,1,0,0,0,0,0,1
27.36,25.63,55.73,0.0,2.6,569.13,2,1,34.99,37.73166666666667,4.268333333333331,2.1334736729999997,11.93,2788.7999999999997,14,66,0,1,0,0,0,0,0,1,0,1,0,0,0,0,0,1
33.41,25.46,61.26,0.0,2.34,471.56,1,1,25.81,34.17666666666667,7.823333333333331,2.0406943320000006,12.68,2818.26,15,66,0,0,1,0,0,0,1,0,0,0,0,1,0,0,1,0
31.09,24.43,66.47,0.0,3.38,226.74,1,1,30.17,31.409999999999997,10.590000000000003,1.8962450070000003,1.03,2489.29,16,66,1,0,0,0,0,1,0,0,0,0,1,0,0,1,0,0
18.58,25.32,72.4,0.0,4.3,155.82,3,1,35.0,28.10666666666667,13.89333333333333,2.00810208,27.33,2686.69,17,66,0,0,0,1,0,1,0,0,0,1,0,0,0,0,0,1
29.93,24.68,68.34,0.0,2.38,3.02,1,1,30.2,35.998333333333335,6.001666666666665,1.8626255840000003,11.93,2823.79,18,66,0,1,0,0,0,0,0,1,1,0,0,0,1,0,0,0
29.37,21.63,74.93,0.0,1.65,0.0,2,1,32.04,31.27,10.73,1.3645703929999997,1.03,2519.46,19,66,1,0,0,0,0,0,1,0,0,0,0,1,0,0,1,0
37.59,19.6,70.1,0.0,0.68,23.6,4,1,15.55,34.75,7.25,1.1169918000000003,12.68,2822.81,20,66,0,0,1,0,0,0,1,0,0,1,0,0,0,0,0,1
25.07,21.52,63.45,0.0,3.18,3.01,3,1,35.0,35.026666666666664,6.973333333333336,1.5313663,11.93,2853.99,21,66,0,1,0,0,0,0,0,1,0,0,0,1,0,0,1,0
40.85,20.89,67.6,0.0,1.32,2.81,1,1,8.76,33.214999999999996,8.785000000000004,1.32338631,1.03,2551.5,22,66,1,0,0,0,0,1,0,0,1,0,0,0,1,0,0,0
35.54,20.36,74.18,0.0,5.22,25.24,1,1,26.4,35.11833333333333,6.881666666666668,1.3968934559999995,12.68,2820.32,23,66,0,0,1,0,0,0,1,0,0,0,0,1,0,0,1,0
43.24,19.59,77.16,7.44,5.74,0.0,1,0,0.0,34.788333333333334,7.211666666666666,1.3081283780000001,8.47,2560.2599999999998,0,67,1,0,0,0,0,0,1,0,1,0,0,0,1,0,0,0
29.13,20.72,67.99,0.0,2.14,1.52,4,1,29.12,33.49166666666667,8.508333333333333,1.3403449159999998,12.68,2830.0499999999997,1,67,0,0,1,0,1,0,0,0,1,0,0,0,1,0,0,0
28.02,19.72,63.32,0.0,0.4,30.28,1,1,31.76,28.111666666666665,13.888333333333335,1.1753308479999995,27.33,2710.02,2,67,0,0,0,1,0,0,1,0,0,0,0,1,0,0,1,0
32.79,22.38,70.05,0.0,3.18,1.94,4,1,25.54,31.021666666666665,10.978333333333335,1.5798652499999999,11.93,2888.99,3,67,0,1,0,0,0,1,0,0,0,0,1,0,0,1,0,0
27.24,23.41,70.22,0.0,4.92,0.0,2,1,35.0,26.525000000000002,15.474999999999998,1.799303804,25.25,2727.18,4,67,0,0,0,1,0,0,0,1,0,1,0,0,0,0,0,1
30.58,16.76,80.82,0.0,0.83,1.8,3,1,23.93,30.143333333333334,11.856666666666666,0.7312968640000003,11.93,2900.55,5,67,0,1,0,0,0,0,0,1,0,0,0,1,0,0,1,0
25.72,16.93,67.31,0.0,4.68,2.24,3,1,35.0,33.575,8.424999999999997,1.0486859210000001,8.47,2549.67,6,67,1,0,0,0,0,0,0,1,0,1,0,0,0,0,0,1
34.7,21.18,63.98,0.0,0.18,199.75,2,1,15.23,33.835,8.165,1.3342654280000001,12.68,2839.84,7,67,0,0,1,0,0,1,0,0,0,1,0,0,0,0,0,1
31.97,22.98,72.51,0.0,0.65,312.99,2,1,23.51,33.723333333333336,8.276666666666664,1.5077858259999999,11.830000000000002,2841.1400000000003,8,67,0,0,1,0,1,0,0,0,0,0,0,1,0,0,1,0
28.77,23.15,64.23,0.0,2.77,425.39,2,1,32.06,29.083333333333332,12.916666666666668,1.713932495,11.93,2924.4800000000005,9,67,0,1,0,0,0,0,0,1,0,0,0,1,0,0,1,0
29.11,25.28,62.23,0.0,3.62,528.8,3,1,35.0,33.23,8.770000000000003,2.069243788,8.47,2571.36,10,67,1,0,0,0,0,0,0,1,0,0,0,1,0,0,1,0
33.7,24.65,74.66,3.6,2.32,678.34,0,0,0.0,30.14,11.86,1.7937598399999999,15.53,2946.63,11,67,0,1,0,0,0,0,1,0,0,1,0,0,0,0,0,1
32.24,24.65,56.28,0.0,2.94,660.12,4,1,26.17,33.42166666666667,8.578333333333333,2.0042129699999998,8.47,2606.36,12,67,1,0,0,0,0,1,0,0,0,1,0,0,0,0,0,1
24.01,25.27,79.77,0.0,3.73,676.56,4,1,35.0,32.528333333333336,9.471666666666664,1.8995618729999997,8.47,2612.14,13,67,1,0,0,0,0,1,0,0,0,0,0,1,0,0,1,0
34.39,25.92,60.57,0.0,3.86,616.69,3,1,24.35,26.790000000000003,15.209999999999997,2.1903438279999996,25.25,2753.4,14,67,0,0,0,1,0,1,0,0,0,1,0,0,0,0,0,1
29.87,27.35,69.78,0.0,1.65,433.6,2,1,28.01,30.698333333333334,11.301666666666666,2.1980303400000003,8.47,2647.14,15,67,1,0,0,0,1,0,0,0,0,0,1,0,0,1,0,0
28.18,24.96,64.87,0.0,1.36,296.3,4,1,34.3,32.85166666666667,9.148333333333333,1.884782604,11.830000000000002,2842.16,16,67,0,0,1,0,0,0,1,0,0,0,0,1,0,0,1,0
33.55,24.62,67.8,0.0,3.66,163.76,1,1,25.92,29.083333333333332,12.916666666666668,1.9235774400000003,8.47,2675.15,17,67,1,0,0,0,0,1,0,0,0,1,0,0,0,0,0,1
32.27,25.08,63.7,0.0,2.95,21.5,4,1,26.07,28.103333333333335,13.896666666666665,1.9927550399999996,10.02,2755.1699999999996,18,67,0,0,0,1,0,1,0,0,0,1,0,0,0,0,0,1
25.73,22.96,73.23,0.0,3.11,0.0,4,1,35.0,30.875,11.125,1.621437476,11.830000000000002,2864.79,19,67,0,0,1,0,0,0,1,0,0,1,0,0,0,0,0,1
37.48,23.9,64.05,0.0,1.61,15.92,2,1,18.57,31.39833333333333,10.60166666666667,1.75844545,15.53,2946.63,20,67,0,1,0,0,1,0,0,0,0,1,0,0,0,0,0,1
18.44,19.81,65.74,0.0,3.17,14.15,4,1,35.0,26.49,15.510000000000002,1.303453708,10.02,2781.24,21,67,0,0,0,1,0,0,0,1,0,1,0,0,0,0,0,1
36.36,18.52,83.48,0.0,1.09,0.0,2,1,14.89,33.28,8.719999999999999,0.9042281919999999,15.53,2965.2,22,67,0,1,0,0,0,1,0,0,0,0,0,1,0,0,1,0
30.08,19.85,69.92,0.0,2.7,0.0,2,1,25.4,29.810000000000002,12.189999999999998,1.2484385100000002,8.47,2681.5299999999997,23,67,1,0,0,0,0,1,0,0,0,0,0,1,0,0,1,0
35.83,19.5,65.27,0.0,2.53,15.56,2,1,18.63,33.78666666666667,8.213333333333331,1.23945367,15.53,2965.0600000000004,0,68,0,1,0,0,1,0,0,0,0,0,1,0,0,1,0,0
38.07,17.2,61.41,0.0,2.54,72.56,3,1,14.25,35.035,6.965000000000003,1.0172495,15.53,2983.69,1,68,0,1,0,0,0,0,1,0,0,0,0,1,0,0,1,0
28.71,20.37,82.36,0.0,3.34,0.0,4,1,31.19,28.17833333333333,13.821666666666669,1.2322559940000002,10.02,2802.13,2,68,0,0,0,1,0,0,1,0,0,0,1,0,0,1,0,0
28.93,21.38,64.63,0.0,1.18,11.54,4,1,28.27,35.06166666666667,6.938333333333333,1.4032305379999999,15.53,2997.94,3,68,0,1,0,0,1,0,0,0,0,0,0,1,0,0,1,0
32.39,17.95,85.67,0.0,3.21,0.0,4,1,20.65,30.356666666666666,11.643333333333334,0.9320171749999998,8.47,2687.08,4,68,1,0,0,0,0,1,0,0,0,1,0,0,0,0,0,1
29.2,21.76,70.98,2.26,2.42,8.28,1,0,0.0,29.849999999999998,12.150000000000002,1.4550660560000002,10.73,2707.73,5,68,1,0,0,0,0,0,1,0,0,1,0,0,0,0,0,1
29.13,16.79,73.17,0.0,1.45,0.0,3,1,26.79,34.3,7.700000000000003,0.8261434609999999,15.53,3013.22,6,68,0,1,0,0,0,1,0,0,0,0,0,1,0,0,1,0
28.69,22.94,68.44,0.0,0.81,159.17,4,1,31.96,32.835,9.165,1.5487273920000004,15.53,3040.0099999999998,7,68,0,1,0,0,0,0,0,1,0,0,1,0,0,1,0,0
24.83,21.07,84.25,0.0,4.67,410.72,1,1,35.0,27.646666666666672,14.353333333333328,1.363975645,10.02,2833.32,8,68,0,0,0,1,0,1,0,0,0,0,0,1,0,0,1,0
33.82,24.86,50.37,3.3,2.32,463.37,1,0,0.0,31.484999999999996,10.515000000000004,2.060993114,14.030000000000001,2676.08,9,68,1,0,0,0,1,0,0,0,0,1,0,0,0,0,0,1
34.5,22.92,68.77,0.0,1.97,508.17,1,1,24.03,32.525,9.475000000000001,1.6010232080000002,15.53,3071.97,10,68,0,1,0,0,0,0,1,0,0,1,0,0,0,0,0,1
37.7,25.08,63.68,2.35,1.03,650.35,0,0,0.0,29.39,12.61,1.8969522879999996,12.37,2868.32,11,68,0,0,0,1,0,0,1,0,0,0,1,0,0,1,0,0
29.45,24.61,64.42,0.0,3.71,689.53,3,1,34.41,29.86,12.14,1.9576612239999998,11.830000000000002,2899.79,12,68,0,0,1,0,1,0,0,0,0,1,0,0,0,0,0,1
29.86,25.9,65.92,0.0,3.61,651.49,1,1,30.11,31.53,10.469999999999999,2.12114708,15.53,3096.0,13,68,0,1,0,0,0,1,0,0,0,0,1,0,0,1,0,0
26.09,29.1,60.45,0.0,3.38,556.73,1,1,35.0,28.006666666666664,13.993333333333336,2.65594285,12.37,2848.71,14,68,0,0,0,1,1,0,0,0,0,0,1,0,0,1,0,0
20.61,26.06,66.07,0.0,2.33,427.51,1,1,35.0,28.620000000000005,13.379999999999995,2.0788797339999996,15.53,3108.11,15,68,0,1,0,0,0,0,1,0,0,0,0,1,0,0,1,0
33.83,28.99,62.24,6.26,3.3,293.75,1,0,0.0,32.144999999999996,9.855000000000004,2.6150086219999995,20.29,2665.79,16,68,1,0,0,0,1,0,0,0,0,0,1,0,0,1,0,0
35.05,24.61,56.72,0.0,1.41,161.59,3,1,20.33,28.47,13.530000000000001,1.9177693339999997,12.37,2869.05,17,68,0,0,0,1,0,0,0,1,0,0,1,0,0,1,0,0
35.04,26.6,66.99,0.0,2.66,0.0,3,1,25.95,32.39333333333333,9.60666666666667,2.1652901200000008,20.29,2665.79,18,68,1,0,0,0,0,0,1,0,0,0,0,1,0,0,1,0
26.3,20.96,73.85,0.0,2.33,0.0,2,1,33.61,31.763333333333332,10.236666666666668,1.3266841000000003,20.29,2674.68,19,68,1,0,0,0,0,0,1,0,0,1,0,0,0,0,0,1
36.18,21.93,64.26,0.0,2.72,42.54,4,1,18.54,31.035,10.965,1.552740016,11.830000000000002,2899.2,20,68,0,0,1,0,0,1,0,0,0,0,0,1,0,0,1,0
24.56,20.52,82.26,0.0,0.22,32.24,3,1,34.74,27.891666666666666,14.108333333333334,1.0945439839999997,15.53,3143.11,21,68,0,1,0,0,1,0,0,0,0,1,0,0,0,0,0,1
27.96,22.67,76.82,0.0,4.64,44.34,2,1,32.37,31.025000000000002,10.974999999999998,1.6270980280000003,19.259999999999998,2708.29,22,68,1,0,0,0,0,1,0,0,1,0,0,0,1,0,0,0
29.94,19.81,75.66,0.0,4.34,0.0,1,1,28.41,30.38666666666667,11.61333333333333,1.276142732,12.37,2866.17,23,68,0,0,0,1,0,1,0,0,0,1,0,0,0,0,0,1
29.15,15.9,78.7,0.0,1.02,0.0,4,1,28.63,27.895,14.105,0.6734053000000002,15.53,3171.02,0,69,0,1,0,0,0,0,1,0,0,0,0,1,0,0,1,0
27.04,16.67,72.48,0.0,3.09,2.71,4,1,33.3,30.108333333333334,11.891666666666666,0.901485582,12.37,2894.58,1,69,0,0,0,1,0,0,1,0,0,1,0,0,0,0,0,1
31.12,16.98,80.01,0.0,0.62,14.52,2,1,23.21,30.438333333333333,11.561666666666667,0.749266126,11.830000000000002,2908.57,2,69,0,0,1,0,0,0,1,0,1,0,0,0,1,0,0,0
38.23,20.03,80.57,2.15,2.5,2.5,0,0,0.0,32.53,9.469999999999999,1.166758757,21.41,2727.75,3,69,1,0,0,0,0,0,0,1,0,1,0,0,0,0,0,1
23.19,20.24,75.07,0.0,0.0,12.14,4,1,35.0,26.978333333333335,15.021666666666665,1.1140356359999999,15.53,3185.34,4,69,0,1,0,0,0,0,1,0,0,1,0,0,0,0,0,1
31.08,19.22,66.24,0.0,2.05,55.48,3,1,26.63,32.07333333333333,9.92666666666667,1.174999016,21.41,2711.47,5,69,1,0,0,0,1,0,0,0,0,1,0,0,0,0,0,1
35.25,19.67,69.59,0.0,1.81,0.0,1,1,19.71,27.103333333333335,14.896666666666665,1.185946691,15.53,3205.4300000000003,6,69,0,1,0,0,0,1,0,0,0,0,0,1,0,0,1,0
28.35,22.53,71.59,0.0,3.79,196.48,1,1,34.61,29.835000000000004,12.164999999999996,1.615298589,4.53,2931.78,7,69,0,0,1,0,0,1,0,0,0,0,0,1,0,0,1,0
27.67,20.8,74.82,0.0,4.4,343.13,3,1,32.27,31.046666666666667,10.953333333333333,1.4023720400000002,21.41,2738.1,8,69,1,0,0,0,0,0,1,0,0,0,0,1,0,0,1,0
26.0,24.22,65.68,0.0,4.43,462.96,4,1,35.0,26.459999999999997,15.540000000000003,1.9274951919999996,3.6,3206.0,9,69,0,1,0,0,0,0,1,0,0,0,1,0,0,1,0,0
66.96,25.05,61.59,15.12,3.79,589.55,2,0,0.0,36.29833333333334,5.701666666666661,2.0513025049999998,19.65,2966.3900000000003,10,69,0,0,1,0,0,0,0,1,0,0,0,1,0,0,1,0
57.87,24.91,76.76,11.44,2.5,600.97,1,0,0.0,34.85166666666667,7.148333333333333,1.817947522,32.849999999999994,2770.37,11,69,1,0,0,0,0,0,1,0,0,1,0,0,0,0,0,1
27.33,26.55,56.85,0.0,2.87,616.08,3,1,35.0,27.58,14.420000000000002,2.271834325,3.6,3223.9300000000003,12,69,0,1,0,0,0,0,1,0,1,0,0,0,1,0,0,0
35.01,26.51,57.8,0.16,2.86,643.0,1,1,24.75,37.845,4.155000000000001,2.2556564900000002,19.81,2950.82,13,69,0,0,1,0,0,0,0,1,0,1,0,0,0,0,0,1
46.96,27.24,54.52,11.79,0.98,505.59,1,0,0.0,40.76333333333333,1.2366666666666717,2.3060624959999996,31.6,2961.6600000000003,14,69,0,0,1,0,0,0,0,1,0,0,0,1,0,0,1,0
29.3,24.36,59.51,0.0,3.78,477.52,2,1,30.86,35.35166666666667,6.648333333333333,1.9740839119999998,32.849999999999994,2750.57,15,69,1,0,0,0,0,1,0,0,0,0,0,1,0,0,1,0
23.25,26.88,72.83,0.0,3.23,285.51,4,1,35.0,29.845,12.155000000000001,2.1753661080000004,12.37,2905.98,16,69,0,0,0,1,0,0,1,0,0,0,0,1,0,0,1,0
19.33,26.86,73.08,0.0,3.28,221.36,4,1,35.0,26.78333333333333,15.216666666666669,2.172342336,12.37,2940.98,17,69,0,0,0,1,0,0,1,0,1,0,0,0,1,0,0,0
26.76,24.98,65.1,0.0,0.0,0.0,1,1,35.0,27.94666666666667,14.053333333333331,1.8173371799999998,3.6,3258.9300000000003,18,69,0,1,0,0,0,0,0,1,0,0,0,1,0,0,1,0
40.47,24.43,69.53,7.01,2.94,50.86,1,0,0.0,29.833333333333332,12.166666666666668,1.8445235330000003,10.61,3279.4900000000002,19,69,0,1,0,0,0,0,1,0,0,0,0,1,0,0,1,0
32.35,22.33,67.66,0.0,3.61,0.0,2,1,27.53,31.36,10.64,1.6170416359999997,10.61,3272.42,20,69,0,1,0,0,0,0,1,0,0,1,0,0,0,0,0,1
33.48,22.8,59.02,0.0,2.38,0.0,3,1,25.64,36.27166666666667,5.728333333333332,1.69693524,32.849999999999994,2781.4300000000003,21,69,1,0,0,0,0,0,1,0,0,0,1,0,0,1,0,0
29.58,20.59,84.65,0.0,1.8,30.31,2,1,28.46,30.414999999999996,11.585000000000004,1.1606011250000001,10.61,3299.95,22,69,0,1,0,0,0,1,0,0,0,1,0,0,0,0,0,1
37.8,17.94,80.87,6.99,0.77,10.25,2,0,0.0,32.38166666666667,9.618333333333332,0.8484363060000001,17.6,3328.41,23,69,0,1,0,0,0,0,0,1,0,0,1,0,0,1,0,0
26.87,20.4,71.76,0.0,0.68,0.0,1,1,29.79,26.91333333333333,15.08666666666667,1.19586064,12.37,2975.98,0,70,0,0,0,1,1,0,0,0,0,1,0,0,0,0,0,1
38.1,16.31,66.56,0.0,2.59,0.0,4,1,13.38,27.421666666666667,14.578333333333333,0.8868852619999998,10.469999999999999,3005.77,1,70,0,0,0,1,0,0,0,1,1,0,0,0,1,0,0,0
33.28,19.05,68.78,0.0,2.12,0.0,4,1,24.11,27.978333333333335,14.021666666666665,1.1376378600000001,2.35,3019.15,2,70,0,0,0,1,0,0,1,0,0,0,0,1,0,0,1,0
48.17,18.19,66.2,6.08,2.1,82.51,0,0,0.0,42.76166666666666,0.0,1.0627298900000002,37.68,2951.75,3,70,0,0,1,0,0,0,0,1,0,0,0,1,0,0,1,0
38.98,18.49,71.49,0.0,4.23,0.0,2,1,15.27,36.39666666666667,5.603333333333332,1.158099247,32.849999999999994,2786.16,4,70,1,0,0,0,0,0,1,0,0,0,0,1,0,0,1,0
43.83,20.06,71.72,9.46,0.89,0.0,2,0,0.0,38.52166666666667,3.4783333333333317,1.1667612639999998,42.31,2778.58,5,70,1,0,0,0,0,0,1,0,0,0,1,0,0,1,0,0
34.17,19.57,67.56,0.0,1.99,41.19,2,1,20.07,33.52166666666667,8.478333333333332,1.2008761140000002,17.6,3302.94,6,70,0,1,0,0,1,0,0,0,0,1,0,0,0,0,0,1
25.54,22.36,57.53,0.0,4.43,206.8,3,1,35.0,38.166666666666664,3.8333333333333357,1.7554553759999998,42.31,2763.07,7,70,1,0,0,0,0,0,1,0,0,1,0,0,0,0,0,1
35.21,22.71,82.35,0.0,2.03,292.71,3,1,19.31,34.38999999999999,7.6100000000000065,1.4501791750000002,34.870000000000005,2798.07,8,70,1,0,0,0,0,1,0,0,0,1,0,0,0,0,0,1
34.16,22.74,69.07,0.0,2.48,398.28,2,1,22.04,43.26833333333334,0.0,1.600300586,37.68,2942.87,9,70,0,0,1,0,0,0,0,1,0,0,0,1,0,0,1,0
17.86,26.64,67.49,0.0,2.19,607.45,2,1,35.0,26.448333333333334,15.551666666666666,2.142598892,2.35,3043.26,10,70,0,0,0,1,0,0,0,1,0,1,0,0,0,0,0,1
30.95,25.77,62.03,0.0,3.25,591.21,3,1,32.83,34.665,7.335000000000001,2.1233286369999997,34.870000000000005,2817.38,11,70,1,0,0,0,0,0,1,0,0,0,0,1,0,0,1,0
23.87,27.04,53.03,0.0,0.0,632.81,3,1,35.0,33.06333333333333,8.936666666666667,2.241780284,34.870000000000005,2829.72,12,70,1,0,0,0,0,0,1,0,0,0,0,1,0,0,1,0
25.49,28.62,62.12,0.0,2.16,631.22,4,1,35.0,30.814999999999998,11.185000000000002,2.500412528,34.870000000000005,2864.72,13,70,1,0,0,0,0,0,1,0,0,0,0,1,0,0,1,0
23.81,28.73,60.35,0.0,2.47,525.38,2,1,35.0,26.541666666666668,15.458333333333332,2.552296205,2.35,3058.1000000000004,14,70,0,0,0,1,1,0,0,0,0,0,0,1,0,0,1,0
32.46,27.36,68.68,0.0,1.2,491.97,4,1,23.21,28.92,13.079999999999998,2.1884630559999994,34.870000000000005,2899.72,15,70,1,0,0,0,0,1,0,0,0,1,0,0,0,0,0,1
25.52,25.64,71.43,0.0,2.81,325.73,2,1,35.0,42.79666666666666,0.0,1.9885722639999999,37.68,2964.91,16,70,0,0,1,0,1,0,0,0,1,0,0,0,1,0,0,0
23.51,23.31,72.3,0.0,3.34,137.36,1,1,35.0,27.238333333333333,14.761666666666667,1.6874122399999998,2.35,3070.59,17,70,0,0,0,1,0,0,1,0,0,0,0,1,0,0,1,0
25.29,24.94,72.57,0.0,2.94,0.0,4,1,35.0,28.878333333333334,13.121666666666666,1.885274266,34.870000000000005,2922.93,18,70,1,0,0,0,0,1,0,0,0,0,1,0,0,1,0,0
28.02,25.31,77.98,0.0,4.54,45.39,1,1,33.69,27.429999999999996,14.570000000000004,1.963367336,2.35,3088.9300000000003,19,70,0,0,0,1,0,1,0,0,0,0,1,0,0,1,0,0
31.91,23.16,69.8,0.0,1.88,0.0,4,1,25.54,34.379999999999995,7.6200000000000045,1.61828544,17.6,3299.07,20,70,0,1,0,0,0,1,0,0,0,1,0,0,0,0,0,1
35.82,16.43,80.15,0.0,3.0,21.51,2,1,17.7,37.60666666666667,4.393333333333331,0.812504535,37.68,2976.21,21,70,0,0,1,0,1,0,0,0,0,1,0,0,0,0,0,1
32.4,21.93,71.51,0.0,2.97,0.0,1,1,25.89,26.48,15.52,1.498990241,2.35,3101.6899999999996,22,70,0,0,0,1,0,1,0,0,0,1,0,0,0,0,0,1
32.73,21.2,55.34,0.0,2.12,0.0,2,1,23.86,28.465000000000003,13.534999999999997,1.5112402,34.870000000000005,2957.93,23,70,1,0,0,0,1,0,0,0,1,0,0,0,1,0,0,0
33.49,18.85,69.44,0.0,3.76,26.14,1,1,22.97,26.515,15.485,1.1916162700000001,2.35,3127.58,0,71,0,0,0,1,0,1,0,0,0,0,0,1,0,0,1,0
33.87,20.38,63.22,0.0,2.75,37.58,3,1,23.11,33.28,8.719999999999999,1.371989212,14.0,3309.81,1,71,0,1,0,0,0,0,0,1,1,0,0,0,1,0,0,0
34.94,19.71,71.45,0.0,0.96,64.49,4,1,18.7,33.711666666666666,8.288333333333334,1.1320202450000003,14.0,3332.92,2,71,0,1,0,0,0,1,0,0,0,0,0,1,0,0,1,0
42.28,17.87,65.76,0.0,3.3,0.0,3,1,11.89,30.585000000000004,11.414999999999996,1.091571054,2.35,3133.02,3,71,0,0,0,1,0,0,1,0,0,0,1,0,0,1,0,0
33.74,21.21,72.87,0.0,1.8,0.0,4,1,20.81,37.395,4.604999999999997,1.3392133290000003,37.68,2973.8599999999997,4,71,0,0,1,0,1,0,0,0,0,1,0,0,0,0,0,1
31.16,18.04,78.04,0.0,2.01,22.37,4,1,28.19,28.5,13.5,0.944273952,34.870000000000005,2962.66,5,71,1,0,0,0,1,0,0,0,0,0,1,0,0,1,0,0
27.38,20.68,77.48,0.0,2.1,0.0,4,1,31.65,34.13166666666667,7.868333333333332,1.249533728,37.68,2972.8999999999996,6,71,0,0,1,0,0,0,0,1,0,1,0,0,0,0,0,1
31.24,21.49,79.74,0.0,3.28,118.18,3,1,28.07,31.310000000000002,10.689999999999998,1.3854003719999999,37.68,2982.02,7,71,0,0,1,0,0,0,0,1,0,1,0,0,0,0,0,1
48.01,21.53,56.65,6.98,3.69,328.76,0,0,0.0,34.61833333333333,7.381666666666668,1.619632035,9.33,3122.7799999999997,8,71,0,0,0,1,0,0,0,1,0,1,0,0,0,0,0,1
23.42,24.26,57.8,0.0,2.21,443.89,3,1,35.0,32.685,9.314999999999998,1.8982182400000005,14.0,3336.9,9,71,0,1,0,0,0,0,1,0,0,1,0,0,0,0,0,1
34.3,26.73,84.71,0.0,2.14,518.25,2,1,22.43,36.416666666666664,5.583333333333336,1.9770685209999999,9.33,3106.76,10,71,0,0,0,1,0,0,0,1,0,1,0,0,0,0,0,1
45.71,27.47,70.69,11.27,0.0,624.95,0,0,0.0,39.365,2.634999999999998,2.1241725209999998,20.6,3129.19,11,71,0,0,0,1,0,1,0,0,0,0,0,1,0,0,1,0
26.47,27.32,65.32,0.0,1.55,669.83,4,1,31.2,28.933333333333334,13.066666666666666,2.2347954880000005,34.870000000000005,2980.6,12,71,1,0,0,0,0,1,0,0,0,1,0,0,0,0,0,1
42.76,24.09,66.56,5.89,1.26,633.97,2,0,0.0,32.74333333333333,9.256666666666668,1.7427135979999997,43.57,3010.09,13,71,0,0,1,0,1,0,0,0,0,0,0,1,0,0,1,0
26.5,24.76,65.39,0.0,2.77,569.3,2,1,35.0,30.801666666666666,11.198333333333334,1.9221172480000004,14.0,3353.96,14,71,0,1,0,0,0,0,0,1,0,1,0,0,0,0,0,1
30.14,26.88,50.56,0.0,2.27,475.14,2,1,30.96,29.708333333333332,12.291666666666668,2.3562215359999996,32.61,3011.7999999999997,15,71,1,0,0,0,0,0,1,0,0,0,0,1,0,0,1,0
22.49,26.18,59.25,0.0,1.31,265.8,1,1,35.0,32.23833333333333,9.76166666666667,2.1143742700000003,39.04,3010.09,16,71,0,0,1,0,0,0,0,1,0,1,0,0,0,0,0,1
33.42,24.85,64.94,0.0,2.58,166.44,1,1,24.85,30.676666666666666,11.323333333333334,1.9296318200000004,14.0,3388.96,17,71,0,1,0,0,1,0,0,0,0,0,0,1,0,0,1,0
28.34,27.62,58.49,0.0,2.32,8.4,1,1,33.55,30.991666666666664,11.008333333333336,2.390329286,39.04,3045.09,18,71,0,0,1,0,0,0,0,1,0,0,0,1,0,0,1,0
29.5,23.96,62.34,0.0,0.0,0.0,2,1,26.15,38.88166666666667,3.1183333333333323,1.7025468480000001,20.6,3113.8,19,71,0,0,0,1,0,0,0,1,0,1,0,0,0,0,0,1
30.87,23.58,84.65,0.0,3.73,0.0,1,1,28.98,30.513333333333332,11.486666666666668,1.6250550099999996,39.04,3051.7799999999997,20,71,0,0,1,0,0,0,0,1,0,0,0,1,0,0,1,0
29.38,23.21,65.27,0.0,3.61,0.0,4,1,33.16,30.255,11.745000000000001,1.754090609,14.0,3407.12,21,71,0,1,0,0,1,0,0,0,0,0,1,0,0,1,0,0
31.68,20.85,70.87,0.0,2.11,0.0,4,1,25.53,29.578333333333333,12.421666666666667,1.3289618850000002,29.31,3042.7599999999998,22,71,1,0,0,0,0,0,0,1,0,0,0,1,0,0,1,0
28.42,23.82,68.24,0.0,2.82,32.0,4,1,30.39,29.346666666666668,12.653333333333332,1.7679590960000002,14.0,3418.1400000000003,23,71,0,1,0,0,0,1,0,0,0,0,0,1,0,0,1,0
27.99,18.03,75.3,0.0,2.01,53.45,3,1,29.41,37.964999999999996,4.035000000000004,0.9657945000000001,20.6,3119.7200000000003,0,72,0,0,0,1,0,1,0,0,1,0,0,0,1,0,0,0
20.59,18.13,67.76,0.0,0.47,46.32,1,1,35.0,34.35,7.649999999999999,0.961783206,20.6,3131.99,1,72,0,0,0,1,0,1,0,0,0,0,1,0,0,1,0,0
36.23,17.49,80.34,0.0,5.0,0.0,1,1,21.82,32.38666666666666,9.613333333333337,1.0175151519999999,20.6,3166.99,2,72,0,0,0,1,0,0,0,1,0,1,0,0,0,0,0,1
23.58,21.38,71.6,0.0,3.3,0.0,1,1,35.0,30.599999999999994,11.400000000000006,1.44642108,18.25,3171.8,3,72,0,0,0,1,0,0,0,1,0,0,0,1,0,0,1,0
37.46,20.64,60.08,0.0,3.53,23.01,3,1,20.83,29.76666666666667,12.23333333333333,1.4701443840000001,14.0,3434.9500000000003,4,72,0,1,0,0,0,0,1,0,0,0,0,1,0,0,1,0
28.15,19.26,69.44,0.0,2.06,45.53,4,1,31.23,30.554999999999996,11.445000000000004,1.1527912080000002,14.0,3440.4,5,72,0,1,0,0,0,0,0,1,0,1,0,0,0,0,0,1
35.44,19.61,68.71,0.0,3.75,0.0,3,1,19.53,31.856666666666666,10.143333333333334,1.2836017769999999,39.04,3080.7599999999998,6,72,0,0,1,0,0,1,0,0,0,0,1,0,0,1,0,0
34.55,23.94,64.92,0.0,0.76,174.65,3,1,23.09,32.40833333333333,9.591666666666669,1.7130428960000001,39.04,3084.28,7,72,0,0,1,0,0,0,1,0,0,0,0,1,0,0,1,0
34.13,23.44,70.41,0.0,2.11,285.38,2,1,22.69,28.67,13.329999999999998,1.6609779480000002,18.25,3189.8900000000003,8,72,0,0,0,1,0,0,1,0,0,0,0,1,0,0,1,0
28.31,26.05,69.2,0.0,3.29,469.3,1,1,34.04,30.081666666666667,11.918333333333333,2.09385615,23.05,3068.29,9,72,1,0,0,0,0,0,0,1,1,0,0,0,1,0,0,0
22.83,24.81,69.37,0.0,1.65,540.4,1,1,35.0,28.43166666666666,13.568333333333339,1.8341076189999996,23.05,3086.43,10,72,1,0,0,0,0,1,0,0,1,0,0,0,1,0,0,0
42.15,26.5,66.77,8.49,3.49,634.25,1,0,0.0,30.778333333333336,11.221666666666664,2.19426547,26.74,3198.22,11,72,0,0,0,1,0,0,0,1,0,1,0,0,0,0,0,1
26.0,26.82,64.75,0.0,2.76,607.59,3,1,35.0,27.571666666666662,14.428333333333338,2.22592597,23.05,3121.43,12,72,1,0,0,0,0,1,0,0,0,0,1,0,0,1,0,0
40.92,25.83,49.88,7.38,2.65,570.67,0,0,0.0,32.10166666666667,9.898333333333333,2.2239738579999995,46.42,3085.84,13,72,0,0,1,0,0,0,0,1,0,0,1,0,0,1,0,0
25.46,26.69,69.7,2.21,1.54,671.36,2,0,0.0,32.59666666666667,9.403333333333329,2.09488844,48.629999999999995,3085.84,14,72,0,0,1,0,1,0,0,0,0,0,1,0,0,1,0,0
27.19,24.99,69.03,0.0,2.89,462.05,2,1,35.0,27.691666666666663,14.308333333333337,1.9245682789999996,23.05,3130.32,15,72,1,0,0,0,0,1,0,0,0,0,0,1,0,0,1,0
19.85,27.11,57.02,3.96,4.72,399.71,1,0,0.0,29.44666666666667,12.553333333333331,2.4472965440000003,17.96,3457.17,16,72,0,1,0,0,0,0,0,1,0,0,1,0,0,1,0,0
25.96,26.87,66.07,0.0,2.61,221.05,3,1,35.0,26.995,15.004999999999999,2.2123408830000004,20.9,3165.32,17,72,1,0,0,0,0,0,0,1,0,0,0,1,0,0,1,0
28.37,26.39,69.03,0.0,3.07,0.0,4,1,33.17,26.44333333333333,15.556666666666668,2.134100219,20.9,3200.32,18,72,1,0,0,0,0,0,1,0,0,0,0,1,0,0,1,0
24.68,24.94,73.85,0.0,3.24,12.66,4,1,35.0,25.838333333333335,16.161666666666665,1.88769161,20.9,3198.4900000000002,19,72,1,0,0,0,0,0,0,1,0,1,0,0,0,0,0,1
27.79,22.71,71.0,0.0,1.03,0.0,4,1,28.68,26.665000000000003,15.334999999999997,1.5059305300000003,9.46,3233.4900000000002,20,72,1,0,0,0,0,0,0,1,1,0,0,0,1,0,0,0
29.82,24.19,68.5,0.0,2.24,0.0,3,1,28.58,31.083333333333332,10.916666666666668,1.7866451800000003,26.74,3182.52,21,72,0,0,0,1,1,0,0,0,0,0,1,0,0,1,0,0
34.17,22.24,74.44,0.0,2.2,0.0,4,1,18.69,33.346666666666664,8.653333333333336,1.472593232,26.74,3189.55,22,72,0,0,0,1,0,1,0,0,0,0,1,0,0,1,0,0
34.37,22.16,65.73,0.0,0.0,0.0,3,1,17.21,28.060000000000002,13.939999999999998,1.432569996,9.46,3242.66,23,72,1,0,0,0,0,0,0,1,0,1,0,0,0,0,0,1
30.61,21.75,71.08,0.0,3.35,0.0,2,1,27.18,32.975,9.024999999999999,1.4994095299999999,48.629999999999995,3085.84,0,73,0,0,1,0,0,1,0,0,0,0,1,0,0,1,0,0
28.92,18.99,66.06,0.0,1.28,0.0,1,1,29.53,28.69666666666667,13.303333333333331,1.111896928,17.96,3430.03,1,73,0,1,0,0,0,0,0,1,0,0,0,1,0,0,1,0
30.83,19.62,77.68,0.0,3.22,1.36,4,1,26.96,32.446666666666665,9.553333333333335,1.1810542320000001,26.74,3181.86,2,73,0,0,0,1,1,0,0,0,1,0,0,0,1,0,0,0
38.03,20.34,58.06,0.0,1.49,0.0,3,1,14.28,34.855000000000004,7.144999999999996,1.3494515479999998,26.74,3195.64,3,73,0,0,0,1,0,0,0,1,0,0,1,0,0,1,0,0
31.53,17.85,77.04,0.0,4.85,5.23,3,1,25.64,28.783333333333335,13.216666666666665,1.0744212700000002,9.46,3255.15,4,73,1,0,0,0,0,1,0,0,0,1,0,0,0,0,0,1
30.31,18.52,70.91,0.0,2.07,39.75,4,1,26.07,34.218333333333334,7.781666666666666,1.058232944,26.74,3209.92,5,73,0,0,0,1,0,1,0,0,0,0,1,0,0,1,0,0
34.35,19.09,77.09,0.0,4.71,9.59,1,1,23.18,32.91833333333334,9.081666666666663,1.2011437070000002,26.74,3235.9900000000002,6,73,0,0,0,1,0,0,0,1,1,0,0,0,1,0,0,0
29.22,21.84,62.66,0.0,2.19,165.88,2,1,29.0,32.818333333333335,9.181666666666665,1.529412728,26.74,3238.69,7,73,0,0,0,1,0,0,0,1,0,0,0,1,0,0,1,0
24.69,22.54,68.2,0.0,2.34,336.96,3,1,35.0,28.57166666666667,13.428333333333331,1.5755330399999998,9.46,3261.1,8,73,1,0,0,0,0,0,1,0,0,0,0,1,0,0,1,0
31.24,21.92,68.49,0.0,4.28,409.4,2,1,27.97,29.00666666666667,12.993333333333329,1.590826276,17.96,3459.5600000000004,9,73,0,1,0,0,1,0,0,0,0,1,0,0,0,0,0,1
29.02,25.26,68.43,0.0,1.3,596.24,3,1,29.76,29.106666666666666,12.893333333333334,1.8889828460000002,17.96,3487.53,10,73,0,1,0,0,0,0,1,0,0,0,1,0,0,1,0,0
26.79,25.72,57.69,0.0,2.46,585.93,3,1,35.0,27.328333333333337,14.671666666666663,2.120015296,17.96,3517.2900000000004,11,73,0,1,0,0,0,1,0,0,0,0,1,0,0,1,0,0
29.05,28.28,67.43,0.0,3.05,704.32,2,1,29.84,32.67166666666667,9.328333333333333,2.4350774079999997,48.629999999999995,3113.02,12,73,0,0,1,0,0,1,0,0,0,0,0,1,0,0,1,0
16.27,29.92,48.74,0.0,2.88,654.83,3,1,35.0,26.554999999999996,15.445000000000004,2.892948776,0.0,3282.73,13,73,1,0,0,0,1,0,0,0,0,1,0,0,0,0,0,1
23.93,27.72,58.75,0.0,2.45,582.4,2,1,35.0,30.753333333333334,11.246666666666666,2.4095841199999994,48.629999999999995,3142.86,14,73,0,0,1,0,0,0,1,0,1,0,0,0,1,0,0,0
25.08,25.86,53.98,0.96,2.29,480.62,4,1,35.0,26.816666666666666,15.183333333333334,2.1692531159999997,18.92,3539.3900000000003,15,73,0,1,0,0,0,0,1,0,0,0,0,1,0,0,1,0
22.88,27.47,69.42,0.0,3.42,324.93,1,1,35.0,27.32166666666667,14.678333333333331,2.3083958879999993,18.92,3550.73,16,73,0,1,0,0,0,1,0,0,0,0,0,1,0,0,1,0
37.06,25.88,67.7,5.63,2.61,140.71,1,0,0.0,33.300000000000004,8.699999999999996,2.05036704,32.37,3251.7,17,73,0,0,0,1,0,0,0,1,0,1,0,0,0,0,0,1
23.85,24.68,69.05,0.0,3.56,0.0,4,1,35.0,32.13666666666666,9.863333333333337,1.9146886,32.37,3223.15,18,73,0,0,0,1,1,0,0,0,0,1,0,0,0,0,0,1
37.18,22.78,77.69,0.0,2.87,61.3,3,1,17.37,31.191666666666674,10.808333333333326,1.5445366740000002,48.629999999999995,3145.15,19,73,0,0,1,0,0,0,0,1,0,0,0,1,0,0,1,0
31.04,22.34,65.51,0.0,3.18,3.62,2,1,26.45,30.971666666666664,11.028333333333336,1.616672058,32.37,3258.15,20,73,0,0,0,1,0,0,0,1,0,1,0,0,0,0,0,1
24.79,21.74,72.48,0.0,3.76,0.0,4,1,35.0,26.573333333333334,15.426666666666666,1.5059314639999997,0.0,3301.0099999999998,21,73,1,0,0,0,1,0,0,0,0,0,1,0,0,1,0,0
20.05,22.24,68.27,0.0,2.03,18.08,3,1,35.0,29.261666666666667,12.738333333333333,1.5209139959999998,32.37,3284.6,22,73,0,0,0,1,0,0,1,0,0,0,0,1,0,0,1,0
25.82,20.98,68.22,0.0,3.73,12.0,3,1,35.0,27.84,14.16,1.449308652,32.37,3319.6,23,73,0,0,0,1,0,0,0,1,0,0,0,1,0,0,1,0
27.07,22.45,76.79,0.0,2.21,0.0,1,1,33.1,26.453333333333333,15.546666666666667,1.477925325,0.0,3336.0099999999998,0,74,1,0,0,0,0,0,0,1,0,1,0,0,0,0,0,1
25.53,20.32,83.91,0.0,0.72,0.0,2,1,33.82,28.626666666666665,13.373333333333335,1.0818870040000002,48.629999999999995,3147.31,1,74,0,0,1,0,0,0,1,0,0,1,0,0,0,0,0,1
41.4,19.81,66.73,0.0,2.0,25.74,2,1,9.51,27.625,14.375,1.2363899109999998,0.0,3344.51,2,74,1,0,0,0,1,0,0,0,0,0,1,0,0,1,0,0
20.4,18.85,76.35,0.0,1.53,33.11,2,1,35.0,27.78333333333333,14.216666666666669,1.0218684250000003,48.629999999999995,3170.4900000000002,3,74,0,0,1,0,0,0,0,1,0,0,0,1,0,0,1,0
28.92,18.15,73.31,0.0,2.85,11.28,2,1,30.42,27.50166666666667,14.498333333333331,1.037069015,33.51,3194.3,4,74,0,0,1,0,0,0,0,1,0,1,0,0,0,0,0,1
28.0,19.49,72.32,0.0,2.06,2.5,1,1,31.48,27.036666666666665,14.963333333333335,1.1543318859999998,0.0,3354.02,5,74,1,0,0,0,0,0,1,0,0,0,1,0,0,1,0,0
27.38,20.13,71.23,0.0,2.55,0.0,3,1,32.37,27.485,14.515,1.2622176729999997,0.0,3351.95,6,74,1,0,0,0,1,0,0,0,0,0,0,1,0,0,1,0
18.92,18.3,68.63,0.0,3.62,185.03,1,1,35.0,27.926666666666662,14.073333333333338,1.1306141100000002,0.0,3384.3199999999997,7,74,1,0,0,0,0,0,0,1,0,0,0,1,0,0,1,0
28.39,21.66,43.18,0.0,4.18,302.79,2,1,30.02,27.391666666666666,14.608333333333334,1.782925236,33.35,3204.81,8,74,0,0,1,0,1,0,0,0,0,0,1,0,0,1,0,0
27.92,26.61,75.05,0.0,2.75,415.08,2,1,33.94,28.05666666666667,13.943333333333332,2.0889420149999998,21.560000000000002,3214.99,9,74,0,0,1,0,1,0,0,0,1,0,0,0,1,0,0,0
31.08,25.73,60.15,0.0,3.7,602.31,4,1,32.36,27.68166666666667,14.318333333333332,2.158846085,18.92,3572.7000000000003,10,74,0,1,0,0,0,0,1,0,0,1,0,0,0,0,0,1
30.11,25.44,63.56,0.0,2.19,591.81,3,1,32.11,28.813333333333333,13.186666666666667,2.007441968,0.0,3419.3199999999997,11,74,1,0,0,0,1,0,0,0,0,0,1,0,0,1,0,0
32.69,27.24,62.27,0.0,0.52,583.61,2,1,25.17,29.75,12.25,2.2027786959999993,0.0,3431.41,12,74,1,0,0,0,0,1,0,0,0,0,0,1,0,0,1,0
18.23,24.11,60.83,0.0,0.98,673.67,4,1,35.0,26.008333333333336,15.991666666666664,1.7866766109999999,32.37,3325.3199999999997,13,74,0,0,0,1,0,0,1,0,0,1,0,0,0,0,0,1
25.18,27.6,65.2,0.0,2.17,501.86,4,1,35.0,27.046666666666667,14.953333333333333,2.3096736000000004,0.0,3430.8900000000003,14,74,1,0,0,0,0,0,1,0,0,1,0,0,0,0,0,1
38.04,28.96,62.13,0.0,3.35,445.98,4,1,19.01,28.200000000000003,13.799999999999997,2.613894356,15.48,3231.68,15,74,0,0,1,0,1,0,0,0,0,0,1,0,0,1,0,0
32.31,26.46,59.42,0.0,2.17,286.65,1,1,24.41,27.859999999999996,14.140000000000004,2.197191364,18.92,3605.06,16,74,0,1,0,0,0,1,0,0,0,0,1,0,0,1,0,0
21.2,23.35,67.97,0.0,3.82,142.9,4,1,35.0,26.55666666666667,15.443333333333332,1.7576586850000002,11.91,3629.4700000000003,17,74,0,1,0,0,0,1,0,0,0,0,1,0,0,1,0,0
28.56,24.55,65.73,0.0,4.6,77.84,1,1,33.43,28.705000000000002,13.294999999999998,1.9810496850000001,15.48,3215.69,18,74,0,0,1,0,1,0,0,0,1,0,0,0,1,0,0,0
21.92,26.13,71.19,0.0,1.33,0.0,1,1,35.0,28.958333333333332,13.041666666666668,1.987352429,15.48,3235.02,19,74,0,0,1,0,0,0,1,0,0,1,0,0,0,0,0,1
26.26,23.56,57.37,0.0,4.95,12.6,2,1,35.0,28.515,13.485,1.942966344,15.48,3251.88,20,74,0,0,1,0,1,0,0,0,0,0,1,0,0,1,0,0
38.4,20.01,63.95,0.0,0.44,27.67,1,1,14.32,30.183333333333337,11.816666666666663,1.2060012450000002,15.48,3286.88,21,74,0,0,1,0,1,0,0,0,0,1,0,0,0,0,0,1
32.75,24.73,70.9,0.0,4.62,0.0,1,1,29.45,25.290000000000003,16.709999999999997,1.9565271600000003,32.37,3340.1899999999996,22,74,0,0,0,1,0,0,0,1,0,1,0,0,0,0,0,1
20.78,18.47,66.35,0.0,2.36,37.63,1,1,35.0,25.555000000000003,16.444999999999997,1.105287535,11.91,3641.69,23,74,0,1,0,0,0,0,0,1,1,0,0,0,1,0,0,0
24.53,19.48,63.69,0.0,2.12,13.16,2,1,35.0,29.61833333333333,12.381666666666671,1.2301895840000001,15.48,3301.2000000000003,0,75,0,0,1,0,0,0,1,0,0,0,1,0,0,1,0,0
28.35,17.89,67.15,0.0,2.39,26.38,3,1,30.87,26.099999999999998,15.900000000000002,1.0368222249999999,11.91,3676.69,1,75,0,1,0,0,1,0,0,0,1,0,0,0,1,0,0,0
27.01,17.76,70.69,0.0,1.44,0.0,1,1,31.33,27.78,14.219999999999999,0.9463955080000002,15.48,3336.2000000000003,2,75,0,0,1,0,0,0,1,0,0,0,0,1,0,0,1,0
29.88,18.77,69.9,0.0,4.2,15.54,1,1,31.68,27.36,14.64,1.2008275800000001,0.0,3458.27,3,75,1,0,0,0,0,1,0,0,0,0,1,0,0,1,0,0
24.43,20.8,67.49,0.0,1.57,0.0,3,1,35.0,26.358333333333334,15.641666666666666,1.3259477800000001,4.92,3707.56,4,75,0,1,0,0,0,0,0,1,0,0,1,0,0,1,0,0
26.45,22.42,60.46,0.0,1.72,39.54,1,1,32.75,27.42833333333333,14.571666666666669,1.6006932440000001,9.59,3359.61,5,75,0,0,1,0,0,0,1,0,0,0,1,0,0,1,0,0
24.34,20.73,74.43,0.0,0.74,0.0,2,1,34.97,25.235,16.765,1.2144806529999999,4.92,3726.33,6,75,0,1,0,0,0,1,0,0,0,1,0,0,0,0,0,1
26.42,20.76,78.27,0.0,1.52,239.36,1,1,34.72,25.718333333333334,16.281666666666666,1.2230019040000002,25.39,3351.05,7,75,0,0,0,1,0,0,0,1,0,0,0,1,0,0,1,0
31.74,24.03,53.0,0.0,1.56,336.86,3,1,25.77,28.086666666666662,13.913333333333338,1.8799945699999998,0.0,3469.5499999999997,8,75,1,0,0,0,1,0,0,0,0,1,0,0,0,0,0,1
29.04,25.11,54.64,0.0,1.48,455.24,3,1,33.01,24.689999999999998,17.310000000000002,2.012922678,4.92,3730.72,9,75,0,1,0,0,0,0,0,1,1,0,0,0,1,0,0,0
23.7,25.67,72.08,0.0,2.19,554.44,4,1,35.0,25.106666666666666,16.893333333333334,1.9553492220000002,4.92,3735.8900000000003,10,75,0,1,0,0,1,0,0,0,0,0,1,0,0,1,0,0
32.32,26.55,75.35,0.0,1.06,627.61,4,1,24.71,27.03,14.969999999999999,1.9926250749999999,4.92,3770.8900000000003,11,75,0,1,0,0,0,0,0,1,0,1,0,0,0,0,0,1
31.93,26.61,49.41,0.0,4.31,628.0,3,1,28.95,29.096666666666668,12.903333333333332,2.4288366669999997,9.59,3376.77,12,75,0,0,1,0,1,0,0,0,0,0,0,1,0,0,1,0
26.17,27.32,69.45,0.0,2.22,651.19,1,1,35.0,24.906666666666666,17.093333333333334,2.225436,25.39,3385.77,13,75,0,0,0,1,0,1,0,0,1,0,0,0,1,0,0,0
25.04,27.04,75.43,0.0,2.85,562.5,3,1,35.0,29.10666666666667,12.89333333333333,2.1532646040000003,0.0,3484.71,14,75,1,0,0,0,0,0,0,1,0,0,0,1,0,0,1,0
34.08,28.78,56.54,0.0,3.43,527.65,1,1,28.34,27.245,14.754999999999999,2.649080884,14.120000000000001,3393.96,15,75,0,0,0,1,0,0,0,1,0,0,1,0,0,1,0,0
32.48,30.12,72.56,0.0,4.83,309.83,3,1,32.33,30.13333333333333,11.86666666666667,2.761478624,9.59,3391.33,16,75,0,0,1,0,0,0,0,1,0,1,0,0,0,0,0,1
19.08,26.41,63.23,0.0,3.49,164.01,2,1,35.0,26.91333333333333,15.08666666666667,2.217006421,9.59,3406.4300000000003,17,75,0,0,1,0,0,1,0,0,1,0,0,0,1,0,0,0
33.28,25.3,67.56,0.0,2.1,0.0,2,1,24.55,28.371666666666666,13.628333333333334,1.94326672,9.59,3424.13,18,75,0,0,1,0,1,0,0,0,0,0,0,1,0,0,1,0
36.26,24.73,60.78,0.0,1.11,65.42,3,1,17.85,28.348333333333333,13.651666666666667,1.8800199880000004,4.92,3785.55,19,75,0,1,0,0,0,0,1,0,0,0,0,1,0,0,1,0
31.34,22.33,74.75,0.0,2.81,0.0,2,1,30.78,28.165000000000003,13.834999999999997,1.5116016449999998,14.120000000000001,3392.53,20,75,0,0,0,1,0,0,1,0,1,0,0,0,1,0,0,0
25.71,23.42,72.7,0.0,3.67,3.28,2,1,35.0,28.561666666666667,13.438333333333333,1.7146169000000002,4.92,3790.3,21,75,0,1,0,0,0,1,0,0,0,0,1,0,0,1,0,0
26.3,21.97,80.09,0.0,2.57,10.95,2,1,35.0,28.25333333333333,13.74666666666667,1.4055266309999996,9.59,3436.83,22,75,0,0,1,0,0,0,1,0,0,1,0,0,0,0,0,1
36.57,19.85,79.8,0.0,2.48,0.0,2,1,15.72,30.183333333333334,11.816666666666666,1.1518826500000001,0.0,3508.61,23,75,1,0,0,0,0,1,0,0,1,0,0,0,1,0,0,0
32.18,21.34,68.47,0.0,2.66,92.51,1,1,23.78,29.86833333333333,12.131666666666671,1.4376888460000001,4.92,3825.3,0,76,0,1,0,0,0,0,1,0,0,0,1,0,0,1,0,0
30.72,19.61,91.67,0.0,0.16,0.0,1,1,21.6,28.965,13.035,0.9065470489999999,2.2100000000000017,3460.92,1,76,0,0,1,0,0,1,0,0,0,0,0,1,0,0,1,0
39.63,17.99,80.66,0.0,2.58,1.17,1,1,12.22,30.248333333333335,11.751666666666665,0.945913908,0.0,3459.5499999999997,2,76,0,0,1,0,1,0,0,0,0,0,0,1,0,0,1,0
22.92,20.11,73.29,0.0,3.28,58.94,2,1,35.0,28.655,13.344999999999999,1.2784137329999998,0.0,3449.78,3,76,0,0,1,0,0,0,1,0,0,1,0,0,0,0,0,1
30.6,20.34,62.35,1.73,2.35,0.0,3,1,25.28,30.12833333333333,11.87166666666667,1.3548188099999998,6.65,3834.0899999999997,4,76,0,1,0,0,0,0,0,1,1,0,0,0,1,0,0,0
54.25,22.06,57.24,14.1,3.75,5.03,1,0,0.0,35.22,6.780000000000001,1.6851518079999999,20.75,3836.39,5,76,0,1,0,0,0,0,0,1,0,1,0,0,0,0,0,1
26.85,22.7,57.33,0.0,3.79,0.0,2,1,35.0,34.30833333333334,7.691666666666663,1.76997605,20.75,3822.69,6,76,0,1,0,0,0,1,0,0,0,0,1,0,0,1,0,0
18.69,22.25,61.26,0.0,1.8,166.37,3,1,35.0,28.59,13.41,1.5752622600000001,0.0,3472.09,7,76,0,0,1,0,0,0,1,0,0,0,1,0,0,1,0,0
32.9,22.74,77.05,0.0,2.93,362.85,4,1,26.19,33.748333333333335,8.251666666666665,1.5483934699999997,20.75,3857.69,8,76,0,1,0,0,1,0,0,0,0,0,0,1,0,0,1,0
23.82,24.49,69.42,0.0,2.45,444.86,4,1,35.0,29.096666666666668,12.903333333333332,1.8293413159999998,14.120000000000001,3404.8999999999996,9,76,0,0,0,1,0,1,0,0,0,1,0,0,0,0,0,1
22.81,25.99,60.51,0.0,0.0,470.01,3,1,35.0,33.265,8.735,2.008196263,16.79,3866.34,10,76,0,1,0,0,0,0,1,0,0,0,0,1,0,0,1,0
35.92,27.0,63.05,6.49,2.18,626.7,1,0,0.0,30.721666666666664,11.278333333333336,2.2414128,6.49,3510.79,11,76,1,0,0,0,0,1,0,0,0,1,0,0,0,0,0,1
24.65,27.37,61.9,0.0,1.16,652.2,4,1,35.0,30.63333333333333,11.36666666666667,2.2584113799999996,6.49,3498.9500000000003,12,76,1,0,0,0,0,0,0,1,0,0,0,1,0,0,1,0
25.29,27.18,69.46,0.0,2.56,634.69,2,1,35.0,27.25833333333333,14.74166666666667,2.2212882360000004,0.0,3507.09,13,76,0,0,1,0,1,0,0,0,0,1,0,0,0,0,0,1
29.64,28.94,56.29,0.0,3.22,556.5,2,1,34.41,28.578333333333333,13.421666666666667,2.666979122,14.120000000000001,3439.8999999999996,14,76,0,0,0,1,0,0,0,1,0,0,0,1,0,0,1,0
32.24,26.3,67.01,0.0,2.14,429.43,4,1,25.66,33.275,8.725000000000001,2.09492657,16.79,3885.43,15,76,0,1,0,0,0,1,0,0,0,0,1,0,0,1,0,0
22.48,30.63,63.19,0.0,1.32,316.42,3,1,35.0,31.921666666666667,10.078333333333333,2.773977979,16.79,3885.96,16,76,0,1,0,0,1,0,0,0,0,0,1,0,0,1,0,0
22.7,27.42,57.72,0.0,2.68,230.01,3,1,35.0,26.658333333333335,15.341666666666665,2.3855218880000004,0.0,3521.02,17,76,0,0,1,0,0,1,0,0,0,0,0,1,0,0,1,0
27.09,23.76,77.71,0.0,5.33,0.0,2,1,35.0,27.394999999999996,14.605000000000004,1.7948565320000003,16.79,3920.96,18,76,0,1,0,0,1,0,0,0,0,1,0,0,0,0,0,1
23.8,24.76,63.72,0.56,0.0,22.85,2,1,35.0,25.505,16.495,1.7999645440000003,0.5600000000000018,3525.7000000000003,19,76,0,0,1,0,0,0,1,0,1,0,0,0,1,0,0,0
27.19,24.61,58.96,0.0,2.68,0.0,3,1,35.0,23.43166666666667,18.56833333333333,1.9594197019999995,0.5600000000000018,3543.48,20,76,0,0,1,0,1,0,0,0,0,1,0,0,0,0,0,1
22.95,21.89,74.06,0.0,1.75,0.0,1,1,35.0,28.0,14.0,1.4097009079999998,14.120000000000001,3474.31,21,76,0,0,0,1,0,1,0,0,0,0,0,1,0,0,1,0
38.31,19.21,70.62,0.0,1.89,0.0,4,1,15.05,25.99666666666667,16.00333333333333,1.128574204,0.5600000000000018,3565.25,22,76,0,0,1,0,0,1,0,0,0,0,0,1,0,0,1,0
28.29,19.06,73.21,0.0,2.27,45.28,2,1,27.81,28.353333333333335,13.646666666666665,1.1087089419999998,14.120000000000001,3493.2400000000002,23,76,0,0,0,1,0,0,0,1,0,1,0,0,0,0,0,1
24.95,20.94,60.56,0.0,1.99,0.0,2,1,35.0,26.831666666666663,15.168333333333337,1.425694168,14.120000000000001,3490.63,0,77,0,0,0,1,0,0,0,1,0,1,0,0,0,0,0,1
46.38,17.09,77.61,8.46,3.12,13.03,1,0,0.0,29.338333333333328,12.661666666666672,0.9046242630000001,14.090000000000002,3525.63,1,77,0,0,0,1,0,1,0,0,0,1,0,0,0,0,0,1
21.45,17.41,86.88,0.0,2.11,11.93,4,1,35.0,26.495,15.504999999999999,0.8118337260000001,16.79,3935.87,2,77,0,1,0,0,0,0,0,1,0,1,0,0,0,0,0,1
24.04,20.53,60.34,0.0,0.0,9.66,4,1,33.78,29.375,12.625,1.277952864,14.090000000000002,3513.14,3,77,0,0,0,1,0,1,0,0,1,0,0,0,1,0,0,0
29.7,19.79,72.25,0.0,3.94,0.0,4,1,32.7,30.603333333333335,11.396666666666665,1.283332205,6.49,3516.5,4,77,1,0,0,0,1,0,0,0,1,0,0,0,1,0,0,0
36.18,19.71,64.33,4.41,3.76,0.0,0,0,0.0,30.465000000000003,11.534999999999997,1.3334466210000002,18.5,3524.66,5,77,0,0,0,1,1,0,0,0,0,1,0,0,0,0,0,1
32.79,20.84,87.75,0.0,1.67,4.1,4,1,22.32,28.346666666666668,13.653333333333332,1.1557406799999999,0.5600000000000018,3567.27,6,77,0,0,1,0,0,0,0,1,0,1,0,0,0,0,0,1
13.89,20.35,78.0,0.0,2.46,135.92,4,1,35.0,28.955,13.045000000000002,1.2241997500000004,18.5,3524.66,7,77,0,0,0,1,1,0,0,0,1,0,0,0,1,0,0,0
31.42,24.31,68.12,0.0,3.86,302.5,3,1,28.97,30.549999999999997,11.450000000000003,1.8877337939999996,6.49,3527.66,8,77,1,0,0,0,0,0,0,1,0,0,0,1,0,0,1,0
24.79,23.41,58.27,0.0,3.64,444.76,1,1,35.0,25.14333333333333,16.85666666666667,1.848569489,15.83,3955.86,9,77,0,1,0,0,0,0,1,0,0,1,0,0,0,0,0,1
21.17,24.78,58.87,0.0,4.03,526.06,1,1,35.0,27.66,14.34,2.0517670619999997,0.5600000000000018,3569.92,10,77,0,0,1,0,1,0,0,0,0,1,0,0,0,0,0,1
17.1,26.94,69.28,0.0,2.85,584.97,3,1,35.0,24.191666666666666,17.808333333333334,2.201774824,15.83,3957.58,11,77,0,1,0,0,0,0,0,1,0,0,1,0,0,1,0,0
23.08,26.67,54.73,0.0,3.32,650.0,1,1,35.0,28.086666666666662,13.913333333333338,2.334050357,18.5,3559.66,12,77,0,0,0,1,0,0,0,1,0,0,0,1,0,0,1,0
33.96,26.39,55.17,0.0,4.09,561.14,1,1,25.01,29.536666666666665,12.463333333333335,2.3259691009999997,0.5600000000000018,3597.59,13,77,0,0,1,0,0,0,0,1,0,1,0,0,0,0,0,1
31.91,24.6,65.98,0.0,1.99,545.21,3,1,27.15,24.136666666666667,17.863333333333333,1.8550550400000003,15.83,3979.5499999999997,14,77,0,1,0,0,0,0,1,0,0,1,0,0,0,0,0,1
33.19,28.0,64.13,0.0,2.93,436.26,2,1,28.25,31.90833333333333,10.091666666666669,2.4204745799999996,6.49,3534.74,15,77,1,0,0,0,1,0,0,0,0,0,0,1,0,0,1,0
24.93,27.17,66.52,0.0,0.0,324.17,4,1,35.0,29.725000000000005,12.274999999999995,2.122197258,0.5600000000000018,3606.7099999999996,16,77,0,0,1,0,0,0,0,1,1,0,0,0,1,0,0,0
30.28,25.64,62.01,1.86,0.5,251.78,4,1,25.38,25.436666666666667,16.563333333333333,1.9671893679999997,17.69,4006.7,17,77,0,1,0,0,0,0,0,1,1,0,0,0,1,0,0,0
37.55,24.03,72.82,10.05,3.0,0.0,1,0,0.0,30.186666666666667,11.813333333333333,1.761308332,28.550000000000004,3572.01,18,77,0,0,0,1,0,1,0,0,0,0,1,0,0,1,0,0
19.07,24.64,59.85,0.0,3.18,14.22,2,1,35.0,25.635,16.365,1.97995186,28.550000000000004,3544.99,19,77,0,0,0,1,0,0,0,1,0,0,0,1,0,0,1,0
26.42,24.31,70.54,0.0,1.94,7.73,2,1,32.04,30.21666666666667,11.783333333333331,1.768295368,6.49,3544.55,20,77,1,0,0,0,0,1,0,0,0,1,0,0,0,0,0,1
35.82,22.7,68.94,8.54,1.67,19.6,0,0,0.0,30.2,11.8,1.5558288999999998,15.03,3563.4900000000002,21,77,1,0,0,0,1,0,0,0,0,1,0,0,0,0,0,1
23.0,24.04,70.57,0.0,1.97,0.0,2,1,35.0,29.02666666666667,12.97333333333333,1.7328080560000003,0.5600000000000018,3624.4399999999996,22,77,0,0,1,0,0,1,0,0,0,0,0,1,0,0,1,0
27.51,21.82,76.42,0.0,2.63,50.45,4,1,34.29,30.676666666666666,11.323333333333334,1.4234844280000003,15.03,3545.48,23,77,1,0,0,0,1,0,0,0,0,0,1,0,0,1,0,0
33.64,20.1,66.33,0.0,0.0,23.99,4,1,21.17,31.333333333333332,10.666666666666668,1.1739183900000003,15.03,3562.3300000000004,0,78,1,0,0,0,0,0,1,0,0,1,0,0,0,0,0,1
27.31,20.97,64.2,0.0,2.96,24.54,2,1,35.0,25.473333333333333,16.526666666666667,1.4454380499999997,17.69,4011.03,1,78,0,1,0,0,1,0,0,0,1,0,0,0,1,0,0,0
20.45,19.8,57.94,0.0,2.44,0.0,3,1,35.0,25.30666666666667,16.69333333333333,1.3332388800000001,17.69,4037.8,2,78,0,1,0,0,0,0,0,1,0,1,0,0,0,0,0,1
18.13,19.93,55.52,0.0,2.7,3.37,1,1,35.0,25.663333333333338,16.336666666666662,1.382708462,0.5600000000000018,3650.0699999999997,3,78,0,0,1,0,0,0,0,1,0,1,0,0,0,0,0,1
27.82,22.21,66.6,0.0,2.25,0.0,1,1,28.98,24.834999999999997,17.165000000000003,1.5434576500000001,0.5600000000000018,3685.0699999999997,4,78,0,0,1,0,0,1,0,0,0,0,0,1,0,0,1,0
24.06,19.55,69.21,0.0,0.74,0.0,2,1,35.0,25.185,16.815,1.121894245,17.69,4057.08,5,78,0,1,0,0,0,0,0,1,0,1,0,0,0,0,0,1
27.77,21.76,60.59,0.0,1.08,0.0,2,1,31.11,26.963333333333335,15.036666666666665,1.482602588,17.69,4063.13,6,78,0,1,0,0,1,0,0,0,0,1,0,0,0,0,0,1
33.97,24.47,59.92,4.5,4.23,166.28,1,0,0.0,27.289999999999996,14.710000000000004,2.0079496379999995,33.050000000000004,3566.08,7,78,0,0,0,1,0,1,0,0,0,0,0,1,0,0,1,0
26.69,24.19,76.91,0.0,1.63,340.99,2,1,34.27,25.755,16.245,1.6749239230000001,0.5600000000000018,3688.1,8,78,0,0,1,0,1,0,0,0,0,0,1,0,0,1,0,0
33.03,24.21,72.37,0.0,3.37,493.98,2,1,29.42,31.60166666666667,10.39833333333333,1.8084821790000003,15.03,3564.49,9,78,1,0,0,0,0,0,1,0,0,1,0,0,0,0,0,1
61.25,23.17,58.24,16.03,1.1,595.63,2,0,0.0,36.278333333333336,5.721666666666664,1.6895309260000002,31.060000000000002,3574.49,10,78,1,0,0,0,0,0,1,0,0,1,0,0,0,0,0,1
28.96,23.15,63.99,0.0,2.38,638.1,4,1,29.45,36.70166666666666,5.298333333333339,1.696692935,31.060000000000002,3574.49,11,78,1,0,0,0,0,1,0,0,1,0,0,0,1,0,0,0
18.84,30.3,64.2,0.0,1.87,651.95,3,1,35.0,33.87166666666666,8.128333333333337,2.7353444000000007,31.060000000000002,3592.77,12,78,1,0,0,0,0,0,0,1,0,0,0,1,0,0,1,0
21.9,28.05,58.77,0.0,2.06,616.49,1,1,35.0,23.745,18.255,2.4412537150000007,0.5600000000000018,3698.66,13,78,0,0,1,0,0,0,1,0,0,0,0,1,0,0,1,0
29.18,26.85,58.46,0.0,1.99,554.25,2,1,31.03,26.123333333333335,15.876666666666665,2.2565057800000003,27.42,3543.7299999999996,14,78,0,0,0,1,0,1,0,0,0,1,0,0,0,0,0,1
31.09,28.11,60.74,0.0,4.13,432.31,3,1,31.7,24.771666666666665,17.228333333333335,2.533347348,0.5600000000000018,3716.8599999999997,15,78,0,0,1,0,1,0,0,0,0,1,0,0,0,0,0,1
19.61,25.77,72.62,0.0,4.71,310.0,2,1,35.0,27.076666666666668,14.923333333333332,2.0902051879999997,27.42,3556.47,16,78,0,0,0,1,0,1,0,0,0,1,0,0,0,0,0,1
33.43,26.06,73.02,0.0,2.69,180.62,1,1,27.66,26.51,15.489999999999998,2.0267695239999997,0.5600000000000018,3723.69,17,78,0,0,1,0,0,0,0,1,0,0,0,1,0,0,1,0
27.6,24.31,61.0,2.6,1.9,53.91,2,0,0.0,26.245,15.754999999999999,1.85869313,20.29,4074.05,18,78,0,1,0,0,0,0,1,0,0,1,0,0,0,0,0,1
30.34,22.64,70.71,0.0,0.8,0.0,1,1,23.06,28.286666666666665,13.713333333333335,1.488103828,27.42,3575.96,19,78,0,0,0,1,0,1,0,0,0,0,1,0,0,1,0,0
40.99,20.57,69.1,0.0,0.72,0.0,1,1,6.91,28.03,13.969999999999999,1.2415086600000003,20.29,4064.3100000000004,20,78,0,1,0,0,0,0,0,1,0,1,0,0,0,0,0,1
19.02,20.29,62.31,0.0,4.14,33.92,1,1,35.0,25.198333333333334,16.801666666666666,1.438666813,27.42,3587.3199999999997,21,78,0,0,0,1,0,0,1,0,0,1,0,0,0,0,0,1
29.48,23.26,64.92,0.0,0.64,0.0,1,1,30.25,28.391666666666666,13.608333333333334,1.6155363840000003,20.29,4045.98,22,78,0,1,0,0,0,0,1,0,0,0,1,0,0,1,0,0
25.37,19.42,61.22,0.0,1.87,36.51,1,1,35.0,29.211666666666662,12.788333333333338,1.2318885880000001,20.29,4068.6800000000003,23,78,0,1,0,0,0,0,0,1,1,0,0,0,1,0,0,0
29.16,21.2,76.78,0.0,2.59,0.0,1,1,31.97,34.14666666666667,7.853333333333332,1.3424234,31.060000000000002,3615.46,0,79,1,0,0,0,0,0,1,0,0,1,0,0,0,0,0,1
23.81,21.43,79.32,0.0,0.0,23.0,3,1,35.0,25.98833333333333,16.01166666666667,1.217911042,27.42,3602.5299999999997,1,79,0,0,0,1,0,0,0,1,0,0,1,0,0,1,0,0
14.49,19.89,66.82,0.0,0.9,0.0,4,1,35.0,25.903333333333332,16.096666666666668,1.189961896,0.5600000000000018,3737.45,2,79,0,0,1,0,0,1,0,0,0,1,0,0,0,0,0,1
23.11,19.55,65.42,0.0,0.79,11.23,4,1,35.0,29.053333333333338,12.946666666666662,1.15695224,20.29,4080.38,3,79,0,1,0,0,0,0,0,1,0,0,0,1,0,0,1,0
28.6,20.6,76.5,0.0,1.6,72.91,3,1,26.02,29.191666666666666,12.808333333333334,1.2237440000000004,20.29,4086.2400000000002,4,79,0,1,0,0,0,1,0,0,0,0,1,0,0,1,0,0
33.59,20.41,77.79,0.0,2.71,0.0,4,1,22.72,25.925,16.075,1.245550173,27.42,3637.5299999999997,5,79,0,0,0,1,0,0,0,1,0,0,0,1,0,0,1,0
39.82,23.67,58.86,6.09,3.63,0.0,1,0,0.0,35.17666666666667,6.823333333333331,1.8777557040000001,37.150000000000006,3629.81,6,79,1,0,0,0,1,0,0,0,0,0,0,1,0,0,1,0
33.19,25.64,64.05,0.0,1.6,170.97,3,1,22.82,30.123333333333335,11.876666666666665,2.0018073199999997,20.29,4087.81,7,79,0,1,0,0,0,0,0,1,0,0,0,1,0,0,1,0
23.11,26.04,64.36,0.0,1.85,378.39,2,1,35.0,25.118333333333336,16.881666666666664,2.0692105279999997,0.5600000000000018,3772.45,8,79,0,0,1,0,0,0,1,0,0,1,0,0,0,0,0,1
23.91,21.67,62.87,0.0,2.26,465.89,2,1,35.0,24.655,17.345,1.5094841230000002,0.5600000000000018,3793.87,9,79,0,0,1,0,0,0,1,0,0,0,0,1,0,0,1,0
27.76,25.21,68.14,0.0,1.43,564.48,1,1,30.8,27.918333333333333,14.081666666666667,1.8912875080000002,18.56,4094.3700000000003,10,79,0,1,0,0,0,0,0,1,0,1,0,0,0,0,0,1
42.88,26.7,59.34,10.9,2.9,633.77,1,0,0.0,28.208333333333332,13.791666666666668,2.2704001,38.32000000000001,3642.2400000000002,11,79,0,0,0,1,0,0,1,0,0,0,1,0,0,1,0,0
29.94,28.02,59.4,0.0,2.94,614.84,1,1,33.18,34.66166666666667,7.338333333333331,2.4739228799999995,37.150000000000006,3629.81,12,79,1,0,0,0,1,0,0,0,0,1,0,0,0,0,0,1
19.02,25.14,64.78,0.0,0.0,634.12,2,1,35.0,26.175,15.825,1.8430964439999997,4.46,4114.2,13,79,0,1,0,0,1,0,0,0,0,1,0,0,0,0,0,1
30.28,25.25,54.98,0.0,3.17,549.17,3,1,31.61,29.500000000000004,12.499999999999996,2.11424428,37.150000000000006,3643.19,14,79,1,0,0,0,0,0,1,0,0,0,1,0,0,1,0,0
29.32,29.69,47.46,0.0,2.55,505.91,2,1,34.89,25.891666666666666,16.108333333333334,2.8520582880000003,0.5600000000000018,3828.87,15,79,0,0,1,0,0,0,0,1,0,0,1,0,0,1,0,0
27.01,26.49,70.84,0.0,2.71,352.93,4,1,32.89,26.448333333333334,15.551666666666666,2.112331002,4.46,4137.22,16,79,0,1,0,0,0,1,0,0,0,0,0,1,0,0,1,0
36.87,24.46,60.85,3.29,3.82,121.9,1,0,0.0,26.855,15.145,1.9770132500000002,3.850000000000002,3842.88,17,79,0,0,1,0,0,1,0,0,1,0,0,0,1,0,0,0
23.28,24.21,81.18,0.0,0.26,0.0,4,1,35.0,26.476666666666663,15.523333333333337,1.567857316,4.46,4135.320000000001,18,79,0,1,0,0,0,0,0,1,0,1,0,0,0,0,0,1
21.59,25.48,79.02,0.0,0.89,18.48,3,1,35.0,25.308333333333334,16.691666666666666,1.7942844320000004,4.46,4154.070000000001,19,79,0,1,0,0,0,1,0,0,0,0,1,0,0,1,0,0
28.38,22.63,63.95,0.0,2.32,0.0,3,1,32.86,29.669999999999998,12.330000000000002,1.625676415,38.32000000000001,3631.5,20,79,0,0,0,1,0,0,1,0,0,1,0,0,0,0,0,1
22.99,23.19,83.42,0.0,0.0,0.0,4,1,34.05,28.505,13.495000000000001,1.3998248960000002,37.150000000000006,3660.92,21,79,1,0,0,0,0,1,0,0,0,0,0,1,0,0,1,0
28.09,20.39,75.85,0.0,2.15,0.0,1,1,31.06,24.458333333333332,17.541666666666668,1.232252785,4.46,4158.97,22,79,0,1,0,0,0,0,1,0,0,1,0,0,0,0,0,1
28.08,18.42,66.35,0.0,3.42,12.06,1,1,33.37,29.293333333333337,12.706666666666663,1.15276121,38.32000000000001,3649.0699999999997,23,79,0,0,0,1,0,0,1,0,0,1,0,0,0,0,0,1
26.22,22.67,49.39,0.0,2.88,36.3,2,1,33.57,29.735,12.265,1.794419211,37.150000000000006,3694.9700000000003,0,80,1,0,0,0,0,0,0,1,0,1,0,0,0,0,0,1
27.96,20.73,73.83,0.0,2.49,8.12,1,1,31.32,30.783333333333335,11.216666666666665,1.3072977930000003,38.32000000000001,3663.4700000000003,1,80,0,0,0,1,0,1,0,0,0,0,1,0,0,1,0,0
29.7,19.5,70.22,0.0,2.12,86.18,4,1,26.71,29.825000000000003,12.174999999999997,1.17648762,37.150000000000006,3705.6099999999997,2,80,1,0,0,0,0,0,0,1,0,0,1,0,0,1,0,0
26.01,19.35,73.14,0.0,1.89,0.0,4,1,33.64,25.618333333333336,16.381666666666664,1.1229160200000001,3.850000000000002,3822.1899999999996,3,80,0,0,1,0,0,1,0,0,0,1,0,0,0,0,0,1
24.12,22.73,65.81,0.0,1.82,25.91,1,1,34.93,27.208333333333332,14.791666666666668,1.596393631,37.150000000000006,3732.3199999999997,4,80,1,0,0,0,0,1,0,0,0,1,0,0,0,0,0,1
30.6,22.06,59.95,0.0,2.67,0.0,2,1,27.97,27.31833333333333,14.681666666666668,1.6063070699999997,37.150000000000006,3767.25,5,80,1,0,0,0,0,1,0,0,0,1,0,0,0,0,0,1
27.84,23.72,63.63,0.0,0.54,56.38,1,1,32.78,26.911666666666665,15.088333333333335,1.6845240719999997,37.150000000000006,3795.22,6,80,1,0,0,0,0,0,0,1,0,1,0,0,0,0,0,1
28.71,22.09,72.88,0.0,4.16,215.81,4,1,33.31,24.616666666666664,17.383333333333336,1.566039094,4.46,4176.48,7,80,0,1,0,0,0,0,0,1,0,1,0,0,0,0,0,1
29.31,24.08,63.86,0.0,1.51,349.9,4,1,30.92,28.088333333333335,13.911666666666665,1.7798568559999999,3.850000000000002,3828.9900000000002,8,80,0,0,1,0,0,0,1,0,0,1,0,0,0,0,0,1
26.18,25.64,62.57,0.0,3.07,398.85,2,1,35.0,25.810000000000002,16.189999999999998,2.090094296,4.46,4189.8,9,80,0,1,0,0,0,1,0,0,0,1,0,0,0,0,0,1
30.12,25.17,54.82,3.41,2.5,587.49,0,0,0.0,29.25666666666667,12.743333333333329,2.0707847280000005,7.260000000000002,3841.8700000000003,10,80,0,0,1,0,1,0,0,0,0,1,0,0,0,0,0,1
21.7,26.69,64.89,0.0,1.02,599.18,1,1,35.0,24.925,17.075,2.1181077270000004,4.46,4212.110000000001,11,80,0,1,0,0,0,0,1,0,0,0,0,1,0,0,1,0
24.38,26.59,56.55,0.0,3.95,665.88,1,1,35.0,25.108333333333334,16.891666666666666,2.334900695,4.46,4235.45,12,80,0,1,0,0,1,0,0,0,0,1,0,0,0,0,0,1
26.1,28.46,69.26,0.0,3.7,576.94,3,1,35.0,31.165000000000003,10.834999999999997,2.476174532,38.32000000000001,3676.45,13,80,0,0,0,1,0,0,0,1,0,1,0,0,0,0,0,1
27.78,26.02,59.65,0.0,0.52,572.37,2,1,32.7,26.14,15.86,2.04726323,4.46,4247.08,14,80,0,1,0,0,0,0,1,0,0,0,0,1,0,0,1,0
24.22,28.72,60.55,0.0,2.31,447.25,1,1,35.0,29.603333333333335,12.396666666666665,2.5405643399999995,38.32000000000001,3711.45,15,80,0,0,0,1,0,0,0,1,0,0,0,1,0,0,1,0
25.72,27.93,78.4,0.0,2.65,297.76,3,1,35.0,25.745,16.255,2.24554611,4.46,4257.53,16,80,0,1,0,0,0,1,0,0,0,0,0,1,0,0,1,0
19.27,26.52,62.24,0.0,0.0,188.97,4,1,35.0,25.668333333333333,16.331666666666667,2.068893056,38.32000000000001,3726.83,17,80,0,0,0,1,0,0,0,1,0,0,1,0,0,1,0,0
22.36,26.67,61.18,0.0,0.0,0.0,3,1,35.0,28.998333333333335,13.001666666666665,2.1020791119999997,7.260000000000002,3841.8700000000003,18,80,0,0,1,0,0,0,0,1,0,0,1,0,0,1,0,0
29.34,24.49,70.11,0.0,1.4,0.0,2,1,26.98,27.97,14.030000000000001,1.7701298929999998,37.150000000000006,3811.1800000000003,19,80,1,0,0,0,0,1,0,0,0,1,0,0,0,0,0,1
22.09,22.99,54.71,0.0,0.82,25.8,1,1,35.0,27.793333333333333,14.206666666666667,1.6845800229999996,7.260000000000002,3853.23,20,80,0,0,1,0,0,0,1,0,0,0,0,1,0,0,1,0
39.44,23.78,75.33,6.94,1.15,66.64,0,0,0.0,28.221666666666664,13.778333333333336,1.6112655980000001,13.640000000000002,3868.8,21,80,0,0,1,0,0,0,0,1,0,1,0,0,0,0,0,1
26.49,22.88,74.25,0.0,0.82,9.65,4,1,34.56,28.301666666666666,13.698333333333334,1.4870316199999998,13.640000000000002,3836.9900000000002,22,80,0,0,1,0,0,0,0,1,0,1,0,0,0,0,0,1
27.32,20.41,72.94,0.93,2.25,0.0,2,1,30.43,28.153333333333336,13.846666666666664,1.265173428,31.59,3810.34,23,80,1,0,0,0,0,0,1,0,0,0,1,0,0,1,0,0
29.59,19.78,46.13,0.0,1.33,0.0,4,1,31.41,28.34833333333333,13.65166666666667,1.3774444780000001,13.640000000000002,3851.79,0,81,0,0,1,0,0,0,1,0,1,0,0,0,1,0,0,0
27.32,20.0,67.78,0.0,3.74,2.41,1,1,35.0,27.756666666666664,14.243333333333336,1.3365206799999998,31.590000000000003,3840.77,1,81,1,0,0,0,0,0,0,1,1,0,0,0,1,0,0,0
20.18,19.31,61.24,0.0,2.62,35.93,3,1,35.0,24.301666666666666,17.698333333333334,1.2564646579999998,38.32000000000001,3745.29,2,81,0,0,0,1,0,1,0,0,0,1,0,0,0,0,0,1
28.74,22.56,75.42,0.0,3.35,4.71,3,1,33.39,28.11833333333333,13.881666666666671,1.5615909039999998,13.640000000000002,3870.96,3,81,0,0,1,0,0,0,0,1,0,0,0,1,0,0,1,0
23.6,21.15,76.05,0.0,0.37,17.9,2,1,35.0,28.325,13.675,1.231928825,13.640000000000002,3892.1499999999996,4,81,0,0,1,0,0,1,0,0,0,1,0,0,0,0,0,1
19.31,21.33,71.25,0.0,1.65,0.0,1,1,35.0,24.17833333333333,17.82166666666667,1.3609357949999996,2.5999999999999996,4274.57,5,81,0,1,0,0,0,0,1,0,0,0,1,0,0,1,0,0
29.82,20.74,60.59,0.0,2.56,33.67,3,1,29.85,29.613333333333333,12.386666666666667,1.4293532019999997,13.640000000000002,3907.2599999999998,6,81,0,0,1,0,0,0,0,1,0,0,0,1,0,0,1,0
20.04,24.21,76.69,0.0,2.94,189.81,3,1,35.0,23.155,18.845,1.7452410430000003,2.5999999999999996,4309.57,7,81,0,1,0,0,0,0,0,1,0,0,0,1,0,0,1,0
24.31,23.22,65.19,0.0,1.62,289.31,2,1,35.0,23.59,18.41,1.6566725459999998,2.5999999999999996,4332.73,8,81,0,1,0,0,0,0,0,1,0,1,0,0,0,0,0,1
27.42,24.19,78.88,0.0,1.8,475.29,2,1,31.66,24.191666666666666,17.808333333333334,1.664398254,38.32000000000001,3769.0699999999997,9,81,0,0,0,1,0,0,0,1,0,0,1,0,0,1,0,0
31.68,27.3,65.62,4.43,1.93,508.92,2,0,0.0,24.80666666666667,17.19333333333333,2.24765274,7.029999999999999,4344.83,10,81,0,1,0,0,0,0,1,0,0,1,0,0,0,0,0,1
20.79,27.55,67.11,0.0,2.04,643.53,4,1,35.0,26.505,15.495000000000001,2.2756118949999995,13.640000000000002,3902.17,11,81,0,0,1,0,1,0,0,0,0,0,0,1,0,0,1,0
21.05,23.85,63.3,0.0,5.0,640.11,2,1,35.0,23.040000000000003,18.959999999999997,1.9283284000000005,38.32000000000001,3789.0,12,81,0,0,0,1,1,0,0,0,0,1,0,0,0,0,0,1
19.95,27.76,73.24,0.0,2.78,633.48,3,1,35.0,22.015,19.985,2.280447568,29.860000000000003,3798.53,13,81,0,0,0,1,0,0,1,0,0,0,0,1,0,0,1,0
18.01,28.33,67.2,0.0,2.45,574.26,2,1,35.0,23.17833333333333,18.82166666666667,2.4152993899999995,7.029999999999999,4344.83,14,81,0,1,0,0,0,1,0,0,0,1,0,0,0,0,0,1
23.25,27.49,73.71,0.0,0.89,469.48,4,1,35.0,22.766666666666666,19.233333333333334,2.140235873,4.43,4379.83,15,81,0,1,0,0,0,1,0,0,0,1,0,0,0,0,0,1
20.93,27.84,64.57,0.0,0.92,374.61,2,1,35.0,25.578333333333333,16.421666666666667,2.290616276,13.640000000000002,3925.8900000000003,16,81,0,0,1,0,1,0,0,0,0,0,0,1,0,0,1,0
18.9,24.25,65.87,0.0,2.14,169.43,1,1,35.0,26.88666666666667,15.11333333333333,1.815277045,31.590000000000003,3875.77,17,81,1,0,0,0,0,0,0,1,0,1,0,0,0,0,0,1
24.48,21.89,72.25,0.0,3.76,6.61,1,1,35.0,22.058333333333334,19.941666666666666,1.526723855,29.860000000000003,3809.26,18,81,0,0,0,1,0,0,1,0,0,1,0,0,0,0,0,1
22.7,23.71,76.73,0.0,2.16,46.54,3,1,35.0,23.331666666666667,18.668333333333333,1.6391005010000002,4.43,4396.22,19,81,0,1,0,0,0,0,1,0,0,0,0,1,0,0,1,0
26.9,24.56,73.07,0.0,2.21,66.39,1,1,35.0,24.474999999999998,17.525000000000002,1.791425284,4.43,4431.22,20,81,0,1,0,0,0,0,0,1,0,1,0,0,0,0,0,1
27.7,18.26,71.96,0.0,1.51,0.0,3,1,32.04,25.263333333333332,16.736666666666668,0.9931260320000002,13.640000000000002,3960.8900000000003,21,81,0,0,1,0,0,0,1,0,0,0,1,0,0,1,0,0
32.58,20.87,55.9,0.0,0.31,0.0,3,1,21.99,24.276666666666667,17.723333333333333,1.3745184800000003,25.450000000000003,3825.2900000000004,22,81,0,0,0,1,1,0,0,0,0,1,0,0,0,0,0,1
29.09,18.43,76.53,0.0,2.92,0.0,1,1,30.34,25.271666666666665,16.728333333333335,1.0440366330000002,4.43,4442.82,23,81,0,1,0,0,1,0,0,0,0,0,0,1,0,0,1,0
20.4,20.45,59.17,0.0,2.09,15.78,3,1,35.0,23.873333333333335,18.126666666666665,1.383040675,13.640000000000002,3970.3700000000003,0,82,0,0,1,0,0,0,0,1,0,1,0,0,0,0,0,1
14.96,23.35,67.17,0.0,2.94,0.0,1,1,35.0,22.485,19.515,1.7212302850000003,4.43,4457.4400000000005,1,82,0,1,0,0,0,0,1,0,0,0,0,1,0,0,1,0
30.69,19.95,68.83,6.93,2.59,0.0,0,0,0.0,24.598333333333333,17.401666666666667,1.264042275,11.36,4458.77,2,82,0,1,0,0,0,0,1,0,0,1,0,0,0,0,0,1
32.89,20.25,59.48,5.34,1.24,39.31,0,0,0.0,26.395,15.605,1.3136395299999999,30.790000000000003,3834.89,3,82,0,0,0,1,0,0,1,0,0,1,0,0,0,0,0,1
17.74,22.07,70.55,0.0,2.67,28.54,1,1,35.0,23.680000000000003,18.319999999999997,1.510390515,11.36,4442.59,4,82,0,1,0,0,0,1,0,0,0,0,0,1,0,0,1,0
22.68,21.48,83.5,0.0,0.85,40.13,2,1,35.0,23.72,18.28,1.2287167200000002,13.640000000000002,3971.31,5,82,0,0,1,0,0,0,0,1,0,0,0,1,0,0,1,0
25.91,21.95,65.85,0.0,2.66,47.04,4,1,35.0,26.143333333333334,15.856666666666666,1.5377451249999998,30.790000000000003,3814.62,6,82,0,0,0,1,1,0,0,0,0,0,1,0,0,1,0,0
22.54,24.63,71.26,0.0,2.32,174.9,1,1,35.0,25.543333333333333,16.456666666666667,1.8241978559999996,31.590000000000003,3910.77,7,82,1,0,0,0,1,0,0,0,0,0,0,1,0,0,1,0
33.8,24.98,82.1,4.04,4.25,334.12,2,0,0.0,25.53,16.47,1.8625673800000002,15.399999999999999,4442.59,8,82,0,1,0,0,0,1,0,0,0,0,1,0,0,1,0,0
21.62,25.74,71.04,0.0,1.36,494.85,3,1,35.0,22.353333333333335,19.646666666666665,1.9342463119999995,13.640000000000002,4006.31,9,82,0,0,1,0,0,1,0,0,0,1,0,0,0,0,0,1
20.64,26.07,60.23,0.0,0.81,520.39,3,1,35.0,26.075,15.925,2.063262347,20.740000000000002,3849.62,10,82,0,0,0,1,0,0,1,0,0,1,0,0,0,0,0,1
32.66,26.58,65.99,0.0,1.9,615.52,2,1,27.15,24.331666666666667,17.668333333333333,2.1345405939999997,13.640000000000002,4041.31,11,82,0,0,1,0,0,0,1,0,0,0,0,1,0,0,1,0
22.43,29.12,65.67,0.0,3.13,647.92,1,1,35.0,24.641666666666666,17.358333333333334,2.5903295479999997,31.590000000000003,3930.42,12,82,1,0,0,0,0,0,0,1,0,0,0,1,0,0,1,0
24.02,27.63,73.53,0.0,0.0,660.12,2,1,34.82,23.755,18.245,2.118723453,31.590000000000003,3952.75,13,82,1,0,0,0,0,1,0,0,0,0,0,1,0,0,1,0
26.18,30.12,70.0,0.0,3.45,544.07,2,1,35.0,23.565,18.435,2.72069392,23.050000000000004,3952.57,14,82,1,0,0,0,0,0,0,1,0,1,0,0,0,0,0,1
34.42,26.57,44.96,3.31,2.15,434.69,1,0,0.0,26.78333333333333,15.216666666666669,2.3601737739999997,18.71,4421.650000000001,15,82,0,1,0,0,1,0,0,0,0,0,1,0,0,1,0,0
20.24,29.89,55.69,0.0,1.03,309.92,3,1,35.0,26.123333333333335,15.876666666666665,2.719197527,20.740000000000002,3875.08,16,82,0,0,0,1,0,0,1,0,0,0,1,0,0,1,0,0
28.53,27.81,62.86,0.0,1.96,184.67,2,1,35.0,26.798333333333332,15.201666666666668,2.3559321719999997,16.240000000000002,3895.54,17,82,0,0,0,1,0,0,1,0,1,0,0,0,1,0,0,0
22.83,24.82,58.63,0.0,1.51,0.0,2,1,35.0,25.74,16.26,1.933778882,18.71,4393.75,18,82,0,1,0,0,0,0,1,0,0,0,0,1,0,0,1,0
50.04,26.07,38.84,11.47,0.93,0.0,1,0,0.0,29.708333333333332,12.291666666666668,2.2850895860000002,27.71,3904.5099999999998,19,82,0,0,0,1,1,0,0,0,0,0,0,1,0,0,1,0
19.37,23.3,61.88,0.0,0.07,0.0,4,1,35.0,27.455000000000002,14.544999999999998,1.6210973600000003,27.71,3895.9,20,82,0,0,0,1,0,0,0,1,0,0,1,0,0,1,0,0
23.99,23.29,66.94,0.0,3.28,4.78,4,1,35.0,23.01,18.99,1.7324381720000002,23.050000000000004,3962.92,21,82,1,0,0,0,0,0,0,1,0,0,0,1,0,0,1,0
26.62,21.55,64.69,0.0,1.73,5.95,4,1,32.72,25.28,16.72,1.451405905,13.640000000000002,4046.7099999999996,22,82,0,0,1,0,0,0,0,1,0,0,0,1,0,0,1,0
27.3,21.25,61.62,0.0,1.93,0.97,2,1,32.54,25.213333333333335,16.786666666666665,1.45162872,13.640000000000002,4054.9900000000002,23,82,0,0,1,0,0,1,0,0,0,1,0,0,0,0,0,1
21.26,22.36,68.0,0.0,3.41,0.0,2,1,35.0,26.679999999999996,15.320000000000004,1.6077460799999999,27.71,3903.86,0,83,0,0,0,1,1,0,0,0,0,1,0,0,0,0,0,1
17.22,21.33,70.94,0.0,2.47,27.57,2,1,35.0,26.11666666666667,15.88333333333333,1.4047257639999995,18.71,4399.16,1,83,0,1,0,0,0,0,0,1,0,0,0,1,0,0,1,0
27.75,18.72,67.34,0.0,0.53,12.91,1,1,29.0,27.865,14.135000000000002,1.0332760559999998,27.71,3921.29,2,83,0,0,0,1,1,0,0,0,0,1,0,0,0,0,0,1
24.4,18.95,80.04,0.0,3.21,11.72,4,1,35.0,28.558333333333334,13.441666666666666,1.08571065,27.71,3939.18,3,83,0,0,0,1,0,0,0,1,1,0,0,0,1,0,0,0
23.47,21.36,68.92,0.0,4.18,12.96,2,1,35.0,23.771666666666665,18.228333333333335,1.512103824,23.050000000000004,3962.92,4,83,1,0,0,0,0,1,0,0,1,0,0,0,1,0,0,0
33.68,22.1,61.82,0.0,3.0,55.91,3,1,22.94,27.426666666666666,14.573333333333334,1.6107948600000004,13.640000000000002,4064.24,5,83,0,0,1,0,0,0,0,1,1,0,0,0,1,0,0,0
23.92,21.4,60.61,0.0,1.36,0.0,4,1,35.0,24.001666666666665,17.998333333333335,1.45096424,23.050000000000004,3982.57,6,83,1,0,0,0,0,0,1,0,0,0,0,1,0,0,1,0
21.73,25.76,63.5,0.0,0.63,153.49,1,1,35.0,24.623333333333335,17.376666666666665,1.9761490800000003,18.71,4402.62,7,83,0,1,0,0,0,1,0,0,0,0,1,0,0,1,0,0
15.38,25.63,72.89,0.0,1.32,313.23,2,1,35.0,26.366666666666664,15.633333333333336,1.898064149,27.71,3951.95,8,83,0,0,0,1,0,0,1,0,0,1,0,0,0,0,0,1
19.63,24.51,60.23,0.0,2.52,503.64,4,1,35.0,26.918333333333333,15.081666666666667,1.9250254310000003,13.640000000000002,4069.31,9,83,0,0,1,0,0,0,0,1,0,1,0,0,0,0,0,1
28.91,25.33,69.51,0.0,4.11,549.84,2,1,35.0,26.485,15.515,2.0286784209999995,18.71,4405.12,10,83,0,1,0,0,1,0,0,0,0,0,0,1,0,0,1,0
19.95,26.9,64.74,0.0,1.49,600.12,4,1,35.0,21.35166666666667,20.64833333333333,2.1744970599999998,16.810000000000002,3954.47,11,83,0,0,0,1,1,0,0,0,0,1,0,0,0,0,0,1
26.41,27.38,77.65,0.0,1.62,646.3,3,1,35.0,24.664999999999996,17.335000000000004,2.1192731099999995,7.020000000000003,3982.57,12,83,1,0,0,0,0,0,1,0,0,0,1,0,0,1,0,0
15.13,30.16,64.2,0.0,3.63,631.51,2,1,35.0,23.183333333333334,18.816666666666666,2.8002119200000006,7.020000000000003,3987.86,13,83,1,0,0,0,0,1,0,0,0,0,0,1,0,0,1,0
17.39,29.89,56.8,0.0,1.88,604.79,2,1,35.0,23.75,18.25,2.74952227,18.71,4440.12,14,83,0,1,0,0,0,1,0,0,0,0,1,0,0,1,0,0
18.18,28.33,68.09,0.0,4.46,446.33,4,1,35.0,21.153333333333332,20.846666666666668,2.5063565789999993,16.810000000000002,3963.17,15,83,0,0,0,1,0,0,0,1,0,1,0,0,0,0,0,1
24.69,28.89,67.88,0.0,2.22,300.94,1,1,35.0,22.935000000000002,19.064999999999998,2.484467474,7.020000000000003,4022.86,16,83,1,0,0,0,1,0,0,0,0,1,0,0,0,0,0,1
21.48,28.48,60.04,0.0,3.8,136.39,3,1,35.0,21.19,20.81,2.582435344,16.810000000000002,3976.13,17,83,0,0,0,1,0,0,1,0,0,0,0,1,0,0,1,0
30.81,26.5,56.25,7.03,2.86,0.0,1,0,0.0,21.7,20.3,2.2699537499999995,23.840000000000003,3990.04,18,83,0,0,0,1,0,1,0,0,0,1,0,0,0,0,0,1
27.54,26.05,68.51,0.0,3.25,89.73,4,1,35.0,22.603333333333335,19.396666666666665,2.0988151449999997,18.71,4475.12,19,83,0,1,0,0,0,0,0,1,0,1,0,0,0,0,0,1
26.87,25.3,65.8,0.0,2.19,13.38,3,1,35.0,23.276666666666667,18.723333333333333,1.9652135999999998,18.71,4510.12,20,83,0,1,0,0,0,0,1,0,0,0,1,0,0,1,0,0
26.8,24.11,55.7,0.0,2.27,20.94,2,1,34.79,22.099999999999998,19.900000000000002,1.9006262199999997,23.840000000000003,3990.04,21,83,0,0,0,1,0,0,1,0,0,0,1,0,0,1,0,0
26.63,21.24,70.39,0.0,2.9,0.0,4,1,35.0,23.375,18.625,1.420136192,7.020000000000003,4032.82,22,83,1,0,0,0,0,0,1,0,0,0,0,1,0,0,1,0
32.31,20.57,64.69,6.36,3.36,4.81,0,0,0.0,28.700000000000003,13.299999999999997,1.412427351,20.000000000000004,4074.02,23,83,0,0,1,0,1,0,0,0,0,0,1,0,0,1,0,0
31.41,20.65,58.47,0.0,3.03,27.53,2,1,29.13,28.49166666666667,13.50833333333333,1.4606033049999998,16.710000000000004,4074.02,0,84,0,0,1,0,1,0,0,0,0,0,1,0,0,1,0,0
24.6,19.63,67.43,0.0,0.28,19.69,3,1,32.56,23.563333333333333,18.436666666666667,1.123428943,0.9300000000000036,4067.82,1,84,1,0,0,0,0,0,0,1,0,1,0,0,0,0,0,1
26.43,18.34,79.91,0.0,2.71,12.22,2,1,34.6,23.941666666666666,18.058333333333334,0.995729578,23.840000000000003,4000.0499999999997,2,84,0,0,0,1,0,0,0,1,1,0,0,0,1,0,0,0
31.2,21.7,76.7,2.34,1.61,0.56,2,0,0.0,25.60666666666667,16.39333333333333,1.3551255,21.05,4511.5,3,84,0,1,0,0,0,0,1,0,0,0,0,1,0,0,1,0
20.34,21.61,74.94,0.0,1.74,0.0,2,1,35.0,22.96666666666667,19.03333333333333,1.3665165879999999,0.9300000000000036,4085.15,4,84,1,0,0,0,0,0,1,0,1,0,0,0,1,0,0,0
34.53,19.71,71.71,0.0,2.95,14.85,3,1,23.78,26.37166666666667,15.62833333333333,1.2292771470000003,23.840000000000003,4005.19,5,84,0,0,0,1,0,0,1,0,1,0,0,0,1,0,0,0
24.89,22.19,72.02,0.0,4.44,2.92,1,1,35.0,28.203333333333337,13.796666666666663,1.6005512760000002,16.710000000000004,4103.15,6,84,0,0,1,0,1,0,0,0,0,0,1,0,0,1,0,0
25.18,23.24,67.7,0.0,2.12,242.88,3,1,35.0,27.849999999999998,14.150000000000002,1.6606362399999999,16.710000000000004,4106.28,7,84,0,0,1,0,0,1,0,0,0,0,0,1,0,0,1,0
27.99,24.82,58.01,3.08,4.77,361.77,2,0,0.0,28.006666666666664,13.993333333333336,2.102856494,26.920000000000005,4006.23,8,84,0,0,0,1,0,0,0,1,0,1,0,0,0,0,0,1
30.73,23.96,60.09,0.0,1.08,436.02,1,1,27.28,27.106666666666666,14.893333333333334,1.7781576480000003,21.05,4493.07,9,84,0,1,0,0,0,0,1,0,0,1,0,0,0,0,0,1
30.62,24.52,61.73,0.0,3.88,521.98,1,1,28.85,27.34,14.66,1.9798235920000002,13.300000000000004,4131.88,10,84,0,0,1,0,0,1,0,0,0,1,0,0,0,0,0,1
29.88,28.16,72.88,3.68,2.92,613.91,2,0,0.0,29.048333333333332,12.951666666666668,2.352337376,16.980000000000004,4141.5,11,84,0,0,1,0,0,0,1,0,0,0,0,1,0,0,1,0
16.58,25.71,72.57,0.0,2.65,612.09,4,1,35.0,27.19,14.809999999999999,1.9791470690000006,26.92,3978.32,12,84,0,0,0,1,0,0,0,1,0,1,0,0,0,0,0,1
23.28,28.07,55.59,0.9,4.06,611.81,1,1,35.0,26.168333333333333,15.831666666666667,2.577933011,21.95,4498.68,13,84,0,1,0,0,0,0,1,0,0,1,0,0,0,0,0,1
22.15,28.06,63.52,0.0,1.64,528.98,1,1,35.0,27.355,14.645,2.3717164239999997,16.980000000000004,4119.09,14,84,0,0,1,0,0,0,1,0,0,1,0,0,0,0,0,1
20.1,28.23,60.2,0.0,3.93,448.17,4,1,35.0,26.62,15.379999999999999,2.54785049,21.95,4502.37,15,84,0,1,0,0,0,0,0,1,0,0,0,1,0,0,1,0
28.94,28.39,61.8,6.45,2.15,313.97,1,0,0.0,26.878333333333334,15.121666666666666,2.46702377,33.370000000000005,3984.7000000000003,16,84,0,0,0,1,0,1,0,0,0,1,0,0,0,0,0,1
17.16,29.78,58.03,1.96,1.63,173.38,3,1,35.0,21.425,20.575,2.705399018,2.8900000000000037,4120.15,17,84,1,0,0,0,0,0,1,0,1,0,0,0,1,0,0,0
32.12,24.15,76.12,0.0,0.81,0.0,4,1,23.23,27.473333333333333,14.526666666666667,1.6361689299999997,10.040000000000003,4130.21,18,84,0,0,1,0,0,1,0,0,0,1,0,0,0,0,0,1
26.8,26.9,63.95,0.0,4.3,0.0,2,1,35.0,27.791666666666668,14.208333333333332,2.32311905,10.040000000000003,4128.139999999999,19,84,0,0,1,0,0,0,1,0,0,0,0,1,0,0,1,0
24.99,20.78,70.49,0.0,3.77,42.52,2,1,35.0,26.195000000000004,15.804999999999996,1.4069065539999999,21.95,4528.9,20,84,0,1,0,0,1,0,0,0,0,0,0,1,0,0,1,0
20.59,25.61,66.69,0.0,1.83,14.1,4,1,35.0,25.843333333333334,16.156666666666666,1.9826262629999996,33.370000000000005,3984.7000000000003,21,84,0,0,0,1,0,0,0,1,0,0,1,0,0,1,0,0
30.71,19.49,62.82,2.29,3.05,0.0,2,0,0.0,24.021666666666665,17.978333333333335,1.285310536,5.180000000000003,4133.5199999999995,22,84,1,0,0,0,0,0,0,1,0,0,0,1,0,0,1,0
24.97,25.38,66.06,0.0,2.55,0.0,2,1,35.0,27.75666666666667,14.243333333333329,1.9920210360000001,10.040000000000003,4147.7699999999995,23,84,0,0,1,0,0,0,1,0,0,0,1,0,0,1,0,0
25.27,20.64,76.53,1.4,1.98,0.0,3,1,30.87,26.865,15.135000000000002,1.2472066439999998,11.440000000000001,4148.339999999999,0,85,0,0,1,0,0,0,1,0,0,0,1,0,0,1,0,0
26.69,22.76,77.7,0.0,3.56,0.0,2,1,35.0,24.355,17.645,1.5763871200000004,5.180000000000003,4133.5199999999995,1,85,1,0,0,0,0,0,1,0,0,0,0,1,0,0,1,0
27.29,22.31,59.71,0.0,1.65,36.66,2,1,30.58,24.465,17.535,1.5898217669999999,5.180000000000003,4155.46,2,85,1,0,0,0,0,1,0,0,0,0,0,1,0,0,1,0
28.15,20.17,58.83,0.0,0.0,32.94,1,1,31.19,26.576666666666668,15.423333333333332,1.2476979970000002,11.440000000000001,4179.209999999999,3,85,0,0,1,0,0,0,0,1,0,0,0,1,0,0,1,0
20.26,20.68,69.49,0.0,2.71,0.0,1,1,35.0,26.261666666666667,15.738333333333333,1.350748424,11.440000000000001,4194.37,4,85,0,0,1,0,0,0,0,1,0,0,1,0,0,1,0,0
26.84,20.6,76.88,0.0,2.48,47.82,3,1,35.0,24.838333333333335,17.161666666666665,1.2643878400000004,5.180000000000003,4168.92,5,85,1,0,0,0,0,0,1,0,0,1,0,0,0,0,0,1
30.56,23.87,69.02,0.0,1.69,21.59,2,1,25.3,26.541666666666668,15.458333333333332,1.7107300880000003,5.180000000000003,4192.93,6,85,1,0,0,0,0,1,0,0,1,0,0,0,1,0,0,0
38.03,23.02,71.95,6.61,1.33,175.35,1,0,0.0,30.02,11.98,1.5522459499999999,11.790000000000004,4194.259999999999,7,85,1,0,0,0,1,0,0,0,0,1,0,0,0,0,0,1
35.68,23.46,57.31,0.0,0.53,355.17,3,1,18.17,27.663333333333338,14.336666666666662,1.7089466420000001,21.95,4538.44,8,85,0,1,0,0,0,1,0,0,1,0,0,0,1,0,0,0
22.21,26.53,60.37,0.0,1.96,481.27,3,1,35.0,24.61,17.39,2.187445787,11.440000000000001,4206.42,9,85,0,0,1,0,0,1,0,0,0,1,0,0,0,0,0,1
20.2,25.34,49.95,2.77,1.35,568.3,2,0,0.0,28.26833333333333,13.73166666666667,2.0861715899999997,14.560000000000004,4172.28,10,85,1,0,0,0,0,1,0,0,0,1,0,0,0,0,0,1
39.43,27.02,62.98,11.61,3.56,619.45,1,0,0.0,28.01,13.989999999999998,2.314148092,44.980000000000004,4019.7000000000003,11,85,0,0,0,1,0,1,0,0,1,0,0,0,1,0,0,0
18.65,28.31,47.8,0.0,3.02,646.25,4,1,35.0,26.92833333333333,15.071666666666669,2.6464270900000004,13.630000000000004,4172.28,12,85,1,0,0,0,0,0,0,1,0,0,1,0,0,1,0,0
25.21,27.59,72.86,0.0,1.82,571.57,4,1,35.0,24.345,17.655,2.2106766880000004,11.440000000000001,4225.35,13,85,0,0,1,0,0,1,0,0,0,0,0,1,0,0,1,0
26.34,27.95,74.12,0.0,3.03,534.89,3,1,35.0,26.77,15.23,2.3126110499999997,13.630000000000004,4207.28,14,85,1,0,0,0,0,1,0,0,0,1,0,0,0,0,0,1
21.1,30.85,61.9,0.0,2.27,522.63,3,1,35.0,25.98,16.02,2.8728307000000006,17.52,4521.61,15,85,0,1,0,0,0,0,1,0,0,1,0,0,0,0,0,1
23.68,27.85,52.74,0.0,2.08,296.04,4,1,35.0,24.805000000000003,17.194999999999997,2.47436712,17.52,4521.61,16,85,0,1,0,0,0,1,0,0,0,0,1,0,0,1,0,0
32.29,26.98,66.65,0.0,2.33,103.46,3,1,30.09,27.67833333333333,14.321666666666669,2.2088231099999995,13.630000000000004,4242.28,17,85,1,0,0,0,0,0,1,0,0,1,0,0,0,0,0,1
18.88,26.43,77.47,0.0,4.53,31.64,2,1,35.0,25.401666666666667,16.598333333333333,2.1271029070000003,44.980000000000004,4007.85,18,85,0,0,0,1,0,0,1,0,0,0,1,0,0,1,0,0
22.67,26.4,67.81,0.0,3.17,8.7,4,1,35.0,24.515,17.485,2.15296754,39.64,4007.85,19,85,0,0,0,1,0,0,0,1,0,0,0,1,0,0,1,0
22.2,23.14,75.39,0.0,2.04,10.67,4,1,35.0,26.285,15.715,1.5710213620000002,13.630000000000004,4237.37,20,85,1,0,0,0,0,1,0,0,0,0,1,0,0,1,0,0
18.4,24.29,62.77,0.0,3.47,0.0,2,1,35.0,23.991666666666664,18.008333333333336,1.917284491,17.52,4528.8,21,85,0,1,0,0,1,0,0,0,0,0,0,1,0,0,1,0
14.31,23.07,61.04,0.0,3.43,31.88,2,1,35.0,24.136666666666667,17.863333333333333,1.7663209660000003,39.64,4007.85,22,85,0,0,0,1,0,0,0,1,0,1,0,0,0,0,0,1
30.9,19.18,69.76,0.0,2.71,53.54,3,1,28.95,25.333333333333332,16.666666666666668,1.1734990159999998,11.440000000000001,4235.81,23,85,0,0,1,0,0,0,1,0,1,0,0,0,1,0,0,0
20.55,24.05,52.87,0.0,2.01,0.0,3,1,35.0,24.546666666666667,17.453333333333333,1.9065325650000002,11.440000000000001,4243.33,0,86,0,0,1,0,0,0,0,1,0,0,1,0,0,1,0,0
23.13,23.15,82.93,0.0,1.93,22.15,2,1,35.0,23.168333333333333,18.831666666666667,1.4958065449999998,39.64,4011.2400000000002,1,86,0,0,0,1,0,0,0,1,0,0,1,0,0,1,0,0
26.52,19.62,70.88,0.0,1.11,39.15,3,1,32.6,24.366666666666664,17.633333333333336,1.1340791120000002,13.630000000000004,4262.67,2,86,1,0,0,0,1,0,0,0,0,0,0,1,0,0,1,0
18.41,19.28,76.25,0.0,2.62,0.0,2,1,35.0,24.06833333333333,17.93166666666667,1.12498502,13.630000000000004,4295.27,3,86,1,0,0,0,0,0,1,0,0,1,0,0,0,0,0,1
20.17,21.7,65.01,0.0,1.67,52.84,1,1,35.0,23.21666666666667,18.78333333333333,1.4643291499999997,11.440000000000001,4252.53,4,86,0,0,1,0,0,0,1,0,0,1,0,0,0,0,0,1
24.22,19.86,58.91,0.0,1.88,39.03,1,1,35.0,23.773333333333337,18.226666666666663,1.303966842,39.64,4018.15,5,86,0,0,0,1,0,0,0,1,0,0,0,1,0,0,1,0
21.6,24.87,75.68,0.0,3.15,0.0,4,1,35.0,23.439999999999998,18.560000000000002,1.8555355820000001,11.440000000000001,4287.53,6,86,0,0,1,0,1,0,0,0,0,1,0,0,0,0,0,1
17.92,23.09,59.26,0.0,4.42,224.06,4,1,35.0,23.94666666666667,18.05333333333333,1.8352227080000003,13.630000000000004,4313.9400000000005,7,86,1,0,0,0,0,0,0,1,0,1,0,0,0,0,0,1
25.36,27.26,66.24,0.0,2.85,283.36,1,1,35.0,21.42833333333333,20.57166666666667,2.2811737680000004,39.64,4041.17,8,86,0,0,0,1,0,1,0,0,0,1,0,0,0,0,0,1
21.57,24.62,69.0,0.0,2.27,435.56,4,1,35.0,23.151666666666667,18.848333333333333,1.8423695199999999,13.630000000000004,4348.9400000000005,9,86,1,0,0,0,0,0,1,0,0,0,0,1,0,0,1,0
23.34,26.66,64.79,0.0,2.38,586.84,2,1,35.0,24.531666666666666,17.468333333333334,2.1826686979999996,17.52,4539.9,10,86,0,1,0,0,0,0,0,1,0,0,1,0,0,1,0,0
21.19,29.55,56.46,0.0,3.77,664.3,1,1,35.0,23.27,18.73,2.79176512,11.440000000000001,4322.53,11,86,0,0,1,0,0,1,0,0,1,0,0,0,1,0,0,0
26.79,27.8,62.31,0.0,2.87,653.45,2,1,35.0,23.53333333333333,18.46666666666667,2.40565672,11.440000000000001,4326.5,12,86,0,0,1,0,0,0,0,1,0,1,0,0,0,0,0,1
40.8,29.1,55.67,9.94,2.63,605.81,0,0,0.0,25.081666666666667,16.918333333333333,2.67000471,38.11,4065.71,13,86,0,0,0,1,0,1,0,0,1,0,0,0,1,0,0,0
16.0,30.46,66.89,0.0,2.72,553.81,1,1,35.0,20.436666666666667,21.563333333333333,2.7745334580000005,13.630000000000004,4360.360000000001,14,86,1,0,0,0,0,0,0,1,0,0,0,1,0,0,1,0
27.67,27.85,67.32,0.0,0.69,446.37,1,1,31.11,22.995,19.005,2.2517844100000004,11.440000000000001,4327.44,15,86,0,0,1,0,0,1,0,0,1,0,0,0,1,0,0,0
20.36,26.4,64.33,0.0,2.87,354.44,1,1,35.0,20.13,21.87,2.17334522,13.630000000000004,4367.27,16,86,1,0,0,0,0,1,0,0,0,0,0,1,0,0,1,0
19.2,25.47,61.25,0.0,1.35,154.03,2,1,35.0,18.91,23.09,1.9927337449999998,13.630000000000004,4388.02,17,86,1,0,0,0,0,1,0,0,0,1,0,0,0,0,0,1
19.28,27.7,78.19,1.21,2.87,0.0,4,1,35.0,22.78333333333333,19.21666666666667,2.22404665,12.650000000000002,4346.879999999999,18,86,0,0,1,0,0,0,0,1,0,1,0,0,0,0,0,1
10.93,26.44,55.33,0.0,1.52,0.0,3,1,35.0,21.243333333333336,20.756666666666664,2.2033290640000005,12.650000000000002,4369.049999999999,19,86,0,0,1,0,0,1,0,0,0,1,0,0,0,0,0,1
19.61,26.42,53.65,0.0,3.11,0.0,1,1,35.0,24.57166666666667,17.42833333333333,2.2969198299999998,38.11,4047.96,20,86,0,0,0,1,1,0,0,0,0,1,0,0,0,0,0,1
26.07,23.38,66.32,0.0,2.22,0.0,3,1,35.0,20.186666666666667,21.813333333333333,1.6972700719999996,13.630000000000004,4406.25,21,86,1,0,0,0,0,0,0,1,0,0,0,1,0,0,1,0
17.26,20.68,67.25,0.0,1.03,0.0,4,1,35.0,23.243333333333336,18.756666666666664,1.2865733200000002,17.52,4553.91,22,86,0,1,0,0,0,0,0,1,1,0,0,0,1,0,0,0
32.6,18.47,78.51,0.0,2.05,0.0,1,1,23.01,22.633333333333336,19.366666666666664,0.9883475989999998,13.630000000000004,4419.990000000001,23,86,1,0,0,0,1,0,0,0,0,1,0,0,0,0,0,1
11.76,25.8,69.48,0.0,5.05,34.3,1,1,35.0,20.998333333333335,21.001666666666665,2.1429785600000004,13.630000000000004,4421.68,0,87,1,0,0,0,0,0,0,1,0,1,0,0,0,0,0,1
20.11,21.89,68.3,0.0,0.0,0.0,2,1,35.0,21.683333333333334,20.316666666666666,1.37478222,13.630000000000004,4446.09,1,87,1,0,0,0,0,1,0,0,0,1,0,0,0,0,0,1
16.57,21.17,72.17,0.0,2.6,0.0,1,1,35.0,21.051666666666666,20.948333333333334,1.380621343,13.630000000000004,4458.13,2,87,1,0,0,0,0,1,0,0,0,0,0,1,0,0,1,0
28.59,21.52,71.76,0.0,1.19,54.93,3,1,30.84,26.951666666666668,15.048333333333332,1.3567139839999998,38.11,4082.96,3,87,0,0,0,1,0,0,0,1,0,0,1,0,0,1,0,0
27.24,19.35,84.84,0.0,4.05,29.71,3,1,29.88,22.183333333333334,19.816666666666666,1.13094537,6.290000000000002,4380.5199999999995,4,87,0,0,1,0,0,1,0,0,1,0,0,0,1,0,0,0
29.55,20.94,70.62,3.84,3.38,35.89,2,0,0.0,23.576666666666668,18.423333333333332,1.405557556,10.130000000000003,4378.549999999999,5,87,0,0,1,0,0,1,0,0,0,1,0,0,0,0,0,1
15.9,25.58,60.37,0.0,2.62,17.68,2,1,35.0,19.946666666666665,22.053333333333335,2.0808832819999994,17.52,4565.59,6,87,0,1,0,0,0,0,1,0,0,0,0,1,0,0,1,0
17.39,24.91,67.06,0.0,3.5,214.13,3,1,35.0,20.75,21.25,1.963233532,11.670000000000003,4466.01,7,87,1,0,0,0,1,0,0,0,0,1,0,0,0,0,0,1
25.17,23.82,48.22,0.0,2.69,355.92,3,1,35.0,23.30666666666667,18.69333333333333,1.9531025480000004,10.130000000000003,4356.42,8,87,0,0,1,0,0,0,0,1,0,0,0,1,0,0,1,0
20.43,24.16,66.05,0.0,2.41,447.56,3,1,35.0,22.099999999999998,19.900000000000002,1.81469794,10.130000000000003,4364.75,9,87,0,0,1,0,0,0,1,0,0,1,0,0,0,0,0,1
19.77,26.19,72.3,0.0,1.68,525.64,1,1,35.0,19.7,22.3,2.00231592,9.380000000000004,4487.55,10,87,1,0,0,0,1,0,0,0,1,0,0,0,1,0,0,0
21.52,27.32,67.96,0.0,1.97,582.94,3,1,35.0,22.473333333333333,19.526666666666667,2.2283986240000004,10.130000000000003,4376.5599999999995,11,87,0,0,1,0,0,0,0,1,0,1,0,0,0,0,0,1
17.3,31.5,62.49,0.0,1.84,645.11,3,1,35.0,23.535,18.465,2.9552108899999996,6.450000000000002,4392.7699999999995,12,87,0,0,1,0,1,0,0,0,0,0,0,1,0,0,1,0
12.37,28.54,67.31,0.0,2.41,589.35,3,1,35.0,21.056666666666665,20.943333333333335,2.444946838,6.450000000000001,4392.7699999999995,13,87,0,0,1,0,0,0,0,1,0,1,0,0,0,0,0,1
15.27,27.18,71.58,0.0,0.13,535.0,2,1,35.0,18.676666666666666,23.323333333333334,2.077855988,6.450000000000001,4392.7699999999995,14,87,0,0,1,0,0,0,1,0,1,0,0,0,1,0,0,0
14.44,28.74,72.59,0.0,3.64,454.29,4,1,35.0,18.836666666666666,23.163333333333334,2.4813692019999998,17.52,4577.3,15,87,0,1,0,0,0,0,0,1,1,0,0,0,1,0,0,0
17.27,28.82,65.67,0.0,4.74,373.93,1,1,35.0,25.974999999999998,16.025000000000002,2.623100178,38.11,4113.8,16,87,0,0,0,1,0,1,0,0,0,1,0,0,0,0,0,1
23.11,25.87,62.69,0.0,1.88,115.36,3,1,35.0,18.741666666666667,23.258333333333333,2.0627440409999998,10.59,4577.3,17,87,0,1,0,0,0,1,0,0,1,0,0,0,1,0,0,0
21.88,27.56,47.35,0.0,3.81,1.04,1,1,35.0,18.128333333333334,23.871666666666666,2.5717866,6.450000000000001,4404.049999999999,18,87,0,0,1,0,1,0,0,0,0,0,0,1,0,0,1,0
27.4,27.81,70.2,0.0,2.24,0.0,4,1,35.0,18.833333333333332,23.166666666666668,2.29293337,9.380000000000004,4510.34,19,87,1,0,0,0,1,0,0,0,0,0,1,0,0,1,0,0
16.0,25.17,69.07,0.0,1.68,0.0,4,1,35.0,18.341666666666665,23.658333333333335,1.8889505530000004,10.59,4612.3,20,87,0,1,0,0,0,1,0,0,0,0,1,0,0,1,0,0
25.26,22.73,68.48,0.0,1.94,32.54,3,1,35.0,21.083333333333332,20.916666666666668,1.577504158,9.380000000000004,4517.360000000001,21,87,1,0,0,0,0,1,0,0,0,0,1,0,0,1,0,0
19.78,22.17,63.05,0.0,2.5,0.0,3,1,35.0,21.028333333333336,20.971666666666664,1.5834853150000001,9.380000000000004,4552.360000000001,22,87,1,0,0,0,0,0,1,0,0,0,0,1,0,0,1,0
33.57,19.64,76.64,0.0,1.53,0.0,1,1,25.12,23.861666666666668,18.138333333333332,1.107777312,9.380000000000004,4570.320000000001,23,87,1,0,0,0,1,0,0,0,0,1,0,0,0,0,0,1
27.04,21.43,66.65,2.16,3.13,4.94,1,0,0.0,19.23,22.77,1.488731185,8.610000000000001,4439.049999999999,0,88,0,0,1,0,0,1,0,0,0,1,0,0,0,0,0,1
20.86,21.7,68.0,0.0,1.78,24.54,1,1,35.0,17.92833333333333,24.07166666666667,1.4426649999999999,6.55,4616.03,1,88,0,1,0,0,1,0,0,0,0,0,0,1,0,0,1,0
30.12,19.75,69.41,2.83,1.11,0.0,1,0,0.0,26.958333333333332,15.041666666666668,1.1617492850000002,40.94,4141.35,2,88,0,0,0,1,0,0,0,1,0,1,0,0,0,0,0,1
24.53,24.14,69.43,0.0,2.38,44.13,2,1,35.0,19.731666666666666,22.268333333333334,1.7778570139999998,7.210000000000002,4425.089999999999,3,88,0,0,1,0,0,0,1,0,1,0,0,0,1,0,0,0
21.72,22.82,59.3,0.0,1.57,0.0,1,1,35.0,26.351666666666663,15.648333333333337,1.6564651400000001,40.94,4141.35,4,88,0,0,0,1,0,1,0,0,0,0,1,0,0,1,0,0
26.57,19.58,73.87,0.0,2.01,16.95,4,1,34.07,19.48,22.52,1.148780982,3.2399999999999998,4616.03,5,88,0,1,0,0,0,0,0,1,0,1,0,0,0,0,0,1
31.14,20.44,64.2,0.0,2.33,0.0,3,1,24.85,22.02,19.98,1.3495870400000003,3.2399999999999998,4625.78,6,88,0,1,0,0,0,0,0,1,0,1,0,0,0,0,0,1
28.17,22.59,62.73,0.0,0.79,194.16,3,1,29.91,24.24666666666667,17.75333333333333,1.555300349,40.94,4164.18,7,88,0,0,0,1,1,0,0,0,0,1,0,0,0,0,0,1
20.74,27.46,69.83,0.0,4.15,395.96,3,1,35.0,24.435,17.565,2.3391147460000004,40.94,4194.09,8,88,0,0,0,1,0,0,1,0,0,0,0,1,0,0,1,0
30.35,27.47,56.66,0.0,3.38,449.9,1,1,31.3,24.728333333333335,17.271666666666665,2.4392542839999996,40.94,4194.09,9,88,0,0,0,1,0,0,0,1,0,0,0,1,0,0,1,0
22.62,29.53,68.16,0.0,1.64,562.36,2,1,35.0,25.62,16.38,2.554623326,33.91,4190.39,10,88,0,0,0,1,0,0,1,0,0,1,0,0,0,0,0,1
15.66,27.94,63.96,0.0,2.38,612.73,1,1,35.0,22.223333333333333,19.776666666666667,2.3854718880000005,3.2399999999999998,4637.86,11,88,0,1,0,0,0,0,1,0,0,1,0,0,0,0,0,1
21.23,28.25,51.46,0.0,3.16,629.49,1,1,35.0,24.138333333333335,17.861666666666665,2.60506016,33.91,4197.05,12,88,0,0,0,1,0,1,0,0,0,1,0,0,0,0,0,1
41.01,27.09,73.48,11.37,2.65,603.38,1,0,0.0,27.798333333333332,14.201666666666668,2.1708022739999997,14.140000000000002,4579.72,13,88,1,0,0,0,1,0,0,0,0,0,0,1,0,0,1,0
17.39,29.62,64.07,0.0,4.66,562.26,2,1,35.0,21.27,20.73,2.764749058,3.2399999999999998,4650.14,14,88,0,1,0,0,1,0,0,0,0,1,0,0,0,0,0,1
22.23,28.67,65.42,0.0,2.11,432.43,2,1,35.0,22.308333333333334,19.691666666666666,2.4705627679999997,3.2399999999999998,4685.14,15,88,0,1,0,0,0,1,0,0,0,0,0,1,0,0,1,0
11.52,28.21,70.08,0.0,3.83,298.87,3,1,35.0,22.438333333333333,19.561666666666667,2.4351592460000004,33.91,4209.68,16,88,0,0,0,1,0,1,0,0,0,0,0,1,0,0,1,0
27.63,30.35,71.81,0.0,0.8,57.44,3,1,33.78,21.453333333333333,20.546666666666667,2.6058509050000005,7.210000000000002,4434.83,17,88,0,0,1,0,0,0,1,0,0,0,1,0,0,1,0,0
27.24,26.91,65.48,1.4,0.98,48.47,2,1,30.09,22.28333333333333,19.71666666666667,2.142885546,35.31,4219.97,18,88,0,0,0,1,1,0,0,0,0,1,0,0,0,0,0,1
11.71,28.13,67.42,0.0,4.42,57.53,1,1,35.0,20.783333333333335,21.216666666666665,2.4804069319999997,3.2399999999999998,4692.89,19,88,0,1,0,0,0,0,0,1,0,1,0,0,0,0,0,1
26.38,22.72,70.03,0.0,1.88,22.71,2,1,31.14,23.788333333333338,18.211666666666662,1.5587615319999997,7.210000000000002,4468.610000000001,20,88,0,0,1,0,0,0,0,1,0,0,1,0,0,1,0,0
23.12,28.1,60.72,0.0,1.0,0.0,2,1,35.0,25.096666666666664,16.903333333333336,2.3754959600000003,7.210000000000002,4499.75,21,88,0,0,1,0,1,0,0,0,0,0,0,1,0,0,1,0
30.68,22.54,56.49,0.0,2.34,0.0,1,1,29.05,26.563333333333333,15.436666666666667,1.6841807619999998,7.210000000000002,4512.36,22,88,0,0,1,0,1,0,0,0,0,0,1,0,0,1,0,0
31.96,23.33,68.44,0.0,3.92,0.0,3,1,29.67,29.83,12.170000000000002,1.7555591139999995,11.370000000000003,4560.900000000001,23,88,1,0,0,0,0,0,1,0,0,1,0,0,0,0,0,1
32.78,23.07,76.8,0.0,1.48,22.37,2,1,22.07,24.290000000000003,17.709999999999997,1.5206753900000003,32.230000000000004,4250.06,0,89,0,0,0,1,0,1,0,0,0,1,0,0,0,0,0,1
21.92,20.62,73.18,0.0,2.35,44.29,4,1,35.0,22.885,19.115,1.292944532,32.230000000000004,4272.13,1,89,0,0,0,1,0,0,1,0,0,0,0,1,0,0,1,0
25.99,22.46,60.16,0.0,0.17,5.81,1,1,32.49,29.595000000000002,12.404999999999998,1.5311815120000005,11.370000000000003,4590.570000000001,2,89,1,0,0,0,0,0,1,0,1,0,0,0,1,0,0,0
20.87,22.68,75.14,0.0,1.84,30.02,4,1,35.0,19.833333333333332,22.166666666666668,1.5040152640000002,3.2399999999999998,4701.08,3,89,0,1,0,0,0,0,1,0,0,0,0,1,0,0,1,0
28.15,20.7,66.87,0.0,3.6,15.57,2,1,30.83,23.80666666666667,18.19333333333333,1.4208511499999998,25.779999999999998,4279.47,4,89,0,0,0,1,0,0,0,1,1,0,0,0,1,0,0,0
12.44,21.35,53.87,0.0,1.46,0.0,2,1,35.0,27.458333333333332,14.541666666666668,1.5103883350000002,11.370000000000003,4599.39,5,89,1,0,0,0,0,0,1,0,1,0,0,0,1,0,0,0
16.85,23.3,74.08,0.0,0.87,35.33,2,1,35.0,26.97,15.030000000000001,1.5457707600000004,11.370000000000003,4608.91,6,89,1,0,0,0,0,0,1,0,0,1,0,0,0,0,0,1
21.03,24.03,59.76,0.0,1.47,201.33,2,1,35.0,24.88,17.12,1.8104572859999999,11.370000000000003,4612.99,7,89,1,0,0,0,0,0,1,0,0,1,0,0,0,0,0,1
20.9,27.32,76.21,0.0,1.67,290.33,1,1,35.0,23.751666666666665,18.248333333333335,2.1277834240000004,25.78,4295.4800000000005,8,89,0,0,0,1,0,0,0,1,0,0,0,1,0,0,1,0
22.01,27.32,71.78,0.0,3.32,487.87,4,1,35.0,25.5,16.5,2.256256192,14.170000000000002,4312.28,9,89,0,0,0,1,1,0,0,0,0,1,0,0,0,0,0,1
27.66,27.13,62.3,0.0,2.86,557.75,2,1,30.88,22.655,19.345,2.3027850999999995,11.370000000000003,4647.99,10,89,1,0,0,0,0,1,0,0,0,0,1,0,0,1,0,0
16.92,28.97,65.64,0.0,3.09,618.72,4,1,35.0,20.148333333333333,21.851666666666667,2.5647358259999997,11.370000000000003,4665.96,11,89,1,0,0,0,1,0,0,0,0,1,0,0,0,0,0,1
15.7,25.63,82.06,0.0,2.43,663.67,4,1,35.0,18.433333333333334,23.566666666666666,1.8619659359999998,11.370000000000003,4666.29,12,89,1,0,0,0,0,0,0,1,0,0,1,0,0,1,0,0
18.68,28.18,70.06,0.0,1.66,640.44,3,1,35.0,25.17,16.83,2.3222351960000003,7.210000000000002,4526.11,13,89,0,0,1,0,0,1,0,0,0,1,0,0,0,0,0,1
16.68,29.67,63.53,0.0,1.47,594.02,2,1,35.0,23.861666666666668,18.138333333333332,2.6192733770000003,7.210000000000002,4561.11,14,89,0,0,1,0,1,0,0,0,0,0,0,1,0,0,1,0
21.8,30.77,81.21,0.0,2.92,429.89,3,1,35.0,19.993333333333336,22.006666666666664,2.676142439,11.370000000000003,4676.68,15,89,1,0,0,0,0,0,1,0,0,0,0,1,0,0,1,0
27.71,29.0,63.22,0.0,4.31,344.8,2,1,35.0,19.261666666666667,22.738333333333333,2.65655992,3.2399999999999998,4712.63,16,89,0,1,0,0,0,0,0,1,0,0,1,0,0,1,0,0
26.49,30.25,65.47,0.0,1.27,127.63,3,1,35.0,23.671666666666667,18.328333333333333,2.6830370449999994,7.210000000000002,4578.72,17,89,0,0,1,0,0,0,0,1,0,1,0,0,0,0,0,1
37.21,28.54,56.22,6.35,1.18,0.0,1,0,0.0,23.386666666666667,18.613333333333333,2.5016462760000002,17.720000000000002,4677.66,18,89,1,0,0,0,0,0,0,1,0,0,1,0,0,1,0,0
19.26,25.54,53.45,0.0,1.04,0.0,3,1,35.0,24.17,17.83,2.0650779900000003,14.170000000000002,4317.18,19,89,0,0,0,1,0,0,1,0,0,0,1,0,0,1,0,0
21.6,25.02,63.57,0.0,3.4,33.95,2,1,35.0,23.48166666666667,18.51833333333333,2.008044218,17.720000000000002,4662.5,20,89,1,0,0,0,0,0,1,0,0,0,0,1,0,0,1,0
24.64,24.81,66.02,0.0,2.35,0.32,4,1,35.0,23.381666666666664,18.618333333333336,1.9019386239999996,7.210000000000002,4578.72,21,89,0,0,1,0,0,0,0,1,0,0,0,1,0,0,1,0
19.14,22.56,69.86,0.0,3.07,0.0,1,1,35.0,22.718333333333334,19.281666666666666,1.5992032719999998,7.210000000000002,4578.72,22,89,0,0,1,0,0,1,0,0,0,1,0,0,0,0,0,1
19.17,24.7,55.9,0.0,1.79,49.91,3,1,35.0,22.066666666666666,19.933333333333334,1.9575025,17.720000000000002,4664.96,23,89,1,0,0,0,0,0,0,1,1,0,0,0,1,0,0,0
24.83,20.24,74.03,0.0,3.14,0.0,4,1,35.0,23.385,18.615,1.2801348039999998,17.720000000000002,4674.1,0,90,1,0,0,0,0,0,1,0,0,1,0,0,0,0,0,1
16.12,21.98,62.2,0.0,2.05,0.0,3,1,35.0,19.338333333333335,22.661666666666665,1.54444544,0.9,4739.07,1,90,0,1,0,0,0,1,0,0,0,0,1,0,0,1,0,0
28.39,22.47,71.88,0.0,0.55,0.0,2,1,31.76,25.5,16.5,1.442934122,17.720000000000002,4674.1,2,90,1,0,0,0,0,0,0,1,0,1,0,0,0,0,0,1
20.91,21.04,75.32,0.0,3.51,0.0,4,1,35.0,21.09,20.91,1.382196656,7.210000000000002,4593.22,3,90,0,0,1,0,0,0,0,1,0,0,0,1,0,0,1,0
25.6,21.1,65.95,0.0,2.36,0.0,1,1,33.96,26.133333333333336,15.866666666666664,1.41576235,17.720000000000002,4675.009999999999,4,90,1,0,0,0,0,0,0,1,0,1,0,0,0,0,0,1
23.92,22.43,60.91,0.0,2.03,0.0,4,1,35.0,22.69333333333333,19.30666666666667,1.613331331,14.170000000000002,4330.65,5,90,0,0,0,1,0,0,0,1,0,0,0,1,0,0,1,0
28.79,24.59,76.73,0.0,2.74,8.4,2,1,33.37,23.838333333333335,18.161666666666665,1.786356749,14.170000000000002,4345.6,6,90,0,0,0,1,0,0,1,0,0,0,1,0,0,1,0,0
20.73,23.59,72.84,4.73,0.67,130.25,1,0,0.0,23.386666666666667,18.613333333333333,1.5857822819999998,22.450000000000003,4688.889999999999,7,90,1,0,0,0,0,0,0,1,1,0,0,0,1,0,0,0
29.14,23.77,67.65,0.0,2.92,296.2,2,1,32.11,22.833333333333332,19.166666666666668,1.771865055,7.210000000000002,4628.22,8,90,0,0,1,0,0,0,0,1,0,0,1,0,0,1,0,0
26.54,28.13,73.37,0.0,1.69,403.64,4,1,35.0,24.47666666666667,17.52333333333333,2.2810517269999995,6.000000000000002,4660.33,9,90,0,0,1,0,1,0,0,0,0,1,0,0,0,0,0,1
21.83,27.97,63.81,0.0,2.21,545.07,2,1,35.0,20.078333333333333,21.921666666666667,2.383195619,0.9,4754.16,10,90,0,1,0,0,1,0,0,0,0,0,0,1,0,0,1,0
21.98,29.71,57.49,0.0,3.77,594.79,2,1,35.0,22.81,19.19,2.806790353,14.170000000000002,4378.97,11,90,0,0,0,1,0,0,0,1,0,1,0,0,0,0,0,1
22.18,29.97,54.61,0.0,3.17,725.05,3,1,35.0,23.023333333333337,18.976666666666663,2.8513283389999997,14.170000000000002,4381.75,12,90,0,0,0,1,0,0,1,0,0,0,0,1,0,0,1,0
13.16,32.5,58.84,0.0,2.19,680.49,1,1,35.0,21.548333333333332,20.451666666666668,3.18870504,14.170000000000002,4416.75,13,90,0,0,0,1,0,0,1,0,0,0,0,1,0,0,1,0
22.29,31.04,66.17,1.94,2.28,609.88,2,1,35.0,23.776666666666667,18.223333333333333,2.8574844359999996,7.940000000000001,4663.48,14,90,0,0,1,0,1,0,0,0,0,0,1,0,0,1,0,0
24.7,28.15,72.81,0.0,0.0,414.3,1,1,35.0,23.786666666666665,18.213333333333335,2.205540265,7.940000000000001,4674.959999999999,15,90,0,0,1,0,1,0,0,0,0,0,1,0,0,1,0,0
10.46,29.54,62.13,0.0,1.41,318.79,3,1,35.0,20.081666666666667,21.918333333333333,2.610390414,4.230000000000002,4438.8,16,90,0,0,0,1,0,0,0,1,0,0,0,1,0,0,1,0
23.04,27.36,72.2,0.0,2.6,126.12,1,1,35.0,23.62666666666667,18.37333333333333,2.22190152,22.450000000000003,4653.889999999999,17,90,1,0,0,0,0,0,0,1,0,1,0,0,0,0,0,1
21.51,26.69,62.75,0.0,1.48,64.5,3,1,35.0,24.016666666666666,17.983333333333334,2.163005705,22.450000000000003,4657.429999999999,18,90,1,0,0,0,0,0,1,0,0,0,1,0,0,1,0,0
45.6,24.29,60.7,11.09,0.81,29.09,1,0,0.0,28.19666666666667,13.803333333333331,1.80432354,15.190000000000001,4689.299999999999,19,90,0,0,1,0,1,0,0,0,0,0,1,0,0,1,0,0
36.42,24.94,56.5,11.49,2.98,0.0,2,0,0.0,30.781666666666666,11.218333333333334,2.04524558,26.68,4669.0199999999995,20,90,0,0,1,0,1,0,0,0,0,0,0,1,0,0,1,0
18.24,25.15,61.93,0.0,3.97,12.93,4,1,35.0,22.918333333333337,19.081666666666663,2.0711672450000003,22.450000000000003,4657.429999999999,21,90,1,0,0,0,0,0,0,1,1,0,0,0,1,0,0,0
15.65,23.27,58.1,0.0,1.53,0.0,2,1,35.0,18.703333333333333,23.296666666666667,1.72578906,4.230000000000002,4445.35,22,90,0,0,0,1,0,1,0,0,0,0,1,0,0,1,0,0
15.58,20.89,82.95,0.0,3.45,0.0,2,1,35.0,28.521666666666672,13.478333333333328,1.2932912650000001,26.68,4651.639999999999,23,90,0,0,1,0,0,0,0,1,0,0,0,1,0,0,1,0
26.75,19.76,72.87,0.0,3.27,0.0,1,1,33.5,18.363333333333333,23.636666666666667,1.241017524,4.230000000000002,4457.4,0,91,0,0,0,1,0,1,0,0,0,0,0,1,0,0,1,0
19.15,24.81,65.08,0.0,1.23,25.89,4,1,35.0,19.565,22.435,1.855150906,0.0,4759.9,1,91,0,1,0,0,1,0,0,0,0,1,0,0,0,0,0,1
19.26,21.99,80.06,0.0,1.53,34.57,4,1,35.0,27.308333333333334,14.691666666666666,1.356273728,26.68,4651.639999999999,2,91,0,0,1,0,0,0,1,0,0,0,0,1,0,0,1,0
40.75,20.41,60.16,7.08,4.56,0.71,1,0,0.0,21.491666666666664,20.508333333333336,1.492987902,11.310000000000002,4481.76,3,91,0,0,0,1,0,0,0,1,0,0,1,0,0,1,0,0
20.82,22.73,66.45,0.0,1.06,0.0,2,1,35.0,21.265,20.735,1.552427615,8.480000000000002,4446.76,4,91,0,0,0,1,0,1,0,0,1,0,0,0,1,0,0,0
26.17,25.96,78.83,0.0,1.67,0.0,1,1,35.0,23.433333333333337,18.566666666666663,1.9029138960000003,8.480000000000002,4464.22,5,91,0,0,0,1,0,0,1,0,0,1,0,0,0,0,0,1
17.0,24.44,65.04,0.0,4.76,54.67,3,1,35.0,26.426666666666666,15.573333333333334,1.980518272,26.68,4659.83,6,91,0,0,1,0,1,0,0,0,0,0,1,0,0,1,0,0
20.76,20.29,86.5,0.0,1.72,145.22,1,1,35.0,25.150000000000002,16.849999999999998,1.10574548,8.480000000000002,4464.22,7,91,0,0,0,1,0,0,1,0,0,0,1,0,0,1,0,0
14.66,29.48,67.51,0.0,4.02,328.58,2,1,35.0,24.985,17.015,2.672642376,8.480000000000002,4464.22,8,91,0,0,0,1,1,0,0,0,0,0,1,0,0,1,0,0
25.2,23.77,75.73,0.0,1.17,538.69,3,1,35.0,24.726666666666663,17.273333333333337,1.607111367,8.480000000000002,4466.5199999999995,9,91,0,0,0,1,0,0,0,1,0,0,1,0,0,1,0,0
19.5,27.2,73.19,0.0,2.57,521.12,4,1,35.0,20.863333333333333,21.136666666666667,2.1861835,0.0,4759.9,10,91,0,1,0,0,0,0,0,1,0,0,0,1,0,0,1,0
37.9,26.63,64.3,7.44,3.7,628.6,1,0,0.0,24.50333333333333,17.49666666666667,2.2492178,29.890000000000004,4692.429999999999,11,91,1,0,0,0,0,0,1,0,0,0,1,0,0,1,0,0
20.87,27.86,59.89,0.0,1.84,667.39,2,1,35.0,21.41333333333333,20.58666666666667,2.3888486779999996,8.480000000000002,4501.5199999999995,12,91,0,0,0,1,0,0,0,1,0,0,1,0,0,1,0,0
17.89,29.8,60.96,4.83,2.52,666.09,2,0,0.0,20.925,21.075,2.72111392,13.310000000000002,4525.18,13,91,0,0,0,1,0,0,1,0,0,1,0,0,0,0,0,1
25.93,26.4,57.57,3.5,3.29,562.96,0,0,0.0,21.706666666666667,20.293333333333333,2.26306738,3.5,4765.45,14,91,0,1,0,0,0,1,0,0,0,0,0,1,0,0,1,0
29.49,29.23,61.75,9.96,1.32,500.76,1,0,0.0,21.478333333333335,20.521666666666665,2.5598362949999998,23.270000000000003,4525.18,15,91,0,0,0,1,0,0,0,1,1,0,0,0,1,0,0,0
20.08,30.69,61.02,0.0,5.09,310.45,2,1,35.0,20.435,21.565,2.996725876,3.5,4734.11,16,91,0,1,0,0,0,0,0,1,0,1,0,0,0,0,0,1
28.37,27.07,75.77,2.83,3.65,187.26,2,0,0.0,27.038333333333338,14.961666666666662,2.1941970930000005,29.51,4660.79,17,91,0,0,1,0,0,0,0,1,0,1,0,0,0,0,0,1
24.77,25.42,69.42,0.0,1.97,14.49,2,1,34.94,24.365,17.635,1.9353240680000001,29.890000000000004,4665.5,18,91,1,0,0,0,0,0,0,1,0,0,0,1,0,0,1,0
20.3,26.33,81.07,0.0,2.12,0.0,3,1,35.0,22.82166666666667,19.17833333333333,1.9556162769999998,29.51,4642.24,19,91,0,0,1,0,1,0,0,0,0,0,0,1,0,0,1,0
18.4,25.0,50.48,2.7,4.69,11.32,0,0,0.0,23.976666666666663,18.023333333333337,2.19857488,32.59,4685.900000000001,20,91,1,0,0,0,1,0,0,0,0,1,0,0,0,0,0,1
23.33,23.58,58.22,0.0,1.97,0.0,2,1,35.0,21.636666666666667,20.363333333333333,1.788599892,3.5,4739.97,21,91,0,1,0,0,0,0,0,1,1,0,0,0,1,0,0,0
44.88,21.72,65.73,11.43,1.83,0.0,1,0,0.0,27.616666666666664,14.383333333333336,1.4683017119999997,44.02,4655.88,22,91,1,0,0,0,0,1,0,0,0,0,1,0,0,1,0,0
26.98,23.46,77.28,3.13,3.78,0.0,1,0,0.0,28.528333333333336,13.471666666666664,1.6819353360000002,35.78000000000001,4631.87,23,91,1,0,0,0,0,1,0,0,0,0,0,1,0,0,1,0
22.67,23.07,66.38,0.0,0.72,0.0,3,1,35.0,29.266666666666666,12.733333333333334,1.5806244320000005,35.78000000000001,4618.24,0,92,1,0,0,0,1,0,0,0,0,0,0,1,0,0,1,0
12.79,20.18,59.18,0.0,2.31,39.84,3,1,35.0,18.883333333333336,23.116666666666664,1.361342748,29.51,4650.57,1,92,0,0,1,0,0,0,1,0,1,0,0,0,1,0,0,0
30.97,20.25,67.68,4.68,2.5,14.71,0,0,0.0,21.448333333333334,20.551666666666666,1.3048772299999998,32.03,4685.57,2,92,0,0,1,0,0,0,1,0,0,0,1,0,0,1,0,0
21.65,21.98,59.63,0.0,1.56,10.78,2,1,35.0,21.846666666666664,20.153333333333336,1.5434593980000002,32.03,4668.379999999999,3,92,0,0,1,0,0,0,1,0,0,0,1,0,0,1,0,0
16.12,20.73,59.26,0.0,0.52,0.0,1,1,35.0,21.7,20.3,1.3379156760000002,32.03,4668.379999999999,4,92,0,0,1,0,1,0,0,0,1,0,0,0,1,0,0,0
24.81,23.08,81.13,0.0,2.48,11.2,3,1,35.0,27.084999999999997,14.915000000000003,1.5312572079999995,35.78000000000001,4625.71,5,92,1,0,0,0,0,1,0,0,0,0,0,1,0,0,1,0
18.57,25.84,62.46,0.0,3.23,0.0,1,1,35.0,20.066666666666666,21.933333333333334,2.1281889680000003,32.03,4678.639999999999,6,92,0,0,1,0,0,0,1,0,0,0,0,1,0,0,1,0
22.97,24.52,67.2,0.0,1.59,187.04,4,1,35.0,20.511666666666667,21.488333333333333,1.8120808,32.03,4680.12,7,92,0,0,1,0,0,0,0,1,0,0,0,1,0,0,1,0
24.56,23.82,65.89,0.0,0.98,373.41,4,1,35.0,22.473333333333333,19.526666666666667,1.6984547060000001,32.03,4680.12,8,92,0,0,1,0,0,1,0,0,0,1,0,0,0,0,0,1
21.79,27.26,62.03,0.0,3.91,445.31,1,1,35.0,21.63,20.37,2.3778053660000005,3.5,4759.22,9,92,0,1,0,0,1,0,0,0,1,0,0,0,1,0,0,0
13.36,27.37,57.82,0.0,3.03,551.87,1,1,35.0,25.183333333333334,16.816666666666666,2.394298908,35.78000000000001,4625.71,10,92,1,0,0,0,0,0,1,0,0,1,0,0,0,0,0,1
17.61,28.24,60.83,0.0,1.97,659.99,3,1,35.0,20.953333333333333,21.046666666666667,2.4447490439999995,21.870000000000005,4500.5599999999995,11,92,0,0,0,1,0,1,0,0,0,0,0,1,0,0,1,0
29.22,29.82,64.11,0.0,3.51,628.88,3,1,35.0,22.18166666666667,19.81833333333333,2.7393941340000003,32.03,4680.12,12,92,0,0,1,0,0,0,1,0,0,1,0,0,0,0,0,1
34.48,30.54,71.1,5.21,2.69,630.91,1,0,0.0,24.256666666666664,17.743333333333336,2.7394942600000003,27.080000000000005,4509.53,13,92,0,0,0,1,0,0,1,0,0,0,0,1,0,0,1,0
22.79,29.69,68.48,0.0,4.55,493.04,1,1,35.0,25.915000000000003,16.084999999999997,2.722463134,35.78000000000001,4633.78,14,92,1,0,0,0,0,0,1,0,0,0,0,1,0,0,1,0
27.21,29.41,53.54,3.93,3.2,448.84,1,0,0.0,22.973333333333333,19.026666666666667,2.7720726480000004,7.43,4772.07,15,92,0,1,0,0,0,1,0,0,0,0,0,1,0,0,1,0
21.88,32.2,66.76,5.41,0.73,370.68,0,0,0.0,22.22,19.78,2.97176,37.44,4682.62,16,92,0,0,1,0,1,0,0,0,1,0,0,0,1,0,0,0
17.41,30.27,64.71,0.0,1.61,179.97,1,1,35.0,22.625,19.375,2.711741239,7.43,4749.65,17,92,0,1,0,0,0,0,1,0,1,0,0,0,1,0,0,0
16.92,28.89,58.11,0.0,1.67,31.48,4,1,35.0,21.123333333333335,20.876666666666665,2.561884573,7.43,4749.65,18,92,0,1,0,0,0,0,1,0,0,0,1,0,0,1,0,0
24.6,26.87,65.38,2.66,2.77,33.47,1,0,0.0,23.63333333333333,18.36666666666667,2.227430012,40.1,4660.549999999999,19,92,0,0,1,0,0,0,1,0,0,0,0,1,0,0,1,0
14.63,24.13,70.3,0.0,2.04,47.22,3,1,35.0,22.97666666666667,19.02333333333333,1.7511069000000001,40.1,4635.2,20,92,0,0,1,0,0,0,0,1,0,0,0,1,0,0,1,0
25.32,26.3,64.89,0.0,1.05,0.0,3,1,35.0,24.276666666666667,17.723333333333333,2.06192973,27.080000000000005,4494.4,21,92,0,0,0,1,0,0,1,0,0,0,0,1,0,0,1,0
8.48,23.86,69.88,0.0,3.11,32.98,3,1,35.0,19.19,22.81,1.7721412959999998,7.43,4749.65,22,92,0,1,0,0,0,0,0,1,0,1,0,0,0,0,0,1
26.18,21.95,62.0,0.0,3.6,78.67,2,1,35.0,25.16166666666666,16.83833333333334,1.6199437499999998,27.080000000000005,4507.22,23,92,0,0,0,1,0,0,1,0,0,0,1,0,0,1,0,0
26.26,21.95,81.99,0.0,2.28,0.0,1,1,35.0,19.678333333333335,22.321666666666665,1.371185175,7.43,4759.11,0,93,0,1,0,0,0,0,0,1,0,0,1,0,0,1,0,0
33.5,20.46,55.73,0.0,2.65,0.0,4,1,25.34,21.63,20.37,1.4425262260000002,7.43,4759.11,1,93,0,1,0,0,0,0,1,0,0,1,0,0,0,0,0,1
20.6,23.36,70.96,0.0,1.24,0.0,3,1,35.0,21.868333333333336,20.131666666666664,1.6016803519999998,35.78000000000001,4644.82,2,93,1,0,0,0,0,1,0,0,0,0,1,0,0,1,0,0
19.24,22.94,69.82,0.0,1.77,16.39,1,1,35.0,25.386666666666667,16.613333333333333,1.5837965160000003,27.080000000000005,4520.95,3,93,0,0,0,1,0,0,0,1,0,0,0,1,0,0,1,0
22.42,22.58,72.03,0.0,1.82,0.0,1,1,34.59,21.108333333333334,20.891666666666666,1.5191234979999997,35.78000000000001,4645.14,4,93,1,0,0,0,0,1,0,0,0,0,1,0,0,1,0,0
46.83,22.88,62.34,12.35,3.07,0.0,1,0,0.0,24.900000000000002,17.099999999999998,1.710966344,19.78,4760.74,5,93,0,1,0,0,1,0,0,0,0,0,1,0,0,1,0,0
21.34,22.75,75.58,0.0,2.71,0.0,4,1,35.0,25.555000000000003,16.444999999999997,1.5523818799999998,19.78,4729.27,6,93,0,1,0,0,0,1,0,0,1,0,0,0,1,0,0,0
15.86,21.54,67.61,0.0,2.0,172.08,1,1,35.0,21.791666666666668,20.208333333333332,1.4372334780000002,40.1,4656.839999999999,7,93,0,0,1,0,0,0,0,1,0,1,0,0,0,0,0,1
24.55,23.66,58.37,0.0,1.96,387.88,4,1,35.0,21.790000000000003,20.209999999999997,1.7975656340000001,40.1,4669.2699999999995,8,93,0,0,1,0,0,0,1,0,0,0,0,1,0,0,1,0
20.72,25.7,57.38,0.0,0.04,483.69,4,1,35.0,23.924999999999997,18.075000000000003,1.9991980999999999,27.080000000000005,4538.78,9,93,0,0,0,1,0,1,0,0,1,0,0,0,1,0,0,0
15.23,26.44,65.32,0.0,4.33,523.93,1,1,35.0,19.458333333333332,22.541666666666668,2.242178816,40.1,4704.2699999999995,10,93,0,0,1,0,0,0,1,0,0,0,1,0,0,1,0,0
10.57,29.04,51.19,0.0,0.0,763.22,1,1,35.0,24.496666666666666,17.503333333333334,2.577057172,19.78,4740.7300000000005,11,93,0,1,0,0,0,0,0,1,1,0,0,0,1,0,0,0
39.69,30.46,73.84,5.29,2.91,649.42,2,0,0.0,27.605,14.395,2.7068898480000008,32.370000000000005,4546.14,12,93,0,0,0,1,0,0,1,0,0,1,0,0,0,0,0,1
22.58,29.45,69.39,0.0,2.45,569.04,3,1,35.0,26.846666666666668,15.153333333333332,2.568882925,19.78,4750.56,13,93,0,1,0,0,0,0,1,0,0,0,1,0,0,1,0,0
19.73,31.89,72.88,0.0,2.08,526.57,4,1,35.0,25.75833333333333,16.24166666666667,2.915688774,19.78,4750.79,14,93,0,1,0,0,0,0,0,1,0,1,0,0,0,0,0,1
18.4,28.46,74.88,0.0,2.39,423.48,4,1,35.0,18.878333333333334,23.121666666666666,2.350878856,40.1,4713.459999999999,15,93,0,0,1,0,0,1,0,0,0,0,0,1,0,0,1,0
22.07,29.04,59.91,0.0,1.6,277.82,1,1,35.0,18.456666666666667,23.543333333333333,2.563114868,38.160000000000004,4732.91,16,93,0,0,1,0,0,0,0,1,0,1,0,0,0,0,0,1
13.65,28.53,56.69,0.0,3.18,186.19,1,1,35.0,19.605,22.395,2.5950452989999997,35.78000000000001,4648.27,17,93,1,0,0,0,0,0,1,0,0,0,1,0,0,1,0,0
19.36,29.41,43.32,0.0,0.82,0.0,4,1,35.0,25.084999999999997,16.915000000000003,2.764044474,32.370000000000005,4531.88,18,93,0,0,0,1,1,0,0,0,0,0,0,1,0,0,1,0
21.03,26.97,61.18,0.0,2.79,34.38,1,1,35.0,24.37,17.63,2.2866512919999993,32.370000000000005,4537.66,19,93,0,0,0,1,0,0,0,1,0,0,0,1,0,0,1,0
15.26,25.98,77.18,0.0,1.59,28.5,4,1,35.0,18.561666666666667,23.438333333333333,1.918373828,38.160000000000004,4741.509999999999,20,93,0,0,1,0,0,1,0,0,0,1,0,0,0,0,0,1
21.04,22.26,62.0,0.0,1.89,0.0,4,1,35.0,23.513333333333332,18.486666666666668,1.5742362800000003,32.370000000000005,4543.45,21,93,0,0,0,1,0,0,1,0,0,0,1,0,0,1,0,0
19.49,22.43,66.19,0.0,1.92,32.05,2,1,35.0,18.718333333333334,23.281666666666666,1.5589760190000004,35.78000000000001,4648.8,22,93,1,0,0,0,0,0,1,0,0,0,0,1,0,0,1,0
17.36,24.59,62.05,0.0,2.2,0.0,2,1,35.0,23.06833333333333,18.93166666666667,1.902482345,19.78,4762.62,23,93,0,1,0,0,1,0,0,0,0,0,0,1,0,0,1,0
18.83,19.33,72.76,0.0,3.0,0.0,4,1,35.0,23.444999999999997,18.555000000000003,1.179399546,32.370000000000005,4568.35,0,94,0,0,0,1,0,0,1,0,0,0,1,0,0,1,0,0
12.93,24.06,65.11,0.0,2.36,19.23,2,1,35.0,17.418333333333333,24.581666666666667,1.807582622,19.78,4770.7300000000005,1,94,0,1,0,0,0,0,0,1,0,0,0,1,0,0,1,0
26.8,22.66,56.7,0.0,3.52,0.0,1,1,34.9,20.958333333333336,21.041666666666664,1.7570554200000001,35.78000000000001,4663.6900000000005,2,94,1,0,0,0,1,0,0,0,1,0,0,0,1,0,0,0
29.29,20.92,59.43,0.0,3.65,0.0,3,1,31.36,24.873333333333335,17.126666666666665,1.5162917120000001,32.370000000000005,4590.49,3,94,0,0,0,1,0,1,0,0,0,1,0,0,0,0,0,1
16.83,21.2,79.05,0.0,2.77,0.0,2,1,35.0,16.666666666666668,25.333333333333332,1.3310615000000001,19.78,4780.87,4,94,0,1,0,0,0,1,0,0,1,0,0,0,1,0,0,0
25.84,25.92,69.99,0.0,3.22,46.16,3,1,35.0,20.224999999999998,21.775000000000002,2.0636200760000003,27.07,4747.389999999999,5,94,0,0,1,0,0,0,0,1,0,0,0,1,0,0,1,0
20.05,26.03,62.96,0.0,4.83,44.8,4,1,35.0,19.474999999999998,22.525000000000002,2.230864806,15.580000000000002,4767.16,6,94,0,0,1,0,0,0,0,1,0,1,0,0,0,0,0,1
20.95,24.69,77.79,0.0,0.7,183.15,1,1,35.0,21.75,20.25,1.6876612970000002,32.370000000000005,4621.849999999999,7,94,0,0,0,1,0,1,0,0,0,1,0,0,0,0,0,1
13.66,26.11,55.16,0.0,3.69,312.56,1,1,35.0,17.18166666666667,24.81833333333333,2.2643498419999997,19.78,4789.39,8,94,0,1,0,0,0,0,0,1,0,1,0,0,0,0,0,1
17.41,25.98,71.34,0.0,4.25,477.87,4,1,35.0,20.061666666666667,21.938333333333333,2.110179124,29.430000000000003,4676.24,9,94,1,0,0,0,0,0,0,1,0,0,0,1,0,0,1,0
21.57,28.11,62.63,0.0,2.92,532.73,4,1,35.0,20.531666666666666,21.468333333333334,2.452890271,15.580000000000002,4778.65,10,94,0,0,1,0,0,1,0,0,0,1,0,0,0,0,0,1
30.26,27.73,67.66,8.9,4.68,668.76,2,0,0.0,18.46166666666667,23.53833333333333,2.429329116,28.68,4796.88,11,94,0,1,0,0,0,0,1,0,0,1,0,0,0,0,0,1
14.48,29.26,45.49,0.0,4.53,683.26,1,1,35.0,19.041666666666668,22.958333333333332,2.9011692180000006,29.430000000000003,4678.2,12,94,1,0,0,0,0,0,0,1,0,0,1,0,0,1,0,0
13.69,32.49,57.78,0.0,2.0,695.46,1,1,35.0,20.805,21.195,3.1896969040000007,32.370000000000005,4626.879999999999,13,94,0,0,0,1,0,0,0,1,0,0,1,0,0,1,0,0
8.0,29.77,66.94,0.0,2.09,534.84,2,1,35.0,16.638333333333335,25.361666666666665,2.6292682359999997,29.430000000000003,4683.03,14,94,1,0,0,0,0,0,1,0,0,1,0,0,0,0,0,1
34.37,28.2,62.6,7.75,3.04,427.2,2,0,0.0,20.901666666666667,21.098333333333333,2.473252,36.43,4786.34,15,94,0,1,0,0,0,1,0,0,0,0,1,0,0,1,0,0
22.47,27.32,72.53,0.0,1.65,344.3,2,1,35.0,21.75333333333333,20.24666666666667,2.164972992,36.43,4757.05,16,94,0,1,0,0,1,0,0,0,0,0,1,0,0,1,0,0
40.29,28.93,71.01,11.2,5.65,158.65,1,0,0.0,24.179999999999996,17.820000000000004,2.6286590910000003,26.78,4779.349999999999,17,94,0,0,1,0,0,0,0,1,0,0,0,1,0,0,1,0
24.3,26.77,57.48,0.0,3.35,34.98,3,1,35.0,18.413333333333334,23.586666666666666,2.322486242,29.430000000000003,4685.99,18,94,1,0,0,0,0,0,0,1,0,0,1,0,0,1,0,0
17.03,27.31,69.52,0.0,2.46,46.12,2,1,35.0,18.003333333333334,23.996666666666666,2.235203574,29.430000000000003,4712.23,19,94,1,0,0,0,0,0,1,0,0,0,1,0,0,1,0,0
30.28,23.48,59.87,0.0,0.71,59.6,2,1,28.76,24.645,17.355,1.6963553920000003,36.43,4792.05,20,94,0,1,0,0,0,0,1,0,0,0,0,1,0,0,1,0
15.84,25.91,65.25,0.0,2.7,2.04,2,1,35.0,16.176666666666666,25.823333333333334,2.0838322049999998,29.430000000000003,4747.23,21,94,1,0,0,0,0,0,1,0,1,0,0,0,1,0,0,0
20.07,22.32,72.34,0.0,0.98,30.81,3,1,35.0,23.846666666666668,18.153333333333332,1.4410757360000002,26.78,4744.349999999999,22,94,0,0,1,0,1,0,0,0,0,1,0,0,0,0,0,1
19.56,23.15,61.23,0.0,3.31,0.0,1,1,35.0,16.535,25.465,1.7691879950000002,24.700000000000003,4747.23,23,94,1,0,0,0,0,0,1,0,0,0,0,1,0,0,1,0
22.09,22.07,73.45,0.0,0.0,7.6,1,1,35.0,20.981666666666666,21.018333333333334,1.350297225,32.370000000000005,4632.36,0,95,0,0,0,1,0,0,1,0,0,1,0,0,0,0,0,1
19.49,24.76,62.26,0.0,4.06,0.0,3,1,35.0,17.37,24.63,2.017256192,24.700000000000003,4747.23,1,95,1,0,0,0,1,0,0,0,0,1,0,0,0,0,0,1
20.62,22.3,63.7,0.0,1.89,0.0,3,1,35.0,25.276666666666667,16.723333333333333,1.5637239,36.43,4800.2300000000005,2,95,0,1,0,0,0,0,0,1,1,0,0,0,1,0,0,0
17.06,25.1,70.47,0.0,0.37,63.84,1,1,35.0,20.31833333333333,21.68166666666667,1.79978951,25.290000000000003,4652.549999999999,3,95,0,0,0,1,1,0,0,0,0,0,0,1,0,0,1,0
18.91,23.42,61.01,0.0,2.38,0.0,3,1,35.0,26.15166666666667,15.84833333333333,1.7609451140000003,32.93,4811.7300000000005,4,95,0,1,0,0,0,0,1,0,0,0,1,0,0,1,0,0
9.1,25.35,59.11,0.0,2.42,0.0,2,1,35.0,18.696666666666665,23.303333333333335,2.0502235550000005,25.290000000000003,4664.179999999999,5,95,0,0,0,1,0,0,1,0,1,0,0,0,1,0,0,0
25.08,23.73,73.9,0.0,2.32,1.88,4,1,35.0,25.28833333333333,16.71166666666667,1.6767804600000003,32.93,4811.740000000001,6,95,0,1,0,0,1,0,0,0,0,1,0,0,0,0,0,1
15.03,25.53,65.94,0.0,4.06,190.75,3,1,35.0,18.541666666666668,23.458333333333332,2.090142824,24.700000000000003,4756.0599999999995,7,95,1,0,0,0,0,0,1,0,0,0,0,1,0,0,1,0
16.26,27.87,53.12,0.0,2.86,286.6,2,1,35.0,22.27,19.73,2.5125148779999997,32.93,4816.54,8,95,0,1,0,0,0,0,1,0,0,0,0,1,0,0,1,0
13.06,28.44,68.84,0.0,3.36,449.15,4,1,35.0,20.701666666666668,21.298333333333332,2.460523712,32.93,4816.54,9,95,0,1,0,0,0,0,0,1,0,1,0,0,0,0,0,1
20.95,28.84,59.68,0.0,2.1,542.06,3,1,35.0,17.983333333333334,24.016666666666666,2.558525184,24.700000000000003,4756.0599999999995,10,95,1,0,0,0,0,1,0,0,0,0,0,1,0,0,1,0
15.65,28.38,53.08,0.0,2.91,549.03,1,1,35.0,17.753333333333334,24.246666666666666,2.596069408,17.26,4763.05,11,95,1,0,0,0,0,1,0,0,0,1,0,0,0,0,0,1
24.72,29.27,44.63,10.62,0.83,690.69,1,0,0.0,19.775000000000002,22.224999999999998,2.7271306269999998,39.62,4826.0,12,95,0,1,0,0,0,0,0,1,0,1,0,0,0,0,0,1
17.8,31.61,66.63,0.0,2.71,576.4,3,1,35.0,16.781666666666666,25.218333333333334,2.9705519209999998,25.290000000000003,4664.179999999999,13,95,0,0,0,1,0,1,0,0,1,0,0,0,1,0,0,0
12.38,32.06,53.93,0.0,1.49,506.8,4,1,35.0,23.366666666666664,18.633333333333336,3.1326182260000004,23.950000000000003,4744.94,14,95,0,0,1,0,0,1,0,0,0,0,0,1,0,0,1,0
23.57,29.02,53.68,3.2,3.98,492.79,1,0,0.0,22.988333333333333,19.011666666666667,2.745989272,27.150000000000002,4761.4,15,95,0,0,1,0,0,0,1,0,0,1,0,0,0,0,0,1
22.45,28.39,67.36,0.0,2.49,313.28,4,1,35.0,23.388333333333335,18.611666666666665,2.4249559979999997,27.15,4738.19,16,95,0,0,1,0,0,0,0,1,0,1,0,0,0,0,0,1
13.86,27.52,69.23,0.0,3.2,157.72,2,1,35.0,22.103333333333335,19.896666666666665,2.3069488920000003,22.47,4738.58,17,95,0,0,1,0,0,0,1,0,0,1,0,0,0,0,0,1
17.46,29.29,56.66,0.0,2.71,0.0,3,1,35.0,19.24833333333333,22.75166666666667,2.694144568,39.62,4802.070000000001,18,95,0,1,0,0,0,0,0,1,0,1,0,0,0,0,0,1
16.01,25.68,71.44,0.0,4.57,37.6,1,1,35.0,18.05666666666667,23.94333333333333,2.0821741440000006,22.47,4773.58,19,95,0,0,1,0,0,0,0,1,1,0,0,0,1,0,0,0
23.83,27.27,78.17,0.0,0.53,0.0,1,1,35.0,20.06833333333333,21.93166666666667,2.043017433,39.62,4805.01,20,95,0,1,0,0,0,0,1,0,1,0,0,0,1,0,0,0
20.14,25.83,74.37,0.0,2.26,20.83,4,1,35.0,19.245,22.755,1.9587191569999995,39.62,4840.01,21,95,0,1,0,0,0,0,0,1,0,1,0,0,0,0,0,1
20.71,23.23,75.36,0.0,1.25,0.0,3,1,35.0,18.163333333333338,23.836666666666662,1.543527086,22.47,4783.83,22,95,0,0,1,0,0,0,0,1,0,1,0,0,0,0,0,1
13.67,25.56,67.35,0.0,0.0,11.55,2,1,35.0,17.391666666666666,24.608333333333334,1.8773795999999998,17.26,4772.13,23,95,1,0,0,0,0,1,0,0,0,0,1,0,0,1,0,0
24.55,20.52,66.08,0.0,1.17,31.59,1,1,35.0,17.381666666666664,24.618333333333336,1.284648032,25.290000000000003,4665.58,0,96,0,0,0,1,0,0,1,0,0,0,0,1,0,0,1,0
24.69,24.8,65.37,0.0,3.81,49.18,4,1,35.0,20.215,21.785,1.97990874,22.47,4818.83,1,96,0,0,1,0,1,0,0,0,0,1,0,0,0,0,0,1
16.94,22.65,70.56,0.0,2.36,0.0,1,1,35.0,19.11,22.89,1.56878779,22.47,4853.83,2,96,0,0,1,0,1,0,0,0,0,1,0,0,0,0,0,1
21.52,19.2,61.44,0.0,2.14,0.0,1,1,35.0,18.686666666666667,23.313333333333333,1.2180655999999999,25.290000000000003,4665.58,3,96,0,0,0,1,0,1,0,0,0,0,0,1,0,0,1,0
23.02,25.1,60.13,0.0,3.33,55.94,1,1,35.0,17.96833333333333,24.03166666666667,2.0498142900000005,14.560000000000002,4781.73,4,96,1,0,0,0,1,0,0,0,0,1,0,0,0,0,0,1
44.76,24.81,55.76,7.46,2.54,32.27,2,0,0.0,22.465,19.535,2.0119897019999997,32.75,4668.82,5,96,0,0,0,1,1,0,0,0,0,1,0,0,0,0,0,1
22.67,23.53,68.42,0.0,3.14,0.0,2,1,35.0,23.400000000000002,18.599999999999998,1.7433445920000001,32.75,4633.82,6,96,0,0,0,1,0,0,1,0,0,0,0,1,0,0,1,0
20.69,23.69,67.23,0.0,2.79,168.37,3,1,35.0,25.331666666666667,16.668333333333333,1.7586099089999998,27.920000000000005,4644.469999999999,7,96,0,0,0,1,0,1,0,0,0,0,0,1,0,0,1,0
27.21,23.82,61.97,4.06,3.05,335.4,0,0,0.0,26.900000000000002,15.099999999999998,1.8394792980000003,22.02,4653.4,8,96,0,0,0,1,0,0,0,1,0,0,0,1,0,0,1,0
16.08,30.83,66.68,0.0,1.86,446.57,3,1,35.0,18.048333333333336,23.951666666666664,2.7954955379999995,22.47,4866.79,9,96,0,0,1,0,0,1,0,0,0,0,1,0,0,1,0,0
22.81,26.79,65.11,0.0,3.66,582.07,4,1,35.0,19.540000000000003,22.459999999999997,2.262753403,22.47,4866.79,10,96,0,0,1,0,0,0,1,0,0,0,0,1,0,0,1,0
14.36,27.11,59.08,0.0,0.95,645.02,4,1,35.0,19.265,22.735,2.2375181859999995,17.060000000000002,4884.089999999999,11,96,0,0,1,0,0,0,0,1,0,0,0,1,0,0,1,0
21.66,30.04,67.03,0.0,2.3,610.98,4,1,35.0,20.145,21.855,2.682816784,39.62,4856.4400000000005,12,96,0,1,0,0,0,0,0,1,1,0,0,0,1,0,0,0
19.44,27.58,70.04,4.83,3.72,610.71,1,0,0.0,17.959999999999997,24.040000000000003,2.3335994239999995,7.9600000000000035,4796.08,13,96,1,0,0,0,1,0,0,0,1,0,0,0,1,0,0,0
21.1,28.7,57.07,0.0,2.22,547.02,4,1,35.0,18.971666666666668,23.028333333333332,2.5701013500000003,4.830000000000004,4796.08,14,96,1,0,0,0,0,0,1,0,0,0,0,1,0,0,1,0
20.78,31.53,62.0,0.0,1.88,450.68,4,1,35.0,26.271666666666665,15.728333333333335,2.96791647,22.020000000000003,4618.4,15,96,0,0,0,1,0,0,0,1,0,1,0,0,0,0,0,1
20.79,30.34,55.88,0.0,5.15,334.45,4,1,35.0,21.433333333333334,20.566666666666666,2.998090944,39.62,4876.55,16,96,0,1,0,0,0,0,0,1,1,0,0,0,1,0,0,0
19.24,28.42,61.48,0.0,4.1,174.55,1,1,35.0,19.02,22.98,2.5726472320000005,14.400000000000002,4898.28,17,96,0,0,1,0,0,0,1,0,0,0,0,1,0,0,1,0
23.8,28.2,64.04,2.12,2.57,0.0,2,0,0.0,21.279999999999998,20.720000000000002,2.4345168,29.389999999999997,4892.92,18,96,0,1,0,0,1,0,0,0,1,0,0,0,1,0,0,0
16.99,26.55,68.28,0.0,1.24,46.91,4,1,35.0,25.51666666666667,16.48333333333333,2.07374261,16.810000000000002,4622.209999999999,19,96,0,0,0,1,0,1,0,0,0,0,0,1,0,0,1,0
29.72,26.08,66.96,8.94,0.0,0.18,2,0,0.0,19.85833333333333,22.14166666666667,1.9563108159999998,23.34,4901.629999999999,20,96,0,0,1,0,0,0,1,0,1,0,0,0,1,0,0,0
21.73,24.0,68.31,0.0,3.25,51.23,4,1,35.0,21.991666666666664,20.008333333333336,1.81312766,29.39,4878.67,21,96,0,1,0,0,0,0,0,1,0,1,0,0,0,0,0,1
20.81,23.31,59.41,0.0,3.92,50.41,3,1,35.0,18.948333333333334,23.051666666666666,1.838291057,4.830000000000004,4831.08,22,96,1,0,0,0,0,0,0,1,0,1,0,0,0,0,0,1
25.07,22.43,70.37,0.0,2.87,0.0,2,1,35.0,22.235,19.765,1.567798897,16.810000000000002,4622.209999999999,23,96,0,0,0,1,0,0,1,0,0,1,0,0,0,0,0,1
19.73,21.75,72.05,0.0,0.35,0.0,3,1,35.0,21.745,20.255,1.3405859249999998,16.810000000000002,4657.209999999999,0,97,0,0,0,1,1,0,0,0,0,0,0,1,0,0,1,0
21.21,24.01,71.21,0.0,2.59,0.0,2,1,35.0,21.555000000000003,20.444999999999997,1.7535969070000001,29.39,4885.400000000001,1,97,0,1,0,0,0,1,0,0,0,0,1,0,0,1,0,0
21.85,23.46,61.79,0.0,1.82,10.97,1,1,35.0,20.676666666666666,21.323333333333334,1.7309323380000001,23.34,4873.5599999999995,2,97,0,0,1,0,0,0,1,0,0,1,0,0,0,0,0,1
36.99,21.05,75.17,7.63,2.59,25.42,2,0,0.0,24.363333333333333,17.636666666666667,1.3387412150000002,37.02,4893.610000000001,3,97,0,1,0,0,0,1,0,0,1,0,0,0,1,0,0,0
30.56,21.05,59.54,3.02,4.73,5.14,2,0,0.0,23.09,18.91,1.5854030800000003,26.36,4908.5599999999995,4,97,0,0,1,0,0,0,1,0,0,0,0,1,0,0,1,0
15.6,23.24,63.99,0.0,3.35,0.0,3,1,35.0,18.94,23.06,1.7571556719999997,4.830000000000004,4866.08,5,97,1,0,0,0,0,1,0,0,0,1,0,0,0,0,0,1
21.73,27.54,61.64,0.0,3.09,57.81,2,1,35.0,22.909999999999997,19.090000000000003,2.383632032,26.36,4873.5599999999995,6,97,0,0,1,0,0,0,1,0,0,0,0,1,0,0,1,0
19.43,23.73,57.78,0.0,2.35,152.89,1,1,35.0,23.99166666666667,18.00833333333333,1.832257088,37.02,4861.650000000001,7,97,0,1,0,0,0,1,0,0,0,0,0,1,0,0,1,0
34.37,26.07,62.71,6.71,2.9,350.96,1,0,0.0,22.39,19.61,2.142738899,11.540000000000003,4875.13,8,97,1,0,0,0,0,0,1,0,0,1,0,0,0,0,0,1
25.61,27.48,65.17,0.0,1.53,458.32,1,1,35.0,24.795,17.205,2.2596706720000004,37.02,4872.620000000001,9,97,0,1,0,0,1,0,0,0,1,0,0,0,1,0,0,0
8.0,28.14,50.3,0.0,3.07,560.64,3,1,35.0,22.161666666666665,19.838333333333335,2.59534882,37.02,4877.51,10,97,0,1,0,0,0,0,1,0,0,0,1,0,0,1,0,0
23.68,28.45,60.08,0.0,2.17,651.43,2,1,35.0,22.486666666666668,19.513333333333332,2.4957677499999997,37.02,4877.51,11,97,0,1,0,0,0,0,0,1,0,0,0,1,0,0,1,0
35.4,31.5,48.16,11.24,1.41,704.01,0,0,0.0,24.85166666666667,17.14833333333333,3.09619876,48.260000000000005,4877.77,12,97,0,1,0,0,0,0,0,1,1,0,0,0,1,0,0,0
11.86,30.85,75.21,0.0,3.38,638.53,3,1,35.0,22.49333333333333,19.50666666666667,2.7793984550000004,26.36,4875.009999999999,13,97,0,0,1,0,0,0,1,0,1,0,0,0,1,0,0,0
13.5,31.58,61.83,0.0,0.0,545.81,4,1,35.0,20.546666666666667,21.453333333333333,2.8844388779999997,16.810000000000002,4657.209999999999,14,97,0,0,0,1,0,0,1,0,0,0,0,1,0,0,1,0
10.82,31.06,61.64,0.0,1.75,511.42,1,1,35.0,17.815,24.185,2.8852626879999996,16.810000000000002,4671.879999999999,15,97,0,0,0,1,0,1,0,0,0,0,1,0,0,1,0,0
18.47,31.11,62.33,0.0,3.14,342.28,4,1,35.0,21.765,20.235,2.955488361,39.36,4849.14,16,97,0,1,0,0,0,1,0,0,0,0,1,0,0,1,0,0
10.5,31.51,64.62,0.0,3.87,174.2,4,1,35.0,20.276666666666667,21.723333333333333,3.0342688240000006,31.61,4849.14,17,97,0,1,0,0,0,0,0,1,0,0,1,0,0,1,0,0
22.41,30.3,68.2,0.0,2.97,35.97,2,1,35.0,23.021666666666665,18.978333333333335,2.7460924,26.36,4881.03,18,97,0,0,1,0,0,1,0,0,0,1,0,0,0,0,0,1
19.52,30.83,49.99,0.0,1.59,11.28,3,1,35.0,21.80666666666667,20.19333333333333,2.968671518999999,11.540000000000003,4841.5199999999995,19,97,1,0,0,0,0,1,0,0,0,0,0,1,0,0,1,0
18.8,28.13,72.26,0.0,2.34,85.99,4,1,35.0,21.7,20.3,2.3252776559999995,11.540000000000003,4844.15,20,97,1,0,0,0,0,0,1,0,0,0,0,1,0,0,1,0
9.78,24.27,74.91,0.0,2.75,0.07,1,1,35.0,15.981666666666667,26.01833333333333,1.7610528189999999,11.520000000000001,4678.469999999999,21,97,0,0,0,1,0,0,1,0,1,0,0,0,1,0,0,0
12.55,25.58,64.67,0.0,4.27,40.24,4,1,35.0,20.16,21.84,2.1204804619999997,26.36,4896.5,22,97,0,0,1,0,0,0,0,1,0,0,1,0,0,1,0,0
19.37,24.55,65.13,0.0,3.5,15.47,3,1,35.0,19.236666666666668,22.763333333333332,1.931893985,31.61,4864.43,23,97,0,1,0,0,0,0,1,0,0,1,0,0,0,0,0,1
18.84,25.86,43.2,0.0,3.51,15.35,3,1,35.0,21.043333333333333,20.956666666666667,2.33850372,31.61,4864.43,0,98,0,1,0,0,0,1,0,0,0,0,0,1,0,0,1,0
24.76,21.12,59.99,0.0,2.48,0.0,2,1,35.0,21.223333333333333,20.776666666666667,1.4775714359999998,31.61,4864.43,1,98,0,1,0,0,1,0,0,0,0,1,0,0,0,0,0,1
8.0,23.28,70.61,0.0,1.11,0.0,4,1,35.0,16.656666666666666,25.343333333333334,1.5879359960000001,31.61,4864.43,2,98,0,1,0,0,0,1,0,0,0,0,1,0,0,1,0,0
30.17,21.55,76.76,7.74,0.71,17.38,2,0,0.0,18.17833333333333,23.82166666666667,1.2911663700000002,19.26,4680.169999999999,3,98,0,0,0,1,0,0,1,0,0,0,0,1,0,0,1,0
24.21,23.74,71.71,0.0,2.04,0.0,4,1,35.0,20.553333333333335,21.446666666666665,1.6850353980000001,26.36,4908.41,4,98,0,0,1,0,0,1,0,0,0,1,0,0,0,0,0,1
18.32,23.29,66.44,0.0,3.24,0.0,4,1,35.0,17.053333333333335,24.946666666666665,1.7351635220000001,19.26,4645.169999999999,5,98,0,0,0,1,0,1,0,0,0,1,0,0,0,0,0,1
16.96,25.16,78.95,0.0,1.8,0.54,3,1,35.0,21.01,20.99,1.7959201200000003,11.540000000000003,4879.15,6,98,1,0,0,0,0,0,1,0,0,0,1,0,0,1,0,0
16.4,23.29,74.01,2.49,3.09,211.65,2,0,0.0,20.275,21.725,1.656121723,14.030000000000005,4887.5199999999995,7,98,1,0,0,0,1,0,0,0,1,0,0,0,1,0,0,0
23.08,27.63,60.74,0.0,1.45,327.82,2,1,35.0,19.30666666666667,22.69333333333333,2.3248648839999997,26.36,4943.41,8,98,0,0,1,0,0,0,0,1,0,0,0,1,0,0,1,0
15.25,27.78,78.65,0.0,1.63,461.88,1,1,35.0,16.30666666666667,25.69333333333333,2.16926911,19.26,4645.169999999999,9,98,0,0,0,1,0,0,0,1,0,1,0,0,0,0,0,1
22.6,28.67,54.99,0.0,4.09,525.86,1,1,35.0,17.345,24.655,2.6810396509999994,31.61,4899.43,10,98,0,1,0,0,0,0,0,1,0,0,1,0,0,1,0,0
22.33,32.19,49.54,0.0,3.32,687.2,2,1,35.0,19.316666666666666,22.683333333333334,3.2975135719999993,31.61,4906.900000000001,11,98,0,1,0,0,0,0,0,1,0,0,1,0,0,1,0,0
23.29,29.33,59.19,0.0,2.03,688.75,3,1,35.0,19.566666666666666,22.433333333333334,2.6392289889999994,26.36,4978.41,12,98,0,0,1,0,1,0,0,0,0,1,0,0,0,0,0,1
15.63,30.82,55.64,0.0,1.4,670.54,3,1,35.0,20.195,21.805,2.894277456,15.16,4986.23,13,98,0,0,1,0,0,0,1,0,0,0,0,1,0,0,1,0
13.5,30.59,58.57,0.0,3.54,512.07,2,1,35.0,19.925,22.075,2.929708701,14.030000000000005,4855.25,14,98,1,0,0,0,0,0,0,1,0,0,0,1,0,0,1,0
13.13,30.6,66.71,0.0,3.45,471.92,2,1,35.0,16.385,25.615,2.8362762800000003,14.030000000000005,4890.25,15,98,1,0,0,0,0,0,1,0,0,1,0,0,0,0,0,1
24.14,33.24,58.77,0.0,3.17,292.16,2,1,35.0,17.155,24.845,3.3706972960000003,14.030000000000005,4894.39,16,98,1,0,0,0,0,0,1,0,0,0,0,1,0,0,1,0
18.14,29.36,62.05,1.44,2.19,195.24,4,1,35.0,19.483333333333334,22.516666666666666,2.6210765400000002,16.6,4991.389999999999,17,98,0,0,1,0,0,0,1,0,0,1,0,0,0,0,0,1
22.92,27.59,63.94,0.0,1.09,11.26,4,1,35.0,21.211666666666666,20.788333333333334,2.267298812,16.6,4991.389999999999,18,98,0,0,1,0,0,0,0,1,0,0,1,0,0,1,0,0
18.44,30.28,45.19,0.0,2.38,18.16,2,1,35.0,17.13,24.87,2.967754424,19.26,4650.379999999999,19,98,0,0,0,1,0,1,0,0,0,0,0,1,0,0,1,0
16.54,25.98,54.21,0.0,4.09,0.0,3,1,35.0,18.845000000000002,23.154999999999998,2.274667946,31.61,4913.4400000000005,20,98,0,1,0,0,0,0,0,1,0,0,0,1,0,0,1,0
18.5,23.0,64.51,0.0,1.31,0.0,4,1,35.0,17.105,24.895,1.6184581599999999,14.030000000000005,4903.75,21,98,1,0,0,0,0,1,0,0,1,0,0,0,1,0,0,0
25.67,23.33,61.04,0.0,2.46,0.0,2,1,35.0,18.55666666666667,23.44333333333333,1.7525623739999998,14.030000000000005,4923.48,22,98,1,0,0,0,0,0,0,1,0,0,0,1,0,0,1,0
19.89,21.74,66.58,0.0,4.36,10.77,2,1,35.0,18.641666666666666,23.358333333333334,1.5895872439999998,19.26,4672.0,23,98,0,0,0,1,0,1,0,0,0,1,0,0,0,0,0,1
17.45,20.41,79.1,0.0,2.03,0.0,3,1,35.0,18.731666666666666,23.268333333333334,1.2000374999999999,14.030000000000005,4958.48,0,99,1,0,0,0,1,0,0,0,0,0,0,1,0,0,1,0
15.67,22.16,67.35,0.0,2.25,8.86,3,1,35.0,19.788333333333334,22.211666666666666,1.5301809000000002,13.400000000000002,5009.0199999999995,1,99,0,0,1,0,0,0,0,1,0,0,0,1,0,0,1,0
21.29,22.46,58.37,0.0,0.78,0.0,4,1,35.0,19.49,22.51,1.5782565540000002,13.400000000000002,5010.2,2,99,0,0,1,0,0,0,0,1,1,0,0,0,1,0,0,0
16.81,24.48,60.47,0.0,3.15,0.0,1,1,35.0,18.41,23.59,1.9499986519999999,13.400000000000002,5010.2,3,99,0,0,1,0,1,0,0,0,1,0,0,0,1,0,0,0
26.02,24.05,78.33,1.9,1.51,48.83,4,1,30.58,20.141666666666666,21.858333333333334,1.6364673349999999,15.3,5014.78,4,99,0,0,1,0,0,0,1,0,0,1,0,0,0,0,0,1
32.0,24.62,76.63,0.0,0.53,11.63,1,1,24.52,21.038333333333334,20.961666666666666,1.680926662,20.990000000000002,4948.4400000000005,5,99,0,1,0,0,0,1,0,0,0,1,0,0,0,0,0,1
22.22,23.23,71.19,0.0,1.26,13.82,2,1,35.0,20.185,21.815,1.5833789589999998,14.030000000000005,4958.48,6,99,1,0,0,0,0,0,0,1,0,1,0,0,0,0,0,1
26.92,26.86,53.17,0.0,2.65,182.33,2,1,35.0,21.39833333333333,20.60166666666667,2.3453538739999997,20.990000000000002,4952.89,7,99,0,1,0,0,0,0,0,1,0,1,0,0,0,0,0,1
13.23,28.66,64.82,0.0,0.5,307.08,3,1,35.0,20.201666666666668,21.798333333333332,2.394896724,14.030000000000005,4974.17,8,99,1,0,0,0,0,0,1,0,0,0,0,1,0,0,1,0
20.49,28.2,65.73,0.0,0.74,516.73,3,1,35.0,20.426666666666666,21.573333333333334,2.3251366,19.26,4682.889999999999,9,99,0,0,0,1,1,0,0,0,0,1,0,0,0,0,0,1
22.73,29.2,62.42,0.0,3.07,575.41,1,1,35.0,19.186666666666667,22.813333333333333,2.6352598,19.26,4682.889999999999,10,99,0,0,0,1,0,0,0,1,1,0,0,0,1,0,0,0
24.35,27.5,59.61,0.0,2.31,634.05,4,1,35.0,24.123333333333335,17.876666666666665,2.3596484099999997,20.990000000000002,4962.35,11,99,0,1,0,0,0,1,0,0,0,0,1,0,0,1,0,0
21.37,31.62,57.77,0.0,1.3,674.04,4,1,35.0,19.695,22.305,3.002470438,19.26,4682.889999999999,12,99,0,0,0,1,0,1,0,0,1,0,0,0,1,0,0,0
14.14,33.11,54.64,0.0,2.01,660.78,1,1,35.0,22.713333333333335,19.286666666666665,3.3376530779999998,20.990000000000002,4974.24,13,99,0,1,0,0,0,0,0,1,0,0,0,1,0,0,1,0
19.73,31.05,52.74,0.0,4.49,519.32,3,1,35.0,20.406666666666666,21.593333333333334,3.12056248,15.3,5015.34,14,99,0,0,1,0,0,0,1,0,1,0,0,0,1,0,0,0
11.08,29.54,71.53,0.0,3.94,461.59,4,1,35.0,20.838333333333335,21.161666666666665,2.634541334,20.990000000000002,4990.54,15,99,0,1,0,0,0,0,0,1,0,0,1,0,0,1,0,0
24.04,29.79,67.94,0.0,2.27,403.23,1,1,35.0,22.088333333333335,19.911666666666665,2.6305731720000005,20.990000000000002,4990.54,16,99,0,1,0,0,0,0,1,0,0,0,0,1,0,0,1,0
11.84,28.77,60.59,0.0,3.38,226.17,2,1,35.0,18.728333333333335,23.271666666666665,2.6015979209999998,18.87,4990.54,17,99,0,1,0,0,0,1,0,0,0,0,1,0,0,1,0,0
23.3,28.03,65.64,0.0,2.55,0.0,2,1,35.0,18.125,23.875,2.390209594,18.87,5000.69,18,99,0,1,0,0,0,0,1,0,1,0,0,0,1,0,0,0
21.91,28.58,65.47,0.0,0.27,25.48,4,1,35.0,20.805,21.195,2.3638482419999995,19.26,4682.889999999999,19,99,0,0,0,1,0,0,0,1,0,0,1,0,0,1,0,0
22.81,26.99,80.41,0.0,0.06,0.0,3,1,35.0,17.868333333333336,24.131666666666664,1.9550691329999996,18.87,5002.53,20,99,0,1,0,0,0,1,0,0,0,1,0,0,0,0,0,1
27.91,27.04,70.08,0.0,1.31,12.38,1,1,31.68,21.238333333333333,20.761666666666667,2.1314402240000003,15.3,5016.400000000001,21,99,0,0,1,0,0,1,0,0,0,0,0,1,0,0,1,0
23.98,25.13,71.34,0.0,0.51,0.0,3,1,35.0,20.175,21.825,1.8024070439999997,14.030000000000005,4976.34,22,99,1,0,0,0,0,0,1,0,0,0,0,1,0,0,1,0
12.74,22.45,67.91,0.0,2.73,0.0,3,1,35.0,19.855,22.145,1.586131925,19.26,4684.2,23,99,0,0,0,1,0,1,0,0,0,0,0,1,0,0,1,0
22.31,22.49,64.57,0.0,1.74,0.0,3,1,35.0,20.258333333333336,21.741666666666664,1.572730011,19.26,4693.3099999999995,0,100,0,0,0,1,0,0,0,1,0,0,1,0,0,1,0,0
9.9,21.99,77.69,0.0,2.91,58.88,4,1,35.0,17.161666666666665,24.838333333333335,1.4469632569999997,11.24,5007.14,1,100,0,1,0,0,0,1,0,0,0,0,1,0,0,1,0,0
18.87,22.42,72.23,0.0,2.93,0.0,1,1,35.0,19.988333333333333,22.011666666666667,1.552313682,19.26,4705.339999999999,2,100,0,0,0,1,0,0,1,0,0,0,0,1,0,0,1,0
16.29,25.53,59.37,0.0,3.23,39.96,2,1,35.0,19.80666666666667,22.19333333333333,2.114118787,14.030000000000005,4976.34,3,100,1,0,0,0,0,0,1,0,0,0,0,1,0,0,1,0
34.04,26.17,67.84,7.14,1.28,0.0,1,0,0.0,20.988333333333333,21.011666666666667,2.0245255660000003,18.38,5021.3099999999995,4,100,0,1,0,0,0,0,0,1,0,0,0,1,0,0,1,0
14.49,25.13,71.36,0.0,3.02,0.0,4,1,35.0,21.041666666666668,20.958333333333332,1.9277095659999999,15.3,5029.07,5,100,0,0,1,0,0,1,0,0,0,0,0,1,0,0,1,0
14.78,24.88,51.03,0.0,1.25,13.63,4,1,35.0,18.663333333333334,23.336666666666666,2.003889428,19.26,4728.45,6,100,0,0,0,1,0,1,0,0,0,1,0,0,0,0,0,1
21.76,23.62,60.25,0.0,3.25,122.78,4,1,35.0,21.12,20.88,1.83870527,15.3,5030.639999999999,7,100,0,0,1,0,0,0,1,0,0,0,0,1,0,0,1,0
23.3,27.03,66.52,0.0,3.87,348.26,2,1,35.0,20.865,21.135,2.2946552019999995,18.38,4990.08,8,100,0,1,0,0,1,0,0,0,0,0,0,1,0,0,1,0
17.71,26.55,50.89,0.0,3.27,454.85,2,1,35.0,18.05333333333333,23.94666666666667,2.352629305,11.8,4763.45,9,100,0,0,0,1,1,0,0,0,0,0,1,0,0,1,0,0
26.54,31.15,48.32,0.0,2.19,543.64,2,1,35.0,18.825,23.175,3.07251203,11.8,4776.0199999999995,10,100,0,0,0,1,0,0,0,1,0,1,0,0,0,0,0,1
15.61,27.12,62.01,0.0,3.08,601.06,1,1,35.0,19.30333333333333,22.69666666666667,2.315267404,11.8,4811.0199999999995,11,100,0,0,0,1,0,1,0,0,0,1,0,0,0,0,0,1
18.53,30.74,64.45,0.0,0.56,719.0,4,1,35.0,18.673333333333332,23.326666666666668,2.7403423899999995,7.740000000000002,4819.87,12,100,0,0,0,1,0,0,1,0,1,0,0,0,1,0,0,0
17.72,29.25,65.96,0.0,0.29,626.65,1,1,35.0,18.481666666666666,23.518333333333334,2.46600261,7.740000000000002,4825.46,13,100,0,0,0,1,1,0,0,0,0,0,1,0,0,1,0,0
13.42,30.69,72.13,0.0,2.96,560.24,3,1,35.0,20.555,21.445,2.7663193790000005,15.3,5030.639999999999,14,100,0,0,1,0,0,0,0,1,0,1,0,0,0,0,0,1
21.15,31.56,60.93,0.0,3.97,490.17,1,1,35.0,22.416666666666668,19.583333333333332,3.0897175759999995,18.38,5025.08,15,100,0,1,0,0,0,0,1,0,0,1,0,0,0,0,0,1
10.05,31.7,57.63,0.0,0.92,295.54,1,1,35.0,17.203333333333333,24.796666666666667,2.998927449999999,14.030000000000005,4976.34,16,100,1,0,0,0,0,0,1,0,1,0,0,0,1,0,0,0
8.0,29.44,52.9,0.0,2.42,207.93,3,1,35.0,19.866666666666667,22.133333333333333,2.7449458,18.38,5030.55,17,100,0,1,0,0,0,0,0,1,0,0,1,0,0,1,0,0
14.95,29.84,59.03,0.0,2.93,0.0,1,1,35.0,18.71,23.29,2.769324964,15.3,5030.639999999999,18,100,0,0,1,0,0,1,0,0,0,1,0,0,0,0,0,1
16.15,26.74,69.16,0.0,1.66,0.0,1,1,35.0,16.986666666666668,25.013333333333332,2.113810208,14.030000000000005,4988.13,19,100,1,0,0,0,0,0,1,0,0,0,1,0,0,1,0,0
22.53,27.07,69.21,0.0,1.99,0.0,1,1,35.0,19.773333333333333,22.226666666666667,2.1788969490000003,7.740000000000002,4825.46,20,100,0,0,0,1,0,0,0,1,0,1,0,0,0,0,0,1
10.9,27.17,65.72,0.0,3.14,0.0,2,1,35.0,17.238333333333333,24.761666666666667,2.2874717380000003,15.3,5051.32,21,100,0,0,1,0,0,0,1,0,0,0,1,0,0,1,0,0
20.93,25.2,69.27,0.0,2.53,2.84,1,1,35.0,16.075,25.925,1.9336997,6.359999999999999,5051.32,22,100,0,0,1,0,1,0,0,0,0,1,0,0,0,0,0,1
21.03,23.08,76.07,0.0,2.54,0.0,1,1,35.0,16.788333333333334,25.211666666666666,1.5818333519999996,14.030000000000005,4988.13,23,100,1,0,0,0,0,1,0,0,0,0,1,0,0,1,0,0
20.61,22.95,67.77,0.0,1.22,0.0,1,1,35.0,19.5,22.5,1.5768144250000002,7.14,5037.58,0,101,0,1,0,0,0,0,1,0,0,0,0,1,0,0,1,0
23.91,24.49,75.58,0.0,2.36,10.23,4,1,35.0,18.56833333333333,23.43166666666667,1.7649248439999998,14.030000000000005,4999.2699999999995,1,101,1,0,0,0,0,0,1,0,0,0,0,1,0,0,1,0
18.85,21.19,63.56,0.0,1.92,1.54,4,1,35.0,17.713333333333335,24.286666666666665,1.4262686180000004,14.030000000000005,5006.08,2,101,1,0,0,0,0,0,0,1,0,1,0,0,0,0,0,1
19.22,21.55,67.85,0.0,1.99,42.32,2,1,35.0,18.201666666666668,23.798333333333332,1.435806325,9.200000000000003,5009.88,3,101,1,0,0,0,1,0,0,0,0,1,0,0,0,0,0,1
21.03,24.27,62.82,0.0,1.75,40.77,3,1,35.0,17.165,24.835,1.8280368679999999,6.359999999999999,5054.99,4,101,0,0,1,0,0,1,0,0,0,1,0,0,0,0,0,1
18.42,23.34,72.48,0.0,2.37,2.15,3,1,35.0,19.89166666666667,22.10833333333333,1.6411572239999999,7.740000000000002,4838.639999999999,5,101,0,0,0,1,0,1,0,0,0,1,0,0,0,0,0,1
12.14,22.65,60.38,0.0,1.36,17.49,1,1,35.0,15.561666666666666,26.438333333333333,1.61349742,3.34,5057.24,6,101,0,0,1,0,1,0,0,0,0,1,0,0,0,0,0,1
14.55,27.82,61.09,0.0,2.41,118.97,3,1,35.0,18.951666666666664,23.048333333333336,2.398548386,9.200000000000003,5013.92,7,101,1,0,0,0,0,0,0,1,0,0,1,0,0,1,0,0
16.88,25.18,52.44,0.0,1.96,349.36,1,1,35.0,16.138333333333335,25.861666666666665,2.068753344,3.34,5063.29,8,101,0,0,1,0,0,1,0,0,0,0,0,1,0,0,1,0
13.91,27.57,67.71,0.0,1.28,473.99,2,1,35.0,20.168333333333333,21.831666666666667,2.234396449,7.14,5042.82,9,101,0,1,0,0,0,0,0,1,0,0,1,0,0,1,0,0
14.93,27.9,72.01,0.0,0.06,596.31,3,1,35.0,18.748333333333335,23.251666666666665,2.17867189,9.200000000000003,5023.39,10,101,1,0,0,0,0,0,0,1,1,0,0,0,1,0,0,0
26.24,29.21,68.61,5.35,3.54,617.13,0,0,0.0,18.868333333333332,23.131666666666668,2.5934409270000005,12.489999999999998,5042.82,11,101,0,1,0,0,0,0,1,0,0,1,0,0,0,0,0,1
33.17,28.97,68.12,10.39,3.3,639.59,2,0,0.0,20.996666666666666,21.003333333333334,2.5485582179999993,18.130000000000003,4838.639999999999,12,101,0,0,0,1,0,0,1,0,0,0,1,0,0,1,0,0
18.42,31.76,66.06,0.0,1.43,617.66,1,1,35.0,18.313333333333333,23.686666666666667,2.9387541520000005,9.200000000000003,5024.35,13,101,1,0,0,0,1,0,0,0,0,0,0,1,0,0,1,0
18.94,31.0,65.7,0.0,3.22,613.13,3,1,35.0,16.803333333333335,25.196666666666665,2.9030232,3.34,5065.96,14,101,0,0,1,0,0,0,1,0,0,0,0,1,0,0,1,0
8.0,32.17,64.17,0.0,1.17,469.52,3,1,35.0,16.32,25.68,3.018318043,3.34,5065.96,15,101,0,0,1,0,1,0,0,0,0,0,0,1,0,0,1,0
8.37,29.38,66.85,0.0,2.03,272.64,1,1,35.0,15.723333333333334,26.276666666666664,2.5642252300000004,2.4900000000000038,5024.35,16,101,1,0,0,0,0,1,0,0,0,1,0,0,0,0,0,1
12.42,32.86,54.72,6.12,1.76,190.79,2,0,0.0,14.901666666666669,27.09833333333333,3.2791949839999996,9.46,5076.41,17,101,0,0,1,0,0,1,0,0,0,0,0,1,0,0,1,0
16.18,25.97,63.42,0.0,2.07,0.0,2,1,35.0,14.093333333333334,27.906666666666666,2.079470388,9.46,5041.41,18,101,0,0,1,0,1,0,0,0,1,0,0,0,1,0,0,0
16.14,25.49,65.7,0.0,3.18,37.96,1,1,35.0,14.76,27.240000000000002,2.04280764,9.46,5054.8099999999995,19,101,0,0,1,0,0,0,1,0,0,0,1,0,0,1,0,0
16.18,29.46,59.68,0.0,1.92,18.86,4,1,35.0,14.643333333333336,27.356666666666662,2.6495334160000006,9.46,5077.59,20,101,0,0,1,0,0,0,1,0,0,0,0,1,0,0,1,0
21.39,26.51,53.43,0.0,1.99,43.42,4,1,35.0,21.959999999999997,20.040000000000003,2.256692471,18.130000000000003,4815.95,21,101,0,0,0,1,0,0,0,1,0,1,0,0,0,0,0,1
17.65,25.34,56.68,0.0,3.29,36.36,4,1,35.0,17.926666666666666,24.073333333333334,2.116395184,12.489999999999998,5007.82,22,101,0,1,0,0,0,0,0,1,0,1,0,0,0,0,0,1
15.25,24.65,67.49,0.0,2.47,32.81,1,1,35.0,21.413333333333338,20.586666666666662,1.8712641349999999,18.130000000000003,4850.95,23,101,0,0,0,1,1,0,0,0,1,0,0,0,1,0,0,0
36.68,24.35,72.46,10.15,1.69,39.71,1,0,0.0,17.599999999999998,24.400000000000002,1.7426472800000006,19.61,5077.59,0,102,0,0,1,0,0,0,1,0,1,0,0,0,1,0,0,0
16.16,23.54,66.83,0.0,2.69,28.53,2,1,35.0,15.275,26.725,1.737297274,2.4900000000000038,5024.35,1,102,1,0,0,0,0,0,1,0,0,0,1,0,0,1,0,0
11.22,21.51,87.75,0.0,3.59,0.0,2,1,35.0,16.271666666666665,25.728333333333335,1.3309095550000003,12.489999999999998,5007.82,2,102,0,1,0,0,0,0,0,1,0,1,0,0,0,0,0,1
23.19,24.32,59.7,0.0,3.67,0.0,1,1,35.0,20.131666666666664,21.868333333333336,1.9611746,18.169999999999998,5042.59,3,102,0,0,1,0,0,0,1,0,1,0,0,0,1,0,0,0
25.34,24.48,69.13,2.74,0.81,0.0,1,0,0.0,22.683333333333334,19.316666666666666,1.748785348,20.870000000000005,4857.37,4,102,0,0,0,1,0,1,0,0,0,0,1,0,0,1,0,0
24.45,26.27,73.62,0.0,0.87,25.57,3,1,35.0,22.136666666666667,19.863333333333333,1.960033788,18.169999999999998,5042.59,5,102,0,0,1,0,0,0,1,0,0,1,0,0,0,0,0,1
10.2,27.6,70.98,0.0,3.6,0.0,3,1,35.0,16.638333333333332,25.361666666666668,2.3208188400000007,12.489999999999998,5010.46,6,102,0,1,0,0,0,1,0,0,1,0,0,0,1,0,0,0
11.98,26.42,69.05,1.65,2.05,167.69,4,1,35.0,14.068333333333333,27.931666666666665,2.0872925899999997,4.140000000000004,5024.35,7,102,1,0,0,0,0,1,0,0,0,1,0,0,0,0,0,1
13.17,25.12,73.0,0.0,0.0,315.69,2,1,35.0,15.398333333333332,26.601666666666667,1.75911912,12.489999999999998,5021.05,8,102,0,1,0,0,0,1,0,0,0,1,0,0,0,0,0,1
16.51,30.65,61.47,0.0,1.52,502.45,1,1,35.0,22.191666666666666,19.808333333333334,2.8064918050000003,18.169999999999998,5042.59,9,102,0,0,1,0,0,0,0,1,0,0,0,1,0,0,1,0
20.73,27.43,75.3,0.0,1.87,558.81,4,1,35.0,22.956666666666667,19.043333333333333,2.1636771,18.169999999999998,5042.59,10,102,0,0,1,0,0,1,0,0,0,0,1,0,0,1,0,0
16.13,30.29,70.35,0.0,2.02,614.95,3,1,35.0,14.331666666666669,27.66833333333333,2.673165785,4.140000000000004,5024.35,11,102,1,0,0,0,0,0,0,1,0,0,0,1,0,0,1,0
24.12,30.04,55.6,4.76,3.32,696.06,2,0,0.0,15.863333333333332,26.13666666666667,2.85958336,6.410000000000004,5026.18,12,102,1,0,0,0,0,0,1,0,0,0,0,1,0,0,1,0
19.01,30.18,63.71,0.0,1.28,624.64,4,1,35.0,15.961666666666666,26.038333333333334,2.691418386,6.410000000000004,4991.18,13,102,1,0,0,0,0,1,0,0,0,0,0,1,0,0,1,0
11.27,32.1,49.09,0.0,3.52,554.05,1,1,35.0,20.80666666666667,21.19333333333333,3.2967110700000006,13.130000000000003,4838.679999999999,14,102,0,0,0,1,0,1,0,0,0,1,0,0,0,0,0,1
19.38,31.19,71.3,0.0,2.74,442.5,4,1,35.0,16.31,25.69,2.8480086200000003,12.489999999999998,5021.05,15,102,0,1,0,0,0,0,0,1,0,1,0,0,0,0,0,1
24.01,31.19,65.11,0.0,0.86,335.0,3,1,35.0,24.261666666666667,17.738333333333333,2.8237556830000003,18.169999999999998,5042.59,16,102,0,0,1,0,1,0,0,0,0,0,1,0,0,1,0,0
10.33,28.56,72.19,0.0,2.02,156.63,4,1,35.0,13.658333333333333,28.34166666666667,2.376548148,12.489999999999998,5021.05,17,102,0,1,0,0,0,0,0,1,0,0,0,1,0,0,1,0
14.28,28.7,61.88,0.0,2.99,0.0,3,1,35.0,13.096666666666666,28.903333333333336,2.5571584000000005,12.489999999999998,5025.18,18,102,0,1,0,0,0,1,0,0,0,0,1,0,0,1,0,0
9.7,26.84,51.14,0.0,2.45,50.76,1,1,35.0,12.843333333333334,29.156666666666666,2.3531518719999998,12.489999999999998,5025.18,19,102,0,1,0,0,1,0,0,0,0,1,0,0,0,0,0,1
11.92,26.66,82.73,0.0,2.85,1.71,1,1,35.0,16.553333333333335,25.446666666666665,2.022717846,6.410000000000004,4997.5,20,102,1,0,0,0,0,0,1,0,0,0,0,1,0,0,1,0
27.77,25.74,65.92,4.74,1.7,0.0,1,0,0.0,22.365,19.635,2.0025190159999995,17.870000000000005,4846.719999999999,21,102,0,0,0,1,1,0,0,0,1,0,0,0,1,0,0,0
8.0,27.72,56.42,0.0,3.07,0.0,1,1,35.0,18.169999999999998,23.830000000000002,2.4649782879999997,17.870000000000005,4832.44,22,102,0,0,0,1,0,1,0,0,0,0,1,0,0,1,0,0
14.4,23.74,74.63,0.0,1.92,6.95,3,1,35.0,16.26,25.74,1.6511371340000003,6.410000000000004,5015.29,23,102,1,0,0,0,0,1,0,0,0,0,0,1,0,0,1,0
23.55,20.43,83.5,0.0,5.46,0.0,4,1,35.0,18.53,23.47,1.33518232,17.870000000000005,4841.37,0,103,0,0,0,1,0,1,0,0,0,1,0,0,0,0,0,1
18.59,25.31,63.93,0.0,0.82,0.0,3,1,35.0,14.241666666666665,27.758333333333333,1.9166773009999996,12.489999999999998,5025.21,1,103,0,1,0,0,0,1,0,0,0,1,0,0,0,0,0,1
22.09,23.76,65.9,0.0,5.64,0.0,2,1,35.0,19.669999999999998,22.330000000000002,1.9232459600000003,17.870000000000005,4853.19,2,103,0,0,0,1,0,0,0,1,1,0,0,0,1,0,0,0
11.77,23.03,68.85,0.0,1.26,6.89,4,1,35.0,17.40833333333333,24.59166666666667,1.5791608050000001,17.870000000000005,4859.19,3,103,0,0,0,1,0,1,0,0,0,0,1,0,0,1,0,0
18.56,22.97,59.45,0.0,3.93,0.0,2,1,35.0,15.14,26.86,1.7929512749999996,12.489999999999998,5027.2,4,103,0,1,0,0,0,0,0,1,0,0,1,0,0,1,0,0
27.64,22.84,62.5,0.0,3.39,14.4,4,1,33.46,22.755,19.245,1.72020048,16.27,5062.54,5,103,0,0,1,0,1,0,0,0,0,1,0,0,0,0,0,1
20.96,27.99,75.68,4.71,1.31,0.0,1,0,0.0,19.023333333333333,22.976666666666667,2.216283774,22.580000000000002,4894.19,6,103,0,0,0,1,0,0,0,1,0,1,0,0,0,0,0,1
14.46,26.13,63.77,0.0,3.12,193.31,3,1,35.0,21.3,20.7,2.151823367,16.27,5073.68,7,103,0,0,1,0,0,0,0,1,0,1,0,0,0,0,0,1
20.78,24.48,60.15,0.0,1.81,341.98,1,1,35.0,17.858333333333334,24.141666666666666,1.88611046,22.580000000000002,4859.19,8,103,0,0,0,1,1,0,0,0,0,1,0,0,0,0,0,1
10.88,28.61,59.55,0.0,2.73,463.26,2,1,35.0,18.338333333333335,23.661666666666665,2.5547626649999997,22.580000000000002,4867.74,9,103,0,0,0,1,0,0,0,1,0,0,0,1,0,0,1,0
17.58,30.89,68.39,0.0,2.58,592.53,2,1,35.0,20.155,21.845,2.822399337,16.27,5073.68,10,103,0,0,1,0,0,0,1,0,0,0,0,1,0,0,1,0
8.0,30.15,47.65,0.0,1.98,682.35,3,1,35.0,13.243333333333332,28.756666666666668,2.898584725,12.489999999999998,5027.2,11,103,0,1,0,0,0,1,0,0,0,0,0,1,0,0,1,0
8.0,29.2,64.02,0.0,1.88,694.4,4,1,35.0,18.736666666666668,23.263333333333332,2.5584638,16.27,5083.67,12,103,0,0,1,0,0,0,0,1,0,0,0,1,0,0,1,0
16.38,29.46,79.27,0.0,2.81,581.97,1,1,35.0,14.251666666666665,27.748333333333335,2.4810940340000003,12.489999999999998,5037.49,13,103,0,1,0,0,0,0,0,1,0,0,0,1,0,0,1,0
9.75,29.71,76.05,0.0,1.32,541.73,2,1,35.0,16.906666666666666,25.093333333333334,2.481479665,16.27,5083.67,14,103,0,0,1,0,0,0,1,0,0,0,0,1,0,0,1,0
9.69,33.23,63.03,0.0,1.36,442.72,2,1,35.0,15.878333333333336,26.121666666666663,3.228395063,6.410000000000004,5024.65,15,103,1,0,0,0,0,0,0,1,0,0,1,0,0,1,0,0
18.56,30.44,70.46,0.0,3.55,347.35,3,1,35.0,15.998333333333335,26.001666666666665,2.7731110880000003,16.27,5083.67,16,103,0,0,1,0,0,0,0,1,1,0,0,0,1,0,0,0
19.11,27.4,72.83,0.0,2.91,149.95,1,1,35.0,15.056666666666665,26.943333333333335,2.2368633200000003,12.489999999999998,5054.64,17,103,0,1,0,0,0,0,0,1,1,0,0,0,1,0,0,0
8.48,29.66,60.99,0.0,0.83,0.0,3,1,35.0,12.805,29.195,2.6133716380000003,16.27,5083.67,18,103,0,0,1,0,0,0,1,0,0,0,0,1,0,0,1,0
17.99,28.33,69.41,0.0,1.2,0.0,3,1,35.0,16.188333333333336,25.811666666666664,2.3293515109999996,6.410000000000004,5024.65,19,103,1,0,0,0,0,0,1,0,0,1,0,0,0,0,0,1
32.33,26.41,76.99,9.61,0.0,10.46,1,0,0.0,18.82833333333333,23.17166666666667,1.9025906129999999,22.099999999999998,5054.64,20,103,0,1,0,0,0,0,0,1,0,0,0,1,0,0,1,0
28.52,24.52,57.14,4.88,3.49,22.21,0,0,0.0,20.48333333333333,21.51666666666667,2.005000816,26.979999999999997,5030.86,21,103,0,1,0,0,0,1,0,0,0,1,0,0,0,0,0,1
17.85,23.49,70.84,0.0,3.23,0.0,3,1,35.0,17.388333333333332,24.611666666666668,1.7195286019999998,22.580000000000002,4867.74,22,103,0,0,0,1,0,1,0,0,0,1,0,0,0,0,0,1
9.29,25.89,67.42,0.0,1.09,0.0,4,1,35.0,18.938333333333333,23.061666666666667,1.978625076,26.979999999999997,5005.58,23,103,0,1,0,0,0,0,0,1,1,0,0,0,1,0,0,0
14.28,24.12,67.03,0.0,3.18,0.0,1,1,35.0,12.774999999999999,29.225,1.8382774720000001,16.27,5089.69,0,104,0,0,1,0,0,0,1,0,0,0,1,0,0,1,0,0
8.0,24.07,66.45,0.0,4.78,0.0,2,1,35.0,18.938333333333333,23.061666666666667,1.9170449250000003,26.979999999999997,5040.58,1,104,0,1,0,0,1,0,0,0,0,0,0,1,0,0,1,0
18.82,23.58,68.36,0.0,0.55,16.96,3,1,35.0,19.345,22.655,1.6210934559999999,19.839999999999996,5040.58,2,104,0,1,0,0,0,1,0,0,0,1,0,0,0,0,0,1
19.86,23.84,68.74,0.0,1.66,11.04,1,1,35.0,13.155,28.845,1.707867752,16.27,5090.42,3,104,0,0,1,0,0,0,1,0,1,0,0,0,1,0,0,0
14.34,23.05,74.99,0.0,0.53,6.03,3,1,35.0,14.558333333333335,27.441666666666663,1.4875942050000002,6.410000000000004,5024.65,4,104,1,0,0,0,0,0,1,0,0,1,0,0,0,0,0,1
17.22,24.07,69.68,0.0,3.54,55.54,1,1,35.0,19.029999999999998,22.970000000000002,1.8239397020000003,19.839999999999996,5049.39,5,104,0,1,0,0,0,0,0,1,0,0,1,0,0,1,0,0
11.18,26.96,62.79,0.0,2.28,0.0,3,1,35.0,15.505,26.494999999999997,2.243067588,19.839999999999996,5049.39,6,104,0,1,0,0,1,0,0,0,1,0,0,0,1,0,0,0
21.52,28.3,57.08,0.0,1.92,95.43,4,1,35.0,14.338333333333333,27.66166666666667,2.49142976,19.839999999999996,5058.73,7,104,0,1,0,0,1,0,0,0,0,0,0,1,0,0,1,0
10.54,25.38,61.99,0.0,2.67,285.68,1,1,35.0,13.146666666666667,28.85333333333333,2.038441834,6.410000000000004,5024.65,8,104,1,0,0,0,1,0,0,0,0,0,0,1,0,0,1,0
13.87,27.93,65.08,0.0,1.73,385.43,1,1,35.0,16.018333333333334,25.981666666666666,2.3396445380000004,22.580000000000002,4867.74,9,104,0,0,0,1,0,0,0,1,1,0,0,0,1,0,0,0
8.0,30.47,56.28,0.0,1.92,541.45,3,1,35.0,14.123333333333333,27.876666666666665,2.853983682,19.839999999999996,5058.73,10,104,0,1,0,0,0,0,1,0,0,0,1,0,0,1,0,0
53.91,32.86,65.93,22.39,2.73,648.25,0,0,0.0,20.806666666666665,21.193333333333335,3.197078306,38.66,5090.42,11,104,0,0,1,0,0,0,0,1,0,1,0,0,0,0,0,1
17.32,33.35,61.93,0.0,1.67,660.38,4,1,35.0,22.06833333333333,19.93166666666667,3.2783852650000007,38.66,5058.72,12,104,0,0,1,0,0,0,1,0,0,1,0,0,0,0,0,1
8.0,29.88,69.7,0.0,1.84,663.81,1,1,35.0,20.308333333333334,21.691666666666666,2.6044022399999998,38.66,5066.0599999999995,13,104,0,0,1,0,0,0,1,0,0,0,1,0,0,1,0,0
15.51,33.12,54.63,0.0,2.21,575.89,4,1,35.0,15.375,26.625,3.3495772119999994,19.839999999999996,5058.73,14,104,0,1,0,0,0,1,0,0,0,0,1,0,0,1,0,0
21.55,31.16,54.85,0.0,2.51,445.48,4,1,35.0,15.83,26.17,3.0167104000000005,14.489999999999998,5058.73,15,104,0,1,0,0,0,0,0,1,0,0,1,0,0,1,0,0
13.38,32.24,67.76,0.0,3.12,306.59,3,1,35.0,13.39,28.61,3.086702688000001,6.410000000000004,5026.55,16,104,1,0,0,0,1,0,0,0,0,0,0,1,0,0,1,0
9.96,31.22,61.53,0.0,3.1,183.54,2,1,35.0,20.555,21.445,2.9812039819999994,38.66,5066.0599999999995,17,104,0,0,1,0,0,0,0,1,0,0,0,1,0,0,1,0
15.47,27.32,62.33,0.0,0.6,0.0,3,1,35.0,20.753333333333334,21.246666666666666,2.218324512,38.66,5066.0599999999995,18,104,0,0,1,0,0,0,0,1,0,0,0,1,0,0,1,0
22.48,29.07,67.23,5.9,4.09,0.0,2,0,0.0,21.19,20.81,2.6135289470000003,38.440000000000005,5066.0599999999995,19,104,0,0,1,0,1,0,0,0,0,0,0,1,0,0,1,0
24.61,28.72,67.25,0.0,2.47,13.66,2,1,35.0,18.15833333333333,23.84166666666667,2.4768770199999994,22.580000000000002,4867.74,20,104,0,0,0,1,0,1,0,0,0,0,0,1,0,0,1,0
20.49,26.15,55.89,0.0,2.0,8.2,3,1,35.0,14.405,27.595,2.1784086850000004,6.410000000000004,5052.04,21,104,1,0,0,0,0,0,1,0,0,0,0,1,0,0,1,0
21.59,24.84,75.42,0.0,1.32,54.93,4,1,35.0,15.803333333333335,26.196666666666665,1.7624494560000004,38.440000000000005,5031.17,22,104,0,0,1,0,0,1,0,0,0,0,0,1,0,0,1,0
28.35,22.03,65.11,0.0,4.79,24.38,3,1,35.0,17.685000000000002,24.314999999999998,1.6611800710000002,14.489999999999998,5058.73,23,104,0,1,0,0,0,0,0,1,0,0,0,1,0,0,1,0
23.74,24.9,77.58,0.0,5.23,10.82,4,1,35.0,18.621666666666666,23.378333333333334,1.94501582,22.580000000000002,4873.29,0,105,0,0,0,1,0,0,0,1,0,0,0,1,0,0,1,0
16.94,23.79,57.24,0.0,4.64,0.0,3,1,35.0,17.981666666666666,24.018333333333334,1.960139362,22.580000000000002,4873.57,1,105,0,0,0,1,0,0,1,0,0,0,0,1,0,0,1,0
17.66,21.95,70.26,0.0,2.55,0.0,4,1,35.0,18.765,23.235,1.4919266999999998,14.489999999999998,5058.73,2,105,0,1,0,0,0,0,1,0,0,0,0,1,0,0,1,0
29.31,22.99,65.91,0.0,2.81,0.0,1,1,32.05,21.053333333333335,20.946666666666665,1.679004983,22.580000000000002,4873.57,3,105,0,0,0,1,0,1,0,0,0,1,0,0,0,0,0,1
13.74,24.11,52.49,0.0,4.19,33.43,1,1,35.0,15.079999999999998,26.92,2.0275683729999994,6.410000000000004,5055.5599999999995,4,105,1,0,0,0,0,0,0,1,0,1,0,0,0,0,0,1
16.63,23.67,71.27,0.0,2.11,16.23,1,1,35.0,17.95,24.05,1.6833878830000002,14.489999999999998,5066.58,5,105,0,1,0,0,0,1,0,0,0,1,0,0,0,0,0,1
21.25,25.34,51.86,5.36,3.05,32.7,0,0,0.0,21.62,20.38,2.1522201880000003,27.940000000000005,4877.28,6,105,0,0,0,1,0,1,0,0,0,0,0,1,0,0,1,0
8.36,23.68,64.62,0.0,2.67,171.97,2,1,35.0,18.01,23.99,1.776166072,14.489999999999998,5076.2,7,105,0,1,0,0,0,0,0,1,1,0,0,0,1,0,0,0
9.82,29.36,69.84,0.0,4.7,293.52,3,1,35.0,17.061666666666667,24.938333333333333,2.6620799679999996,14.489999999999998,5076.2,8,105,0,1,0,0,0,0,0,1,0,0,0,1,0,0,1,0
10.49,28.4,59.17,0.0,4.12,500.24,4,1,35.0,15.218333333333334,26.781666666666666,2.59504358,14.489999999999998,5076.2,9,105,0,1,0,0,0,0,1,0,0,0,0,1,0,0,1,0
12.07,27.69,57.12,0.0,2.23,600.37,1,1,35.0,14.928333333333333,27.071666666666665,2.410992206,38.440000000000005,5066.17,10,105,0,0,1,0,0,1,0,0,0,0,0,1,0,0,1,0
18.97,26.48,70.02,0.0,4.23,634.35,1,1,35.0,15.243333333333334,26.756666666666668,2.195217432,6.410000000000004,5058.19,11,105,1,0,0,0,0,1,0,0,0,0,1,0,0,1,0,0
12.31,32.35,57.98,0.0,2.4,669.46,4,1,35.0,15.646666666666667,26.35333333333333,3.1826404400000006,38.440000000000005,5067.53,12,105,0,0,1,0,0,1,0,0,0,0,0,1,0,0,1,0
17.6,32.04,57.13,0.0,1.75,645.39,2,1,35.0,13.426666666666668,28.57333333333333,3.105416664,14.489999999999998,5076.2,13,105,0,1,0,0,0,0,1,0,0,0,0,1,0,0,1,0
35.0,31.65,69.2,11.94,2.06,546.52,1,0,0.0,16.316666666666666,25.683333333333334,2.91566655,26.43,5080.09,14,105,0,1,0,0,0,0,0,1,0,1,0,0,0,0,0,1
17.11,32.5,51.43,2.21,2.58,450.52,1,0,0.0,22.159999999999997,19.840000000000003,3.2939313299999995,30.150000000000002,4846.5,15,105,0,0,0,1,0,0,1,0,0,1,0,0,0,0,0,1
11.01,32.09,56.71,0.0,1.46,293.16,4,1,35.0,19.893333333333334,22.106666666666666,3.1045009930000003,30.150000000000002,4811.5,16,105,0,0,0,1,0,0,0,1,1,0,0,0,1,0,0,0
23.17,30.46,67.3,0.0,1.78,159.0,2,1,35.0,19.798333333333332,22.201666666666668,2.7229825400000003,30.150000000000002,4812.09,17,105,0,0,0,1,0,1,0,0,0,0,0,1,0,0,1,0
23.65,28.96,53.81,6.36,0.67,36.08,0,0,0.0,17.486666666666668,24.513333333333332,2.5693742920000004,32.79,5080.09,18,105,0,1,0,0,0,0,0,1,0,0,1,0,0,1,0,0
29.58,27.75,75.83,5.54,1.41,29.44,0,0,0.0,21.905,20.095,2.183295755,35.690000000000005,4812.09,19,105,0,0,0,1,0,0,1,0,1,0,0,0,1,0,0,0
8.97,27.97,61.71,0.0,2.68,19.55,3,1,35.0,14.348333333333334,27.651666666666664,2.4288025289999995,6.410000000000004,5058.19,20,105,1,0,0,0,0,0,1,0,0,1,0,0,0,0,0,1
13.39,28.4,69.0,0.0,3.65,33.57,4,1,35.0,14.823333333333336,27.176666666666662,2.4670900000000002,6.410000000000004,5061.08,21,105,1,0,0,0,0,0,1,0,0,0,1,0,0,1,0,0
26.56,25.18,71.56,0.0,3.5,0.0,1,1,35.0,20.52,21.48,1.9567444960000004,32.79,5073.18,22,105,0,1,0,0,0,1,0,0,0,0,0,1,0,0,1,0
19.01,26.72,63.15,0.0,2.92,0.0,4,1,35.0,20.188333333333333,21.811666666666667,2.2353903799999997,25.300000000000004,4784.28,23,105,0,0,0,1,0,0,1,0,0,1,0,0,0,0,0,1
9.87,24.56,62.6,0.0,0.56,0.0,4,1,35.0,15.631666666666668,26.368333333333332,1.8109323999999998,28.29,5071.61,0,106,0,0,1,0,1,0,0,0,0,0,0,1,0,0,1,0
11.92,24.17,65.96,0.0,1.37,0.0,2,1,35.0,20.87,21.13,1.7649357940000001,32.79,5077.93,1,106,0,1,0,0,1,0,0,0,0,0,0,1,0,0,1,0
23.34,27.07,68.93,0.0,2.16,23.65,4,1,35.0,23.011666666666667,18.988333333333333,2.190286577,32.79,5077.93,2,106,0,1,0,0,1,0,0,0,0,0,0,1,0,0,1,0
16.35,26.08,57.83,0.0,3.56,17.9,4,1,35.0,15.778333333333334,26.221666666666664,2.2264544279999994,28.29,5106.61,3,106,0,0,1,0,0,1,0,0,0,0,1,0,0,1,0,0
14.25,26.52,55.96,0.0,1.73,35.37,1,1,35.0,22.453333333333333,19.546666666666667,2.219408864,32.79,5077.93,4,106,0,1,0,0,0,1,0,0,0,0,0,1,0,0,1,0
13.23,23.44,77.24,0.0,0.94,0.0,1,1,35.0,14.236666666666666,27.763333333333335,1.537694032,28.29,5106.61,5,106,0,0,1,0,0,1,0,0,0,0,0,1,0,0,1,0
12.67,28.75,57.46,0.0,4.14,0.0,1,1,35.0,12.75,29.25,2.6699232599999996,28.29,5106.61,6,106,0,0,1,0,0,0,1,0,0,0,1,0,0,1,0,0
22.78,26.3,67.04,0.0,1.52,165.03,2,1,35.0,20.44333333333333,21.55666666666667,2.06362228,25.300000000000004,4784.28,7,106,0,0,0,1,0,0,1,0,0,0,0,1,0,0,1,0
11.71,27.12,62.49,0.0,1.05,341.78,3,1,35.0,18.57166666666667,23.42833333333333,2.2088082360000008,23.18,5086.91,8,106,0,1,0,0,0,1,0,0,0,0,1,0,0,1,0,0
13.3,25.26,64.29,0.0,2.67,532.92,1,1,35.0,14.81,27.189999999999998,1.9984845780000002,6.410000000000004,5070.91,9,106,1,0,0,0,0,0,0,1,0,1,0,0,0,0,0,1
16.48,29.95,71.65,0.0,2.34,528.71,2,1,35.0,20.338333333333335,21.661666666666665,2.6193626249999995,25.300000000000004,4819.28,10,106,0,0,0,1,0,0,0,1,0,1,0,0,0,0,0,1
9.04,28.67,62.07,0.0,1.8,603.01,2,1,35.0,20.01,21.99,2.490867903,22.560000000000002,4820.5,11,106,0,0,0,1,1,0,0,0,0,1,0,0,0,0,0,1
8.0,31.54,57.87,0.0,2.4,635.18,3,1,35.0,17.481666666666666,24.518333333333334,3.0425019460000002,22.560000000000002,4855.5,12,106,0,0,0,1,0,0,0,1,0,1,0,0,0,0,0,1
13.69,29.58,60.05,0.0,1.29,601.76,2,1,35.0,16.911666666666665,25.088333333333335,2.633562049999999,18.3,5099.09,13,106,0,1,0,0,0,0,1,0,1,0,0,0,1,0,0,0
11.05,34.16,54.75,0.0,1.79,531.83,2,1,35.0,14.393333333333336,27.606666666666662,3.517586979999999,17.82,4855.5,14,106,0,0,0,1,0,1,0,0,0,0,1,0,0,1,0,0
8.04,32.15,55.19,0.0,2.36,461.23,3,1,35.0,12.565,29.435000000000002,3.177502435,17.82,4855.5,15,106,0,0,0,1,0,0,0,1,0,0,1,0,0,1,0,0
13.12,34.35,54.63,0.0,0.0,359.43,3,1,35.0,12.925000000000002,29.074999999999996,3.4648512150000004,28.29,5141.61,16,106,0,0,1,0,1,0,0,0,0,0,1,0,0,1,0,0
26.78,28.76,74.24,6.44,3.55,172.41,2,0,0.0,15.336666666666668,26.663333333333334,2.4623295680000004,34.730000000000004,5142.05,17,106,0,0,1,0,0,0,0,1,0,1,0,0,0,0,0,1
8.0,31.79,65.15,0.0,0.75,0.0,4,1,35.0,12.728333333333333,29.27166666666667,2.920290675,6.410000000000004,5070.91,18,106,1,0,0,0,1,0,0,0,0,1,0,0,0,0,0,1
19.74,25.79,62.55,0.0,1.27,0.0,4,1,35.0,16.981666666666666,25.018333333333334,2.0220204950000005,34.730000000000004,5110.639999999999,19,106,0,0,1,0,0,1,0,0,0,1,0,0,0,0,0,1
11.79,27.77,70.25,0.0,3.6,0.0,4,1,35.0,16.221666666666668,25.778333333333332,2.354304195,34.730000000000004,5112.25,20,106,0,0,1,0,0,0,0,1,1,0,0,0,1,0,0,0
20.03,25.48,54.11,0.0,3.08,34.41,2,1,35.0,12.106666666666667,29.89333333333333,2.1517485360000004,17.82,4890.5,21,106,0,0,0,1,0,0,0,1,0,1,0,0,0,0,0,1
50.36,24.79,75.4,13.09,2.5,51.49,1,0,0.0,17.753333333333334,24.246666666666666,1.8147582500000001,30.910000000000004,4890.5,22,106,0,0,0,1,0,0,1,0,0,1,0,0,0,0,0,1
16.52,23.86,75.58,0.0,0.35,0.0,3,1,35.0,16.77,25.23,1.5795250359999997,34.730000000000004,5112.25,23,106,0,0,1,0,0,0,1,0,0,1,0,0,0,0,0,1
13.62,22.75,83.05,0.0,1.67,8.02,3,1,35.0,18.516666666666666,23.483333333333334,1.4307129249999997,30.910000000000004,4890.5,0,107,0,0,0,1,0,0,0,1,0,0,0,1,0,0,1,0
23.72,21.83,75.21,0.0,2.14,0.0,4,1,35.0,18.611666666666665,23.388333333333335,1.4112510409999999,34.730000000000004,5117.4,1,107,0,0,1,0,1,0,0,0,0,1,0,0,0,0,0,1
12.61,22.92,70.32,0.0,2.23,2.2,4,1,35.0,19.285,22.715,1.5995065279999998,26.200000000000003,4894.469999999999,2,107,0,0,0,1,0,0,0,1,0,1,0,0,0,0,0,1
26.26,23.9,75.52,0.0,3.77,0.0,2,1,35.0,14.815,27.185000000000002,1.7564366800000002,6.410000000000004,5074.23,3,107,1,0,0,0,1,0,0,0,0,0,0,1,0,0,1,0
13.34,25.87,60.53,0.0,4.79,0.0,1,1,35.0,18.64833333333333,23.35166666666667,2.229939297,34.730000000000004,5117.4,4,107,0,0,1,0,0,0,0,1,0,0,1,0,0,1,0,0
12.91,25.2,62.67,0.0,3.14,42.31,3,1,35.0,14.636666666666668,27.36333333333333,2.0294737,18.3,5103.29,5,107,0,1,0,0,1,0,0,0,0,1,0,0,0,0,0,1
26.58,27.34,63.28,0.0,1.76,0.0,3,1,33.72,16.083333333333332,25.916666666666668,2.269507864,6.410000000000004,5083.46,6,107,1,0,0,0,0,0,0,1,1,0,0,0,1,0,0,0
31.54,24.33,75.72,7.33,3.86,151.78,2,0,0.0,19.441666666666666,22.558333333333334,1.8168334419999996,42.06,5117.4,7,107,0,0,1,0,0,0,1,0,1,0,0,0,1,0,0,0
31.64,26.94,58.06,4.76,1.69,329.07,2,0,0.0,17.923333333333336,24.076666666666664,2.259230868,23.060000000000002,5103.29,8,107,0,1,0,0,0,1,0,0,0,1,0,0,0,0,0,1
13.16,29.69,55.12,0.0,0.0,429.15,1,1,35.0,16.226666666666667,25.773333333333333,2.640890406,23.060000000000002,5070.4,9,107,0,1,0,0,0,0,0,1,0,0,0,1,0,0,1,0
12.54,30.1,63.18,0.0,0.9,556.49,3,1,35.0,19.53333333333333,22.46666666666667,2.6650629400000008,26.200000000000003,4894.469999999999,10,107,0,0,0,1,1,0,0,0,0,0,1,0,0,1,0,0
8.0,29.12,67.32,0.0,0.0,563.55,3,1,35.0,15.185,26.814999999999998,2.416023408,23.060000000000002,5070.4,11,107,0,1,0,0,0,0,0,1,0,0,0,1,0,0,1,0
16.65,32.45,54.72,0.0,1.94,567.5,3,1,35.0,20.968333333333334,21.031666666666666,3.21498235,26.200000000000003,4906.41,12,107,0,0,0,1,0,0,1,0,1,0,0,0,1,0,0,0
16.07,30.65,65.77,0.83,2.19,593.9,3,1,35.0,20.308333333333334,21.691666666666666,2.7920747550000002,27.03,4906.41,13,107,0,0,0,1,0,0,1,0,0,0,0,1,0,0,1,0
12.22,30.42,70.84,0.0,0.49,544.28,4,1,35.0,15.270000000000001,26.729999999999997,2.612602416,23.060000000000002,5070.4,14,107,0,1,0,0,0,1,0,0,0,1,0,0,0,0,0,1
14.67,32.18,68.26,0.0,1.38,398.12,2,1,35.0,17.033333333333335,24.966666666666665,2.983543716,6.410000000000004,5082.18,15,107,1,0,0,0,0,0,0,1,0,0,1,0,0,1,0,0
12.56,31.06,63.23,0.0,0.69,307.59,3,1,35.0,16.895,25.105,2.8143945859999997,6.410000000000004,5101.46,16,107,1,0,0,0,0,0,0,1,0,0,1,0,0,1,0,0
8.49,29.63,61.26,0.0,2.25,149.55,4,1,35.0,17.566666666666666,24.433333333333334,2.6765278559999994,42.06,5085.36,17,107,0,0,1,0,0,0,0,1,0,1,0,0,0,0,0,1
15.53,28.75,74.75,0.0,1.38,0.0,4,1,35.0,17.26666666666667,24.73333333333333,2.3468078749999997,6.410000000000004,5136.46,18,107,1,0,0,0,0,0,1,0,0,0,1,0,0,1,0,0
13.79,27.02,64.09,0.0,3.61,21.5,1,1,35.0,17.900000000000002,24.099999999999998,2.3052055459999994,42.06,5085.36,19,107,0,0,1,0,0,0,0,1,1,0,0,0,1,0,0,0
18.45,26.99,70.59,0.0,2.6,59.92,1,1,35.0,18.221666666666664,23.778333333333336,2.1832318269999997,42.06,5085.36,20,107,0,0,1,0,1,0,0,0,0,1,0,0,0,0,0,1
12.6,28.2,76.75,0.0,4.33,14.99,4,1,35.0,16.368333333333332,25.631666666666668,2.388045,19.67,5085.36,21,107,0,0,1,0,0,0,1,0,0,0,1,0,0,1,0,0
13.0,25.95,70.68,0.0,1.85,0.0,3,1,35.0,14.081666666666665,27.918333333333337,1.9925012499999997,27.03,4906.41,22,107,0,0,0,1,0,1,0,0,0,0,0,1,0,0,1,0
25.4,26.2,57.66,7.19,4.97,23.33,2,0,0.0,20.166666666666668,21.833333333333332,2.3164207999999995,13.600000000000005,5136.46,23,107,1,0,0,0,0,0,1,0,0,0,1,0,0,1,0,0
11.45,25.02,56.91,0.0,2.4,49.02,1,1,35.0,16.053333333333335,25.946666666666665,2.0236358940000003,19.67,5093.21,0,108,0,0,1,0,0,0,0,1,0,0,0,1,0,0,1,0
13.85,22.93,65.18,0.0,1.77,0.0,1,1,35.0,14.119999999999997,27.880000000000003,1.625959748,27.03,4918.69,1,108,0,0,0,1,0,0,1,0,1,0,0,0,1,0,0,0
18.61,21.23,73.58,0.0,5.29,0.0,3,1,35.0,15.12,26.880000000000003,1.509775568,27.03,4953.69,2,108,0,0,0,1,0,0,1,0,0,1,0,0,0,0,0,1
12.69,22.45,70.75,0.0,0.21,0.0,1,1,35.0,15.145000000000001,26.854999999999997,1.433840625,27.03,4955.83,3,108,0,0,0,1,0,0,1,0,0,0,1,0,0,1,0,0
10.54,23.24,82.46,0.0,1.74,0.0,4,1,35.0,17.546666666666667,24.453333333333333,1.502313648,11.950000000000003,5103.76,4,108,1,0,0,0,0,0,1,0,0,0,0,1,0,0,1,0
33.2,23.76,69.64,7.14,0.4,13.06,1,0,0.0,16.33,25.67,1.625496048,26.810000000000002,5095.49,5,108,0,0,1,0,0,0,1,0,0,0,1,0,0,1,0,0
13.79,27.18,61.56,0.0,0.19,51.91,4,1,35.0,14.668333333333331,27.33166666666667,2.1845168960000003,27.03,4957.46,6,108,0,0,0,1,1,0,0,0,0,0,0,1,0,0,1,0
17.74,28.13,55.16,0.0,0.0,199.44,1,1,35.0,17.871666666666666,24.128333333333334,2.3889203459999995,26.810000000000002,5062.95,7,108,0,0,1,0,0,0,0,1,0,1,0,0,0,0,0,1
11.04,31.03,69.04,0.0,3.14,338.49,2,1,35.0,17.41333333333333,24.58666666666667,2.866566934,26.810000000000002,5075.01,8,108,0,0,1,0,0,0,1,0,0,1,0,0,0,0,0,1
32.55,27.6,63.48,11.79,0.81,461.22,0,0,0.0,19.763333333333332,22.236666666666668,2.2596338400000007,32.7,5075.01,9,108,0,0,1,0,0,0,0,1,0,0,0,1,0,0,1,0
8.0,32.1,49.37,0.0,2.09,576.62,3,1,35.0,13.323333333333332,28.67666666666667,3.2219975100000005,21.67,4961.139999999999,10,108,0,0,0,1,0,0,1,0,0,1,0,0,0,0,0,1
8.0,32.92,59.42,0.0,3.47,643.62,3,1,35.0,14.449999999999998,27.550000000000004,3.320645568,11.950000000000003,5109.79,11,108,1,0,0,0,0,1,0,0,0,1,0,0,0,0,0,1
8.0,30.82,53.97,0.0,2.96,695.61,1,1,35.0,18.996666666666666,23.003333333333334,2.9909523980000006,32.7,5075.01,12,108,0,0,1,0,0,0,0,1,0,1,0,0,0,0,0,1
12.72,32.28,56.79,0.0,2.9,627.12,4,1,35.0,19.208333333333332,22.791666666666668,3.209009584,32.7,5080.88,13,108,0,0,1,0,0,1,0,0,0,0,0,1,0,0,1,0
9.98,33.57,58.79,0.0,3.86,572.08,3,1,35.0,15.338333333333331,26.66166666666667,3.4647193410000003,32.7,5080.88,14,108,0,0,1,0,0,0,1,0,0,0,0,1,0,0,1,0
8.0,31.48,54.08,0.0,4.33,445.32,2,1,35.0,13.338333333333333,28.66166666666667,3.1716047680000004,7.190000000000004,5116.54,15,108,1,0,0,0,0,0,0,1,0,0,1,0,0,1,0,0
8.0,30.97,57.41,0.0,0.9,328.97,4,1,35.0,13.714999999999998,28.285000000000004,2.874962159,32.7,5080.88,16,108,0,0,1,0,1,0,0,0,0,1,0,0,0,0,0,1
15.18,29.6,56.71,0.0,2.98,159.26,2,1,35.0,13.774999999999999,28.225,2.7577395800000004,7.190000000000004,5119.5,17,108,1,0,0,0,0,0,1,0,0,0,1,0,0,1,0,0
19.3,26.17,59.64,0.0,2.07,0.0,3,1,35.0,15.091666666666667,26.90833333333333,2.146952986,32.7,5087.03,18,108,0,0,1,0,0,1,0,0,0,1,0,0,0,0,0,1
18.11,28.85,55.46,0.0,2.22,30.56,4,1,35.0,12.685,29.314999999999998,2.6114026800000008,32.7,5122.03,19,108,0,0,1,0,0,0,1,0,0,0,1,0,0,1,0,0
9.77,26.64,60.91,0.0,0.59,52.09,4,1,35.0,12.784999999999998,29.215000000000003,2.129854388,19.46,4961.139999999999,20,108,0,0,0,1,1,0,0,0,0,0,0,1,0,0,1,0
20.66,25.06,59.29,0.0,1.76,0.0,3,1,35.0,14.795,27.205,1.973895718,32.7,5122.03,21,108,0,0,1,0,0,0,1,0,0,1,0,0,0,0,0,1
26.09,26.34,68.63,4.73,1.89,11.62,1,0,0.0,17.336666666666666,24.663333333333334,2.071843994,27.790000000000003,5074.34,22,108,0,1,0,0,0,0,1,0,0,1,0,0,0,0,0,1
18.94,22.7,68.84,0.0,4.12,30.16,2,1,35.0,15.831666666666669,26.16833333333333,1.6792603999999998,32.7,5133.8,23,108,0,0,1,0,0,1,0,0,1,0,0,0,1,0,0,0
12.13,25.57,73.5,0.0,1.01,0.0,4,1,35.0,13.20833333333333,28.79166666666667,1.86796322,7.190000000000004,5154.5,0,109,1,0,0,0,0,0,1,0,0,0,0,1,0,0,1,0
15.03,24.69,79.05,0.0,0.0,6.64,3,1,35.0,17.69,24.31,1.6403476950000004,27.790000000000003,5041.03,1,109,0,1,0,0,0,0,1,0,0,1,0,0,0,0,0,1
25.25,23.23,71.76,0.0,2.39,0.0,3,1,35.0,18.376666666666665,23.623333333333335,1.634499926,26.259999999999998,5133.8,2,109,0,0,1,0,1,0,0,0,0,0,1,0,0,1,0,0
24.46,23.87,69.65,0.0,0.89,0.0,2,1,35.0,16.493333333333336,25.506666666666664,1.664692105,27.790000000000003,5041.03,3,109,0,1,0,0,0,1,0,0,0,1,0,0,0,0,0,1
23.16,22.58,72.72,4.08,2.23,18.26,0,0,0.0,12.834999999999999,29.165,1.5332151919999994,11.270000000000003,5155.21,4,109,1,0,0,0,0,1,0,0,1,0,0,0,1,0,0,0
15.73,26.13,67.96,0.0,3.19,17.94,1,1,35.0,13.700000000000001,28.299999999999997,2.112988026,11.270000000000003,5134.04,5,109,1,0,0,0,0,1,0,0,0,0,1,0,0,1,0,0
8.0,26.11,65.06,0.0,2.28,32.29,3,1,35.0,11.81,30.189999999999998,2.0938667719999997,19.46,4961.139999999999,6,109,0,0,0,1,1,0,0,0,0,0,0,1,0,0,1,0
23.36,27.19,63.64,1.8,1.88,168.11,1,1,35.0,20.936666666666667,21.063333333333333,2.2490120019999997,28.06,5133.8,7,109,0,0,1,0,1,0,0,0,0,0,0,1,0,0,1,0
16.98,28.58,55.58,0.0,2.21,283.01,3,1,35.0,11.538333333333332,30.461666666666666,2.5663488279999997,19.46,4961.139999999999,8,109,0,0,0,1,0,1,0,0,0,0,1,0,0,1,0,0
15.37,27.9,69.15,0.0,3.42,498.39,3,1,35.0,16.861666666666668,25.138333333333332,2.37673335,27.790000000000003,5041.03,9,109,0,1,0,0,0,0,1,0,0,1,0,0,0,0,0,1
10.83,27.55,63.34,0.0,1.01,537.21,4,1,35.0,11.228333333333333,30.77166666666667,2.26343488,13.920000000000002,4961.139999999999,10,109,0,0,0,1,0,0,0,1,0,0,1,0,0,1,0,0
11.43,32.09,70.07,0.0,3.27,601.54,1,1,35.0,14.271666666666667,27.72833333333333,3.0416990010000005,11.270000000000003,5139.62,11,109,1,0,0,0,0,1,0,0,0,0,1,0,0,1,0,0
18.27,32.33,66.14,0.0,1.19,631.38,4,1,35.0,11.975,30.025,3.024529083999999,13.920000000000002,4964.48,12,109,0,0,0,1,1,0,0,0,0,1,0,0,0,0,0,1
33.2,30.89,56.51,10.89,3.12,566.83,2,0,0.0,16.175,25.825,2.982439893,24.810000000000002,4964.48,13,109,0,0,0,1,0,0,1,0,0,0,0,1,0,0,1,0
24.0,32.44,68.37,0.0,0.55,555.3,4,1,35.0,16.938333333333333,25.061666666666667,2.9859778559999994,11.270000000000003,5174.62,14,109,1,0,0,0,0,0,0,1,0,0,0,1,0,0,1,0
14.2,33.58,40.81,0.0,3.05,481.3,2,1,35.0,20.086666666666666,21.913333333333334,3.6385148259999993,28.06,5137.93,15,109,0,0,1,0,0,0,1,0,0,0,1,0,0,1,0,0
8.0,33.0,72.71,0.0,2.28,309.82,4,1,35.0,15.741666666666667,26.258333333333333,3.1201763599999994,11.270000000000003,5180.17,16,109,1,0,0,0,0,0,1,0,0,0,1,0,0,1,0,0
10.32,29.81,52.38,0.0,2.52,215.07,1,1,35.0,16.26666666666667,25.73333333333333,2.816707716,24.810000000000002,4929.48,17,109,0,0,0,1,1,0,0,0,0,0,0,1,0,0,1,0
10.14,27.6,66.99,0.0,3.55,44.67,2,1,35.0,16.623333333333335,25.376666666666665,2.3599824200000006,24.810000000000002,4929.48,18,109,0,0,0,1,0,0,0,1,0,0,0,1,0,0,1,0
18.39,26.89,67.08,0.0,1.41,31.13,4,1,35.0,16.858333333333334,25.141666666666666,2.144947234,24.810000000000002,4942.49,19,109,0,0,0,1,0,1,0,0,0,0,0,1,0,0,1,0
19.57,27.36,71.58,0.0,2.37,0.0,3,1,35.0,18.790000000000003,23.209999999999997,2.2168413359999994,27.790000000000003,5041.03,20,109,0,1,0,0,0,1,0,0,0,0,0,1,0,0,1,0
26.49,28.99,60.11,2.83,2.76,50.18,0,0,0.0,18.135,23.865,2.6109310429999995,14.100000000000005,5180.17,21,109,1,0,0,0,1,0,0,0,0,0,1,0,0,1,0,0
13.69,24.74,50.79,0.0,2.04,0.0,3,1,35.0,19.035,22.965,2.025671562,27.790000000000003,5043.33,22,109,0,1,0,0,0,0,0,1,1,0,0,0,1,0,0,0
18.05,24.11,64.02,0.0,3.26,58.74,3,1,35.0,17.283333333333335,24.716666666666665,1.8699272439999997,14.100000000000005,5148.2,23,109,1,0,0,0,1,0,0,0,0,0,0,1,0,0,1,0
22.16,23.56,65.22,0.0,2.8,0.0,3,1,35.0,18.746666666666666,23.253333333333334,1.7607908639999994,24.810000000000002,4977.49,0,110,0,0,0,1,0,1,0,0,0,0,1,0,0,1,0,0
23.49,23.29,52.62,0.0,1.7,0.0,3,1,35.0,18.601666666666667,23.398333333333333,1.788772196,27.790000000000003,5043.33,1,110,0,1,0,0,0,1,0,0,0,1,0,0,0,0,0,1
9.58,23.93,66.77,0.0,3.91,3.14,2,1,35.0,16.258333333333333,25.741666666666667,1.851425687,14.100000000000005,5183.2,2,110,1,0,0,0,0,0,0,1,0,0,0,1,0,0,1,0
18.82,22.17,60.34,0.0,3.07,0.0,3,1,35.0,18.838333333333335,23.161666666666665,1.6368986160000003,24.810000000000002,4977.49,3,110,0,0,0,1,0,0,1,0,0,0,0,1,0,0,1,0
8.47,26.11,69.25,0.0,1.39,0.0,2,1,35.0,14.716666666666669,27.28333333333333,2.0070507049999997,24.810000000000002,4977.49,4,110,0,0,0,1,0,1,0,0,1,0,0,0,1,0,0,0
12.13,24.9,63.95,0.0,1.38,0.0,1,1,35.0,19.09,22.91,1.88637605,28.06,5141.74,5,110,0,0,1,0,0,0,1,0,0,0,0,1,0,0,1,0
8.0,29.67,75.59,0.0,2.14,103.35,1,1,35.0,17.43,24.57,2.5211010910000002,27.790000000000003,5043.33,6,110,0,1,0,0,0,0,1,0,1,0,0,0,1,0,0,0
11.86,25.15,63.68,0.0,2.94,109.83,3,1,35.0,14.973333333333334,27.026666666666664,2.00237987,11.720000000000002,4977.49,7,110,0,0,0,1,0,1,0,0,0,0,0,1,0,0,1,0
8.0,30.34,64.34,0.0,0.0,267.08,3,1,35.0,14.616666666666667,27.383333333333333,2.646920132,11.720000000000002,4977.49,8,110,0,0,0,1,0,1,0,0,0,0,0,1,0,0,1,0
21.96,31.07,59.25,9.16,1.44,479.64,1,0,0.0,18.013333333333332,23.986666666666668,2.8983231450000004,23.260000000000005,5185.02,9,110,1,0,0,0,0,0,0,1,0,0,0,1,0,0,1,0
18.4,29.33,50.77,5.84,1.71,513.08,0,0,0.0,14.618333333333334,27.381666666666668,2.714500947,17.560000000000002,5012.49,10,110,0,0,0,1,0,0,1,0,1,0,0,0,1,0,0,0
13.4,30.19,60.02,0.0,0.67,571.52,4,1,35.0,15.586666666666668,26.413333333333334,2.7032988760000003,27.790000000000003,5043.33,11,110,0,1,0,0,0,0,0,1,0,0,1,0,0,1,0,0
13.7,30.03,66.85,0.87,1.17,549.4,4,1,35.0,16.296666666666667,25.703333333333333,2.626660105,24.130000000000006,5153.41,12,110,1,0,0,0,1,0,0,0,0,0,0,1,0,0,1,0
8.0,30.45,65.45,0.0,2.56,638.1,2,1,35.0,14.358333333333334,27.641666666666666,2.7808573750000005,27.790000000000003,5043.33,13,110,0,1,0,0,1,0,0,0,0,0,0,1,0,0,1,0
24.49,31.95,57.99,0.0,1.81,525.46,3,1,35.0,15.006666666666668,26.993333333333332,3.082828175,17.560000000000002,4977.49,14,110,0,0,0,1,0,0,1,0,0,0,1,0,0,1,0,0
8.39,31.84,49.93,0.0,1.91,482.14,3,1,35.0,16.361666666666668,25.638333333333332,3.160675684,24.130000000000006,5154.360000000001,15,110,1,0,0,0,0,0,0,1,1,0,0,0,1,0,0,0
8.0,29.01,66.9,0.0,0.75,322.35,3,1,35.0,13.203333333333333,28.796666666666667,2.4405381600000005,17.560000000000002,4977.49,16,110,0,0,0,1,0,0,0,1,0,1,0,0,0,0,0,1
12.29,34.22,61.16,0.0,2.14,171.23,1,1,35.0,13.995,28.005000000000003,3.4695311839999996,24.130000000000006,5155.79,17,110,1,0,0,0,0,0,1,0,0,0,1,0,0,1,0,0
12.13,29.56,67.86,0.0,0.6,0.0,2,1,35.0,13.118333333333334,28.881666666666668,2.510726272,27.790000000000003,5078.33,18,110,0,1,0,0,1,0,0,0,0,1,0,0,0,0,0,1
8.36,29.08,60.41,0.0,4.15,0.0,2,1,35.0,12.229999999999999,29.770000000000003,2.6916571359999995,15.850000000000001,5078.33,19,110,0,1,0,0,0,0,1,0,0,0,0,1,0,0,1,0
19.37,27.01,52.2,2.09,4.49,0.0,1,0,0.0,18.875,23.125,2.47024277,30.15,5141.74,20,110,0,0,1,0,0,0,0,1,0,1,0,0,0,0,0,1
19.09,26.51,68.12,4.73,1.83,0.0,0,0,0.0,14.168333333333335,27.831666666666663,2.098982274,28.860000000000007,5164.08,21,110,1,0,0,0,0,0,0,1,0,1,0,0,0,0,0,1
13.1,25.41,65.21,0.0,1.05,0.0,3,1,35.0,10.498333333333333,31.501666666666665,1.9297454870000004,9.490000000000002,5078.33,22,110,0,1,0,0,0,0,0,1,0,0,0,1,0,0,1,0
22.07,25.12,75.25,0.0,3.43,52.99,2,1,35.0,15.469999999999999,26.53,1.9084080199999998,16.730000000000004,4983.49,23,110,0,0,0,1,1,0,0,0,1,0,0,0,1,0,0,0
15.67,24.58,66.13,0.0,3.11,0.0,2,1,35.0,11.776666666666666,30.223333333333336,1.9068153579999998,9.490000000000002,5078.33,0,111,0,1,0,0,0,1,0,0,1,0,0,0,1,0,0,0
17.61,25.41,64.95,0.0,4.65,0.0,3,1,35.0,18.653333333333336,23.346666666666664,2.112329445,30.15,5106.74,1,111,0,0,1,0,0,1,0,0,0,0,1,0,0,1,0,0
12.51,24.41,68.99,0.0,4.97,9.06,1,1,35.0,11.628333333333332,30.37166666666667,1.9485204130000002,9.490000000000002,5078.33,2,111,0,1,0,0,0,0,1,0,0,0,0,1,0,0,1,0
15.36,25.26,61.21,0.0,0.0,0.0,3,1,35.0,17.005,24.995,1.8954882820000003,22.819999999999997,5106.74,3,111,0,0,1,0,1,0,0,0,0,0,0,1,0,0,1,0
11.13,24.59,61.41,0.0,3.79,0.0,2,1,35.0,14.966666666666667,27.03333333333333,1.9882221529999997,22.819999999999997,5112.79,4,111,0,0,1,0,0,0,1,0,0,1,0,0,0,0,0,1
10.3,25.59,64.44,0.0,2.13,0.0,2,1,35.0,12.011666666666668,29.98833333333333,2.017213362,9.490000000000002,5082.99,5,111,0,1,0,0,1,0,0,0,0,0,1,0,0,1,0,0
12.22,25.71,58.59,0.0,3.06,52.16,1,1,35.0,14.608333333333334,27.391666666666666,2.139549123,28.860000000000007,5129.150000000001,6,111,1,0,0,0,1,0,0,0,1,0,0,0,1,0,0,0
9.1,28.54,61.17,0.0,3.33,154.81,1,1,35.0,15.01,26.990000000000002,2.556388186,16.730000000000004,4983.49,7,111,0,0,0,1,0,0,1,0,1,0,0,0,1,0,0,0
17.74,28.55,76.33,0.0,3.28,353.56,1,1,35.0,16.633333333333333,25.366666666666667,2.3938567850000005,16.730000000000004,4983.49,8,111,0,0,0,1,1,0,0,0,0,0,0,1,0,0,1,0
15.24,28.87,69.8,0.0,3.6,484.49,3,1,35.0,15.14,26.86,2.5296944900000002,22.819999999999997,5112.79,9,111,0,0,1,0,0,0,0,1,0,1,0,0,0,0,0,1
8.0,29.79,63.93,0.0,1.73,515.09,2,1,35.0,14.9,27.1,2.6474654290000004,16.730000000000004,4983.49,10,111,0,0,0,1,0,1,0,0,0,1,0,0,0,0,0,1
19.82,30.73,71.87,0.0,1.26,634.42,1,1,35.0,14.121666666666664,27.878333333333337,2.690846117,16.730000000000004,4983.49,11,111,0,0,0,1,0,0,0,1,0,0,1,0,0,1,0,0
13.88,31.58,54.56,0.0,3.82,623.46,4,1,35.0,15.101666666666667,26.898333333333333,3.1580071759999995,16.730000000000004,4983.49,12,111,0,0,0,1,0,0,1,0,1,0,0,0,1,0,0,0
16.22,31.85,77.55,0.0,1.35,585.55,4,1,35.0,15.821666666666665,26.178333333333335,2.8190285250000002,22.819999999999997,5112.79,13,111,0,0,1,0,0,0,0,1,0,0,0,1,0,0,1,0
10.0,31.23,57.39,0.0,4.63,520.75,3,1,35.0,13.090000000000002,28.909999999999997,3.1060945789999996,16.730000000000004,5018.49,14,111,0,0,0,1,0,0,0,1,0,0,0,1,0,0,1,0
8.0,33.08,73.16,0.0,1.48,488.37,3,1,35.0,12.281666666666666,29.718333333333334,3.0890063359999993,28.860000000000007,5136.18,15,111,1,0,0,0,0,0,0,1,0,0,0,1,0,0,1,0
8.0,32.78,73.38,0.0,1.94,417.51,3,1,35.0,11.323333333333332,30.67666666666667,3.0567696279999996,9.490000000000002,5082.99,16,111,0,1,0,0,0,0,1,0,0,1,0,0,0,0,0,1
17.94,33.57,46.47,0.0,2.17,140.05,4,1,35.0,15.583333333333334,26.416666666666664,3.525781373,22.819999999999997,5112.79,17,111,0,0,1,0,0,1,0,0,0,0,1,0,0,1,0,0
8.0,29.16,72.54,0.0,0.55,7.55,4,1,35.0,11.331666666666665,30.668333333333337,2.3935232479999997,28.860000000000007,5138.400000000001,18,111,1,0,0,0,0,0,1,0,0,0,0,1,0,0,1,0
8.0,30.1,59.53,0.0,0.55,10.86,4,1,35.0,11.263333333333334,30.736666666666665,2.6877749900000003,9.490000000000002,5117.99,19,111,0,1,0,0,0,0,1,0,0,1,0,0,0,0,0,1
12.21,25.21,61.46,0.0,3.49,0.0,2,1,35.0,14.683333333333332,27.31666666666667,2.060368072,22.819999999999997,5112.79,20,111,0,0,1,0,1,0,0,0,0,0,0,1,0,0,1,0
8.0,28.28,66.65,0.0,0.34,49.27,2,1,35.0,12.906666666666666,29.093333333333334,2.30784416,16.730000000000004,5018.7,21,111,0,0,0,1,1,0,0,0,0,1,0,0,0,0,0,1
17.74,23.88,59.44,0.0,5.42,76.89,1,1,35.0,12.036666666666667,29.96333333333333,1.9904167039999998,9.490000000000002,5117.99,22,111,0,1,0,0,0,0,0,1,0,0,0,1,0,0,1,0
18.11,23.76,70.1,0.0,2.29,0.0,3,1,35.0,15.141666666666667,26.858333333333334,1.715599,15.68,5112.79,23,111,0,0,1,0,0,0,1,0,0,1,0,0,0,0,0,1
16.38,25.22,58.84,0.0,1.16,60.7,2,1,35.0,12.155,29.845,1.9712198559999998,9.490000000000002,5152.99,0,112,0,1,0,0,0,1,0,0,1,0,0,0,1,0,0,0
11.95,23.39,68.13,0.0,2.9,0.0,3,1,35.0,11.924999999999999,30.075000000000003,1.715455249,28.860000000000007,5146.42,1,112,1,0,0,0,0,1,0,0,0,0,1,0,0,1,0,0
16.45,23.05,76.51,0.0,0.0,0.0,3,1,35.0,12.811666666666667,29.188333333333333,1.446813045,4.73,5187.99,2,112,0,1,0,0,0,0,1,0,0,0,1,0,0,1,0,0
23.91,23.6,69.43,0.0,2.0,0.0,3,1,35.0,13.935,28.064999999999998,1.6860795400000004,16.730000000000004,5019.099999999999,3,112,0,0,0,1,0,1,0,0,0,0,1,0,0,1,0,0
8.0,25.82,62.43,0.0,2.15,30.42,1,1,35.0,12.428333333333333,29.571666666666665,2.0715821020000003,4.73,5187.99,4,112,0,1,0,0,0,0,0,1,0,0,1,0,0,1,0,0
20.55,23.96,70.22,0.0,0.88,0.0,3,1,35.0,16.026666666666667,25.973333333333333,1.6708610240000004,16.730000000000004,5030.32,5,112,0,0,0,1,0,0,1,0,0,0,0,1,0,0,1,0
17.73,26.11,54.87,0.0,1.64,25.82,1,1,35.0,15.678333333333335,26.321666666666665,2.1647786389999992,16.730000000000004,5065.32,6,112,0,0,0,1,0,1,0,0,0,1,0,0,0,0,0,1
12.86,26.58,58.46,0.0,4.23,176.16,4,1,35.0,15.508333333333333,26.491666666666667,2.3279023159999994,16.730000000000004,5065.32,7,112,0,0,0,1,0,1,0,0,0,0,0,1,0,0,1,0
12.5,29.42,59.05,0.0,2.62,372.35,1,1,35.0,15.924999999999999,26.075000000000003,2.6848700899999995,5.840000000000002,5100.32,8,112,0,0,0,1,1,0,0,0,0,0,1,0,0,1,0,0
12.79,30.49,66.71,0.0,2.88,478.19,2,1,35.0,13.226666666666667,28.773333333333333,2.789504873,4.73,5187.99,9,112,0,1,0,0,0,0,0,1,0,0,0,1,0,0,1,0
8.0,27.43,66.49,0.0,1.46,616.49,2,1,35.0,15.924999999999999,26.075000000000003,2.234826649,5.840000000000002,5100.32,10,112,0,0,0,1,0,0,0,1,0,0,0,1,0,0,1,0
8.0,32.58,63.28,0.0,0.81,597.84,4,1,35.0,11.21,30.79,3.0824242479999997,28.860000000000007,5150.99,11,112,1,0,0,0,0,0,0,1,0,1,0,0,0,0,0,1
15.35,30.74,60.82,0.0,2.11,642.88,1,1,35.0,14.498333333333333,27.501666666666665,2.8583684359999997,5.840000000000002,5135.32,12,112,0,0,0,1,0,0,0,1,1,0,0,0,1,0,0,0
8.0,32.41,54.16,0.0,0.0,627.8,3,1,35.0,12.406666666666666,29.593333333333334,3.1173481019999993,5.840000000000002,5135.32,13,112,0,0,0,1,0,0,0,1,0,1,0,0,0,0,0,1
8.0,30.78,71.39,0.0,1.08,533.03,4,1,35.0,9.361666666666666,32.638333333333335,2.695503494,21.670000000000005,5150.99,14,112,1,0,0,0,0,0,1,0,0,0,0,1,0,0,1,0
8.0,32.61,54.63,0.0,0.9,424.37,4,1,35.0,14.62,27.380000000000003,3.1925046209999994,15.68,5116.68,15,112,0,0,1,0,0,0,1,0,0,1,0,0,0,0,0,1
9.34,35.48,60.15,0.0,0.0,338.37,2,1,35.0,13.450000000000001,28.549999999999997,3.6107589599999996,4.73,5187.99,16,112,0,1,0,0,0,1,0,0,0,0,1,0,0,1,0,0
8.0,31.21,59.85,0.0,3.18,191.52,2,1,35.0,11.826666666666666,30.173333333333332,3.0024376750000004,0.0,5187.99,17,112,0,1,0,0,0,0,1,0,0,1,0,0,0,0,0,1
20.51,29.5,65.94,7.03,2.24,3.94,1,0,0.0,15.498333333333335,26.501666666666665,2.60394374,22.71,5116.68,18,112,0,0,1,0,0,0,0,1,0,0,0,1,0,0,1,0
16.59,28.87,58.26,0.0,1.66,37.07,2,1,35.0,12.216666666666667,29.78333333333333,2.5565660040000004,5.840000000000002,5135.32,19,112,0,0,0,1,0,1,0,0,1,0,0,0,1,0,0,0
11.88,25.98,72.18,0.0,3.21,0.0,2,1,35.0,9.305,32.695,2.0497208280000003,21.670000000000005,5150.99,20,112,1,0,0,0,0,0,0,1,1,0,0,0,1,0,0,0
8.0,29.33,71.79,0.0,0.43,0.0,4,1,35.0,14.128333333333336,27.871666666666663,2.422646248999999,10.92,5081.68,21,112,0,0,1,0,1,0,0,0,1,0,0,0,1,0,0,0
15.09,26.66,71.21,0.0,0.79,0.0,4,1,35.0,11.611666666666666,30.388333333333335,2.0375190620000003,0.0,5187.99,22,112,0,1,0,0,0,0,0,1,0,1,0,0,0,0,0,1
14.99,23.79,67.67,0.0,3.74,4.88,4,1,35.0,10.47,31.53,1.815369111,21.670000000000005,5150.99,23,112,1,0,0,0,0,0,1,0,0,0,0,1,0,0,1,0
14.82,23.32,63.9,0.0,5.14,17.08,2,1,35.0,11.606666666666667,30.39333333333333,1.8581716799999999,21.670000000000005,5150.99,0,113,1,0,0,0,1,0,0,0,0,0,0,1,0,0,1,0
16.6,24.46,85.78,0.0,3.22,46.96,3,1,35.0,12.839999999999998,29.160000000000004,1.7046986360000003,5.840000000000002,5135.32,1,113,0,0,0,1,0,1,0,0,0,0,0,1,0,0,1,0
36.05,25.7,58.1,12.84,2.97,0.0,1,0,0.0,15.623333333333333,26.376666666666665,2.1384945,34.510000000000005,5151.17,2,113,1,0,0,0,0,1,0,0,0,0,1,0,0,1,0,0
18.86,22.71,73.6,0.0,1.7,13.03,2,1,35.0,17.433333333333334,24.566666666666666,1.5152055500000001,34.510000000000005,5116.17,3,113,1,0,0,0,0,1,0,0,1,0,0,0,1,0,0,0
13.32,26.51,66.72,4.08,1.73,50.26,0,0,0.0,12.976666666666667,29.023333333333333,2.108250094,9.920000000000002,5135.32,4,113,0,0,0,1,0,0,0,1,0,0,0,1,0,0,1,0
20.01,25.34,64.89,0.0,2.67,0.0,2,1,35.0,14.473333333333334,27.526666666666664,2.003933922,10.92,5086.8,5,113,0,0,1,0,0,1,0,0,0,1,0,0,0,0,0,1
21.88,24.91,66.97,6.89,4.05,0.0,2,0,0.0,15.29,26.71,1.9916176290000003,16.810000000000002,5100.32,6,113,0,0,0,1,1,0,0,0,1,0,0,0,1,0,0,0
8.0,26.57,60.77,0.0,2.91,116.63,1,1,35.0,13.771666666666667,28.22833333333333,2.2368311430000003,10.92,5121.8,7,113,0,0,1,0,1,0,0,0,0,0,1,0,0,1,0,0
8.0,30.93,63.85,0.0,3.55,346.86,1,1,35.0,10.203333333333333,31.796666666666667,2.9284790550000004,0.0,5187.99,8,113,0,1,0,0,0,0,1,0,1,0,0,0,1,0,0,0
10.84,27.26,66.01,0.0,1.3,434.23,1,1,35.0,12.56,29.439999999999998,2.206057442,10.92,5121.8,9,113,0,0,1,0,0,0,1,0,0,1,0,0,0,0,0,1
8.0,29.21,80.98,0.0,3.14,579.65,4,1,35.0,10.203333333333333,31.796666666666667,2.4396927760000007,0.0,5187.99,10,113,0,1,0,0,0,1,0,0,0,1,0,0,0,0,0,1
8.0,32.56,67.05,0.0,1.59,620.29,4,1,35.0,9.405,32.595,3.0742329400000004,0.0,5222.99,11,113,0,1,0,0,0,0,1,0,0,0,1,0,0,1,0,0
14.7,32.09,63.54,0.0,2.57,713.03,1,1,35.0,15.181666666666667,26.818333333333335,3.0816287920000005,16.810000000000002,5065.32,12,113,0,0,0,1,0,0,0,1,0,1,0,0,0,0,0,1
8.0,30.98,64.84,0.0,3.14,655.43,2,1,35.0,15.181666666666667,26.818333333333335,2.9053042240000004,10.970000000000002,5100.32,13,113,0,0,0,1,0,0,0,1,0,1,0,0,0,0,0,1
8.0,33.75,71.48,0.0,1.76,534.78,4,1,35.0,9.181666666666667,32.818333333333335,3.24206613,0.0,5230.71,14,113,0,1,0,0,0,0,0,1,0,0,0,1,0,0,1,0
8.0,33.69,51.86,0.0,1.18,449.05,2,1,35.0,13.75,28.25,3.434643208,10.970000000000002,5100.32,15,113,0,0,0,1,0,0,1,0,0,1,0,0,0,0,0,1
23.09,32.27,58.51,1.88,2.84,352.58,1,1,35.0,11.696666666666667,30.303333333333335,3.1844384590000008,1.88,5230.71,16,113,0,1,0,0,0,0,0,1,0,1,0,0,0,0,0,1
10.96,30.21,48.08,3.1,2.24,130.83,0,0,0.0,13.053333333333335,28.946666666666665,2.9169650460000005,14.02,5121.8,17,113,0,0,1,0,0,0,0,1,0,1,0,0,0,0,0,1
8.0,29.62,65.82,0.0,2.56,41.38,3,1,35.0,17.433333333333334,24.566666666666666,2.6406625080000006,30.430000000000007,5116.17,18,113,1,0,0,0,0,0,0,1,0,1,0,0,0,0,0,1
8.92,29.77,67.72,0.0,3.19,0.0,3,1,35.0,11.121666666666668,30.87833333333333,2.6757341779999995,14.02,5086.8,19,113,0,0,1,0,1,0,0,0,0,0,0,1,0,0,1,0
22.12,26.34,57.56,0.79,3.97,28.31,2,1,35.0,19.14,22.86,2.288228848,31.220000000000006,5116.17,20,113,1,0,0,0,0,0,0,1,0,0,0,1,0,0,1,0
9.41,29.26,72.24,0.0,3.2,0.0,4,1,35.0,12.551666666666668,29.44833333333333,2.545132568,10.970000000000002,5104.48,21,113,0,0,0,1,0,0,0,1,0,0,0,1,0,0,1,0
8.0,28.85,57.48,0.0,3.04,0.0,1,1,35.0,10.515,31.485,2.630729090000001,1.88,5230.71,22,113,0,1,0,0,0,0,1,0,1,0,0,0,1,0,0,0
15.48,25.12,63.11,0.0,1.8,0.0,2,1,35.0,11.761666666666665,30.238333333333337,1.946749244,1.88,5230.71,23,113,0,1,0,0,0,0,0,1,0,0,0,1,0,0,1,0
14.87,25.49,66.05,0.0,1.98,60.63,4,1,35.0,12.81,29.189999999999998,1.9793227949999999,10.970000000000002,5104.48,0,114,0,0,0,1,1,0,0,0,1,0,0,0,1,0,0,0
15.34,26.33,75.69,0.0,2.95,0.0,2,1,35.0,19.198333333333334,22.801666666666666,2.0517227389999997,31.220000000000006,5116.17,1,114,1,0,0,0,1,0,0,0,0,1,0,0,0,0,0,1
8.0,27.35,57.71,0.0,1.96,107.82,1,1,35.0,18.061666666666667,23.938333333333333,2.338871255,31.220000000000006,5116.17,2,114,1,0,0,0,0,0,1,0,0,1,0,0,0,0,0,1
9.72,26.89,66.13,0.0,2.94,5.31,3,1,35.0,11.408333333333333,30.59166666666667,2.2312119989999997,14.02,5086.8,3,114,0,0,1,0,0,0,1,0,0,1,0,0,0,0,0,1
19.89,22.35,73.14,0.0,1.42,0.0,3,1,35.0,11.388333333333334,30.611666666666665,1.4594994200000002,14.02,5086.8,4,114,0,0,1,0,0,0,1,0,0,1,0,0,0,0,0,1
15.62,25.12,69.49,0.0,4.72,0.0,3,1,35.0,14.656666666666666,27.343333333333334,2.029768436,31.220000000000006,5116.17,5,114,1,0,0,0,0,0,0,1,1,0,0,0,1,0,0,0
22.01,27.17,68.1,3.13,2.63,43.15,0,0,0.0,15.181666666666667,26.818333333333335,2.2373551600000003,31.520000000000003,5116.17,6,114,1,0,0,0,0,0,1,0,1,0,0,0,1,0,0,0
12.36,26.64,69.62,0.0,2.55,161.45,4,1,35.0,12.488333333333335,29.511666666666663,2.138827736,1.88,5247.54,7,114,0,1,0,0,0,0,0,1,0,1,0,0,0,0,0,1
15.23,31.09,56.84,0.0,1.82,353.79,3,1,35.0,16.386666666666667,25.613333333333333,2.9478284820000002,31.520000000000003,5081.17,8,114,1,0,0,0,0,0,0,1,0,0,1,0,0,1,0,0
10.91,31.9,71.9,0.0,4.7,540.9,3,1,35.0,14.518333333333333,27.48166666666667,3.0596001,31.520000000000003,5083.610000000001,9,114,1,0,0,0,0,1,0,0,0,1,0,0,0,0,0,1
8.43,29.2,61.47,0.0,0.9,586.33,3,1,35.0,12.56,29.439999999999998,2.5370292999999995,1.88,5247.54,10,114,0,1,0,0,0,0,0,1,0,1,0,0,0,0,0,1
13.68,31.0,59.09,0.0,1.56,639.66,4,1,35.0,12.335,29.665,2.89421384,14.02,5086.8,11,114,0,0,1,0,0,0,0,1,0,1,0,0,0,0,0,1
8.0,30.76,70.43,0.0,3.42,692.92,3,1,35.0,10.496666666666668,31.50333333333333,2.819904296,10.970000000000002,5139.48,12,114,0,0,0,1,0,0,1,0,0,1,0,0,0,0,0,1
17.05,31.99,55.59,0.0,2.69,656.0,4,1,35.0,14.803333333333335,27.196666666666665,3.1612988269999995,22.360000000000007,5083.610000000001,13,114,1,0,0,0,0,0,1,0,0,1,0,0,0,0,0,1
14.3,32.08,62.18,0.0,1.71,518.72,2,1,35.0,13.61,28.39,3.0524920879999997,1.88,5247.54,14,114,0,1,0,0,0,0,0,1,0,1,0,0,0,0,0,1
8.0,33.71,53.57,0.0,1.74,506.26,1,1,35.0,11.094999999999999,30.905,3.4460649690000005,1.88,5247.54,15,114,0,1,0,0,0,0,0,1,1,0,0,0,1,0,0,0
9.22,30.55,78.79,0.0,2.05,323.39,3,1,35.0,15.006666666666666,26.993333333333332,2.623628555,21.490000000000002,5083.610000000001,16,114,1,0,0,0,0,0,0,1,1,0,0,0,1,0,0,0
12.73,27.32,79.9,0.0,2.52,222.18,2,1,35.0,12.65,29.35,2.13199008,14.02,5086.8,17,114,0,0,1,0,0,0,0,1,0,0,0,1,0,0,1,0
10.78,28.01,62.42,0.0,4.26,17.75,4,1,35.0,9.843333333333334,32.156666666666666,2.506541784,10.970000000000002,5139.48,18,114,0,0,0,1,1,0,0,0,0,1,0,0,0,0,0,1
18.28,27.91,66.91,0.0,3.13,41.7,1,1,35.0,15.450000000000003,26.549999999999997,2.387317127,21.490000000000002,5118.610000000001,19,114,1,0,0,0,1,0,0,0,0,1,0,0,0,0,0,1
25.97,27.44,63.69,9.28,3.63,0.0,1,0,0.0,12.838333333333333,29.16166666666667,2.3739796920000007,20.25,5144.57,20,114,0,0,0,1,0,0,1,0,0,0,0,1,0,0,1,0
8.0,27.66,61.03,0.0,1.88,0.0,4,1,35.0,11.094999999999999,30.905,2.347956806,1.88,5247.54,21,114,0,1,0,0,0,0,1,0,0,0,0,1,0,0,1,0
12.22,24.8,66.6,0.0,3.02,19.73,4,1,35.0,12.860000000000001,29.14,1.9283572,12.219999999999999,5121.8,22,114,0,0,1,0,0,1,0,0,0,0,1,0,0,1,0,0
23.03,23.77,66.3,2.94,0.53,34.19,1,0,0.0,12.353333333333333,29.64666666666667,1.6652725400000001,4.82,5247.54,23,114,0,1,0,0,0,1,0,0,0,0,0,1,0,0,1,0
19.03,23.68,56.02,0.0,2.62,0.0,4,1,35.0,14.953333333333333,27.046666666666667,1.855713512,21.490000000000002,5118.610000000001,0,115,1,0,0,0,0,0,0,1,0,0,1,0,0,1,0,0
20.85,23.0,69.04,3.52,2.54,0.0,0,0,0.0,13.768333333333333,28.23166666666667,1.63744864,8.34,5212.54,1,115,0,1,0,0,0,0,0,1,0,0,0,1,0,0,1,0
14.65,23.7,66.34,2.16,4.59,0.0,1,0,0.0,13.815,28.185000000000002,1.8584496999999998,14.379999999999999,5121.8,2,115,0,0,1,0,0,0,1,0,0,0,0,1,0,0,1,0
13.69,23.77,68.77,0.0,4.27,0.0,2,1,35.0,14.476666666666667,27.523333333333333,1.828656623,14.379999999999999,5088.0199999999995,3,115,0,0,1,0,0,1,0,0,0,0,0,1,0,0,1,0
9.36,26.1,64.17,0.0,2.09,0.0,3,1,35.0,13.923333333333334,28.076666666666668,2.09189251,8.34,5177.54,4,115,0,1,0,0,0,0,0,1,0,0,0,1,0,0,1,0
8.0,24.22,63.7,2.44,1.42,18.1,2,0,0.0,12.873333333333333,29.126666666666665,1.7961310999999998,10.78,5177.54,5,115,0,1,0,0,0,0,1,0,1,0,0,0,1,0,0,0
8.41,26.0,70.93,0.0,1.45,11.72,2,1,35.0,13.816666666666668,28.18333333333333,1.97719118,16.760000000000005,5123.03,6,115,1,0,0,0,0,0,1,0,0,0,0,1,0,0,1,0
14.8,26.68,67.99,0.0,2.05,168.76,2,1,35.0,13.971666666666666,28.028333333333336,2.136405824,20.25,5109.57,7,115,0,0,0,1,0,0,0,1,0,0,0,1,0,0,1,0
9.04,29.75,71.57,0.0,3.96,371.29,3,1,35.0,13.046666666666667,28.953333333333333,2.6688834449999996,10.78,5142.54,8,115,0,1,0,0,0,0,1,0,0,0,0,1,0,0,1,0
9.08,29.34,65.59,0.0,2.9,468.05,1,1,35.0,12.675000000000002,29.324999999999996,2.614961582,12.29,5091.88,9,115,0,0,1,0,0,1,0,0,0,0,1,0,0,1,0,0
14.48,32.11,58.53,0.0,3.02,569.69,4,1,35.0,14.126666666666665,27.873333333333335,3.1651198009999995,10.78,5142.54,10,115,0,1,0,0,0,0,1,0,1,0,0,0,1,0,0,0
8.0,29.63,66.21,0.0,3.37,639.11,2,1,35.0,13.736666666666666,28.263333333333335,2.6785288009999997,20.25,5113.2699999999995,11,115,0,0,0,1,0,0,0,1,0,0,0,1,0,0,1,0
14.25,31.92,46.2,5.31,1.21,629.6,0,0,0.0,12.770000000000001,29.229999999999997,3.1824187999999998,17.6,5091.88,12,115,0,0,1,0,0,0,0,1,1,0,0,0,1,0,0,0
14.5,31.53,75.1,2.0,1.55,662.55,1,0,0.0,13.674999999999999,28.325000000000003,2.8027851800000003,22.25,5113.2699999999995,13,115,0,0,0,1,1,0,0,0,0,0,1,0,0,1,0,0
10.93,30.69,62.97,2.64,3.02,530.84,2,0,0.0,12.11,29.89,2.871478111,13.42,5143.47,14,115,0,1,0,0,0,0,1,0,0,0,1,0,0,1,0,0
8.0,32.3,75.05,0.0,1.47,474.42,2,1,35.0,9.968333333333334,32.031666666666666,2.9306278499999996,13.42,5118.62,15,115,0,1,0,0,0,0,0,1,0,0,1,0,0,1,0,0
15.11,34.6,51.84,0.0,0.57,367.65,4,1,35.0,14.516666666666667,27.483333333333334,3.573716320000001,16.760000000000005,5123.03,16,115,1,0,0,0,0,0,0,1,0,0,1,0,0,1,0,0
8.0,30.08,53.71,0.0,1.1,132.31,2,1,35.0,13.008333333333335,28.991666666666667,2.7760539159999995,16.760000000000005,5132.7300000000005,17,115,1,0,0,0,1,0,0,0,0,0,0,1,0,0,1,0
8.0,30.34,63.89,0.0,3.67,0.0,4,1,35.0,13.674999999999999,28.325000000000003,2.835402622,22.25,5078.2699999999995,18,115,0,0,0,1,0,1,0,0,0,1,0,0,0,0,0,1
13.71,27.6,66.06,0.0,1.95,0.0,1,1,35.0,14.163333333333332,27.836666666666666,2.2896934800000004,22.25,5078.2699999999995,19,115,0,0,0,1,1,0,0,0,0,0,0,1,0,0,1,0
12.01,26.34,66.89,0.0,2.67,63.6,2,1,35.0,11.836666666666666,30.163333333333334,2.128508822,22.25,5083.179999999999,20,115,0,0,0,1,0,1,0,0,0,0,1,0,0,1,0,0
8.0,26.32,65.85,0.0,1.16,0.0,1,1,35.0,12.805000000000001,29.195,2.06062886,16.760000000000005,5167.7300000000005,21,115,1,0,0,0,0,0,1,0,0,0,0,1,0,0,1,0
21.43,25.86,60.52,0.0,2.86,0.0,2,1,35.0,14.219999999999999,27.78,2.132079744,17.6,5062.83,22,115,0,0,1,0,0,0,1,0,0,0,0,1,0,0,1,0
18.87,25.1,55.13,5.49,2.08,12.82,1,0,0.0,15.328333333333333,26.671666666666667,2.0366492900000006,23.09,5062.83,23,115,0,0,1,0,0,0,0,1,0,0,1,0,0,1,0,0
11.87,24.84,67.71,0.0,2.94,0.0,3,1,35.0,10.386666666666667,31.613333333333333,1.9190629680000004,13.42,5118.62,0,116,0,1,0,0,0,1,0,0,0,0,1,0,0,1,0,0
15.77,22.31,58.77,0.0,1.83,0.0,1,1,35.0,15.515,26.485,1.607493549,23.09,5027.83,1,116,0,0,1,0,0,1,0,0,0,0,1,0,0,1,0,0
24.38,23.71,56.99,0.0,3.01,49.49,3,1,35.0,17.296666666666667,24.703333333333333,1.8700642030000005,23.09,5027.83,2,116,0,0,1,0,0,0,0,1,1,0,0,0,1,0,0,0
10.59,25.54,62.51,0.0,1.77,0.0,2,1,35.0,10.818333333333333,31.181666666666665,2.011266098,13.42,5118.62,3,116,0,1,0,0,1,0,0,0,0,0,0,1,0,0,1,0
8.94,23.14,70.1,0.0,2.3,0.0,1,1,35.0,10.801666666666668,31.19833333333333,1.6338330600000002,13.42,5118.62,4,116,0,1,0,0,0,0,1,0,0,0,0,1,0,0,1,0
15.24,25.29,79.29,0.0,2.07,10.29,1,1,35.0,12.298333333333334,29.701666666666668,1.8240966269999996,16.760000000000005,5202.7300000000005,5,116,1,0,0,0,0,0,0,1,0,0,0,1,0,0,1,0
22.1,27.09,70.79,0.0,2.43,10.31,2,1,35.0,19.466666666666665,22.533333333333335,2.187575717,23.09,5027.83,6,116,0,0,1,0,0,0,1,0,0,1,0,0,0,0,0,1
12.71,26.44,74.48,0.0,2.73,149.59,1,1,35.0,11.488333333333335,30.511666666666663,2.0689739840000003,22.25,5096.11,7,116,0,0,0,1,1,0,0,0,0,0,0,1,0,0,1,0
8.96,29.16,66.85,0.0,1.81,344.12,3,1,35.0,18.585,23.415,2.5179798000000004,23.09,5027.83,8,116,0,0,1,0,1,0,0,0,0,0,1,0,0,1,0,0
13.38,27.4,66.25,0.0,2.26,510.24,3,1,35.0,12.385,29.615000000000002,2.2727690000000003,22.25,5096.11,9,116,0,0,0,1,0,0,1,0,0,0,0,1,0,0,1,0
8.0,31.98,77.56,0.0,2.62,525.76,4,1,35.0,10.459999999999999,31.54,2.904502656,16.760000000000005,5202.7300000000005,10,116,1,0,0,0,1,0,0,0,0,1,0,0,0,0,0,1
8.0,32.02,50.72,0.0,3.01,610.9,4,1,35.0,9.721666666666666,32.278333333333336,3.238363528000001,13.42,5118.62,11,116,0,1,0,0,1,0,0,0,0,0,1,0,0,1,0,0
8.0,32.19,56.95,0.0,2.31,646.32,4,1,35.0,9.233333333333333,32.766666666666666,3.161815614999999,13.42,5118.62,12,116,0,1,0,0,1,0,0,0,0,1,0,0,0,0,0,1
8.0,34.2,55.9,0.0,1.34,652.35,2,1,35.0,10.391666666666666,31.608333333333334,3.4887560000000004,16.760000000000005,5202.7300000000005,13,116,1,0,0,0,1,0,0,0,0,0,0,1,0,0,1,0
8.0,32.15,66.13,0.81,2.5,564.08,2,1,35.0,9.206666666666665,32.79333333333334,3.058818245,17.570000000000004,5207.64,14,116,1,0,0,0,0,0,1,0,0,0,0,1,0,0,1,0
8.0,31.58,53.48,0.0,3.2,455.17,3,1,35.0,16.346666666666668,25.653333333333332,3.139273168,23.09,5027.83,15,116,0,0,1,0,0,1,0,0,0,0,0,1,0,0,1,0
8.15,34.17,63.61,0.0,0.8,270.77,2,1,35.0,9.231666666666667,32.76833333333333,3.364037579,17.570000000000004,5207.64,16,116,1,0,0,0,0,1,0,0,0,1,0,0,0,0,0,1
10.29,34.24,62.27,0.0,0.81,128.58,4,1,35.0,11.683333333333332,30.31666666666667,3.393431996000001,22.25,5100.28,17,116,0,0,0,1,0,1,0,0,0,1,0,0,0,0,0,1
13.88,29.61,67.61,2.71,1.61,6.74,1,0,0.0,15.515,26.485,2.572023507,25.8,5030.72,18,116,0,0,1,0,0,0,0,1,1,0,0,0,1,0,0,0
9.33,29.51,67.56,3.87,2.17,0.0,2,0,0.0,9.455,32.545,2.584431002,17.29,5118.62,19,116,0,1,0,0,0,1,0,0,0,0,1,0,0,1,0,0
15.9,30.21,72.2,0.0,0.0,0.0,2,1,35.0,15.536666666666667,26.46333333333333,2.53862477,18.770000000000003,4995.72,20,116,0,0,1,0,1,0,0,0,0,1,0,0,0,0,0,1
20.67,27.49,63.26,0.0,3.09,0.0,4,1,35.0,13.795000000000002,28.205,2.359090388,22.25,5100.28,21,116,0,0,0,1,0,0,1,0,0,0,1,0,0,1,0,0
13.15,27.54,67.28,0.0,2.18,81.96,3,1,35.0,13.701666666666666,28.298333333333332,2.279316984,22.25,5100.28,22,116,0,0,0,1,1,0,0,0,0,0,0,1,0,0,1,0
9.69,26.99,58.85,0.0,0.0,0.0,1,1,35.0,13.315,28.685000000000002,2.174173785,22.25,5100.28,23,116,0,0,0,1,0,0,1,0,0,0,1,0,0,1,0,0
11.26,24.45,59.29,0.0,1.06,48.54,1,1,35.0,13.073333333333332,28.92666666666667,1.8527781749999999,22.25,5100.28,0,117,0,0,0,1,0,0,0,1,0,0,0,1,0,0,1,0
26.16,25.52,77.54,6.49,2.04,45.98,1,0,0.0,11.836666666666668,30.163333333333334,1.872133176,23.78,5083.62,1,117,0,1,0,0,0,0,0,1,0,0,0,1,0,0,1,0
18.79,24.75,60.12,3.1,0.27,28.13,2,0,0.0,14.604999999999999,27.395000000000003,1.84729437,21.87,4995.72,2,117,0,0,1,0,0,1,0,0,0,0,1,0,0,1,0,0
15.37,23.07,71.63,0.0,3.56,0.0,2,1,35.0,12.633333333333333,29.366666666666667,1.6732739070000002,23.78,5048.62,3,117,0,1,0,0,0,1,0,0,0,0,1,0,0,1,0,0
15.43,23.81,70.27,0.0,2.62,4.8,3,1,35.0,13.715000000000002,28.284999999999997,1.737183449,21.900000000000002,5048.62,4,117,0,1,0,0,0,0,1,0,0,1,0,0,0,0,0,1
8.9,24.95,73.86,0.0,3.21,0.0,3,1,35.0,12.326666666666668,29.673333333333332,1.8874803,22.25,5101.91,5,117,0,0,0,1,0,1,0,0,0,0,0,1,0,0,1,0
8.0,28.15,51.47,0.0,1.17,70.5,2,1,35.0,11.945,30.055,2.489572055,18.17,5101.91,6,117,0,0,0,1,0,0,1,0,0,0,0,1,0,0,1,0
8.63,29.16,68.51,0.0,2.89,182.61,2,1,35.0,13.82,28.18,2.5540504719999997,21.900000000000002,5048.62,7,117,0,1,0,0,0,0,1,0,0,1,0,0,0,0,0,1
11.93,29.88,61.29,0.0,1.61,317.54,3,1,35.0,9.886666666666665,32.11333333333334,2.6851296639999997,17.570000000000004,5210.04,8,117,1,0,0,0,1,0,0,0,0,0,1,0,0,1,0,0
8.0,30.45,57.04,0.0,2.17,522.09,4,1,35.0,8.68,33.32,2.85468735,4.730000000000004,5210.04,9,117,1,0,0,0,0,1,0,0,0,0,0,1,0,0,1,0
8.0,31.38,58.74,0.0,2.82,550.58,3,1,35.0,13.82,28.18,3.026085684,21.900000000000002,5083.62,10,117,0,1,0,0,0,1,0,0,1,0,0,0,1,0,0,0
8.09,32.0,67.26,0.0,2.32,647.16,1,1,35.0,9.848333333333334,32.151666666666664,3.01088396,11.280000000000001,5101.91,11,117,0,0,0,1,0,1,0,0,0,1,0,0,0,0,0,1
8.0,32.83,64.45,0.0,3.37,674.58,2,1,35.0,8.99,33.01,3.2410068649999992,11.280000000000001,5101.91,12,117,0,0,0,1,1,0,0,0,0,1,0,0,0,0,0,1
14.46,33.33,58.04,0.0,2.57,640.01,4,1,35.0,9.756666666666668,32.24333333333333,3.3655300739999987,4.730000000000004,5210.04,13,117,1,0,0,0,0,0,0,1,0,0,0,1,0,0,1,0
39.77,30.65,53.11,13.65,1.84,559.19,1,0,0.0,15.051666666666668,26.94833333333333,2.9156514650000003,18.380000000000003,5210.04,14,117,1,0,0,0,0,0,0,1,0,1,0,0,0,0,0,1
10.63,31.44,52.97,0.0,3.41,488.93,2,1,35.0,12.693333333333335,29.306666666666665,3.1312470360000004,21.869999999999997,4960.72,15,117,0,0,1,0,0,0,0,1,0,0,1,0,0,1,0,0
17.84,30.68,66.33,0.0,3.66,302.95,2,1,35.0,10.348333333333334,31.651666666666664,2.864336688,11.280000000000001,5101.91,16,117,0,0,0,1,0,1,0,0,0,0,0,1,0,0,1,0
11.83,33.25,50.06,0.0,2.51,207.21,4,1,35.0,13.171666666666667,28.828333333333333,3.44176926,21.869999999999997,4995.72,17,117,0,0,1,0,0,1,0,0,0,1,0,0,0,0,0,1
8.1,33.24,58.18,0.0,4.0,0.0,4,1,35.0,9.821666666666667,32.178333333333335,3.419123424000001,11.280000000000001,5101.91,18,117,0,0,0,1,0,1,0,0,0,1,0,0,0,0,0,1
9.05,26.54,83.14,0.0,2.12,46.82,2,1,35.0,13.773333333333333,28.226666666666667,1.964723932,21.900000000000002,5083.62,19,117,0,1,0,0,0,0,1,0,0,1,0,0,0,0,0,1
9.6,31.11,63.93,1.61,2.25,36.62,1,1,35.0,11.013333333333334,30.986666666666665,2.8929894809999994,23.51,5083.62,20,117,0,1,0,0,0,0,0,1,0,0,1,0,0,1,0,0
12.52,27.85,68.51,0.0,2.41,19.23,3,1,35.0,10.424999999999999,31.575000000000003,2.3252900050000003,11.280000000000001,5103.41,21,117,0,0,0,1,0,1,0,0,0,1,0,0,0,0,0,1
8.48,28.28,55.55,0.0,2.24,0.0,3,1,35.0,13.251666666666665,28.748333333333335,2.5204864000000002,21.869999999999997,5030.72,22,117,0,0,1,0,1,0,0,0,0,1,0,0,0,0,0,1
29.89,26.69,55.66,14.55,2.03,38.59,1,0,0.0,15.920000000000002,26.08,2.2630555480000005,33.32,5030.72,23,117,0,0,1,0,0,0,1,0,0,0,0,1,0,0,1,0
8.84,27.56,69.12,0.0,1.54,19.99,4,1,35.0,10.565,31.435000000000002,2.2311645439999994,11.280000000000001,5138.41,0,118,0,0,0,1,0,0,0,1,0,1,0,0,0,0,0,1
17.21,25.32,63.37,0.0,1.21,0.0,2,1,35.0,11.32,30.68,1.9431580080000004,23.51,5083.62,1,118,0,1,0,0,0,0,1,0,0,0,0,1,0,0,1,0
8.0,22.82,75.56,0.0,2.53,0.0,4,1,35.0,15.051666666666668,26.94833333333333,1.5525544640000002,17.590000000000003,5175.04,2,118,1,0,0,0,0,0,1,0,1,0,0,0,1,0,0,0
19.34,24.85,66.73,0.0,3.84,5.91,4,1,35.0,16.493333333333332,25.506666666666668,1.975072815,33.32,4995.72,3,118,0,0,1,0,0,0,0,1,0,1,0,0,0,0,0,1
14.38,26.18,89.55,0.0,3.38,9.79,1,1,35.0,11.145000000000001,30.854999999999997,1.9113776500000004,23.51,5118.62,4,118,0,1,0,0,0,0,1,0,0,1,0,0,0,0,0,1
16.31,25.72,61.72,3.17,2.87,24.75,2,0,0.0,11.934999999999997,30.065000000000005,2.1001766079999995,14.450000000000001,5138.41,5,118,0,0,0,1,0,1,0,0,0,0,1,0,0,1,0,0
11.92,27.85,66.04,0.0,3.9,54.21,1,1,35.0,11.693333333333333,30.306666666666665,2.4257237700000003,23.51,5118.62,6,118,0,1,0,0,0,0,1,0,0,1,0,0,0,0,0,1
15.34,27.73,57.85,0.0,2.42,188.77,1,1,35.0,12.916666666666666,29.083333333333336,2.419058455,20.57,5118.62,7,118,0,1,0,0,0,0,1,0,0,0,1,0,0,1,0,0
10.54,27.97,71.14,0.0,1.21,252.05,1,1,35.0,15.449999999999998,26.550000000000004,2.256031975999999,17.590000000000003,5175.04,8,118,1,0,0,0,0,0,0,1,0,0,0,1,0,0,1,0
14.92,28.27,66.76,0.0,1.98,466.54,4,1,35.0,13.088333333333331,28.91166666666667,2.387121834,14.45,5103.41,9,118,0,0,0,1,1,0,0,0,0,1,0,0,0,0,0,1
13.22,30.28,55.35,0.0,2.33,605.47,4,1,35.0,13.611666666666666,28.388333333333335,2.8529010799999996,17.05,5118.62,10,118,0,1,0,0,0,0,1,0,0,0,1,0,0,1,0,0
8.79,32.0,58.48,0.0,1.79,631.76,2,1,35.0,14.926666666666668,27.07333333333333,3.08495008,17.590000000000003,5175.04,11,118,1,0,0,0,0,0,1,0,0,0,0,1,0,0,1,0
13.34,29.39,72.39,5.24,3.13,657.12,2,0,0.0,15.816666666666668,26.18333333333333,2.560703087,22.830000000000005,5175.04,12,118,1,0,0,0,0,0,0,1,0,0,1,0,0,1,0,0
8.0,31.56,69.81,0.0,3.52,610.55,3,1,35.0,11.448333333333332,30.55166666666667,2.966404712,5.170000000000002,5103.41,13,118,0,0,0,1,0,1,0,0,0,1,0,0,0,0,0,1
8.0,29.87,52.5,0.0,0.32,596.14,1,1,35.0,13.344999999999999,28.655,2.7153614200000002,17.05,5118.62,14,118,0,1,0,0,1,0,0,0,0,0,0,1,0,0,1,0
10.2,31.81,57.59,0.0,2.23,447.26,2,1,35.0,11.798333333333332,30.201666666666668,3.0839972529999997,5.170000000000002,5103.41,15,118,0,0,0,1,0,0,0,1,0,1,0,0,0,0,0,1
8.0,34.13,71.75,0.0,0.0,345.75,3,1,35.0,14.74,27.259999999999998,3.219478245000001,19.700000000000003,5152.03,16,118,1,0,0,0,0,0,0,1,0,0,0,1,0,0,1,0
8.0,29.92,61.2,0.0,2.29,183.23,3,1,35.0,11.045,30.955,2.7266928,5.170000000000002,5103.41,17,118,0,0,0,1,0,0,0,1,1,0,0,0,1,0,0,0
11.13,31.92,62.05,0.0,2.28,1.9,3,1,35.0,15.216666666666669,26.78333333333333,3.05466454,33.32,4995.72,18,118,0,0,1,0,0,1,0,0,0,0,0,1,0,0,1,0
8.0,34.18,66.15,0.0,4.53,16.94,3,1,35.0,10.905,31.095,3.52200601,3.1700000000000017,5103.41,19,118,0,0,0,1,1,0,0,0,0,0,0,1,0,0,1,0
8.91,31.05,52.14,0.0,4.17,7.06,3,1,35.0,9.596666666666666,32.403333333333336,3.1113037799999996,19.700000000000003,5152.03,20,118,1,0,0,0,0,0,1,0,0,0,0,1,0,0,1,0
8.45,28.03,57.3,0.0,3.52,44.71,4,1,35.0,11.885,30.115000000000002,2.5266207,14.610000000000001,5128.28,21,118,0,1,0,0,0,0,1,0,0,0,1,0,0,1,0,0
9.15,28.16,61.51,0.0,1.25,23.69,3,1,35.0,9.711666666666666,32.288333333333334,2.389027372,3.1700000000000017,5138.41,22,118,0,0,0,1,0,1,0,0,0,0,0,1,0,0,1,0
13.96,23.98,75.54,0.0,1.18,36.39,2,1,35.0,9.551666666666668,32.44833333333333,1.637440044,3.1700000000000017,5173.41,23,118,0,0,0,1,0,1,0,0,0,0,1,0,0,1,0,0
21.64,23.15,74.92,0.0,1.08,0.0,1,1,35.0,17.051666666666666,24.948333333333334,1.52874873,33.32,5030.72,0,119,0,0,1,0,0,0,0,1,0,1,0,0,0,0,0,1
13.8,25.16,71.21,0.0,4.23,0.0,1,1,35.0,10.563333333333333,31.436666666666667,1.9938975120000002,19.700000000000003,5152.03,1,119,1,0,0,0,0,0,0,1,1,0,0,0,1,0,0,0
18.34,25.57,64.87,0.0,1.31,2.19,2,1,35.0,18.136666666666667,23.863333333333333,1.969048333,33.32,5030.72,2,119,0,0,1,0,0,0,1,0,0,0,0,1,0,0,1,0
17.8,26.75,72.8,0.0,1.94,26.23,2,1,35.0,11.773333333333333,30.226666666666667,2.0919935499999998,19.700000000000003,5152.03,3,119,1,0,0,0,0,1,0,0,0,0,1,0,0,1,0,0
15.91,24.66,65.5,0.0,1.32,18.6,1,1,35.0,10.87,31.130000000000003,1.83458638,3.1700000000000017,5173.41,4,119,0,0,0,1,0,1,0,0,0,1,0,0,0,0,0,1
10.29,26.44,69.2,4.74,0.89,0.0,2,0,0.0,10.885,31.115000000000002,2.0306990400000005,7.910000000000002,5208.41,5,119,0,0,0,1,0,1,0,0,0,0,1,0,0,1,0,0
9.3,27.22,70.91,0.0,2.8,27.32,2,1,35.0,11.038333333333334,30.961666666666666,2.2242774339999998,14.610000000000001,5163.28,6,119,0,1,0,0,1,0,0,0,0,0,0,1,0,0,1,0
8.0,27.74,75.98,0.0,2.58,146.26,2,1,35.0,10.885,31.115000000000002,2.2387133639999997,7.910000000000002,5173.41,7,119,0,0,0,1,0,0,0,1,0,1,0,0,0,0,0,1
25.98,28.87,62.81,1.21,0.0,348.58,3,1,32.76,21.053333333333335,20.946666666666665,2.424725849,34.53,5030.72,8,119,0,0,1,0,0,0,1,0,0,1,0,0,0,0,0,1
8.0,28.73,60.78,0.0,0.84,469.65,4,1,35.0,11.641666666666666,30.358333333333334,2.466194388,19.700000000000003,5152.03,9,119,1,0,0,0,0,0,0,1,0,0,1,0,0,1,0,0
8.0,31.4,70.25,0.0,2.71,555.04,3,1,35.0,10.885,31.115000000000002,2.893775,7.910000000000002,5173.41,10,119,0,0,0,1,1,0,0,0,1,0,0,0,1,0,0,0
8.0,32.1,70.23,0.0,2.31,609.09,4,1,35.0,17.405,24.595,2.9935872900000002,34.53,5063.4800000000005,11,119,0,0,1,0,0,1,0,0,0,0,1,0,0,1,0,0
8.0,31.78,57.07,0.0,1.92,654.66,3,1,35.0,15.515,26.485,3.069208482,32.37,5063.4800000000005,12,119,0,0,1,0,0,0,1,0,0,0,0,1,0,0,1,0
8.0,33.84,51.49,0.0,3.13,630.76,4,1,35.0,14.993333333333332,27.006666666666668,3.564187452,32.37,5063.4800000000005,13,119,0,0,1,0,0,0,0,1,0,0,1,0,0,1,0,0
11.44,34.52,67.22,0.0,0.67,526.29,2,1,35.0,11.266666666666666,30.733333333333334,3.378600128000001,7.910000000000002,5173.41,14,119,0,0,0,1,0,1,0,0,0,1,0,0,0,0,0,1
8.0,33.86,47.72,0.0,1.69,480.69,1,1,35.0,12.719999999999999,29.28,3.540677984,32.37,5063.4800000000005,15,119,0,0,1,0,0,1,0,0,0,1,0,0,0,0,0,1
14.01,30.88,49.75,0.0,3.02,365.48,1,1,35.0,11.998333333333335,30.001666666666665,3.0514274199999996,27.060000000000002,5063.4800000000005,16,119,0,0,1,0,0,1,0,0,0,0,0,1,0,0,1,0
18.55,31.95,58.86,6.32,1.62,198.35,0,0,0.0,10.76,31.240000000000002,3.0633732,33.38,5063.4800000000005,17,119,0,0,1,0,0,0,0,1,0,0,1,0,0,1,0,0
8.0,29.61,62.63,0.0,2.78,11.03,2,1,35.0,10.385,31.615000000000002,2.6848269209999995,14.610000000000001,5163.28,18,119,0,1,0,0,1,0,0,0,0,0,0,1,0,0,1,0
9.41,30.16,54.06,0.0,1.02,0.0,2,1,35.0,10.995,31.005000000000003,2.781564232,27.89,5028.4800000000005,19,119,0,0,1,0,0,1,0,0,0,1,0,0,0,0,0,1
17.14,27.62,65.06,0.0,1.41,4.51,3,1,35.0,10.685,31.314999999999998,2.276195124,11.97,5163.28,20,119,0,1,0,0,0,1,0,0,0,1,0,0,0,0,0,1
8.95,29.86,63.58,0.0,0.26,0.0,4,1,35.0,9.973333333333334,32.026666666666664,2.5892422359999996,11.97,5163.28,21,119,0,1,0,0,0,1,0,0,0,1,0,0,0,0,0,1
8.0,28.15,59.72,0.0,0.0,4.35,1,1,35.0,10.751666666666665,31.248333333333335,2.34388193,19.700000000000003,5152.03,22,119,1,0,0,0,1,0,0,0,0,1,0,0,0,0,0,1
30.6,27.88,77.53,10.35,1.83,32.78,0,0,0.0,13.74,28.259999999999998,2.2061231279999998,22.32,5163.28,23,119,0,1,0,0,1,0,0,0,0,1,0,0,0,0,0,1
12.28,27.2,66.85,0.0,2.94,0.0,3,1,35.0,11.464999999999998,30.535000000000004,2.2703024999999997,19.700000000000003,5152.03,0,120,1,0,0,0,0,1,0,0,0,1,0,0,0,0,0,1
10.71,24.81,73.65,0.0,2.26,0.0,1,1,35.0,10.725000000000001,31.275,1.822662335,7.910000000000002,5173.41,1,120,0,0,0,1,0,0,1,0,0,1,0,0,0,0,0,1
16.97,24.45,55.85,0.0,3.79,27.98,4,1,35.0,12.808333333333332,29.19166666666667,2.022706375,19.700000000000003,5152.03,2,120,1,0,0,0,0,0,1,0,0,1,0,0,0,0,0,1
8.0,27.83,53.08,0.0,1.93,13.9,2,1,35.0,10.995,31.005000000000003,2.4601613779999996,27.89,5063.4800000000005,3,120,0,0,1,0,1,0,0,0,0,1,0,0,0,0,0,1
13.06,25.37,68.52,0.0,0.0,5.25,3,1,35.0,14.508333333333333,27.491666666666667,1.8386707380000002,22.32,5128.28,4,120,0,1,0,0,0,1,0,0,0,0,1,0,0,1,0,0
15.87,24.22,79.21,0.0,2.81,0.0,4,1,35.0,10.718333333333334,31.281666666666666,1.715733154,7.910000000000002,5208.41,5,120,0,0,0,1,0,0,0,1,0,1,0,0,0,0,0,1
8.0,28.59,55.65,0.0,1.11,0.0,1,1,35.0,10.336666666666666,31.663333333333334,2.512198425,7.910000000000002,5208.41,6,120,0,0,0,1,0,0,0,1,0,0,0,1,0,0,1,0
8.0,28.26,63.99,0.0,2.55,143.19,1,1,35.0,11.841666666666669,30.15833333333333,2.443410618,19.700000000000003,5152.03,7,120,1,0,0,0,1,0,0,0,0,1,0,0,0,0,0,1
12.63,31.34,51.88,0.0,0.0,304.57,1,1,35.0,15.063333333333333,26.936666666666667,2.955751344,22.32,5128.28,8,120,0,1,0,0,1,0,0,0,1,0,0,0,1,0,0,0
14.01,30.48,56.18,0.0,2.07,442.47,3,1,35.0,16.065,25.935,2.864275928,22.32,5128.28,9,120,0,1,0,0,1,0,0,0,0,0,0,1,0,0,1,0
14.58,31.05,62.11,0.0,3.24,521.56,4,1,35.0,12.091666666666667,29.90833333333333,2.9527858449999997,27.89,5098.4800000000005,10,120,0,0,1,0,0,0,1,0,0,0,1,0,0,1,0,0
8.0,34.2,54.79,0.0,3.1,703.16,3,1,35.0,14.541666666666666,27.458333333333336,3.5900316000000005,22.32,5128.28,11,120,0,1,0,0,0,1,0,0,0,0,0,1,0,0,1,0
9.24,30.24,52.27,0.0,2.1,702.57,3,1,35.0,10.543333333333333,31.456666666666667,2.8687363959999996,7.910000000000002,5208.41,12,120,0,0,0,1,1,0,0,0,0,1,0,0,0,0,0,1
8.79,32.07,50.65,0.0,2.34,637.55,1,1,35.0,14.515,27.485,3.2145005050000006,18.45,5163.28,13,120,0,1,0,0,0,0,1,0,0,0,1,0,0,1,0,0
8.0,31.75,47.0,0.0,1.8,561.74,2,1,35.0,12.091666666666667,29.90833333333333,3.17275325,27.89,5098.4800000000005,14,120,0,0,1,0,0,0,0,1,0,0,0,1,0,0,1,0
9.33,29.65,65.21,0.0,2.04,523.55,2,1,35.0,10.765,31.235,2.626183415,7.910000000000002,5208.41,15,120,0,0,0,1,1,0,0,0,1,0,0,0,1,0,0,0
8.0,33.86,62.7,0.0,3.15,381.83,2,1,35.0,10.191666666666668,31.80833333333333,3.43568862,7.910000000000002,5208.41,16,120,0,0,0,1,0,0,0,1,1,0,0,0,1,0,0,0
11.39,31.08,64.89,0.0,1.5,142.34,4,1,35.0,11.313333333333334,30.686666666666667,2.8396185839999997,11.96,5198.28,17,120,0,1,0,0,0,1,0,0,0,0,0,1,0,0,1,0
10.83,32.44,53.28,3.81,1.62,8.67,2,0,0.0,11.561666666666667,30.438333333333333,3.2138458239999994,31.700000000000003,5098.4800000000005,18,120,0,0,1,0,0,1,0,0,0,1,0,0,0,0,0,1
14.11,30.7,68.08,0.0,0.5,0.0,1,1,35.0,11.226666666666667,30.773333333333333,2.6901526,19.700000000000003,5161.91,19,120,1,0,0,0,0,1,0,0,0,1,0,0,0,0,0,1
8.67,29.99,66.55,0.0,3.18,0.0,2,1,35.0,11.338333333333333,30.66166666666667,2.7239131949999997,19.700000000000003,5196.91,20,120,1,0,0,0,0,0,0,1,0,1,0,0,0,0,0,1
18.37,27.37,63.76,0.0,2.02,0.0,3,1,35.0,11.468333333333334,30.531666666666666,2.2820876539999997,7.910000000000002,5212.05,21,120,0,0,0,1,0,1,0,0,0,0,0,1,0,0,1,0
14.4,25.94,63.75,0.0,0.88,0.0,2,1,35.0,11.223333333333334,30.776666666666664,2.01227813,7.910000000000002,5212.05,22,120,0,0,0,1,0,0,0,1,0,1,0,0,0,0,0,1
21.69,26.39,59.94,5.51,3.39,7.38,1,0,0.0,13.505,28.494999999999997,2.2424882520000002,13.420000000000002,5212.05,23,120,0,0,0,1,1,0,0,0,1,0,0,0,1,0,0,0
8.0,27.1,65.26,0.0,2.28,7.57,4,1,35.0,10.47,31.53,2.23867698,11.96,5198.28,0,121,0,1,0,0,0,0,0,1,0,1,0,0,0,0,0,1
8.0,25.25,76.72,0.0,1.44,50.34,2,1,35.0,9.698333333333332,32.30166666666667,1.8124856699999998,11.96,5204.5199999999995,1,121,0,1,0,0,0,1,0,0,0,1,0,0,0,0,0,1
35.96,24.14,74.26,9.04,3.41,0.0,1,0,0.0,15.998333333333335,26.001666666666665,1.7827658679999998,28.740000000000002,5202.24,2,121,1,0,0,0,0,1,0,0,1,0,0,0,1,0,0,0
16.14,23.53,64.99,0.0,1.92,33.84,2,1,35.0,10.053333333333333,31.946666666666665,1.7149498290000003,11.96,5204.5199999999995,3,121,0,1,0,0,0,0,0,1,0,0,1,0,0,1,0,0
9.1,26.03,68.55,0.0,0.45,0.0,4,1,35.0,9.986666666666666,32.013333333333335,1.955512575,31.700000000000003,5063.4800000000005,4,121,0,0,1,0,0,0,0,1,0,1,0,0,0,0,0,1
8.72,25.53,57.47,0.0,3.48,8.29,3,1,35.0,10.173333333333334,31.826666666666668,2.145553997,11.96,5204.5199999999995,5,121,0,1,0,0,0,1,0,0,0,0,0,1,0,0,1,0
10.97,27.08,69.05,0.0,1.33,36.52,1,1,35.0,13.793333333333335,28.206666666666663,2.149044199999999,13.420000000000002,5177.05,6,121,0,0,0,1,0,0,0,1,0,1,0,0,0,0,0,1
8.0,27.8,65.11,0.0,5.96,188.15,2,1,35.0,10.041666666666666,31.958333333333336,2.5307903200000004,11.96,5204.5199999999995,7,121,0,1,0,0,0,0,0,1,0,1,0,0,0,0,0,1
8.0,28.52,67.61,0.0,1.8,313.93,3,1,35.0,9.476666666666667,32.52333333333333,2.408116824,10.35,5204.5199999999995,8,121,0,1,0,0,0,0,1,0,0,0,0,1,0,0,1,0
10.73,30.67,81.85,0.0,0.0,469.59,2,1,35.0,9.931666666666667,32.068333333333335,2.506650285,10.35,5204.5199999999995,9,121,0,1,0,0,1,0,0,0,0,0,0,1,0,0,1,0
10.57,32.02,55.99,0.0,4.44,620.75,4,1,35.0,10.360000000000001,31.64,3.2494767060000007,10.35,5239.5199999999995,10,121,0,1,0,0,0,1,0,0,0,1,0,0,0,0,0,1
8.0,34.97,78.09,0.0,2.27,607.14,2,1,35.0,15.285000000000002,26.714999999999996,3.4100577309999998,28.740000000000002,5169.75,11,121,1,0,0,0,0,0,1,0,0,0,1,0,0,1,0,0
36.45,33.79,62.0,12.61,2.64,669.83,0,0,0.0,14.493333333333334,27.506666666666668,3.4057466300000003,41.6,5063.4800000000005,12,121,0,0,1,0,1,0,0,0,0,1,0,0,0,0,0,1
9.96,35.44,52.0,0.0,2.79,661.63,4,1,35.0,13.898333333333335,28.101666666666667,3.8424484799999994,13.420000000000002,5177.05,13,121,0,0,0,1,0,0,1,0,0,1,0,0,0,0,0,1
8.0,31.96,54.46,0.0,0.7,549.34,1,1,35.0,14.493333333333334,27.506666666666668,3.069474272000001,41.6,5028.4800000000005,14,121,0,0,1,0,0,0,1,0,0,1,0,0,0,0,0,1
8.0,30.65,77.63,0.0,0.0,520.36,3,1,35.0,13.790000000000001,28.21,2.5504128450000003,28.740000000000002,5169.75,15,121,1,0,0,0,0,0,1,0,0,0,0,1,0,0,1,0
9.35,32.63,62.95,0.0,4.68,397.56,3,1,35.0,14.015,27.985,3.2885703150000003,27.930000000000003,5169.75,16,121,1,0,0,0,0,0,1,0,1,0,0,0,1,0,0,0
8.0,33.3,54.99,0.0,0.46,206.52,1,1,35.0,12.996666666666668,29.00333333333333,3.290451529999999,27.930000000000003,5169.75,17,121,1,0,0,0,0,0,1,0,0,0,0,1,0,0,1,0
8.0,32.24,58.38,0.0,4.3,38.37,3,1,35.0,13.898333333333335,28.101666666666667,3.2536589840000003,10.250000000000002,5177.05,18,121,0,0,0,1,0,1,0,0,0,0,1,0,0,1,0,0
8.0,32.04,62.98,0.0,2.97,0.0,2,1,35.0,9.003333333333334,32.99666666666667,3.0993569439999997,10.35,5239.5199999999995,19,121,0,1,0,0,0,0,0,1,0,0,1,0,0,1,0,0
14.27,25.38,65.23,0.0,2.55,0.0,4,1,35.0,13.93,28.07,2.000264098,27.930000000000003,5173.87,20,121,1,0,0,0,0,1,0,0,0,0,1,0,0,1,0,0
11.82,30.03,63.99,0.0,1.77,0.0,4,1,35.0,12.806666666666667,29.193333333333335,2.6881226789999997,10.250000000000002,5177.05,21,121,0,0,0,1,0,0,0,1,0,0,0,1,0,0,1,0
9.53,27.69,75.86,0.0,5.11,0.0,1,1,35.0,11.995,30.005000000000003,2.358921208,10.250000000000002,5177.05,22,121,0,0,0,1,0,0,1,0,0,1,0,0,0,0,0,1
8.0,24.04,58.47,0.0,1.5,21.91,4,1,35.0,9.27,32.730000000000004,1.825748776,27.930000000000003,5173.87,23,121,1,0,0,0,0,0,0,1,0,1,0,0,0,0,0,1
14.46,26.91,68.58,0.0,1.54,0.0,4,1,35.0,10.346666666666666,31.653333333333336,2.139007316,27.930000000000003,5173.87,0,122,1,0,0,0,0,1,0,0,0,0,0,1,0,0,1,0
8.0,25.68,64.54,0.0,3.14,21.68,2,1,35.0,9.713333333333333,32.28666666666667,2.0796769040000003,10.250000000000002,5177.05,1,122,0,0,0,1,0,1,0,0,0,0,0,1,0,0,1,0
11.83,25.86,61.41,0.0,1.53,0.0,4,1,35.0,10.985,31.015,2.056642542,14.280000000000003,5173.87,2,122,1,0,0,0,0,0,1,0,0,0,1,0,0,1,0,0
9.03,26.93,71.56,0.0,1.12,0.0,3,1,35.0,9.39,32.61,2.0903293460000003,10.250000000000002,5212.05,3,122,0,0,0,1,0,0,0,1,0,1,0,0,0,0,0,1
21.12,26.47,54.19,0.0,2.27,66.73,3,1,35.0,11.07,30.93,2.2569338709999998,10.35,5239.5199999999995,4,122,0,1,0,0,0,0,0,1,0,1,0,0,0,0,0,1
21.5,24.26,49.63,0.0,3.16,0.0,1,1,35.0,15.646666666666668,26.35333333333333,2.0247531860000003,38.5,5028.4800000000005,5,122,0,0,1,0,1,0,0,0,0,0,0,1,0,0,1,0
15.14,27.08,65.51,4.41,4.59,0.0,1,0,0.0,12.26,29.740000000000002,2.348585495999999,14.76,5239.5199999999995,6,122,0,1,0,0,0,0,0,1,0,1,0,0,0,0,0,1
8.0,25.83,63.97,0.0,4.84,184.23,1,1,35.0,12.26,29.740000000000002,2.192082117,14.76,5204.5199999999995,7,122,0,1,0,0,0,1,0,0,1,0,0,0,1,0,0,0
8.0,30.27,51.92,0.0,0.19,338.38,2,1,35.0,15.646666666666668,26.35333333333333,2.782148758,38.5,5028.4800000000005,8,122,0,0,1,0,0,0,1,0,0,0,0,1,0,0,1,0
8.0,32.43,47.69,0.0,3.59,453.53,4,1,35.0,11.805,30.195,3.3751476690000004,14.76,5204.5199999999995,9,122,0,1,0,0,0,0,0,1,0,1,0,0,0,0,0,1
8.0,29.43,75.57,0.0,1.16,645.21,1,1,35.0,15.175000000000002,26.824999999999996,2.434042117,38.5,5028.4800000000005,10,122,0,0,1,0,0,1,0,0,0,0,0,1,0,0,1,0
8.0,31.11,63.95,0.0,1.22,635.21,3,1,35.0,14.991666666666667,27.008333333333333,2.841264495,38.5,5028.4800000000005,11,122,0,0,1,0,0,0,1,0,0,0,1,0,0,1,0,0
8.0,31.43,60.59,0.0,1.69,685.52,4,1,35.0,10.76,31.240000000000002,2.9572329589999997,14.280000000000003,5208.87,12,122,1,0,0,0,0,0,0,1,0,1,0,0,0,0,0,1
8.42,32.48,74.99,0.0,1.61,639.16,1,1,35.0,9.133333333333333,32.86666666666667,2.969402764,10.250000000000002,5212.05,13,122,0,0,0,1,1,0,0,0,1,0,0,0,1,0,0,0
8.0,33.91,65.63,0.0,1.05,607.39,1,1,35.0,9.133333333333333,32.86666666666667,3.3049607509999994,10.250000000000002,5212.05,14,122,0,0,0,1,0,0,0,1,1,0,0,0,1,0,0,0
8.0,32.49,71.99,0.0,0.0,448.04,2,1,35.0,10.25,31.75,2.925334097000001,23.950000000000003,5028.4800000000005,15,122,0,0,1,0,0,0,1,0,0,1,0,0,0,0,0,1
8.0,33.74,50.35,0.0,4.07,287.78,2,1,35.0,10.25,31.75,3.6062481100000006,23.950000000000003,5063.4800000000005,16,122,0,0,1,0,0,0,1,0,0,0,0,1,0,0,1,0
8.0,33.72,50.1,0.0,3.42,195.03,2,1,35.0,8.496666666666668,33.50333333333333,3.5730201599999996,10.250000000000002,5247.05,17,122,0,0,0,1,0,0,1,0,0,0,0,1,0,0,1,0
8.0,32.95,63.56,0.0,2.32,10.47,1,1,35.0,11.376666666666665,30.623333333333335,3.22018465,14.76,5239.5199999999995,18,122,0,1,0,0,0,1,0,0,0,0,0,1,0,0,1,0
9.77,28.65,65.58,0.0,1.18,27.83,4,1,35.0,11.055,30.945,2.41919882,14.280000000000003,5208.87,19,122,1,0,0,0,0,0,0,1,0,0,0,1,0,0,1,0
11.02,31.37,69.25,6.97,3.82,0.0,1,0,0.0,8.503333333333332,33.49666666666667,2.955509495,30.92,5063.4800000000005,20,122,0,0,1,0,1,0,0,0,0,1,0,0,0,0,0,1
8.08,30.46,49.82,0.0,2.26,16.81,1,1,35.0,11.39,30.61,2.9410070440000005,14.76,5239.5199999999995,21,122,0,1,0,0,0,1,0,0,0,1,0,0,0,0,0,1
36.53,29.62,66.83,17.0,1.65,0.0,2,0,0.0,14.765,27.235,2.584146842,31.28,5208.87,22,122,1,0,0,0,1,0,0,0,1,0,0,0,1,0,0,0
8.0,26.23,71.54,0.0,0.37,0.0,3,1,35.0,8.503333333333332,33.49666666666667,1.950307444,30.92,5028.4800000000005,23,122,0,0,1,0,1,0,0,0,0,0,1,0,0,1,0,0
8.73,24.8,72.31,0.0,2.98,0.0,1,1,35.0,9.325000000000001,32.675,1.8704106200000001,14.76,5239.5199999999995,0,123,0,1,0,0,1,0,0,0,0,0,0,1,0,0,1,0
16.81,24.06,63.51,0.0,1.94,17.36,4,1,35.0,16.233333333333334,25.766666666666666,1.801987102,26.04,5173.87,1,123,1,0,0,0,0,1,0,0,0,1,0,0,0,0,0,1
15.09,23.74,70.24,0.0,2.65,0.0,2,1,35.0,9.316666666666666,32.68333333333334,1.7295800720000003,14.76,5274.5199999999995,2,123,0,1,0,0,0,0,1,0,1,0,0,0,1,0,0,0
10.59,25.55,59.73,0.0,2.54,0.0,4,1,35.0,15.588333333333333,26.41166666666667,2.078924785,26.04,5177.110000000001,3,123,1,0,0,0,0,0,1,0,0,1,0,0,0,0,0,1
8.0,27.2,61.79,0.0,3.1,0.0,1,1,35.0,9.316666666666666,32.68333333333334,2.3306734999999996,4.41,5274.5199999999995,4,123,0,1,0,0,0,1,0,0,0,0,0,1,0,0,1,0
8.0,28.53,55.48,0.0,2.6,20.95,4,1,35.0,8.503333333333332,33.49666666666667,2.578938938,30.92,5063.4800000000005,5,123,0,0,1,0,0,0,1,0,0,1,0,0,0,0,0,1
8.0,26.67,58.96,0.0,1.97,4.59,1,1,35.0,8.241666666666667,33.75833333333333,2.223285494,10.250000000000002,5247.05,6,123,0,0,0,1,0,1,0,0,0,0,0,1,0,0,1,0
15.82,28.3,61.27,4.09,3.0,142.15,2,0,0.0,10.62,31.380000000000003,2.50100319,8.5,5274.5199999999995,7,123,0,1,0,0,0,0,0,1,0,0,1,0,0,1,0,0
8.0,29.24,58.77,0.0,3.48,354.37,1,1,35.0,8.241666666666667,33.75833333333333,2.701689696,5.510000000000002,5247.05,8,123,0,0,0,1,1,0,0,0,0,0,0,1,0,0,1,0
8.0,29.48,56.71,0.0,4.2,514.41,2,1,35.0,14.949999999999998,27.050000000000004,2.7990858960000002,26.04,5178.150000000001,9,123,1,0,0,0,0,0,0,1,0,0,1,0,0,1,0,0
10.22,32.5,50.5,0.0,0.99,594.73,3,1,35.0,8.44,33.56,3.2251904999999996,5.510000000000002,5247.05,10,123,0,0,0,1,1,0,0,0,0,0,1,0,0,1,0,0
8.0,32.77,73.11,0.0,3.67,547.09,1,1,35.0,10.62,31.380000000000003,3.144661749000001,8.5,5239.5199999999995,11,123,0,1,0,0,0,0,0,1,0,0,0,1,0,0,1,0
8.0,33.07,55.64,0.0,0.43,658.3,4,1,35.0,14.949999999999998,27.050000000000004,3.239729506,26.04,5213.150000000001,12,123,1,0,0,0,0,0,0,1,0,0,0,1,0,0,1,0
8.0,33.8,60.87,0.0,3.56,622.89,4,1,35.0,8.37,33.63,3.466978839999999,5.510000000000002,5247.05,13,123,0,0,0,1,1,0,0,0,0,0,0,1,0,0,1,0
8.46,34.32,45.83,0.0,1.63,491.67,3,1,35.0,8.446666666666667,33.553333333333335,3.6462526120000005,5.510000000000002,5247.05,14,123,0,0,0,1,1,0,0,0,0,0,1,0,0,1,0,0
8.0,34.17,67.77,0.0,3.35,414.45,1,1,35.0,10.606666666666667,31.39333333333333,3.441812683,8.5,5239.5199999999995,15,123,0,1,0,0,0,1,0,0,0,1,0,0,0,0,0,1
9.19,31.6,61.49,0.0,4.13,352.97,3,1,35.0,8.645000000000001,33.355,3.0982426200000006,5.510000000000002,5247.05,16,123,0,0,0,1,1,0,0,0,0,1,0,0,0,0,0,1
8.0,33.57,55.64,0.0,2.62,174.73,2,1,35.0,10.485,31.515,3.439936906,8.5,5274.5199999999995,17,123,0,1,0,0,0,0,0,1,1,0,0,0,1,0,0,0
8.0,31.78,57.13,0.0,2.34,2.82,3,1,35.0,14.655000000000001,27.345,3.089524278,26.04,5213.150000000001,18,123,1,0,0,0,1,0,0,0,0,0,1,0,0,1,0,0
8.0,29.78,67.86,0.0,2.28,0.0,1,1,35.0,8.503333333333332,33.49666666666667,2.6303253959999995,29.71,5063.4800000000005,19,123,0,0,1,0,0,0,1,0,1,0,0,0,1,0,0,0
8.25,29.75,41.13,0.0,1.84,37.88,3,1,35.0,9.941666666666666,32.05833333333334,2.895790505,26.04,5213.150000000001,20,123,1,0,0,0,0,0,1,0,1,0,0,0,1,0,0,0
8.0,28.88,56.73,0.0,3.75,0.0,2,1,35.0,8.473333333333334,33.526666666666664,2.6790963480000003,26.04,5213.150000000001,21,123,1,0,0,0,0,0,1,0,0,0,0,1,0,0,1,0
13.2,29.02,61.55,0.0,2.27,0.0,3,1,35.0,10.17,31.83,2.5757403900000004,8.5,5274.5199999999995,22,123,0,1,0,0,0,0,0,1,0,1,0,0,0,0,0,1
17.25,25.0,64.69,0.0,0.0,0.0,2,1,35.0,9.583333333333334,32.416666666666664,1.8241916399999996,26.04,5248.150000000001,23,123,1,0,0,0,0,1,0,0,0,0,1,0,0,1,0,0
8.0,28.02,80.72,0.0,3.46,0.0,2,1,35.0,8.645000000000001,33.355,2.275239928,5.510000000000002,5247.05,0,124,0,0,0,1,0,1,0,0,0,0,1,0,0,1,0,0
8.0,25.67,62.7,0.0,3.4,0.0,2,1,35.0,8.503333333333332,33.49666666666667,2.1096314,29.71,5063.4800000000005,1,124,0,0,1,0,0,0,0,1,0,0,0,1,0,0,1,0
8.0,24.74,72.74,0.0,2.45,37.15,4,1,35.0,8.503333333333332,33.49666666666667,1.831408372,29.71,5063.4800000000005,2,124,0,0,1,0,1,0,0,0,0,0,0,1,0,0,1,0
29.14,24.83,78.42,9.41,1.45,0.0,1,0,0.0,12.168333333333335,29.831666666666663,1.7381564119999997,14.920000000000002,5282.05,3,124,0,0,0,1,0,0,1,0,0,0,1,0,0,1,0,0
13.28,24.53,70.67,0.0,1.01,27.33,3,1,35.0,11.049999999999999,30.950000000000003,1.7506802170000002,8.5,5274.5199999999995,4,124,0,1,0,0,0,0,0,1,0,1,0,0,0,0,0,1
12.66,24.06,61.64,0.0,1.46,22.22,3,1,35.0,8.776666666666667,33.22333333333333,1.795991088,29.71,5063.4800000000005,5,124,0,0,1,0,0,1,0,0,0,0,0,1,0,0,1,0
10.4,28.51,53.8,0.0,2.64,0.0,3,1,35.0,9.983333333333333,32.016666666666666,2.5956456900000004,26.04,5248.21,6,124,1,0,0,0,0,0,0,1,0,0,0,1,0,0,1,0
8.0,31.43,65.67,0.0,0.19,118.57,4,1,35.0,8.776666666666666,33.223333333333336,2.8247126270000003,29.71,5063.4800000000005,7,124,0,0,1,0,0,0,0,1,0,1,0,0,0,0,0,1
8.0,27.07,75.46,3.58,2.91,327.22,1,0,0.0,11.798333333333332,30.201666666666668,2.1603963240000006,18.5,5247.05,8,124,0,0,0,1,0,1,0,0,0,0,1,0,0,1,0,0
12.59,29.11,66.14,4.2,2.49,385.74,0,0,0.0,9.541666666666666,32.458333333333336,2.5516609279999996,33.91,5063.4800000000005,9,124,0,0,1,0,0,0,0,1,0,1,0,0,0,0,0,1
13.67,32.62,68.14,0.0,3.94,544.4,4,1,35.0,12.743333333333332,29.256666666666668,3.189618596,18.5,5212.05,10,124,0,0,0,1,0,0,0,1,1,0,0,0,1,0,0,0
8.0,32.26,77.94,0.0,3.24,636.37,4,1,35.0,9.746666666666668,32.25333333333333,2.978966308,8.5,5274.5199999999995,11,124,0,1,0,0,0,1,0,0,0,1,0,0,0,0,0,1
8.0,34.21,64.09,0.0,1.53,680.43,2,1,35.0,9.983333333333333,32.016666666666666,3.402139023,26.04,5283.21,12,124,1,0,0,0,0,0,0,1,0,0,0,1,0,0,1,0
26.46,33.21,51.33,9.41,0.37,622.54,2,0,0.0,13.06,28.939999999999998,3.3125778710000007,35.45,5318.21,13,124,1,0,0,0,1,0,0,0,0,0,1,0,0,1,0,0
8.0,32.63,59.86,0.0,1.41,541.64,2,1,35.0,9.746666666666668,32.25333333333333,3.1609109160000006,8.5,5274.5199999999995,14,124,0,1,0,0,0,1,0,0,0,0,0,1,0,0,1,0
8.0,33.02,68.77,0.0,4.06,435.54,2,1,35.0,9.746666666666668,32.25333333333333,3.258750698000001,8.5,5274.5199999999995,15,124,0,1,0,0,0,0,0,1,0,0,0,1,0,0,1,0
9.81,29.39,60.35,0.0,2.75,308.61,2,1,35.0,13.32,28.68,2.6723816350000003,35.45,5318.21,16,124,1,0,0,0,0,0,1,0,0,1,0,0,0,0,0,1
8.0,30.61,71.65,0.0,3.12,190.08,1,1,35.0,13.32,28.68,2.766436635,26.41,5318.21,17,124,1,0,0,0,0,0,0,1,0,0,0,1,0,0,1,0
8.0,32.92,58.8,0.0,1.64,12.25,4,1,35.0,11.778333333333334,30.221666666666664,3.23637824,26.410000000000004,5318.21,18,124,1,0,0,0,0,1,0,0,0,0,0,1,0,0,1,0
11.92,32.32,62.08,0.0,2.98,0.0,3,1,35.0,10.4,31.6,3.1590869120000002,8.5,5274.5199999999995,19,124,0,1,0,0,0,0,0,1,0,1,0,0,0,0,0,1
11.81,31.61,57.86,4.42,0.58,22.05,1,0,0.0,12.013333333333334,29.986666666666665,2.9637168319999994,30.830000000000005,5318.21,20,124,1,0,0,0,1,0,0,0,0,1,0,0,0,0,0,1
8.0,29.12,63.42,0.0,3.52,0.02,4,1,35.0,12.666666666666666,29.333333333333336,2.634110648,18.5,5212.05,21,124,0,0,0,1,0,0,0,1,0,0,1,0,0,1,0,0
11.19,24.11,67.8,0.0,1.01,0.0,4,1,35.0,10.065,31.935000000000002,1.7209906899999996,8.5,5274.5199999999995,22,124,0,1,0,0,0,1,0,0,0,0,0,1,0,0,1,0
8.0,25.72,53.77,0.0,0.03,0.0,1,1,35.0,9.541666666666666,32.458333333333336,2.0377529279999993,27.59,5028.4800000000005,23,124,0,0,1,0,0,0,0,1,1,0,0,0,1,0,0,0
8.79,28.12,60.01,0.0,5.11,21.06,1,1,35.0,9.673333333333332,32.32666666666667,2.591620304,27.59,5028.4800000000005,0,125,0,0,1,0,0,0,0,1,0,1,0,0,0,0,0,1
8.0,28.17,54.43,0.0,2.56,0.0,3,1,35.0,12.468333333333334,29.531666666666666,2.530948437,18.5,5212.05,1,125,0,0,0,1,0,0,1,0,0,0,0,1,0,0,1,0
8.45,27.64,60.64,0.0,2.53,0.0,4,1,35.0,9.748333333333333,32.251666666666665,2.381450912,27.59,5028.4800000000005,2,125,0,0,1,0,0,1,0,0,0,0,0,1,0,0,1,0
19.6,25.38,59.73,2.21,0.16,0.0,0,0,0.0,10.905000000000001,31.095,1.935386798,29.8,5028.4800000000005,3,125,0,0,1,0,1,0,0,0,0,0,1,0,0,1,0,0
10.06,24.17,73.35,0.0,3.15,0.0,4,1,35.0,12.356666666666667,29.64333333333333,1.782599385,30.830000000000005,5283.21,4,125,1,0,0,0,0,0,0,1,0,0,1,0,0,1,0,0
8.0,26.71,71.4,0.0,3.46,0.0,1,1,35.0,9.185,32.815,2.17643961,8.5,5274.5199999999995,5,125,0,1,0,0,0,0,0,1,1,0,0,0,1,0,0,0
9.98,27.62,67.43,0.0,2.16,0.0,1,1,35.0,12.798333333333334,29.201666666666668,2.2889366820000006,18.5,5212.05,6,125,0,0,0,1,0,0,1,0,0,0,1,0,0,1,0,0
8.0,30.91,52.0,0.0,3.47,104.89,2,1,35.0,9.275,32.725,3.05386843,12.990000000000002,5212.05,7,125,0,0,0,1,0,0,1,0,0,1,0,0,0,0,0,1
8.0,29.94,60.96,0.0,3.8,346.41,3,1,35.0,9.28,32.72,2.808118888,30.830000000000005,5283.21,8,125,1,0,0,0,1,0,0,0,0,0,0,1,0,0,1,0
11.1,30.66,51.64,0.0,3.03,473.53,1,1,35.0,9.495,32.505,2.993233168,30.830000000000005,5283.62,9,125,1,0,0,0,1,0,0,0,0,1,0,0,0,0,0,1
8.0,31.71,65.11,0.0,0.0,536.33,1,1,35.0,9.495,32.505,2.8694857270000007,30.830000000000005,5283.62,10,125,1,0,0,0,1,0,0,0,0,0,0,1,0,0,1,0
12.3,33.02,63.71,4.98,1.02,579.99,0,0,0.0,9.991666666666667,32.00833333333333,3.1658950140000006,17.970000000000002,5212.05,11,125,0,0,0,1,0,0,0,1,1,0,0,0,1,0,0,0
8.0,34.0,65.35,0.0,4.42,690.82,3,1,35.0,9.046666666666667,32.95333333333333,3.4931801,17.970000000000002,5177.05,12,125,0,0,0,1,0,0,1,0,0,0,1,0,0,1,0,0
8.0,32.37,63.01,0.0,2.5,643.26,4,1,35.0,10.905000000000001,31.095,3.1331279789999997,29.8,5028.4800000000005,13,125,0,0,1,0,0,1,0,0,0,1,0,0,0,0,0,1
8.0,32.01,68.8,0.0,2.5,541.18,4,1,35.0,10.139999999999999,31.86,3.0039681899999997,25.99,5028.4800000000005,14,125,0,0,1,0,0,0,1,0,0,0,0,1,0,0,1,0
8.0,35.52,59.01,0.0,1.4,501.17,2,1,35.0,9.495,32.505,3.7023556840000005,30.830000000000005,5283.62,15,125,1,0,0,0,0,1,0,0,0,0,0,1,0,0,1,0
9.9,30.6,59.49,0.0,1.64,329.82,2,1,35.0,9.501666666666667,32.498333333333335,2.8261493200000007,8.5,5274.5199999999995,16,125,0,1,0,0,0,0,0,1,0,0,1,0,0,1,0,0
8.0,34.88,63.81,5.29,3.83,179.36,0,0,0.0,9.046666666666667,32.95333333333333,3.6445528360000004,23.26,5177.05,17,125,0,0,0,1,0,0,1,0,0,0,0,1,0,0,1,0
18.24,28.73,68.96,5.75,4.2,0.0,1,0,0.0,10.753333333333332,31.24666666666667,2.546652846,29.01,5142.05,18,125,0,0,0,1,1,0,0,0,0,0,1,0,0,1,0,0
12.83,29.75,58.13,1.78,3.36,0.0,4,1,35.0,9.665,32.335,2.7858700049999996,32.61000000000001,5283.72,19,125,1,0,0,0,0,0,0,1,0,0,1,0,0,1,0,0
8.0,31.05,63.41,0.0,3.06,0.0,1,1,35.0,10.14,31.86,2.929179695,25.99,5063.4800000000005,20,125,0,0,1,0,1,0,0,0,0,0,0,1,0,0,1,0
8.0,28.56,60.69,0.0,3.15,72.91,2,1,35.0,10.008333333333333,31.991666666666667,2.555670348,13.379999999999999,5063.4800000000005,21,125,0,0,1,0,0,0,1,0,0,1,0,0,0,0,0,1
8.0,25.62,51.04,0.0,2.32,0.0,1,1,35.0,9.933333333333334,32.06666666666666,2.164850856,13.379999999999999,5063.4800000000005,22,125,0,0,1,0,0,0,0,1,0,1,0,0,0,0,0,1
8.75,27.41,66.76,0.0,0.96,2.28,2,1,35.0,9.446666666666667,32.553333333333335,2.203983522,32.61000000000001,5283.72,23,125,1,0,0,0,0,0,0,1,0,1,0,0,0,0,0,1
17.07,26.33,55.47,0.0,0.7,16.09,1,1,35.0,11.935,30.064999999999998,2.1444537169999998,29.01,5107.05,0,126,0,0,0,1,0,0,0,1,0,0,0,1,0,0,1,0
8.0,25.51,67.49,0.0,3.98,0.0,3,1,35.0,9.446666666666667,32.553333333333335,2.0678394930000006,32.61000000000001,5283.72,1,126,1,0,0,0,0,0,1,0,1,0,0,0,1,0,0,0
11.77,24.76,55.05,0.0,2.36,0.0,2,1,35.0,12.563333333333333,29.436666666666667,2.0028334400000003,29.01,5107.05,2,126,0,0,0,1,0,0,0,1,0,0,0,1,0,0,1,0
8.0,25.78,59.94,0.0,2.97,0.0,3,1,35.0,11.846666666666666,30.153333333333336,2.131729924,29.01,5107.05,3,126,0,0,0,1,0,1,0,0,0,1,0,0,0,0,0,1
32.07,25.36,62.28,11.71,2.65,16.8,2,0,0.0,12.941666666666668,29.05833333333333,2.0316953759999996,27.320000000000004,5283.72,4,126,1,0,0,0,1,0,0,0,0,1,0,0,0,0,0,1
8.0,30.52,69.6,0.0,2.71,0.0,3,1,35.0,8.0,34.0,2.75386416,13.379999999999999,5063.4800000000005,5,126,0,0,1,0,0,0,1,0,0,1,0,0,0,0,0,1
8.0,27.33,60.0,0.0,2.81,0.0,3,1,35.0,12.941666666666668,29.05833333333333,2.3545326699999993,27.320000000000004,5248.72,6,126,1,0,0,0,0,0,0,1,0,1,0,0,0,0,0,1
8.0,28.1,55.6,0.0,3.24,87.6,2,1,35.0,8.0,34.0,2.5415478,13.379999999999999,5063.4800000000005,7,126,0,0,1,0,0,0,1,0,1,0,0,0,1,0,0,0
8.0,28.88,65.05,0.0,1.48,259.79,3,1,35.0,12.941666666666668,29.05833333333333,2.4762695,27.320000000000004,5248.72,8,126,1,0,0,0,0,1,0,0,1,0,0,0,1,0,0,0
19.96,33.39,57.37,0.0,3.82,414.19,4,1,35.0,13.839999999999998,28.160000000000004,3.4467812609999995,29.01,5107.05,9,126,0,0,0,1,0,1,0,0,0,0,1,0,0,1,0,0
12.65,29.23,67.75,4.98,1.51,592.8,0,0,0.0,8.775,33.225,2.5044348949999997,18.36,5063.4800000000005,10,126,0,0,1,0,0,0,0,1,0,1,0,0,0,0,0,1
8.0,33.06,52.07,0.0,2.69,618.31,1,1,35.0,12.136666666666665,29.863333333333337,3.3926882340000004,27.320000000000004,5248.72,11,126,1,0,0,0,0,0,1,0,0,0,1,0,0,1,0,0
18.68,32.8,60.84,3.71,0.98,674.41,2,0,0.0,11.281666666666666,30.718333333333334,3.158208079999999,12.21,5285.0,12,126,0,1,0,0,0,0,1,0,0,0,0,1,0,0,1,0
8.0,31.42,77.75,0.0,2.2,641.32,3,1,35.0,12.011666666666665,29.988333333333337,2.7867558700000004,27.320000000000004,5248.72,13,126,1,0,0,0,0,0,1,0,0,0,0,1,0,0,1,0
8.0,32.46,57.95,0.0,1.61,572.02,3,1,35.0,8.775,33.225,3.16292067,18.36,5028.4800000000005,14,126,0,0,1,0,0,0,0,1,0,0,1,0,0,1,0,0
18.35,34.03,59.68,7.82,2.43,426.58,2,0,0.0,10.5,31.5,3.466742958,26.18,5028.4800000000005,15,126,0,0,1,0,1,0,0,0,0,0,0,1,0,0,1,0
8.0,31.86,48.48,0.0,3.28,327.62,2,1,35.0,12.011666666666665,29.988333333333337,3.249256616,27.320000000000004,5248.72,16,126,1,0,0,0,0,0,0,1,1,0,0,0,1,0,0,0
8.0,32.91,53.3,0.0,2.49,177.14,3,1,35.0,11.281666666666666,30.718333333333334,3.3412381399999993,12.21,5250.0,17,126,0,1,0,0,0,0,0,1,0,1,0,0,0,0,0,1
11.94,34.29,61.39,0.0,4.75,77.02,4,1,35.0,8.656666666666666,33.343333333333334,3.610186857,27.320000000000004,5248.72,18,126,1,0,0,0,0,0,0,1,0,1,0,0,0,0,0,1
8.0,30.98,58.5,0.0,3.36,0.0,1,1,35.0,8.656666666666666,33.343333333333334,2.9874352200000005,27.320000000000004,5248.72,19,126,1,0,0,0,0,1,0,0,0,0,1,0,0,1,0,0
8.0,27.51,67.89,0.0,2.13,25.63,3,1,35.0,10.5,31.5,2.2658975730000006,26.18,4993.4800000000005,20,126,0,0,1,0,0,0,1,0,0,0,1,0,0,1,0,0
16.92,27.39,65.11,0.0,2.3,0.0,1,1,35.0,12.115,29.884999999999998,2.285100623,12.21,5250.0,21,126,0,1,0,0,0,0,0,1,0,1,0,0,0,0,0,1
8.0,27.27,54.56,0.0,2.85,0.0,4,1,35.0,10.5,31.5,2.4037610540000003,19.21,4993.4800000000005,22,126,0,0,1,0,0,0,1,0,1,0,0,0,1,0,0,0
8.0,26.34,71.64,0.0,3.25,30.43,1,1,35.0,11.583333333333334,30.416666666666664,2.109285872,7.8,5250.0,23,126,0,1,0,0,0,1,0,0,0,1,0,0,0,0,0,1
10.05,26.55,55.66,0.0,0.92,66.21,3,1,35.0,10.841666666666667,31.15833333333333,2.18647292,19.21,4993.4800000000005,0,127,0,0,1,0,0,0,1,0,0,0,1,0,0,1,0,0
8.0,26.39,59.13,0.0,3.16,9.17,4,1,35.0,8.656666666666666,33.343333333333334,2.2392208489999996,27.320000000000004,5248.72,1,127,1,0,0,0,1,0,0,0,0,0,0,1,0,0,1,0
8.0,28.38,64.5,0.0,0.95,0.0,2,1,35.0,11.583333333333334,30.416666666666664,2.37677302,7.8,5250.0,2,127,0,1,0,0,0,0,1,0,0,0,1,0,0,1,0,0
8.0,25.92,75.83,0.64,3.05,16.36,1,1,35.0,8.656666666666666,33.343333333333334,1.9963953720000003,27.960000000000004,5248.72,3,127,1,0,0,0,0,0,0,1,0,1,0,0,0,0,0,1
19.51,24.6,58.9,0.0,3.72,9.78,3,1,35.0,13.185,28.814999999999998,2.0105992,7.8,5250.0,4,127,0,1,0,0,1,0,0,0,1,0,0,0,1,0,0,0
8.39,28.69,63.68,0.0,2.76,77.58,2,1,35.0,13.905,28.095,2.524824494,29.01,5107.05,5,127,0,0,0,1,1,0,0,0,0,1,0,0,0,0,0,1
13.46,29.68,62.95,0.0,0.0,25.98,3,1,35.0,9.566666666666666,32.43333333333334,2.55373554,27.960000000000004,5248.72,6,127,1,0,0,0,0,0,1,0,0,1,0,0,0,0,0,1
8.0,29.1,66.92,0.0,0.26,135.56,2,1,35.0,10.066666666666668,31.93333333333333,2.43015096,19.21,4993.4800000000005,7,127,0,0,1,0,1,0,0,0,1,0,0,0,1,0,0,0
8.0,29.42,70.35,0.0,3.08,369.61,2,1,35.0,9.566666666666666,32.43333333333334,2.58514531,18.550000000000004,5283.72,8,127,1,0,0,0,0,0,1,0,0,0,0,1,0,0,1,0
8.0,31.76,57.36,0.0,0.0,486.76,1,1,35.0,11.405000000000001,30.595,2.966423712,7.8,5250.0,9,127,0,1,0,0,0,0,1,0,0,1,0,0,0,0,0,1
8.0,31.47,67.5,0.0,3.13,595.66,2,1,35.0,11.405000000000001,30.595,2.9577951199999997,7.8,5250.0,10,127,0,1,0,0,1,0,0,0,0,0,0,1,0,0,1,0
24.07,29.53,71.29,9.37,3.58,643.42,1,0,0.0,14.876666666666667,27.123333333333335,2.617550459,38.38,5107.05,11,127,0,0,0,1,0,1,0,0,0,0,0,1,0,0,1,0
8.0,34.1,70.81,4.16,3.76,685.29,2,0,0.0,13.365,28.634999999999998,3.413258030000001,42.540000000000006,5072.05,12,127,0,0,0,1,0,0,1,0,0,1,0,0,0,0,0,1
8.9,34.99,61.12,0.0,2.11,643.27,1,1,35.0,10.068333333333333,31.931666666666665,3.6117801260000006,7.8,5250.0,13,127,0,1,0,0,0,1,0,0,0,1,0,0,0,0,0,1
8.0,35.95,65.11,0.0,2.93,554.01,1,1,35.0,10.066666666666668,31.93333333333333,3.7858963750000005,19.21,4993.4800000000005,14,127,0,0,1,0,0,0,1,0,0,1,0,0,0,0,0,1
8.0,32.56,56.23,0.0,2.65,464.32,4,1,35.0,10.068333333333333,31.931666666666665,3.2525588360000004,7.8,5250.0,15,127,0,1,0,0,0,0,0,1,0,0,1,0,0,1,0,0
8.0,33.59,48.51,0.0,0.63,320.94,4,1,35.0,8.341666666666667,33.65833333333333,3.4283635830000003,19.21,4993.4800000000005,16,127,0,0,1,0,1,0,0,0,0,0,1,0,0,1,0,0
8.0,32.99,57.26,2.93,3.29,180.18,0,0,0.0,8.341666666666667,33.65833333333333,3.349398688000001,22.14,4997.9,17,127,0,0,1,0,0,0,1,0,0,1,0,0,0,0,0,1
8.0,31.92,60.85,0.0,4.07,2.78,2,1,35.0,8.341666666666667,33.65833333333333,3.1578872600000003,22.14,4962.9,18,127,0,0,1,0,0,1,0,0,0,0,0,1,0,0,1,0
8.0,31.0,60.04,0.0,3.23,0.0,2,1,35.0,8.91,33.09,2.9670510400000003,18.550000000000004,5283.72,19,127,1,0,0,0,0,1,0,0,0,1,0,0,0,0,0,1
8.0,29.84,65.91,0.0,1.8,0.0,4,1,35.0,10.068333333333333,31.931666666666665,2.637439428,7.8,5285.0,20,127,0,1,0,0,0,1,0,0,0,0,0,1,0,0,1,0
8.0,29.07,52.16,0.0,3.29,0.0,4,1,35.0,12.736666666666666,29.263333333333335,2.735985054,42.540000000000006,5037.05,21,127,0,0,0,1,0,0,1,0,0,0,1,0,0,1,0,0
9.61,28.9,61.21,0.0,3.96,0.0,4,1,35.0,9.178333333333333,32.821666666666665,2.64469239,18.550000000000004,5283.72,22,127,1,0,0,0,1,0,0,0,0,1,0,0,0,0,0,1
24.43,28.79,76.53,8.45,3.8,35.86,0,0,0.0,15.475,26.525,2.454977509,50.99,5037.05,23,127,0,0,0,1,0,1,0,0,0,0,0,1,0,0,1,0
8.0,25.28,72.34,0.0,3.63,12.18,3,1,35.0,8.15,33.85,1.9695698639999997,3.71,5285.0,0,128,0,1,0,0,0,1,0,0,0,1,0,0,0,0,0,1
8.0,25.76,69.3,0.0,0.49,0.0,4,1,35.0,9.178333333333333,32.821666666666665,1.91104004,18.550000000000004,5283.72,1,128,1,0,0,0,0,0,1,0,0,1,0,0,0,0,0,1
12.27,25.25,68.14,0.0,2.88,20.69,2,1,35.0,14.193333333333333,27.806666666666665,1.9694405399999997,50.99,5037.05,2,128,0,0,0,1,0,0,1,0,0,0,1,0,0,1,0,0
9.48,25.17,62.91,0.0,3.17,0.0,2,1,35.0,8.396666666666667,33.60333333333333,2.0243304490000003,3.71,5285.0,3,128,0,1,0,0,0,0,0,1,0,0,0,1,0,0,1,0
8.0,24.0,54.13,0.0,3.65,0.0,2,1,35.0,14.128333333333336,27.871666666666663,1.9694541799999996,50.99,5037.05,4,128,0,0,0,1,0,0,1,0,0,0,1,0,0,1,0,0
8.0,27.09,67.13,0.0,3.02,13.11,2,1,35.0,8.0,34.0,2.2548641190000005,22.14,4966.22,5,128,0,0,1,0,0,0,0,1,1,0,0,0,1,0,0,0
8.0,28.6,45.58,0.0,4.26,50.07,2,1,35.0,11.449999999999998,30.550000000000004,2.7787622400000003,50.99,5037.05,6,128,0,0,0,1,0,1,0,0,0,1,0,0,0,0,0,1
8.37,28.62,60.43,0.0,0.21,178.03,1,1,35.0,8.061666666666667,33.93833333333333,2.420955982,17.939999999999998,4966.22,7,128,0,0,1,0,1,0,0,0,0,0,1,0,0,1,0,0
14.07,29.87,61.68,0.0,3.07,297.84,4,1,35.0,12.461666666666666,29.538333333333334,2.7522109820000003,50.99,5072.05,8,128,0,0,0,1,0,0,1,0,0,0,0,1,0,0,1,0
8.0,31.55,57.23,0.0,2.97,447.31,1,1,35.0,8.396666666666667,33.60333333333333,3.079993635,3.71,5285.0,9,128,0,1,0,0,0,0,1,0,1,0,0,0,1,0,0,0
8.0,34.0,73.6,0.0,3.48,592.63,1,1,35.0,8.061666666666667,33.93833333333333,3.3478896,17.939999999999998,4966.22,10,128,0,0,1,0,0,1,0,0,0,0,1,0,0,1,0,0
15.05,32.08,72.7,0.0,4.25,642.0,4,1,35.0,9.236666666666666,32.763333333333335,3.0588024399999996,17.939999999999998,4966.22,11,128,0,0,1,0,0,0,0,1,0,0,1,0,0,1,0,0
8.0,31.59,67.56,0.0,1.33,683.58,1,1,35.0,8.246666666666666,33.75333333333333,2.887567898,3.71,5285.0,12,128,0,1,0,0,1,0,0,0,0,0,0,1,0,0,1,0
8.0,33.61,52.23,0.0,4.21,641.62,1,1,35.0,9.236666666666666,32.763333333333335,3.5670640409999996,17.939999999999998,4966.22,13,128,0,0,1,0,0,0,1,0,0,1,0,0,0,0,0,1
8.0,36.71,69.68,0.0,3.38,589.9,3,1,35.0,9.236666666666666,32.763333333333335,3.8978437660000007,15.730000000000002,4966.22,14,128,0,0,1,0,0,0,0,1,0,0,1,0,0,1,0,0
8.0,32.01,64.33,0.0,2.18,530.07,2,1,35.0,8.246666666666666,33.75333333333333,3.039177851,3.71,5285.0,15,128,0,1,0,0,0,0,0,1,0,0,0,1,0,0,1,0
14.1,34.32,51.55,2.72,1.31,277.67,1,0,0.0,10.195,31.805,3.56168354,16.850000000000005,5318.72,16,128,1,0,0,0,1,0,0,0,0,1,0,0,0,0,0,1
13.7,34.45,58.27,10.73,2.64,252.48,0,0,0.0,10.235,31.765,3.571769025000001,27.580000000000005,5283.72,17,128,1,0,0,0,0,0,0,1,0,0,0,1,0,0,1,0
9.38,28.34,69.64,0.0,2.74,32.78,1,1,35.0,12.691666666666665,29.308333333333337,2.4054638719999994,41.58,5072.05,18,128,0,0,0,1,0,1,0,0,0,0,0,1,0,0,1,0
8.0,31.53,56.18,0.0,2.81,91.87,2,1,35.0,10.235,31.765,3.0804496079999995,27.580000000000005,5248.72,19,128,1,0,0,0,0,0,0,1,0,0,1,0,0,1,0,0
8.0,30.79,61.95,0.0,1.65,0.0,2,1,35.0,8.246666666666666,33.75333333333333,2.8311634150000002,3.71,5320.0,20,128,0,1,0,0,0,0,0,1,0,0,0,1,0,0,1,0
8.0,28.45,65.06,0.0,3.13,13.39,2,1,35.0,8.246666666666666,33.75333333333333,2.4907929999999996,3.71,5320.0,21,128,0,1,0,0,1,0,0,0,0,0,1,0,0,1,0,0
8.0,26.91,56.36,0.0,1.91,5.58,3,1,35.0,9.236666666666666,32.763333333333335,2.283169242,15.73,4966.22,22,128,0,0,1,0,0,0,0,1,0,1,0,0,0,0,0,1
8.07,26.17,62.77,0.0,3.86,30.92,1,1,35.0,9.186666666666666,32.81333333333333,2.2047989830000003,15.73,4966.22,23,128,0,0,1,0,0,0,0,1,0,1,0,0,0,0,0,1
20.07,26.02,57.61,8.12,4.45,16.44,2,0,0.0,10.011666666666667,31.988333333333333,2.264323574,11.829999999999998,5320.0,0,129,0,1,0,0,0,0,1,0,0,0,0,1,0,0,1,0
8.0,25.66,71.15,0.0,1.42,12.52,1,1,35.0,9.953333333333335,32.04666666666667,1.9247211100000001,38.0,5107.05,1,129,0,0,0,1,1,0,0,0,0,0,0,1,0,0,1,0
8.0,25.24,59.05,0.0,2.47,27.26,3,1,35.0,10.235,31.765,2.03751032,27.580000000000005,5248.72,2,129,1,0,0,0,0,0,1,0,0,0,1,0,0,1,0,0
18.83,25.6,67.17,0.0,3.57,0.0,3,1,35.0,11.771666666666667,30.22833333333333,2.0634010600000003,27.580000000000005,5283.72,3,129,1,0,0,0,0,0,0,1,0,1,0,0,0,0,0,1
11.33,28.3,53.23,0.0,2.73,0.0,1,1,35.0,10.566666666666666,31.433333333333334,2.5727513099999997,11.83,5285.0,4,129,0,1,0,0,1,0,0,0,0,1,0,0,0,0,0,1
10.49,25.33,57.41,0.0,0.78,15.86,3,1,35.0,9.656666666666666,32.343333333333334,1.9822092109999994,38.0,5107.05,5,129,0,0,0,1,0,1,0,0,0,0,0,1,0,0,1,0
8.0,25.35,57.05,0.0,3.44,0.0,4,1,35.0,10.566666666666666,31.433333333333334,2.1216680250000004,11.83,5285.0,6,129,0,1,0,0,1,0,0,0,0,0,0,1,0,0,1,0
8.87,30.75,58.97,0.0,1.67,163.84,4,1,35.0,9.331666666666665,32.66833333333334,2.8587102449999997,15.73,4966.22,7,129,0,0,1,0,0,1,0,0,1,0,0,0,1,0,0,0
8.14,29.69,63.11,0.7,2.64,274.56,4,1,35.0,8.18,33.82,2.6856180330000003,16.43,4966.22,8,129,0,0,1,0,0,1,0,0,0,1,0,0,0,0,0,1
8.0,30.43,63.81,0.0,1.21,461.58,3,1,35.0,9.656666666666666,32.343333333333334,2.7282315210000005,38.0,5107.05,9,129,0,0,0,1,0,0,1,0,0,0,0,1,0,0,1,0
8.0,31.81,47.75,0.0,3.35,530.41,4,1,35.0,8.18,33.82,3.2522746049999993,16.43,4966.22,10,129,0,0,1,0,0,0,1,0,0,1,0,0,0,0,0,1
8.0,33.12,57.93,0.0,1.89,626.7,2,1,35.0,10.566666666666666,31.433333333333334,3.294928932,11.83,5285.0,11,129,0,1,0,0,0,1,0,0,0,1,0,0,0,0,0,1
11.97,32.65,54.22,0.0,3.48,611.99,2,1,35.0,8.841666666666667,33.15833333333333,3.3334009799999995,16.43,4966.22,12,129,0,0,1,0,0,1,0,0,0,0,0,1,0,0,1,0
8.0,34.6,61.66,0.0,2.14,627.18,1,1,35.0,8.841666666666667,33.15833333333333,3.533865680000001,16.43,5001.22,13,129,0,0,1,0,1,0,0,0,0,1,0,0,0,0,0,1
8.0,32.53,57.7,0.0,1.82,594.41,2,1,35.0,10.566666666666666,31.433333333333334,3.1887108400000006,11.83,5285.0,14,129,0,1,0,0,0,1,0,0,0,1,0,0,0,0,0,1
8.0,33.39,58.32,0.0,2.89,438.76,3,1,35.0,10.566666666666666,31.433333333333334,3.389096246,11.83,5285.0,15,129,0,1,0,0,0,0,1,0,0,0,1,0,0,1,0,0
8.0,30.12,56.29,0.0,1.11,292.33,4,1,35.0,8.555,33.445,2.754800056,8.120000000000001,5285.0,16,129,0,1,0,0,0,0,1,0,0,0,0,1,0,0,1,0
8.0,34.56,70.02,0.0,4.56,195.59,2,1,35.0,8.83,33.17,3.5467548240000006,11.45,5001.22,17,129,0,0,1,0,0,1,0,0,0,1,0,0,0,0,0,1
8.0,31.71,51.25,0.0,2.62,31.96,3,1,35.0,8.685,33.315,3.1583137050000003,11.45,5001.22,18,129,0,0,1,0,0,0,1,0,1,0,0,0,1,0,0,0
8.0,32.02,57.19,0.0,1.72,14.84,4,1,35.0,8.661666666666667,33.33833333333333,3.099726386000001,3.63,5001.22,19,129,0,0,1,0,0,1,0,0,0,0,1,0,0,1,0,0
10.63,30.69,61.8,0.0,1.92,0.0,1,1,35.0,12.21,29.79,2.82952677,27.580000000000005,5283.72,20,129,1,0,0,0,0,1,0,0,0,1,0,0,0,0,0,1
16.48,29.77,60.03,0.0,2.42,0.0,1,1,35.0,9.413333333333334,32.586666666666666,2.7213712369999996,8.120000000000001,5285.0,21,129,0,1,0,0,0,0,0,1,0,0,0,1,0,0,1,0
8.5,27.96,57.88,0.0,3.59,0.0,3,1,35.0,9.74,32.26,2.513058656,38.0,5107.05,22,129,0,0,0,1,0,1,0,0,0,0,1,0,0,1,0,0
8.0,27.73,50.73,0.0,1.33,0.0,3,1,35.0,8.728333333333333,33.27166666666667,2.4391183830000003,38.0,5107.05,23,129,0,0,0,1,0,1,0,0,0,0,0,1,0,0,1,0
12.37,25.16,60.63,0.0,1.96,0.0,1,1,35.0,10.141666666666667,31.858333333333334,1.9849363760000003,8.120000000000001,5285.0,0,130,0,1,0,0,1,0,0,0,0,0,0,1,0,0,1,0
8.0,24.45,59.33,0.0,2.34,0.0,3,1,35.0,8.661666666666667,33.33833333333333,1.916389475,3.63,5036.22,1,130,0,0,1,0,0,0,1,0,0,1,0,0,0,0,0,1
10.59,25.91,76.62,0.0,4.25,43.78,2,1,35.0,10.573333333333334,31.426666666666666,2.047026184,8.120000000000001,5285.0,2,130,0,1,0,0,0,1,0,0,1,0,0,0,1,0,0,0
13.0,25.18,81.31,0.0,3.6,7.26,2,1,35.0,8.833333333333334,33.166666666666664,1.865361846,3.63,5036.22,3,130,0,0,1,0,0,0,1,0,0,0,1,0,0,1,0,0
10.78,28.74,62.25,0.0,4.31,42.94,2,1,35.0,9.296666666666667,32.70333333333333,2.62555063,3.63,5036.22,4,130,0,0,1,0,0,0,1,0,0,1,0,0,0,0,0,1
14.54,27.8,53.53,0.0,2.44,35.55,2,1,35.0,11.663333333333334,30.336666666666666,2.4762413600000004,8.120000000000001,5285.0,5,130,0,1,0,0,0,0,0,1,0,1,0,0,0,0,0,1
8.0,26.99,69.17,0.0,4.12,0.0,3,1,35.0,11.663333333333334,30.336666666666666,2.273860241,8.120000000000001,5285.0,6,130,0,1,0,0,1,0,0,0,0,0,1,0,0,1,0,0
8.0,28.62,55.83,0.0,3.92,157.83,1,1,35.0,9.296666666666667,32.70333333333333,2.655568342,3.63,5036.22,7,130,0,0,1,0,1,0,0,0,0,0,1,0,0,1,0,0
8.0,30.27,57.54,2.28,3.24,358.83,1,0,0.0,11.193333333333333,30.806666666666665,2.8725134759999995,28.080000000000005,5283.72,8,130,1,0,0,0,0,0,1,0,0,0,0,1,0,0,1,0
8.0,31.0,56.4,0.0,3.33,486.17,2,1,35.0,9.296666666666667,32.70333333333333,3.0129064,3.63,5036.22,9,130,0,0,1,0,0,1,0,0,1,0,0,0,1,0,0,0
8.0,32.47,56.12,0.0,1.69,597.48,4,1,35.0,8.498333333333333,33.501666666666665,3.1898488179999993,38.0,5142.05,10,130,0,0,0,1,0,0,0,1,0,0,0,1,0,0,1,0
8.0,33.0,56.72,0.0,4.59,627.38,1,1,35.0,9.296666666666667,32.70333333333333,3.4225035199999994,3.63,5036.22,11,130,0,0,1,0,0,1,0,0,0,0,1,0,0,1,0,0
8.0,31.44,51.25,0.0,2.11,654.99,2,1,35.0,8.498333333333333,33.501666666666665,3.0857263800000005,33.02,5142.05,12,130,0,0,0,1,0,0,1,0,0,0,1,0,0,1,0,0
23.58,30.7,56.12,10.27,3.07,618.91,1,0,0.0,14.26,27.740000000000002,2.9520664,18.39,5320.0,13,130,0,1,0,0,0,1,0,0,0,1,0,0,0,0,0,1
8.0,33.51,65.93,0.0,3.21,561.05,1,1,35.0,10.243333333333332,31.756666666666668,3.3370559209999997,28.080000000000005,5248.72,14,130,1,0,0,0,0,0,0,1,0,0,0,1,0,0,1,0
21.2,34.77,57.55,9.14,0.75,435.62,2,0,0.0,10.283333333333333,31.71666666666667,3.545732665000001,42.160000000000004,5142.05,15,130,0,0,0,1,0,1,0,0,0,0,0,1,0,0,1,0
8.0,32.99,60.09,0.0,2.34,322.38,1,1,35.0,12.846666666666666,29.153333333333336,3.2688394770000007,18.39,5320.0,16,130,0,1,0,0,0,0,1,0,0,0,1,0,0,1,0,0
8.0,34.75,42.17,0.0,2.64,162.63,4,1,35.0,10.283333333333333,31.71666666666667,3.8223710449999997,36.870000000000005,5107.05,17,130,0,0,0,1,0,1,0,0,0,0,0,1,0,0,1,0
8.0,32.0,66.64,0.0,2.26,0.0,1,1,35.0,9.296666666666667,32.70333333333333,3.0149854399999994,0.7,5037.76,18,130,0,0,1,0,0,1,0,0,0,1,0,0,0,0,0,1
8.0,33.14,54.29,0.0,2.35,27.69,3,1,35.0,8.463333333333333,33.53666666666667,3.3641761819999996,0.7,5037.76,19,130,0,0,1,0,0,0,0,1,0,0,0,1,0,0,1,0
8.0,31.79,68.03,0.0,4.19,0.0,1,1,35.0,10.243333333333332,31.756666666666668,3.059442259,28.080000000000005,5248.72,20,130,1,0,0,0,0,0,1,0,0,0,0,1,0,0,1,0
8.0,30.61,62.19,0.0,1.41,11.81,4,1,35.0,10.243333333333332,31.756666666666668,2.7862671129999996,16.370000000000005,5248.72,21,130,1,0,0,0,1,0,0,0,0,1,0,0,0,0,0,1
8.0,26.26,60.66,0.0,0.88,0.0,1,1,35.0,12.118333333333332,29.881666666666668,2.090419572,18.39,5320.0,22,130,0,1,0,0,0,1,0,0,0,0,1,0,0,1,0,0
8.0,27.26,52.04,0.0,1.7,0.0,4,1,35.0,10.200000000000001,31.799999999999997,2.3708397280000004,31.12,5107.05,23,130,0,0,0,1,0,0,0,1,0,1,0,0,0,0,0,1
8.0,28.53,78.0,0.0,3.29,0.0,2,1,35.0,8.438333333333333,33.56166666666667,2.37346807,16.370000000000005,5248.72,0,131,1,0,0,0,0,0,1,0,0,1,0,0,0,0,0,1
8.74,26.7,69.86,0.0,3.41,16.48,3,1,35.0,10.323333333333334,31.676666666666666,2.1882279,31.12,5107.05,1,131,0,0,0,1,0,0,1,0,0,0,0,1,0,0,1,0
11.82,26.99,70.05,0.0,3.13,0.0,2,1,35.0,8.636666666666665,33.36333333333334,2.2152947449999996,0.7,5037.76,2,131,0,0,1,0,0,1,0,0,0,0,1,0,0,1,0,0
8.0,24.21,78.96,0.0,3.49,5.9,3,1,35.0,8.0,34.0,1.7508076220000004,16.370000000000005,5248.72,3,131,1,0,0,0,0,1,0,0,0,1,0,0,0,0,0,1
8.0,29.57,63.51,0.0,2.71,1.59,1,1,35.0,8.636666666666665,33.36333333333334,2.6652332690000002,0.7,5037.76,4,131,0,0,1,0,0,0,0,1,0,1,0,0,0,0,0,1
10.78,26.14,74.15,0.0,1.78,0.0,2,1,35.0,10.786666666666667,31.21333333333333,1.9813859500000002,31.12,5107.05,5,131,0,0,0,1,0,1,0,0,0,1,0,0,0,0,0,1
8.0,25.16,62.12,0.0,1.27,6.38,1,1,35.0,10.786666666666667,31.21333333333333,1.9357139840000004,31.12,5107.05,6,131,0,0,0,1,0,1,0,0,0,0,0,1,0,0,1,0
8.92,28.59,67.89,0.0,0.89,125.77,4,1,35.0,8.74,33.26,2.3706012970000003,31.12,5110.0,7,131,0,0,0,1,0,1,0,0,1,0,0,0,1,0,0,0
11.98,26.48,60.0,0.0,2.13,323.47,4,1,35.0,8.663333333333334,33.336666666666666,2.19226512,16.370000000000005,5248.72,8,131,1,0,0,0,0,0,0,1,0,0,1,0,0,1,0,0
8.0,29.56,58.42,0.0,3.35,415.83,3,1,35.0,8.74,33.26,2.7510543039999997,31.12,5145.0,9,131,0,0,0,1,0,0,1,0,0,1,0,0,0,0,0,1
8.0,35.99,57.48,0.0,2.68,634.68,3,1,35.0,8.636666666666665,33.36333333333334,3.8754495140000005,0.7,5037.76,10,131,0,0,1,0,0,0,1,0,0,0,0,1,0,0,1,0
25.67,32.41,50.8,8.95,2.43,658.0,0,0,0.0,11.581666666666665,30.418333333333337,3.27765039,9.649999999999999,5037.76,11,131,0,0,1,0,0,0,0,1,0,0,0,1,0,0,1,0
8.0,31.48,62.72,0.0,1.13,658.63,2,1,35.0,8.74,33.26,2.913675552,21.750000000000004,5180.0,12,131,0,0,0,1,0,0,1,0,0,0,1,0,0,1,0,0
8.0,34.06,56.17,0.0,5.5,594.42,2,1,35.0,11.686666666666667,30.313333333333333,3.667624154,18.39,5320.0,13,131,0,1,0,0,0,0,0,1,0,1,0,0,0,0,0,1
8.0,32.81,45.44,0.0,1.41,553.27,4,1,35.0,8.663333333333334,33.336666666666666,3.360747198,16.370000000000005,5248.72,14,131,1,0,0,0,0,0,0,1,0,1,0,0,0,0,0,1
8.0,35.32,54.14,0.0,2.54,451.42,3,1,35.0,10.596666666666666,31.403333333333336,3.780795456,18.39,5320.0,15,131,0,1,0,0,0,1,0,0,1,0,0,0,1,0,0,0
10.13,32.29,57.36,4.59,3.6,333.47,1,0,0.0,9.018333333333333,32.98166666666667,3.239206678,20.96,5248.72,16,131,1,0,0,0,0,0,0,1,0,0,1,0,0,1,0,0
8.0,33.39,64.86,0.0,2.45,182.18,3,1,35.0,11.581666666666665,30.418333333333337,3.290096248,9.649999999999999,5002.76,17,131,0,0,1,0,0,1,0,0,0,0,1,0,0,1,0,0
8.0,30.43,63.25,0.0,1.43,7.87,2,1,35.0,11.581666666666665,30.418333333333337,2.745443545,9.649999999999999,5002.76,18,131,0,0,1,0,0,0,0,1,0,1,0,0,0,0,0,1
8.0,35.09,67.66,0.0,3.37,11.98,1,1,35.0,10.945,31.055,3.614029628000001,9.649999999999999,5002.76,19,131,0,0,1,0,0,1,0,0,0,0,0,1,0,0,1,0
8.0,30.91,64.51,0.0,0.79,0.0,4,1,35.0,10.945,31.055,2.7797151469999997,9.649999999999999,5037.76,20,131,0,0,1,0,0,0,1,0,0,1,0,0,0,0,0,1
8.0,28.9,58.6,0.0,4.49,11.99,3,1,35.0,10.945,31.055,2.6992264,9.649999999999999,5037.76,21,131,0,0,1,0,0,1,0,0,0,0,1,0,0,1,0,0
8.0,27.72,63.02,3.45,2.74,0.0,2,0,0.0,8.0,34.0,2.3793789279999995,12.399999999999999,5037.76,22,131,0,0,1,0,0,1,0,0,0,0,1,0,0,1,0,0
8.0,26.5,61.97,0.0,2.1,0.0,2,1,35.0,9.018333333333333,32.98166666666667,2.1736726699999998,20.96,5213.72,23,131,1,0,0,0,0,0,1,0,0,0,1,0,0,1,0,0
8.55,25.64,68.51,0.0,0.7,64.68,1,1,35.0,8.708333333333334,33.291666666666664,1.9122465679999998,17.590000000000003,5180.0,0,132,0,0,0,1,0,1,0,0,0,1,0,0,0,0,0,1
8.0,25.2,65.86,0.0,1.02,14.56,3,1,35.0,9.018333333333333,32.98166666666667,1.8919245999999996,20.96,5213.72,1,132,1,0,0,0,0,0,0,1,0,0,0,1,0,0,1,0
8.47,28.76,58.19,0.0,2.34,63.21,4,1,35.0,9.096666666666668,32.903333333333336,2.573705808,20.96,5213.72,2,132,1,0,0,0,0,1,0,0,0,1,0,0,0,0,0,1
8.6,25.55,65.22,0.0,4.67,0.0,3,1,35.0,8.344999999999999,33.655,2.13068674,17.590000000000003,5180.0,3,132,0,0,0,1,0,0,0,1,0,0,1,0,0,1,0,0
8.0,23.58,69.96,0.0,2.68,84.38,1,1,35.0,8.344999999999999,33.655,1.712365616,9.140000000000004,5215.0,4,132,0,0,0,1,0,0,1,0,0,0,0,1,0,0,1,0
12.76,25.66,58.02,0.0,2.82,2.79,3,1,35.0,11.39,30.61,2.125965964,18.39,5320.0,5,132,0,1,0,0,0,0,0,1,0,0,0,1,0,0,1,0
8.0,29.63,64.11,0.0,2.86,40.11,2,1,35.0,8.433333333333334,33.56666666666666,2.6759374909999996,20.320000000000007,5213.72,6,132,1,0,0,0,1,0,0,0,0,1,0,0,0,0,0,1
8.0,28.83,51.49,0.0,5.24,169.38,3,1,35.0,8.793333333333333,33.20666666666666,2.8017635689999993,18.39,5320.0,7,132,0,1,0,0,0,0,1,0,0,0,0,1,0,0,1,0
11.5,30.04,69.31,5.42,1.87,330.77,1,0,0.0,9.376666666666667,32.623333333333335,2.636229488,23.810000000000002,5320.0,8,132,0,1,0,0,0,1,0,0,0,0,1,0,0,1,0,0
8.0,33.03,62.86,0.0,4.28,455.59,2,1,35.0,8.191666666666668,33.80833333333333,3.340614296,9.140000000000004,5215.0,9,132,0,0,0,1,0,0,1,0,0,0,0,1,0,0,1,0
8.0,31.08,72.14,0.0,1.92,545.67,2,1,35.0,9.376666666666667,32.623333333333335,2.7791111839999996,23.810000000000002,5285.0,10,132,0,1,0,0,0,0,1,0,0,0,0,1,0,0,1,0
8.0,34.02,50.57,0.0,1.56,662.16,3,1,35.0,8.191666666666668,33.80833333333333,3.5299841180000002,9.140000000000004,5215.0,11,132,0,0,0,1,0,0,0,1,0,0,0,1,0,0,1,0
8.0,32.7,67.37,0.0,2.3,649.69,4,1,35.0,8.191666666666668,33.80833333333333,3.1306024500000005,9.140000000000004,5215.0,12,132,0,0,0,1,1,0,0,0,0,1,0,0,0,0,0,1
8.0,34.97,64.17,0.0,2.3,656.92,4,1,35.0,8.1,33.9,3.580506162999999,9.140000000000004,5215.0,13,132,0,0,0,1,0,1,0,0,0,1,0,0,0,0,0,1
8.0,33.66,57.4,0.0,3.07,594.55,1,1,35.0,8.433333333333334,33.56666666666666,3.458055359999999,20.320000000000007,5213.72,14,132,1,0,0,0,0,0,0,1,0,0,0,1,0,0,1,0
8.0,33.74,55.97,0.0,0.0,509.12,1,1,35.0,8.0,34.0,3.3361275060000004,9.140000000000004,5215.0,15,132,0,0,0,1,0,1,0,0,0,1,0,0,0,0,0,1
8.0,34.94,50.05,0.0,2.58,339.74,4,1,35.0,9.376666666666667,32.623333333333335,3.7601753699999994,23.810000000000002,5285.0,16,132,0,1,0,0,0,0,1,0,0,0,0,1,0,0,1,0
8.0,34.19,48.83,0.0,1.68,115.35,4,1,35.0,8.0,34.0,3.588443139,9.140000000000004,5215.0,17,132,0,0,0,1,0,0,0,1,0,1,0,0,0,0,0,1
12.87,31.99,54.75,0.0,1.53,0.0,2,1,35.0,10.188333333333333,31.811666666666667,3.1129182550000003,23.810000000000002,5285.0,18,132,0,1,0,0,0,0,1,0,0,0,1,0,0,1,0,0
8.23,30.57,52.35,0.0,0.85,0.0,1,1,35.0,8.038333333333334,33.961666666666666,2.861044085,12.399999999999999,5002.76,19,132,0,0,1,0,0,0,0,1,0,1,0,0,0,0,0,1
8.14,32.64,70.66,0.0,1.96,0.43,1,1,35.0,9.418333333333335,32.58166666666666,3.064890888,23.810000000000002,5285.0,20,132,0,1,0,0,0,0,0,1,0,0,0,1,0,0,1,0
8.0,30.09,51.01,0.0,1.78,46.14,2,1,35.0,8.038333333333334,33.961666666666666,2.841463383,12.399999999999999,5002.76,21,132,0,0,1,0,0,1,0,0,0,1,0,0,0,0,0,1
8.0,27.66,64.52,0.0,1.89,39.77,2,1,35.0,8.078333333333333,33.92166666666667,2.311966064,20.320000000000007,5213.72,22,132,1,0,0,0,0,0,0,1,0,0,0,1,0,0,1,0
11.71,26.43,67.5,0.0,0.43,0.0,1,1,35.0,8.656666666666668,33.343333333333334,2.0235267200000004,12.399999999999999,5037.76,23,132,0,0,1,0,1,0,0,0,1,0,0,0,1,0,0,0
8.0,28.4,65.38,0.0,2.52,85.05,4,1,35.0,8.0,34.0,2.44905612,9.140000000000004,5215.0,0,133,0,0,0,1,0,1,0,0,0,0,0,1,0,0,1,0
15.72,26.64,67.41,4.29,1.45,0.0,1,0,0.0,9.365,32.635,2.1064165879999996,24.610000000000007,5213.72,1,133,1,0,0,0,1,0,0,0,1,0,0,0,1,0,0,0
8.0,26.08,71.36,0.0,0.44,0.0,3,1,35.0,9.365,32.635,1.9339042559999997,24.610000000000007,5178.72,2,133,1,0,0,0,0,1,0,0,0,0,0,1,0,0,1,0
8.0,26.64,61.17,0.0,1.74,0.0,1,1,35.0,8.0,34.0,2.1846968760000003,9.140000000000004,5215.0,3,133,0,0,0,1,1,0,0,0,0,0,1,0,0,1,0,0
8.0,27.37,64.32,0.0,1.47,0.0,1,1,35.0,8.656666666666666,33.343333333333334,2.2487697580000003,12.399999999999999,5037.76,4,133,0,0,1,0,0,0,1,0,0,0,0,1,0,0,1,0
8.0,27.41,61.61,0.0,2.45,0.0,3,1,35.0,8.656666666666666,33.343333333333334,2.3320347670000006,12.399999999999999,5037.76,5,133,0,0,1,0,0,0,1,0,0,1,0,0,0,0,0,1
8.0,30.13,70.61,0.0,1.73,35.47,2,1,35.0,8.0,34.0,2.629603491,9.140000000000004,5250.0,6,133,0,0,0,1,0,0,1,0,0,0,1,0,0,1,0,0
8.0,31.18,75.35,0.0,0.66,194.18,2,1,35.0,9.286666666666667,32.71333333333333,2.69670383,24.610000000000007,5178.72,7,133,1,0,0,0,1,0,0,0,0,1,0,0,0,0,0,1
8.0,31.13,52.34,0.0,1.33,294.08,4,1,35.0,9.286666666666667,32.71333333333333,2.980809944,21.890000000000004,5178.72,8,133,1,0,0,0,0,0,0,1,0,1,0,0,0,0,0,1
8.0,33.42,44.64,0.0,0.33,463.12,2,1,35.0,8.656666666666666,33.343333333333334,3.4276905360000005,12.399999999999999,5037.76,9,133,0,0,1,0,0,1,0,0,0,1,0,0,0,0,0,1
8.0,32.34,63.71,0.0,3.76,591.14,4,1,35.0,9.418333333333335,32.58166666666666,3.182797018,15.69,5285.0,10,133,0,1,0,0,0,1,0,0,1,0,0,0,1,0,0,0
11.85,34.19,65.74,7.08,3.96,556.68,0,0,0.0,9.476666666666667,32.52333333333333,3.5002384319999997,22.77,5285.0,11,133,0,1,0,0,0,0,1,0,0,0,0,1,0,0,1,0
8.0,35.3,71.06,0.0,4.1,712.03,3,1,35.0,9.476666666666667,32.52333333333333,3.648333219999999,22.77,5250.0,12,133,0,1,0,0,1,0,0,0,0,1,0,0,0,0,0,1
8.0,35.72,62.19,0.0,1.69,664.69,2,1,35.0,9.476666666666667,32.52333333333333,3.715955095999999,22.77,5250.0,13,133,0,1,0,0,0,0,1,0,0,0,1,0,0,1,0,0
11.05,35.7,66.81,2.46,3.96,591.28,0,0,0.0,9.795,32.205,3.76878795,13.620000000000003,5178.72,14,133,1,0,0,0,0,0,0,1,0,0,1,0,0,1,0,0
8.0,35.14,69.11,0.0,2.89,501.69,1,1,35.0,8.665,33.335,3.5817194979999996,22.77,5250.0,15,133,0,1,0,0,0,1,0,0,0,0,1,0,0,1,0,0
21.98,36.73,66.47,9.69,1.41,253.55,0,0,0.0,12.125,29.875,3.8434797769999998,23.310000000000002,5143.72,16,133,1,0,0,0,0,0,1,0,0,1,0,0,0,0,0,1
8.0,32.35,65.89,0.0,1.65,160.58,2,1,35.0,8.0,34.0,3.0539025450000006,9.140000000000004,5250.0,17,133,0,0,0,1,0,0,0,1,0,1,0,0,0,0,0,1
8.0,32.09,50.95,0.0,2.19,44.04,4,1,35.0,8.0,34.0,3.207095265000001,9.140000000000004,5250.0,18,133,0,0,0,1,0,0,0,1,0,0,1,0,0,1,0,0
8.0,31.04,60.71,0.0,2.52,0.0,2,1,35.0,8.618333333333334,33.38166666666667,2.930817708,12.399999999999999,5037.76,19,133,0,0,1,0,0,0,0,1,0,0,1,0,0,1,0,0
8.0,29.78,63.88,0.0,2.84,25.99,3,1,35.0,8.641666666666666,33.358333333333334,2.701880128,22.77,5250.0,20,133,0,1,0,0,0,1,0,0,0,1,0,0,0,0,0,1
8.0,26.31,63.85,0.0,2.4,50.69,3,1,35.0,8.0,34.0,2.141451025,9.140000000000004,5250.0,21,133,0,0,0,1,1,0,0,0,0,0,1,0,0,1,0,0
8.0,30.39,61.02,0.0,1.98,24.63,2,1,35.0,8.641666666666666,33.358333333333334,2.791009056,22.77,5285.0,22,133,0,1,0,0,0,0,1,0,0,0,1,0,0,1,0,0
8.0,25.96,75.8,0.0,4.02,0.0,1,1,35.0,10.838333333333333,31.16166666666667,2.0509102400000003,23.310000000000002,5108.72,23,133,1,0,0,0,0,0,0,1,0,1,0,0,0,0,0,1
8.0,27.2,58.54,0.0,2.26,20.15,2,1,35.0,10.838333333333333,31.16166666666667,2.322311,23.310000000000002,5143.72,0,134,1,0,0,0,0,0,1,0,1,0,0,0,1,0,0,0
8.0,24.41,71.66,0.0,2.19,0.0,3,1,35.0,8.0,34.0,1.783599252,22.77,5320.0,1,134,0,1,0,0,1,0,0,0,0,0,0,1,0,0,1,0
8.0,27.34,65.94,0.0,2.14,17.16,4,1,35.0,10.838333333333333,31.16166666666667,2.260891212,23.310000000000002,5143.72,2,134,1,0,0,0,0,1,0,0,0,1,0,0,0,0,0,1
8.0,25.37,59.3,0.0,2.26,26.24,2,1,35.0,8.0,34.0,2.04321704,22.77,5320.0,3,134,0,1,0,0,0,0,1,0,1,0,0,0,1,0,0,0
8.0,25.24,57.87,0.0,0.77,5.28,4,1,35.0,8.0,34.0,1.9641913759999998,22.77,5320.0,4,134,0,1,0,0,0,0,0,1,0,1,0,0,0,0,0,1
13.48,27.87,51.39,2.5,1.2,40.65,1,0,0.0,8.913333333333334,33.086666666666666,2.447686971,2.5000000000000036,5250.0,5,134,0,0,0,1,1,0,0,0,0,1,0,0,0,0,0,1
8.26,27.36,67.11,0.0,5.34,9.75,1,1,35.0,8.956666666666667,33.04333333333334,2.4117703319999997,2.5000000000000036,5215.0,6,134,0,0,0,1,1,0,0,0,0,0,1,0,0,1,0,0
8.0,28.51,62.35,0.0,0.42,173.38,2,1,35.0,8.618333333333334,33.38166666666667,2.393577075,12.399999999999999,5037.76,7,134,0,0,1,0,0,0,0,1,0,0,1,0,0,1,0,0
8.0,30.67,55.28,0.0,2.73,389.13,3,1,35.0,8.956666666666665,33.04333333333334,2.939355302,2.5000000000000036,5215.0,8,134,0,0,0,1,1,0,0,0,0,1,0,0,0,0,0,1
8.0,32.65,46.35,0.0,2.81,426.1,1,1,35.0,8.956666666666665,33.04333333333334,3.391220525,2.5000000000000036,5215.0,9,134,0,0,0,1,0,0,0,1,0,0,0,1,0,0,1,0
8.0,31.18,63.68,0.0,3.62,611.64,2,1,35.0,8.956666666666665,33.04333333333334,2.976171048,2.5000000000000036,5215.0,10,134,0,0,0,1,0,0,0,1,0,0,0,1,0,0,1,0
8.83,31.75,58.98,0.0,2.84,673.81,4,1,35.0,8.138333333333334,33.861666666666665,3.08822318,22.77,5320.0,11,134,0,1,0,0,0,1,0,0,0,1,0,0,0,0,0,1
8.0,33.91,53.48,0.0,4.67,679.59,4,1,35.0,8.0,34.0,3.6304643459999992,12.399999999999999,5037.76,12,134,0,0,1,0,0,0,1,0,0,0,0,1,0,0,1,0
8.0,35.08,50.78,0.0,2.69,613.69,1,1,35.0,10.838333333333333,31.16166666666667,3.7834632479999994,21.03,5143.72,13,134,1,0,0,0,0,0,1,0,0,1,0,0,0,0,0,1
8.0,36.61,54.65,0.0,4.02,574.91,3,1,35.0,8.956666666666665,33.04333333333334,4.098578734999999,2.5000000000000036,5215.0,14,134,0,0,0,1,1,0,0,0,0,0,1,0,0,1,0,0
8.0,32.67,62.76,0.0,3.65,431.47,2,1,35.0,8.043333333333333,33.95666666666666,3.2463419140000003,2.5000000000000036,5215.0,15,134,0,0,0,1,1,0,0,0,0,1,0,0,0,0,0,1
8.0,33.4,56.57,0.0,4.25,305.33,4,1,35.0,8.0,34.0,3.47951568,12.399999999999999,5037.76,16,134,0,0,1,0,0,0,0,1,0,1,0,0,0,0,0,1
8.0,35.0,49.28,0.0,2.43,172.83,4,1,35.0,8.138333333333334,33.861666666666665,3.7734436799999997,22.77,5320.0,17,134,0,1,0,0,0,1,0,0,0,1,0,0,0,0,0,1
8.0,35.37,56.9,0.0,2.88,0.0,4,1,35.0,8.0,34.0,3.77359688,2.5000000000000036,5215.0,18,134,0,0,0,1,0,1,0,0,0,0,1,0,0,1,0,0
8.0,29.96,68.95,0.0,1.96,0.0,4,1,35.0,8.0,34.0,2.6316441200000003,12.399999999999999,5037.76,19,134,0,0,1,0,0,1,0,0,0,0,0,1,0,0,1,0
13.26,29.3,62.44,3.38,2.59,0.0,2,0,0.0,8.876666666666667,33.123333333333335,2.62715648,15.78,5072.76,20,134,0,0,1,0,1,0,0,0,0,1,0,0,0,0,0,1
22.89,29.95,62.12,8.02,2.66,22.85,0,0,0.0,10.481666666666667,31.51833333333333,2.74002585,10.520000000000003,5215.0,21,134,0,0,0,1,0,1,0,0,0,0,0,1,0,0,1,0
8.0,27.54,61.28,0.0,0.0,57.22,1,1,35.0,10.33,31.67,2.232886184,21.03,5143.72,22,134,1,0,0,0,0,0,0,1,0,1,0,0,0,0,0,1
8.0,26.44,58.22,0.0,2.23,76.89,4,1,35.0,8.876666666666667,33.123333333333335,2.2094227360000005,15.78,5037.76,23,134,0,0,1,0,0,0,0,1,0,0,0,1,0,0,1,0
8.0,27.39,57.22,0.0,3.47,0.0,3,1,35.0,8.138333333333334,33.861666666666665,2.425606916,12.5,5320.0,0,135,0,1,0,0,1,0,0,0,0,1,0,0,0,0,0,1
8.1,28.95,50.8,0.0,0.78,0.0,4,1,35.0,8.893333333333333,33.10666666666667,2.6056217499999996,15.78,5037.76,1,135,0,0,1,0,1,0,0,0,0,1,0,0,0,0,0,1
8.0,24.53,74.25,0.0,1.22,0.0,2,1,35.0,10.481666666666667,31.51833333333333,1.726325695,10.520000000000003,5180.0,2,135,0,0,0,1,0,0,0,1,1,0,0,0,1,0,0,0
8.0,28.88,65.74,0.0,3.79,28.78,4,1,35.0,8.893333333333333,33.10666666666667,2.584361384,15.78,5037.76,3,135,0,0,1,0,0,0,0,1,0,1,0,0,0,0,0,1
16.89,26.17,65.24,0.0,4.01,0.0,1,1,35.0,9.481666666666667,32.51833333333333,2.187319626,21.03,5143.72,4,135,1,0,0,0,0,1,0,0,0,0,0,1,0,0,1,0
8.0,28.18,65.12,0.0,1.66,37.71,4,1,35.0,8.893333333333333,33.10666666666667,2.3744776720000003,15.78,5037.76,5,135,0,0,1,0,0,0,0,1,0,0,0,1,0,0,1,0
8.0,30.88,63.27,0.0,2.61,22.61,2,1,35.0,10.481666666666667,31.51833333333333,2.8795520919999995,10.520000000000003,5180.0,6,135,0,0,0,1,0,0,0,1,1,0,0,0,1,0,0,0
8.0,29.95,56.5,0.0,2.31,110.35,1,1,35.0,10.481666666666667,31.51833333333333,2.7842474999999993,10.520000000000003,5180.0,7,135,0,0,0,1,1,0,0,0,0,0,0,1,0,0,1,0
8.0,30.05,59.29,0.0,3.81,330.93,4,1,35.0,9.481666666666667,32.51833333333333,2.8451366550000006,21.03,5143.72,8,135,1,0,0,0,1,0,0,0,0,0,1,0,0,1,0,0
8.0,32.6,56.2,0.0,1.76,420.24,4,1,35.0,10.481666666666667,31.51833333333333,3.2155216,10.520000000000003,5180.0,9,135,0,0,0,1,1,0,0,0,0,0,1,0,0,1,0,0
8.0,32.23,77.39,0.0,1.95,547.12,4,1,35.0,9.481666666666667,32.51833333333333,2.915654879,21.03,5143.72,10,135,1,0,0,0,0,1,0,0,0,1,0,0,0,0,0,1
8.0,34.1,65.46,0.0,4.01,617.41,1,1,35.0,8.893333333333333,33.10666666666667,3.4896209800000006,15.78,5037.76,11,135,0,0,1,0,0,0,1,0,0,1,0,0,0,0,0,1
8.0,33.65,59.86,0.97,1.2,679.92,2,1,35.0,9.481666666666667,32.51833333333333,3.33361944,22.0,5143.72,12,135,1,0,0,0,1,0,0,0,0,1,0,0,0,0,0,1
8.0,35.65,66.64,0.0,1.8,630.79,2,1,35.0,10.481666666666667,31.51833333333333,3.6533939099999997,10.520000000000003,5215.0,13,135,0,0,0,1,0,0,1,0,0,0,1,0,0,1,0,0
8.0,32.4,68.36,0.0,2.56,550.57,2,1,35.0,8.0,34.0,3.07961944,10.520000000000003,5215.0,14,135,0,0,0,1,0,0,0,1,0,1,0,0,0,0,0,1
8.0,32.84,49.67,0.0,4.23,536.93,2,1,35.0,8.138333333333334,33.861666666666665,3.457924056000001,12.5,5320.0,15,135,0,1,0,0,1,0,0,0,1,0,0,0,1,0,0,0
8.0,31.84,58.57,0.0,0.97,297.67,1,1,35.0,9.481666666666667,32.51833333333333,3.015031076,22.0,5143.72,16,135,1,0,0,0,0,1,0,0,0,1,0,0,0,0,0,1
8.0,33.24,58.9,0.0,1.55,182.25,2,1,35.0,8.138333333333334,33.861666666666665,3.2881712000000007,12.5,5320.0,17,135,0,1,0,0,1,0,0,0,0,0,1,0,0,1,0,0
8.0,30.2,65.72,0.0,3.11,27.28,1,1,35.0,9.481666666666667,32.51833333333333,2.7640312,22.0,5143.72,18,135,1,0,0,0,0,0,0,1,0,0,0,1,0,0,1,0
8.0,30.49,59.64,0.0,3.3,9.8,1,1,35.0,8.0,34.0,2.8890292419999994,17.410000000000004,5143.72,19,135,1,0,0,0,1,0,0,0,0,1,0,0,0,0,0,1
11.91,28.83,61.85,0.0,2.65,0.0,3,1,35.0,8.668333333333335,33.33166666666666,2.561153604999999,6.83,5072.76,20,135,0,0,1,0,0,1,0,0,0,0,0,1,0,0,1,0
8.0,31.68,57.03,0.0,2.26,0.0,1,1,35.0,8.0,34.0,3.0692865080000002,10.520000000000003,5215.0,21,135,0,0,0,1,0,1,0,0,0,0,0,1,0,0,1,0
9.88,27.01,71.34,0.0,2.56,25.62,3,1,35.0,8.313333333333334,33.68666666666667,2.176480188,10.520000000000003,5215.0,22,135,0,0,0,1,1,0,0,0,0,1,0,0,0,0,0,1
8.0,25.73,54.91,0.0,0.59,40.47,4,1,35.0,8.138333333333334,33.861666666666665,2.055808441,12.5,5355.0,23,135,0,1,0,0,0,0,1,0,0,0,0,1,0,0,1,0
8.0,27.48,60.62,0.0,2.52,2.06,4,1,35.0,8.0,34.0,2.3565561919999998,12.5,5355.0,0,136,0,1,0,0,0,1,0,0,0,0,1,0,0,1,0,0
8.0,29.24,49.3,0.0,4.18,0.0,3,1,35.0,8.0,34.0,2.83914752,12.5,5355.0,1,136,0,1,0,0,0,1,0,0,0,0,1,0,0,1,0,0
8.0,26.4,57.27,0.0,0.82,4.24,4,1,35.0,8.313333333333334,33.68666666666667,2.14261718,10.520000000000003,5215.0,2,136,0,0,0,1,0,1,0,0,1,0,0,0,1,0,0,0
8.0,26.65,66.5,0.0,1.46,56.9,2,1,35.0,8.0,34.0,2.1177,17.410000000000004,5143.72,3,136,1,0,0,0,1,0,0,0,0,0,1,0,0,1,0,0
8.0,29.04,64.72,0.0,1.92,0.0,4,1,35.0,8.0,34.0,2.527295776,17.410000000000004,5143.72,4,136,1,0,0,0,0,1,0,0,0,1,0,0,0,0,0,1
8.0,29.06,60.16,0.0,2.0,0.0,4,1,35.0,8.313333333333334,33.68666666666667,2.583636232,10.520000000000003,5215.0,5,136,0,0,0,1,0,0,0,1,0,1,0,0,0,0,0,1
8.0,29.21,70.1,0.0,4.61,5.91,4,1,35.0,8.313333333333334,33.68666666666667,2.630830600000001,10.520000000000003,5215.0,6,136,0,0,0,1,0,0,0,1,0,1,0,0,0,0,0,1
8.0,28.66,72.15,0.0,1.28,210.2,4,1,35.0,8.0,34.0,2.35556981,12.5,5355.0,7,136,0,1,0,0,1,0,0,0,0,0,1,0,0,1,0,0
8.0,31.26,60.11,0.0,1.04,310.34,3,1,35.0,8.0,34.0,2.9010466620000006,7.08,5390.0,8,136,0,1,0,0,1,0,0,0,0,0,0,1,0,0,1,0
12.65,29.57,63.7,3.52,3.33,480.44,0,0,0.0,9.443333333333333,32.556666666666665,2.6941632,10.35,5072.76,9,136,0,0,1,0,1,0,0,0,0,0,0,1,0,0,1,0
8.0,31.64,57.12,0.0,1.62,615.48,1,1,35.0,9.426666666666668,32.57333333333333,3.029324736,10.35,5037.76,10,136,0,0,1,0,0,0,0,1,0,0,0,1,0,0,1,0
24.7,35.55,61.55,15.77,3.35,579.87,0,0,0.0,10.783333333333333,31.21666666666667,3.774413474999999,33.18000000000001,5143.72,11,136,1,0,0,0,0,0,1,0,0,0,0,1,0,0,1,0
8.0,35.99,48.45,0.0,2.16,607.99,2,1,35.0,8.0,34.0,3.9611659650000006,7.08,5390.0,12,136,0,1,0,0,0,1,0,0,0,1,0,0,0,0,0,1
8.0,35.09,70.1,0.0,2.95,628.44,4,1,35.0,9.426666666666668,32.57333333333333,3.563347760000001,10.35,5037.76,13,136,0,0,1,0,0,1,0,0,0,0,0,1,0,0,1,0
8.0,31.68,68.24,0.0,0.52,601.1,1,1,35.0,8.0,34.0,2.854712224,7.08,5390.0,14,136,0,1,0,0,0,0,0,1,0,1,0,0,0,0,0,1
8.0,32.62,51.11,0.0,2.95,475.14,3,1,35.0,8.0,34.0,3.3376086939999996,7.08,5390.0,15,136,0,1,0,0,0,1,0,0,0,1,0,0,0,0,0,1
14.9,33.02,53.66,10.94,2.66,366.31,2,0,0.0,9.15,32.85,3.365365444000001,18.02,5390.0,16,136,0,1,0,0,0,0,0,1,0,0,1,0,0,1,0,0
8.0,33.14,62.03,0.0,2.09,112.53,2,1,35.0,9.15,32.85,3.2604927939999997,18.02,5355.0,17,136,0,1,0,0,0,0,1,0,0,1,0,0,0,0,0,1
8.0,30.7,58.68,0.0,0.92,15.98,3,1,35.0,10.783333333333333,31.21666666666667,2.8160095999999997,33.18000000000001,5108.72,18,136,1,0,0,0,0,0,0,1,0,0,1,0,0,1,0,0
9.01,31.24,64.42,0.0,2.66,0.0,1,1,35.0,9.595,32.405,2.9300160159999997,10.35,5037.76,19,136,0,0,1,0,0,0,0,1,0,0,1,0,0,1,0,0
8.0,33.22,56.51,0.0,3.27,50.31,2,1,35.0,9.595,32.405,3.3986118739999998,10.35,5037.76,20,136,0,0,1,0,0,0,0,1,0,0,0,1,0,0,1,0
11.97,30.14,72.16,0.0,1.76,45.48,4,1,35.0,9.604999999999999,32.395,2.615646088,6.9,5072.76,21,136,0,0,1,0,1,0,0,0,0,1,0,0,0,0,0,1
8.0,28.9,62.54,0.0,1.79,0.0,3,1,35.0,10.783333333333333,31.21666666666667,2.5219068600000005,33.18000000000001,5108.72,22,136,1,0,0,0,0,1,0,0,0,0,0,1,0,0,1,0
10.27,26.22,81.57,0.0,3.35,0.0,3,1,35.0,8.691666666666666,33.30833333333334,1.9963064979999996,10.520000000000003,5215.0,23,136,0,0,0,1,1,0,0,0,0,0,1,0,0,1,0,0
8.0,24.73,70.04,0.0,4.45,0.0,4,1,35.0,10.783333333333333,31.21666666666667,1.956439594,33.18000000000001,5108.72,0,137,1,0,0,0,0,0,1,0,0,1,0,0,0,0,0,1
8.0,24.94,56.2,0.0,3.53,42.94,4,1,35.0,10.783333333333333,31.21666666666667,2.07569464,28.89,5110.0,1,137,1,0,0,0,0,0,1,0,0,0,0,1,0,0,1,0
8.0,24.13,80.9,0.0,2.68,18.35,2,1,35.0,10.783333333333333,31.21666666666667,1.68088156,28.89,5110.0,2,137,1,0,0,0,0,0,1,0,0,0,0,1,0,0,1,0
8.0,26.9,71.77,0.0,2.11,68.58,3,1,35.0,8.0,34.0,2.13322163,28.89,5110.0,3,137,1,0,0,0,0,1,0,0,0,0,0,1,0,0,1,0
16.65,27.76,66.05,0.0,2.37,0.0,3,1,35.0,10.591666666666667,31.40833333333333,2.33529014,10.94,5355.0,4,137,0,1,0,0,0,0,1,0,0,0,1,0,0,1,0,0
8.0,26.37,69.03,0.0,0.81,74.92,2,1,35.0,8.691666666666666,33.30833333333334,2.018171997,10.520000000000003,5215.0,5,137,0,0,0,1,0,1,0,0,0,0,1,0,0,1,0,0
8.0,28.87,54.18,0.0,2.21,0.0,1,1,35.0,10.591666666666667,31.40833333333333,2.6278611320000005,10.94,5355.0,6,137,0,1,0,0,1,0,0,0,1,0,0,0,1,0,0,0
8.0,31.82,47.52,0.0,3.74,145.5,4,1,35.0,8.83,33.17,3.2761625679999997,6.9,5072.76,7,137,0,0,1,0,1,0,0,0,0,0,0,1,0,0,1,0
8.0,33.59,58.44,0.0,2.45,283.5,1,1,35.0,8.0,34.0,3.401993962,28.89,5110.0,8,137,1,0,0,0,0,0,0,1,0,0,0,1,0,0,1,0
8.0,32.84,68.98,0.0,1.65,489.22,2,1,35.0,8.83,33.17,3.1040166240000007,6.9,5072.76,9,137,0,0,1,0,0,0,1,0,0,1,0,0,0,0,0,1
8.0,32.39,62.46,0.0,1.54,524.35,1,1,35.0,10.591666666666667,31.40833333333333,3.0949849279999997,10.94,5355.0,10,137,0,1,0,0,0,0,0,1,0,0,0,1,0,0,1,0
8.0,34.58,69.9,0.0,2.36,666.92,4,1,35.0,8.378333333333332,33.62166666666667,3.441877659999999,10.520000000000003,5250.0,11,137,0,0,0,1,0,0,0,1,0,0,0,1,0,0,1,0
14.05,36.14,65.94,4.38,0.92,677.85,0,0,0.0,11.6,30.4,3.7115358519999995,15.32,5355.0,12,137,0,1,0,0,0,1,0,0,0,0,1,0,0,1,0,0
8.0,31.5,60.54,0.0,1.31,637.99,2,1,35.0,10.450000000000001,31.549999999999997,2.9508219399999995,15.32,5320.0,13,137,0,1,0,0,0,0,1,0,0,1,0,0,0,0,0,1
8.0,36.87,64.39,3.89,4.24,562.76,0,0,0.0,8.378333333333332,33.62166666666667,4.038424371,14.410000000000004,5250.0,14,137,0,0,0,1,0,1,0,0,0,1,0,0,0,0,0,1
8.76,33.7,69.3,0.0,1.16,426.56,4,1,35.0,8.126666666666667,33.873333333333335,3.2289065000000003,26.43,5145.0,15,137,1,0,0,0,0,0,0,1,0,1,0,0,0,0,0,1
8.0,33.31,58.39,0.0,1.44,349.81,1,1,35.0,10.450000000000001,31.549999999999997,3.301298463,15.32,5320.0,16,137,0,1,0,0,1,0,0,0,0,1,0,0,0,0,0,1
8.0,32.95,57.75,0.0,2.75,154.15,3,1,35.0,8.378333333333332,33.62166666666667,3.3095018750000005,11.910000000000004,5215.0,17,137,0,0,0,1,1,0,0,0,0,1,0,0,0,0,0,1
8.0,33.13,60.08,0.0,1.87,30.47,2,1,35.0,8.378333333333332,33.62166666666667,3.2705439580000006,11.910000000000004,5215.0,18,137,0,0,0,1,0,0,1,0,0,0,0,1,0,0,1,0
11.63,30.02,44.7,7.04,2.51,56.01,2,0,0.0,9.613333333333333,32.38666666666667,2.9356423,22.36,5320.0,19,137,0,1,0,0,1,0,0,0,0,0,0,1,0,0,1,0
8.0,30.22,63.39,0.0,3.44,0.0,4,1,35.0,8.83,33.17,2.809560926,6.9,5107.76,20,137,0,0,1,0,0,0,0,1,0,0,1,0,0,1,0,0
12.04,30.4,66.32,0.0,0.54,49.79,3,1,35.0,9.334999999999999,32.665,2.66192048,6.9,5107.76,21,137,0,0,1,0,0,1,0,0,0,0,1,0,0,1,0,0
8.02,28.98,63.43,0.0,3.31,10.22,1,1,35.0,9.616666666666667,32.38333333333333,2.601105378,22.36,5285.0,22,137,0,1,0,0,1,0,0,0,0,1,0,0,0,0,0,1
8.0,28.39,65.3,0.0,1.7,24.45,4,1,35.0,9.616666666666667,32.38333333333333,2.40734082,22.36,5285.0,23,137,0,1,0,0,1,0,0,0,0,0,0,1,0,0,1,0
8.0,26.77,63.88,0.0,2.06,0.0,2,1,35.0,8.608333333333334,33.391666666666666,2.192379202,22.36,5285.0,0,138,0,1,0,0,1,0,0,0,1,0,0,0,1,0,0,0
15.22,27.9,49.3,4.64,4.71,0.0,2,0,0.0,9.811666666666667,32.18833333333333,2.6498767,27.0,5285.0,1,138,0,1,0,0,0,0,1,0,0,0,0,1,0,0,1,0
8.0,28.31,74.59,0.0,0.72,0.0,4,1,35.0,9.334999999999999,32.665,2.247311103,6.9,5107.76,2,138,0,0,1,0,1,0,0,0,0,0,1,0,0,1,0,0
11.51,28.36,60.34,0.0,3.11,50.67,2,1,35.0,9.258333333333333,32.74166666666667,2.525806768,6.9,5107.76,3,138,0,0,1,0,0,1,0,0,0,0,1,0,0,1,0,0
9.34,27.9,58.95,0.0,3.75,0.0,3,1,35.0,10.035000000000002,31.964999999999996,2.5004455500000002,27.0,5250.0,4,138,0,1,0,0,0,0,0,1,0,1,0,0,0,0,0,1
8.0,29.3,71.66,0.0,1.58,25.55,2,1,35.0,9.258333333333333,32.74166666666667,2.47677622,6.9,5107.76,5,138,0,0,1,0,0,0,0,1,0,0,1,0,0,1,0,0
8.0,30.03,68.43,0.0,1.6,0.9,4,1,35.0,9.43,32.57,2.630778683,27.0,5250.0,6,138,0,1,0,0,0,1,0,0,0,0,0,1,0,0,1,0
8.0,33.7,60.55,0.0,1.96,159.3,1,1,35.0,8.0,34.0,3.37255025,11.910000000000004,5215.0,7,138,0,0,0,1,0,1,0,0,0,1,0,0,0,0,0,1
8.0,32.55,64.94,0.0,1.57,277.04,3,1,35.0,9.426666666666668,32.57333333333333,3.0959150799999993,27.0,5250.0,8,138,0,1,0,0,0,0,1,0,0,0,0,1,0,0,1,0
8.68,31.63,52.21,0.0,2.48,396.36,1,1,35.0,8.113333333333333,33.88666666666667,3.126412801,11.910000000000004,5215.0,9,138,0,0,0,1,1,0,0,0,0,0,0,1,0,0,1,0
8.0,31.36,59.95,0.0,3.47,554.62,3,1,35.0,8.126666666666667,33.873333333333335,3.0414698199999997,16.740000000000002,5145.0,10,138,1,0,0,0,0,1,0,0,0,0,1,0,0,1,0,0
8.0,33.16,68.13,0.0,1.96,621.59,4,1,35.0,8.113333333333333,33.88666666666667,3.186079175999999,11.910000000000004,5215.0,11,138,0,0,0,1,0,0,1,0,0,0,1,0,0,1,0,0
31.59,33.69,53.91,14.24,3.51,622.8,0,0,0.0,12.058333333333332,29.94166666666667,3.5268656729999996,30.980000000000004,5145.0,12,138,1,0,0,0,0,0,1,0,1,0,0,0,1,0,0,0
8.0,35.36,50.33,0.0,4.08,636.49,3,1,35.0,9.258333333333333,32.74166666666667,3.9120216359999995,6.9,5107.76,13,138,0,0,1,0,0,1,0,0,0,0,0,1,0,0,1,0
8.0,33.67,59.21,0.0,2.92,635.2,4,1,35.0,12.058333333333332,29.94166666666667,3.430954369,30.980000000000004,5110.0,14,138,1,0,0,0,0,1,0,0,0,1,0,0,0,0,0,1
8.0,36.38,57.21,0.0,3.03,515.43,3,1,35.0,9.258333333333333,32.74166666666667,3.972040626000001,6.9,5107.76,15,138,0,0,1,0,0,1,0,0,1,0,0,0,1,0,0,0
8.0,32.1,64.45,0.0,1.69,327.97,3,1,35.0,9.426666666666668,32.57333333333333,3.02892435,27.0,5250.0,16,138,0,1,0,0,0,0,1,0,0,1,0,0,0,0,0,1
8.0,31.1,51.07,0.0,0.0,172.42,3,1,35.0,8.585,33.415,2.9234327100000006,6.9,5107.76,17,138,0,0,1,0,0,1,0,0,0,1,0,0,0,0,0,1
11.16,32.52,41.74,0.0,3.1,24.56,2,1,35.0,9.111666666666666,32.888333333333335,3.435652656000001,6.9,5107.76,18,138,0,0,1,0,0,1,0,0,0,0,0,1,0,0,1,0
14.74,30.5,67.65,6.47,3.36,10.76,2,0,0.0,10.549999999999999,31.450000000000003,2.8047211499999998,33.47,5250.0,19,138,0,1,0,0,1,0,0,0,0,0,0,1,0,0,1,0
17.29,28.84,54.95,0.0,2.69,24.62,1,1,35.0,10.895000000000001,31.104999999999997,2.63876484,33.47,5215.0,20,138,0,1,0,0,0,0,0,1,0,0,0,1,0,0,1,0
9.21,28.73,58.34,4.14,3.49,11.75,1,0,0.0,8.315,33.685,2.6248070240000003,16.050000000000004,5215.0,21,138,0,0,0,1,0,1,0,0,0,0,1,0,0,1,0,0
8.0,27.58,48.25,0.0,1.74,5.39,2,1,35.0,12.058333333333332,29.94166666666667,2.46203037,30.980000000000004,5110.0,22,138,1,0,0,0,0,0,1,0,0,0,0,1,0,0,1,0
8.0,27.91,70.43,0.0,3.02,0.0,4,1,35.0,8.526666666666666,33.473333333333336,2.344810311,3.52,5107.76,23,138,0,0,1,0,0,0,0,1,0,1,0,0,0,0,0,1
8.0,26.4,66.93,0.0,4.17,14.33,4,1,35.0,8.315,33.685,2.21191362,16.050000000000004,5180.0,0,139,0,0,0,1,0,1,0,0,0,0,0,1,0,0,1,0
8.0,26.13,66.87,0.0,3.2,0.0,2,1,35.0,10.671666666666667,31.328333333333333,2.124501277,33.47,5215.0,1,139,0,1,0,0,0,1,0,0,0,1,0,0,0,0,0,1
11.17,26.79,66.29,0.0,4.01,10.92,3,1,35.0,9.055,32.945,2.2681516769999996,3.52,5107.76,2,139,0,0,1,0,0,0,1,0,1,0,0,0,1,0,0,0
8.0,28.46,48.41,0.0,4.02,0.0,3,1,35.0,8.315,33.685,2.7140143620000003,16.050000000000004,5180.0,3,139,0,0,0,1,0,1,0,0,1,0,0,0,1,0,0,0
8.0,29.54,55.07,0.0,0.93,10.94,1,1,35.0,12.058333333333332,29.94166666666667,2.663261106,30.980000000000004,5110.0,4,139,1,0,0,0,0,0,1,0,0,1,0,0,0,0,0,1
8.0,28.19,59.88,0.0,3.26,0.0,2,1,35.0,9.055,32.945,2.511460954,3.52,5107.76,5,139,0,0,1,0,0,0,0,1,0,1,0,0,0,0,0,1
8.55,29.14,57.05,0.0,1.64,46.38,2,1,35.0,9.146666666666667,32.85333333333333,2.61208947,3.52,5107.76,6,139,0,0,1,0,0,0,1,0,0,0,0,1,0,0,1,0
8.0,29.49,60.11,0.0,1.07,173.01,1,1,35.0,10.671666666666667,31.328333333333333,2.607240393,33.47,5215.0,7,139,0,1,0,0,0,0,1,0,0,0,0,1,0,0,1,0
8.0,31.52,62.11,0.0,2.06,326.71,1,1,35.0,10.671666666666667,31.328333333333333,2.973951724,33.47,5215.0,8,139,0,1,0,0,0,1,0,0,0,0,1,0,0,1,0,0
8.0,32.42,66.71,0.0,4.5,475.48,2,1,35.0,10.671666666666667,31.328333333333333,3.1991639940000005,33.47,5215.0,9,139,0,1,0,0,1,0,0,0,1,0,0,0,1,0,0,0
8.0,34.79,47.41,0.0,1.75,534.33,4,1,35.0,8.315,33.685,3.722136893,8.030000000000003,5180.0,10,139,0,0,0,1,0,1,0,0,0,0,0,1,0,0,1,0
8.0,30.79,60.9,0.0,0.29,668.77,1,1,35.0,11.931666666666667,30.068333333333335,2.7748979,30.980000000000004,5145.0,11,139,1,0,0,0,0,0,0,1,0,0,0,1,0,0,1,0
8.0,33.91,63.45,0.0,0.67,675.93,3,1,35.0,9.146666666666667,32.85333333333333,3.3118881449999993,3.52,5142.76,12,139,0,0,1,0,0,0,1,0,0,0,0,1,0,0,1,0
8.31,35.17,50.99,0.0,2.97,610.23,3,1,35.0,8.253333333333334,33.74666666666667,3.812080001,8.030000000000003,5180.0,13,139,0,0,0,1,0,0,0,1,0,1,0,0,0,0,0,1
8.0,34.76,56.44,2.95,1.49,527.53,2,0,0.0,9.548333333333334,32.45166666666667,3.5942750080000003,36.42,5215.0,14,139,0,1,0,0,0,1,0,0,0,1,0,0,0,0,0,1
8.0,33.25,62.26,0.0,0.0,446.55,4,1,35.0,8.0,34.0,3.17302296,25.48,5180.0,15,139,0,1,0,0,0,0,0,1,0,1,0,0,0,0,0,1
8.0,32.31,59.83,0.0,0.71,321.23,2,1,35.0,8.62,33.38,3.069765731,3.52,5142.76,16,139,0,0,1,0,0,0,1,0,0,1,0,0,0,0,0,1
8.0,34.84,62.45,0.0,2.6,130.27,2,1,35.0,8.253333333333334,33.74666666666667,3.59205384,8.030000000000003,5180.0,17,139,0,0,0,1,0,1,0,0,0,0,0,1,0,0,1,0
8.0,31.66,60.93,0.0,3.34,0.0,3,1,35.0,11.931666666666667,30.068333333333335,3.0754507859999998,30.980000000000004,5145.0,18,139,1,0,0,0,0,1,0,0,0,1,0,0,0,0,0,1
8.0,29.2,60.06,0.0,1.87,0.0,4,1,35.0,8.051666666666668,33.94833333333333,2.6007714,8.030000000000003,5180.0,19,139,0,0,0,1,0,0,1,0,1,0,0,0,1,0,0,0
8.0,32.08,51.72,0.0,3.18,0.0,3,1,35.0,8.0,34.0,3.245993392,25.479999999999997,5180.0,20,139,0,1,0,0,0,0,1,0,0,0,0,1,0,0,1,0
13.61,30.45,62.97,9.72,3.5,0.0,0,0,0.0,8.986666666666666,33.013333333333335,2.855379175,17.750000000000004,5180.0,21,139,0,0,0,1,0,1,0,0,0,1,0,0,0,0,0,1
8.0,28.62,63.4,0.0,1.46,17.08,2,1,35.0,8.0,34.0,2.45174648,25.479999999999997,5180.0,22,139,0,1,0,0,0,0,1,0,0,0,0,1,0,0,1,0
8.0,26.6,57.37,0.0,2.25,1.09,3,1,35.0,8.0,34.0,2.24302956,25.479999999999997,5180.0,23,139,0,1,0,0,0,0,0,1,1,0,0,0,1,0,0,0
8.0,27.24,67.89,0.0,1.68,14.07,4,1,35.0,8.0,34.0,2.202559992,30.980000000000004,5145.0,0,140,1,0,0,0,1,0,0,0,0,0,0,1,0,0,1,0
8.0,28.83,71.41,0.0,3.05,8.71,3,1,35.0,8.0,34.0,2.4786235609999996,25.479999999999997,5180.0,1,140,0,1,0,0,0,0,1,0,0,1,0,0,0,0,0,1
8.0,24.45,61.42,0.0,1.67,0.0,3,1,35.0,8.986666666666666,33.013333333333335,1.8625798999999998,17.750000000000004,5145.0,2,140,0,0,0,1,0,0,1,0,0,0,0,1,0,0,1,0
8.0,24.66,60.78,0.0,0.94,23.93,2,1,35.0,8.986666666666666,33.013333333333335,1.8616809559999998,17.750000000000004,5145.0,3,140,0,0,0,1,0,0,0,1,0,1,0,0,0,0,0,1
8.0,26.46,59.08,0.0,2.46,0.0,3,1,35.0,8.0,34.0,2.215152496,30.980000000000004,5145.0,4,140,1,0,0,0,0,0,1,0,0,1,0,0,0,0,0,1
8.0,28.0,51.45,0.0,3.73,0.0,1,1,35.0,8.62,33.38,2.5940457,3.52,5142.76,5,140,0,0,1,0,0,0,1,0,0,1,0,0,0,0,0,1
8.0,28.13,77.13,0.0,3.01,0.0,1,1,35.0,8.0,34.0,2.307331463,21.099999999999998,5180.0,6,140,0,1,0,0,0,0,0,1,0,0,0,1,0,0,1,0
8.0,30.8,57.82,0.0,3.61,172.41,1,1,35.0,8.0,34.0,2.97701204,30.010000000000005,5145.0,7,140,1,0,0,0,0,1,0,0,0,0,1,0,0,1,0,0
16.44,32.5,53.59,11.39,3.5,302.8,2,0,0.0,9.406666666666666,32.593333333333334,3.3149422899999994,41.400000000000006,5180.0,8,140,1,0,0,0,0,0,1,0,0,0,0,1,0,0,1,0
8.85,32.32,51.85,0.0,2.45,478.83,1,1,35.0,9.076666666666666,32.92333333333333,3.25051426,17.750000000000004,5145.0,9,140,0,0,0,1,1,0,0,0,0,0,1,0,0,1,0,0
8.0,33.71,55.92,0.0,1.68,588.3,3,1,35.0,9.406666666666666,32.593333333333334,3.4152238140000004,41.400000000000006,5145.0,10,140,1,0,0,0,1,0,0,0,0,1,0,0,0,0,0,1
8.0,34.11,53.45,0.0,1.36,579.41,4,1,35.0,8.0,34.0,3.5023396449999997,21.099999999999998,5180.0,11,140,0,1,0,0,0,0,0,1,1,0,0,0,1,0,0,0
8.0,34.35,68.19,0.0,0.5,657.82,2,1,35.0,8.0,34.0,3.3272057950000007,21.099999999999998,5180.0,12,140,0,1,0,0,0,0,0,1,0,0,1,0,0,1,0,0
8.0,32.79,50.62,0.0,3.83,583.02,1,1,35.0,9.076666666666666,32.92333333333333,3.4178468960000004,17.750000000000004,5145.0,13,140,0,0,0,1,0,1,0,0,0,1,0,0,0,0,0,1
8.0,33.33,48.17,0.0,2.0,579.7,2,1,35.0,8.0,34.0,3.4531002869999994,14.059999999999999,5180.0,14,140,0,1,0,0,1,0,0,0,0,0,0,1,0,0,1,0
8.0,32.71,63.3,0.0,0.35,443.29,1,1,35.0,9.076666666666666,32.92333333333333,3.0821437400000007,17.750000000000004,5145.0,15,140,0,0,0,1,1,0,0,0,0,0,0,1,0,0,1,0
8.0,34.11,57.56,0.0,3.88,296.85,3,1,35.0,8.0,34.0,3.5792691219999995,14.059999999999999,5180.0,16,140,0,1,0,0,0,0,0,1,0,1,0,0,0,0,0,1
8.0,34.05,56.8,3.18,2.51,108.37,1,0,0.0,9.406666666666666,32.593333333333334,3.5087643499999994,44.580000000000005,5145.0,17,140,1,0,0,0,0,0,0,1,0,1,0,0,0,0,0,1
21.51,30.7,64.96,9.69,3.56,0.0,2,0,0.0,10.393333333333333,31.60666666666667,2.8779562,27.440000000000005,5145.0,18,140,0,0,0,1,0,0,0,1,0,0,1,0,0,1,0,0
8.0,32.01,60.95,0.0,2.09,0.0,2,1,35.0,8.091666666666667,33.90833333333333,3.0734001449999995,0.0,5142.76,19,140,0,0,1,0,1,0,0,0,0,0,0,1,0,0,1,0
8.0,29.56,61.63,0.0,1.45,0.0,2,1,35.0,8.0,34.0,2.6210884159999996,14.059999999999999,5215.0,20,140,0,1,0,0,0,1,0,0,0,1,0,0,0,0,0,1
8.0,28.23,53.18,0.0,2.93,6.51,2,1,35.0,10.393333333333333,31.60666666666667,2.572170528,27.440000000000005,5145.0,21,140,0,0,0,1,0,0,1,0,0,1,0,0,0,0,0,1
8.0,27.93,51.58,0.0,3.03,33.92,3,1,35.0,8.0,34.0,2.546636188,14.059999999999999,5250.0,22,140,0,1,0,0,0,1,0,0,0,1,0,0,0,0,0,1
8.0,26.36,59.61,0.0,2.06,13.81,2,1,35.0,9.406666666666666,32.593333333333334,2.174885632,44.580000000000005,5145.0,23,140,1,0,0,0,0,0,0,1,0,1,0,0,0,0,0,1
8.0,28.39,55.3,0.0,3.98,0.0,2,1,35.0,10.393333333333333,31.60666666666667,2.62757782,27.440000000000005,5180.0,0,141,0,0,0,1,0,1,0,0,0,0,0,1,0,0,1,0
8.0,26.82,66.03,0.0,3.53,0.0,4,1,35.0,9.406666666666666,32.593333333333334,2.251289842,44.580000000000005,5145.0,1,141,1,0,0,0,0,0,0,1,0,1,0,0,0,0,0,1
8.0,28.16,50.48,0.0,3.08,23.82,4,1,35.0,8.0,34.0,2.597123296,9.419999999999998,5250.0,2,141,0,1,0,0,0,1,0,0,0,0,0,1,0,0,1,0
8.0,26.41,61.34,0.0,1.07,0.0,4,1,35.0,10.251666666666667,31.748333333333335,2.115224508,27.440000000000005,5180.0,3,141,0,0,0,1,0,1,0,0,0,0,0,1,0,0,1,0
8.0,26.87,62.89,0.0,0.9,11.39,2,1,35.0,8.0,34.0,2.1595125210000004,9.419999999999998,5285.0,4,141,0,1,0,0,0,1,0,0,0,1,0,0,0,0,0,1
8.0,30.92,60.59,0.0,3.84,0.0,4,1,35.0,9.406666666666666,32.593333333333334,2.977824216,28.810000000000002,5145.0,5,141,1,0,0,0,0,0,1,0,0,0,0,1,0,0,1,0
8.0,26.51,67.19,0.0,0.0,0.0,2,1,35.0,8.0,34.0,2.0169601830000006,28.810000000000002,5145.0,6,141,1,0,0,0,1,0,0,0,1,0,0,0,1,0,0,0
8.0,31.83,57.85,0.0,2.29,145.15,2,1,35.0,8.091666666666667,33.90833333333333,3.0875107049999997,0.0,5142.76,7,141,0,0,1,0,0,1,0,0,1,0,0,0,1,0,0,0
8.0,33.42,54.19,0.0,2.58,346.42,4,1,35.0,8.0,34.0,3.427685806,0.0,5142.76,8,141,0,0,1,0,0,0,0,1,0,1,0,0,0,0,0,1
8.0,33.12,67.81,0.0,1.81,483.25,1,1,35.0,8.0,34.0,3.175218324,9.419999999999998,5285.0,9,141,0,1,0,0,0,0,0,1,0,0,1,0,0,1,0,0
8.0,32.44,57.4,0.0,2.36,543.49,4,1,35.0,10.251666666666667,31.748333333333335,3.203238399999999,27.440000000000005,5180.0,10,141,0,0,0,1,0,1,0,0,0,0,0,1,0,0,1,0
8.0,35.91,66.81,0.0,2.9,654.27,4,1,35.0,8.0,34.0,3.755746056999999,9.419999999999998,5285.0,11,141,0,1,0,0,0,0,1,0,0,0,0,1,0,0,1,0
8.0,33.92,56.19,0.0,1.7,600.06,4,1,35.0,8.0,34.0,3.451573756,0.0,5142.76,12,141,0,0,1,0,0,0,0,1,0,0,1,0,0,1,0,0
8.0,33.74,58.49,0.0,3.46,621.86,4,1,35.0,8.0,34.0,3.4792549220000004,28.810000000000002,5180.0,13,141,1,0,0,0,0,0,0,1,0,0,0,1,0,0,1,0
8.0,34.36,57.14,0.0,3.1,515.54,4,1,35.0,8.0,34.0,3.5916033279999997,28.810000000000002,5180.0,14,141,1,0,0,0,0,0,0,1,0,0,1,0,0,1,0,0
8.0,33.95,60.06,0.0,2.18,420.0,2,1,35.0,8.0,34.0,3.4350346000000003,28.810000000000002,5180.0,15,141,1,0,0,0,0,0,1,0,0,1,0,0,0,0,0,1
8.0,32.98,56.27,0.0,1.41,277.2,3,1,35.0,8.0,34.0,3.265166281999999,28.810000000000002,5180.0,16,141,1,0,0,0,0,1,0,0,0,0,0,1,0,0,1,0
8.0,35.43,57.93,0.0,2.29,145.28,3,1,35.0,8.0,34.0,3.7429282730000004,28.810000000000002,5180.0,17,141,1,0,0,0,0,0,0,1,0,1,0,0,0,0,0,1
8.0,31.78,70.89,0.0,4.93,21.69,2,1,35.0,10.251666666666667,31.748333333333335,3.0621134940000005,23.550000000000004,5180.0,18,141,0,0,0,1,0,1,0,0,0,0,0,1,0,0,1,0
8.37,31.93,67.4,0.0,1.49,0.0,2,1,35.0,8.061666666666667,33.93833333333333,2.95570701,0.0,5142.76,19,141,0,0,1,0,0,0,1,0,0,1,0,0,0,0,0,1
14.04,28.77,69.97,0.0,4.24,0.0,4,1,35.0,9.006666666666666,32.99333333333333,2.5441278030000003,23.550000000000004,5180.0,20,141,0,0,0,1,0,0,1,0,1,0,0,0,1,0,0,0
8.0,29.95,52.25,0.0,0.29,0.0,1,1,35.0,9.006666666666666,32.99333333333333,2.729923125,23.550000000000004,5180.0,21,141,0,0,0,1,0,0,0,1,0,0,1,0,0,1,0,0
15.27,27.21,55.57,3.98,1.37,0.0,1,0,0.0,10.218333333333334,31.781666666666666,2.310083519,27.53,5180.0,22,141,0,0,0,1,0,1,0,0,0,1,0,0,0,0,0,1
8.0,26.34,66.05,0.0,1.75,20.01,2,1,35.0,10.218333333333334,31.781666666666666,2.09103667,27.53,5145.0,23,141,0,0,0,1,1,0,0,0,0,0,1,0,0,1,0,0
8.0,27.38,69.09,0.0,3.54,0.0,4,1,35.0,10.218333333333334,31.781666666666666,2.3042234939999995,27.53,5180.0,0,142,0,0,0,1,0,0,1,0,0,0,1,0,0,1,0,0
8.0,28.73,58.98,0.0,2.47,0.0,4,1,35.0,8.0,34.0,2.566957808,9.419999999999998,5320.0,1,142,0,1,0,0,0,0,0,1,0,0,0,1,0,0,1,0
8.0,27.67,58.58,0.0,3.97,0.0,3,1,35.0,10.218333333333334,31.781666666666666,2.479620772,23.39,5180.0,2,142,0,0,0,1,0,0,0,1,0,1,0,0,0,0,0,1
8.0,27.91,73.03,0.0,2.0,15.59,4,1,35.0,8.0,34.0,2.266475731,28.810000000000002,5180.0,3,142,1,0,0,0,0,0,0,1,0,0,1,0,0,1,0,0
13.29,27.35,68.52,0.0,2.34,8.36,1,1,35.0,8.943333333333333,33.056666666666665,2.24561481,0.0,5142.76,4,142,0,0,1,0,1,0,0,0,0,0,0,1,0,0,1,0
8.0,27.68,70.87,0.0,2.01,0.0,1,1,35.0,8.0,34.0,2.254610172,28.810000000000002,5180.0,5,142,1,0,0,0,0,0,0,1,1,0,0,0,1,0,0,0
8.0,30.19,58.35,0.0,4.83,51.01,3,1,35.0,8.943333333333333,33.056666666666665,2.929731835,0.0,5142.76,6,142,0,0,1,0,1,0,0,0,0,0,0,1,0,0,1,0
8.0,29.13,58.66,0.0,1.06,238.75,2,1,35.0,8.0,34.0,2.5640928959999996,28.810000000000002,5180.0,7,142,1,0,0,0,0,1,0,0,0,0,0,1,0,0,1,0
8.0,32.26,66.44,0.0,1.79,325.25,4,1,35.0,9.211666666666666,32.788333333333334,3.038875008,23.39,5180.0,8,142,0,0,0,1,0,0,1,0,0,0,1,0,0,1,0,0
8.0,33.9,56.64,0.0,1.23,456.12,1,1,35.0,8.0,34.0,3.41904276,2.95,5320.0,9,142,0,1,0,0,1,0,0,0,0,1,0,0,0,0,0,1
8.0,31.75,55.93,0.0,3.09,557.33,2,1,35.0,8.943333333333333,33.056666666666665,3.135482505,0.0,5177.76,10,142,0,0,1,0,0,0,0,1,0,1,0,0,0,0,0,1
13.4,32.79,52.97,6.7,1.03,606.47,2,0,0.0,10.111666666666666,31.888333333333335,3.250503001,30.090000000000003,5215.0,11,142,0,0,0,1,0,1,0,0,0,0,1,0,0,1,0,0
8.0,33.65,55.1,0.0,4.59,663.16,3,1,35.0,8.943333333333333,33.056666666666665,3.5594469,0.0,5177.76,12,142,0,0,1,0,0,0,0,1,0,0,0,1,0,0,1,0
8.0,32.67,65.59,0.0,2.5,672.36,2,1,35.0,8.9,33.1,3.155990991,30.090000000000003,5180.0,13,142,0,0,0,1,1,0,0,0,0,1,0,0,0,0,0,1
8.0,34.3,47.59,1.17,2.89,475.76,4,1,35.0,8.0,34.0,3.6843980299999988,4.12,5320.0,14,142,0,1,0,0,0,0,1,0,1,0,0,0,1,0,0,0
8.0,36.82,60.54,0.0,2.96,453.68,1,1,35.0,8.0,34.0,4.013009516,14.570000000000004,5180.0,15,142,1,0,0,0,0,0,0,1,1,0,0,0,1,0,0,0
8.9,32.9,54.32,4.93,2.38,377.1,1,0,0.0,9.05,32.95,3.3220434799999996,35.02,5180.0,16,142,0,0,0,1,1,0,0,0,0,0,0,1,0,0,1,0
8.0,35.82,55.47,2.63,2.55,181.99,1,0,0.0,9.049999999999999,32.95,3.860947998,37.65,5145.0,17,142,0,0,0,1,0,0,0,1,0,0,0,1,0,0,1,0
8.0,32.36,58.69,0.0,2.5,14.48,3,1,35.0,8.0,34.0,3.1812136879999997,4.12,5320.0,18,142,0,1,0,0,0,0,0,1,0,0,0,1,0,0,1,0
8.0,35.21,55.88,0.0,3.02,0.0,4,1,35.0,9.049999999999999,32.95,3.7626031060000003,37.65,5110.0,19,142,0,0,0,1,0,1,0,0,0,1,0,0,0,0,0,1
8.0,29.98,59.6,0.0,1.41,24.57,2,1,35.0,8.943333333333333,33.056666666666665,2.71015388,0.0,5177.76,20,142,0,0,1,0,0,0,1,0,0,0,0,1,0,0,1,0
8.0,29.76,58.68,0.0,1.21,35.32,4,1,35.0,8.881666666666666,33.11833333333333,2.673998096,0.0,5177.76,21,142,0,0,1,0,1,0,0,0,1,0,0,0,1,0,0,0
8.0,27.64,59.49,0.0,3.39,7.0,2,1,35.0,8.0,34.0,2.4364697920000005,0.0,5177.76,22,142,0,0,1,0,0,1,0,0,0,1,0,0,0,0,0,1
8.0,27.15,73.12,0.0,2.4,0.0,3,1,35.0,8.0,34.0,2.17095163,14.570000000000004,5180.0,23,142,1,0,0,0,0,1,0,0,1,0,0,0,1,0,0,0
8.0,29.62,62.08,0.0,0.0,15.5,4,1,35.0,8.0,34.0,2.5534531919999996,14.570000000000004,5215.0,0,143,1,0,0,0,0,0,1,0,0,0,1,0,0,1,0,0
8.0,27.92,62.38,0.0,1.83,0.0,4,1,35.0,8.0,34.0,2.371492392,0.0,5212.76,1,143,0,0,1,0,0,0,0,1,0,0,1,0,0,1,0,0
8.0,28.62,58.19,0.0,4.24,0.0,2,1,35.0,8.0,34.0,2.6463715660000005,4.12,5320.0,2,143,0,1,0,0,1,0,0,0,0,1,0,0,0,0,0,1
10.67,25.24,62.56,0.0,2.21,28.07,4,1,35.0,9.495,32.505,1.9897641279999998,27.930000000000003,5110.0,3,143,0,0,0,1,0,0,0,1,0,1,0,0,0,0,0,1
8.0,28.59,58.24,1.86,1.76,38.35,2,1,35.0,8.0,34.0,2.517063902,5.98,5320.0,4,143,0,1,0,0,0,0,1,0,0,1,0,0,0,0,0,1
8.0,26.79,69.53,0.0,0.61,0.0,3,1,35.0,8.0,34.0,2.0649232090000003,5.98,5320.0,5,143,0,1,0,0,0,0,0,1,0,1,0,0,0,0,0,1
8.0,27.07,58.67,0.0,1.72,0.0,3,1,35.0,8.0,34.0,2.274170803,14.570000000000004,5215.0,6,143,1,0,0,0,0,0,0,1,0,0,1,0,0,1,0,0
8.0,30.4,45.56,0.0,1.0,137.51,1,1,35.0,8.0,34.0,2.9150658399999996,0.0,5212.76,7,143,0,0,1,0,0,1,0,0,0,0,1,0,0,1,0,0
8.0,31.42,60.88,2.72,2.92,331.92,2,0,0.0,8.0,34.0,3.013734392,17.290000000000006,5215.0,8,143,1,0,0,0,0,1,0,0,0,0,0,1,0,0,1,0
8.0,32.19,57.89,0.0,2.46,418.87,1,1,35.0,8.595,33.405,3.1585077769999987,27.930000000000003,5110.0,9,143,0,0,0,1,0,1,0,0,0,1,0,0,0,0,0,1
8.0,34.15,65.11,0.0,1.96,607.85,1,1,35.0,8.0,34.0,3.400445915,3.0300000000000002,5355.0,10,143,0,1,0,0,1,0,0,0,0,0,1,0,0,1,0,0
8.0,35.21,63.81,0.0,1.49,611.58,3,1,35.0,8.0,34.0,3.5894181670000003,0.0,5212.76,11,143,0,0,1,0,0,0,1,0,1,0,0,0,1,0,0,0
8.0,36.74,37.07,0.0,4.23,662.82,1,1,35.0,8.0,34.0,4.355225586000001,17.290000000000006,5180.0,12,143,1,0,0,0,0,0,1,0,0,1,0,0,0,0,0,1
8.0,33.15,70.11,0.0,1.55,601.84,3,1,35.0,8.595,33.405,3.1405987150000003,27.930000000000003,5110.0,13,143,0,0,0,1,0,0,0,1,0,1,0,0,0,0,0,1
8.0,37.33,63.12,0.0,1.56,583.36,1,1,35.0,8.0,34.0,4.011051382,17.290000000000006,5180.0,14,143,1,0,0,0,0,1,0,0,0,1,0,0,0,0,0,1
8.0,37.76,51.0,0.0,2.11,482.93,1,1,35.0,8.0,34.0,4.27905608,0.0,5212.76,15,143,0,0,1,0,0,0,1,0,0,0,0,1,0,0,1,0
9.7,33.99,55.25,0.0,2.28,266.28,1,1,35.0,8.283333333333333,33.71666666666667,3.504665405000001,17.290000000000006,5180.0,16,143,1,0,0,0,0,1,0,0,0,0,0,1,0,0,1,0
8.0,31.4,64.01,0.0,2.98,144.44,3,1,35.0,8.445,33.555,2.97788684,27.930000000000003,5110.0,17,143,0,0,0,1,0,0,0,1,0,0,0,1,0,0,1,0
8.0,31.0,64.52,0.0,3.52,0.0,1,1,35.0,8.0,34.0,2.93126752,0.0,5212.76,18,143,0,0,1,0,1,0,0,0,0,1,0,0,0,0,0,1
8.0,31.42,56.03,0.0,3.43,0.0,4,1,35.0,8.445,33.555,3.094139302,27.930000000000003,5110.0,19,143,0,0,0,1,1,0,0,0,0,0,1,0,0,1,0,0
8.0,34.09,47.01,0.0,5.32,30.51,3,1,35.0,8.445,33.555,3.773488983,27.930000000000003,5110.0,20,143,0,0,0,1,1,0,0,0,0,0,1,0,0,1,0,0
8.0,30.06,76.35,0.0,0.37,0.0,1,1,35.0,8.0,34.0,2.4869991499999995,0.0,5212.76,21,143,0,0,1,0,0,0,0,1,0,0,0,1,0,0,1,0
9.73,28.15,69.78,0.0,2.68,25.02,4,1,35.0,8.288333333333334,33.711666666666666,2.3715628199999994,3.0300000000000002,5390.0,22,143,0,1,0,0,1,0,0,0,0,0,0,1,0,0,1,0
8.0,27.22,64.93,0.0,1.78,16.96,2,1,35.0,8.0,34.0,2.235197941999999,18.240000000000002,5110.0,23,143,0,0,0,1,0,0,0,1,0,0,1,0,0,1,0,0
8.0,25.69,66.28,0.0,4.81,0.0,4,1,35.0,8.288333333333334,33.711666666666666,2.147214674,3.0300000000000002,5390.0,0,144,0,1,0,0,0,0,1,0,0,1,0,0,0,0,0,1
8.0,28.58,67.08,0.0,2.61,26.47,4,1,35.0,8.0,34.0,2.463673728,0.0,5212.76,1,144,0,0,1,0,0,0,0,1,0,1,0,0,0,0,0,1
8.0,27.0,69.19,0.0,0.0,0.0,2,1,35.0,8.288333333333334,33.711666666666666,2.06914624,3.0300000000000002,5390.0,2,144,0,1,0,0,0,0,0,1,0,0,0,1,0,0,1,0
8.0,30.42,46.66,0.0,2.92,0.0,2,1,35.0,8.283333333333333,33.71666666666667,3.002273124,17.290000000000006,5180.0,3,144,1,0,0,0,0,1,0,0,0,0,0,1,0,0,1,0
8.0,28.61,60.25,0.0,2.72,0.0,1,1,35.0,8.0,34.0,2.546790655,0.0,5247.76,4,144,0,0,1,0,0,0,0,1,0,0,1,0,0,1,0,0
10.29,29.55,58.77,0.0,3.31,0.0,1,1,35.0,8.665000000000001,33.335,2.7436080650000005,5.900000000000004,5215.0,5,144,1,0,0,0,0,0,1,0,0,1,0,0,0,0,0,1
8.0,28.77,61.45,0.0,1.53,0.0,3,1,35.0,8.0,34.0,2.499886375,18.240000000000002,5110.0,6,144,0,0,0,1,0,1,0,0,0,0,0,1,0,0,1,0
8.0,28.46,68.22,0.0,2.79,170.33,3,1,35.0,8.0,34.0,2.441739924,18.240000000000002,5110.0,7,144,0,0,0,1,1,0,0,0,0,0,1,0,0,1,0,0
8.0,29.83,49.21,0.0,2.08,325.33,3,1,35.0,8.0,34.0,2.8327560409999997,18.240000000000002,5110.0,8,144,0,0,0,1,0,1,0,0,0,1,0,0,0,0,0,1
9.04,30.12,52.06,0.84,1.59,464.48,4,1,35.0,8.461666666666666,33.538333333333334,2.8254214240000004,3.87,5390.0,9,144,0,1,0,0,0,1,0,0,0,0,1,0,0,1,0,0
8.0,34.5,53.23,0.0,2.81,569.16,1,1,35.0,8.0,34.0,3.65020133,0.0,5247.76,10,144,0,0,1,0,0,0,0,1,0,1,0,0,0,0,0,1
8.0,33.39,59.97,0.0,2.58,647.92,1,1,35.0,8.461666666666666,33.538333333333334,3.354169641,3.87,5390.0,11,144,0,1,0,0,1,0,0,0,0,0,0,1,0,0,1,0
8.0,36.03,62.6,0.0,3.66,605.94,4,1,35.0,8.0,34.0,3.86879393,18.240000000000002,5110.0,12,144,0,0,0,1,0,0,0,1,0,0,1,0,0,1,0,0
8.0,35.2,65.11,0.0,2.43,645.68,1,1,35.0,8.665,33.335,3.6186891000000005,5.900000000000004,5215.0,13,144,1,0,0,0,0,0,0,1,0,0,1,0,0,1,0,0
8.0,34.7,55.84,0.0,3.12,509.97,2,1,35.0,8.0,34.0,3.6717570000000004,0.0,5247.76,14,144,0,0,1,0,0,0,0,1,0,0,1,0,0,1,0,0
8.0,33.25,64.82,0.0,0.95,361.82,2,1,35.0,8.665,33.335,3.1904647199999996,2.7200000000000037,5215.0,15,144,1,0,0,0,0,1,0,0,0,0,1,0,0,1,0,0
8.0,35.05,62.53,0.0,4.07,394.04,1,1,35.0,8.665,33.335,3.7039193349999993,2.7200000000000037,5215.0,16,144,1,0,0,0,0,0,1,0,0,1,0,0,0,0,0,1
8.0,33.64,62.48,0.0,1.47,135.37,3,1,35.0,8.0,34.0,3.314302304,0.0,5282.76,17,144,0,0,1,0,0,1,0,0,0,0,0,1,0,0,1,0
8.0,34.49,57.84,0.0,3.48,0.0,4,1,35.0,8.0,34.0,3.6263845020000005,0.0,5282.76,18,144,0,0,1,0,0,0,1,0,0,0,0,1,0,0,1,0
8.0,31.1,57.92,0.0,2.72,0.0,4,1,35.0,8.461666666666666,33.538333333333334,2.9823907600000004,3.87,5390.0,19,144,0,1,0,0,0,0,1,0,0,0,1,0,0,1,0,0
8.0,32.06,52.49,0.0,2.56,0.0,2,1,35.0,8.0,34.0,3.202631858,0.0,5317.76,20,144,0,0,1,0,0,0,1,0,0,0,0,1,0,0,1,0
8.0,32.56,51.63,0.0,3.31,7.24,4,1,35.0,8.0,34.0,3.3388397160000003,0.0,5317.76,21,144,0,0,1,0,0,0,0,1,0,1,0,0,0,0,0,1
8.0,29.54,64.39,0.0,0.0,8.5,2,1,35.0,8.0,34.0,2.515283082,18.240000000000002,5110.0,22,144,0,0,0,1,0,0,1,0,0,0,1,0,0,1,0,0
8.0,29.49,61.63,0.0,1.71,0.0,4,1,35.0,8.0,34.0,2.622707809,18.240000000000002,5110.0,23,144,0,0,0,1,0,1,0,0,0,0,1,0,0,1,0,0
8.0,28.59,59.82,0.0,3.3,0.0,4,1,35.0,8.0,34.0,2.577205776,18.240000000000002,5110.0,0,145,0,0,0,1,0,0,1,0,0,0,1,0,0,1,0,0
31.32,30.18,66.11,16.87,4.71,12.91,2,0,0.0,12.06,29.939999999999998,2.836433426,20.740000000000002,5390.0,1,145,0,1,0,0,0,0,0,1,0,1,0,0,0,0,0,1
8.0,27.75,61.99,0.0,2.37,8.35,1,1,35.0,8.0,34.0,2.376290515,14.260000000000002,5145.0,2,145,0,0,0,1,0,1,0,0,0,1,0,0,0,0,0,1
8.0,28.38,56.5,0.0,0.0,4.49,4,1,35.0,8.0,34.0,2.4142442199999996,0.0,5317.76,3,145,0,0,1,0,0,0,1,0,0,0,1,0,0,1,0,0
8.0,27.68,61.59,0.0,2.02,26.61,1,1,35.0,8.0,34.0,2.352182684,0.0,5317.76,4,145,0,0,1,0,0,0,0,1,0,0,0,1,0,0,1,0
8.0,27.21,69.58,0.0,2.33,0.0,3,1,35.0,8.0,34.0,2.213047796,14.260000000000002,5145.0,5,145,0,0,0,1,0,0,0,1,0,0,0,1,0,0,1,0
8.0,27.38,56.53,0.0,3.73,48.73,2,1,35.0,8.0,34.0,2.4442394779999996,14.260000000000002,5145.0,6,145,0,0,0,1,0,0,1,0,0,0,1,0,0,1,0,0
8.0,32.06,61.42,0.0,2.46,157.97,2,1,35.0,12.06,29.939999999999998,3.0952244040000005,20.740000000000002,5355.0,7,145,0,1,0,0,0,0,1,0,0,1,0,0,0,0,0,1
8.0,29.68,61.46,0.0,0.87,349.31,3,1,35.0,8.0,34.0,2.613506936,0.0,5317.76,8,145,0,0,1,0,0,1,0,0,0,1,0,0,0,0,0,1
8.0,33.35,65.11,0.0,3.56,485.17,3,1,35.0,8.381666666666666,33.61833333333333,3.3354741550000004,2.7200000000000037,5215.0,9,145,1,0,0,0,0,0,0,1,0,0,0,1,0,0,1,0
8.0,33.82,56.49,0.0,3.08,505.55,3,1,35.0,8.381666666666666,33.61833333333333,3.498630146,2.7200000000000037,5215.0,10,145,1,0,0,0,0,1,0,0,0,1,0,0,0,0,0,1
8.0,35.4,46.28,0.0,1.56,643.28,2,1,35.0,8.0,34.0,3.8432619199999998,0.0,5317.76,11,145,0,0,1,0,0,0,1,0,0,0,1,0,0,1,0,0
8.0,33.89,59.26,0.0,3.26,627.6,3,1,35.0,8.0,34.0,3.4875560679999995,2.7200000000000037,5215.0,12,145,1,0,0,0,0,1,0,0,0,1,0,0,0,0,0,1
8.0,33.87,48.95,0.0,1.74,592.54,3,1,35.0,8.0,34.0,3.530417975,14.260000000000002,5145.0,13,145,0,0,0,1,0,1,0,0,0,0,0,1,0,0,1,0
8.0,35.76,64.5,0.0,2.04,548.06,3,1,35.0,12.06,29.939999999999998,3.71264028,20.740000000000002,5355.0,14,145,0,1,0,0,0,0,1,0,0,1,0,0,0,0,0,1
8.0,34.62,57.26,0.0,1.76,465.28,3,1,35.0,8.0,34.0,3.571634004,2.7200000000000037,5215.0,15,145,1,0,0,0,0,0,0,1,0,0,1,0,0,1,0,0
8.0,32.81,55.35,0.0,2.03,270.23,1,1,35.0,8.0,34.0,3.276391825,2.7200000000000037,5215.0,16,145,1,0,0,0,0,0,1,0,0,0,1,0,0,1,0,0
8.0,36.93,64.18,0.0,3.49,169.17,1,1,35.0,8.0,34.0,4.015320048,14.260000000000002,5145.0,17,145,0,0,0,1,1,0,0,0,0,0,0,1,0,0,1,0
8.0,32.01,52.77,0.0,0.26,0.0,1,1,35.0,8.0,34.0,3.0756126789999993,0.0,5352.76,18,145,0,0,1,0,1,0,0,0,0,1,0,0,0,0,0,1
10.08,30.74,55.77,6.32,3.72,36.34,1,0,0.0,12.233333333333334,29.766666666666666,2.9952476459999993,27.060000000000002,5355.0,19,145,0,1,0,0,0,0,0,1,0,0,0,1,0,0,1,0
8.0,30.83,48.13,0.0,2.61,0.0,4,1,35.0,8.0,34.0,3.0404754329999992,2.7200000000000037,5215.0,20,145,1,0,0,0,0,1,0,0,0,0,0,1,0,0,1,0
8.0,32.04,69.13,0.0,1.93,41.64,1,1,35.0,8.0,34.0,2.976858264,2.7200000000000037,5215.0,21,145,1,0,0,0,0,0,1,0,0,0,0,1,0,0,1,0
8.0,25.95,77.95,0.0,2.42,13.54,1,1,35.0,8.0,34.0,1.947846875,0.0,5352.76,22,145,0,0,1,0,0,0,0,1,0,1,0,0,0,0,0,1
8.0,30.12,49.79,0.0,1.31,0.0,2,1,35.0,8.0,34.0,2.8364404560000005,7.560000000000003,5145.0,23,145,0,0,0,1,0,1,0,0,0,1,0,0,0,0,0,1
8.0,26.42,58.75,0.0,0.44,44.58,4,1,35.0,8.0,34.0,2.11154977,7.560000000000003,5145.0,0,146,0,0,0,1,0,0,1,0,0,0,0,1,0,0,1,0
8.0,27.79,63.86,0.0,1.34,67.29,2,1,35.0,12.233333333333334,29.766666666666666,2.311359228,27.060000000000002,5320.0,1,146,0,1,0,0,0,0,1,0,0,0,0,1,0,0,1,0
8.0,26.24,61.0,0.64,0.13,0.0,3,1,35.0,8.0,34.0,2.0465208799999997,3.2700000000000036,5145.0,2,146,0,0,0,1,1,0,0,0,0,0,0,1,0,0,1,0
8.0,30.38,61.08,0.0,0.78,0.0,4,1,35.0,12.233333333333334,29.766666666666666,2.728677408,27.060000000000002,5320.0,3,146,0,1,0,0,0,0,1,0,0,0,0,1,0,0,1,0
13.93,27.98,62.39,0.0,0.45,15.01,3,1,35.0,8.988333333333335,33.01166666666666,2.311696854,0.0,5387.76,4,146,0,0,1,0,0,1,0,0,0,1,0,0,0,0,0,1
8.0,27.37,66.56,3.24,3.87,0.0,2,0,0.0,8.346666666666666,33.653333333333336,2.3454981739999994,30.300000000000004,5320.0,5,146,0,1,0,0,0,0,1,0,0,0,0,1,0,0,1,0
8.0,28.8,55.83,0.0,0.86,0.0,1,1,35.0,8.988333333333335,33.01166666666666,2.53139806,0.0,5387.76,6,146,0,0,1,0,0,0,0,1,1,0,0,0,1,0,0,0
8.0,30.36,62.66,0.0,2.35,213.97,4,1,35.0,8.0,34.0,2.786344192,0.6400000000000036,5145.0,7,146,0,0,0,1,0,0,1,0,0,0,1,0,0,1,0,0
8.0,31.52,52.57,0.0,3.74,345.02,3,1,35.0,8.988333333333335,33.01166666666666,3.1661696679999993,0.0,5387.76,8,146,0,0,1,0,1,0,0,0,0,0,0,1,0,0,1,0
8.0,32.95,56.36,0.0,3.42,429.58,2,1,35.0,8.0,34.0,3.35922665,2.7200000000000037,5215.0,9,146,1,0,0,0,0,0,1,0,0,0,1,0,0,1,0,0
8.12,33.25,46.84,0.0,2.05,672.64,3,1,35.0,8.366666666666665,33.63333333333333,3.4565768899999996,30.300000000000004,5285.0,10,146,0,1,0,0,0,0,0,1,0,1,0,0,0,0,0,1
8.0,32.02,57.15,0.0,2.05,579.48,1,1,35.0,8.0,34.0,3.116684730000001,2.7200000000000037,5215.0,11,146,1,0,0,0,0,1,0,0,0,1,0,0,0,0,0,1
8.0,34.21,54.22,0.0,2.62,671.69,3,1,35.0,8.988333333333335,33.01166666666666,3.574706924,0.0,5387.76,12,146,0,0,1,0,1,0,0,0,0,1,0,0,0,0,0,1
8.0,36.03,63.38,0.0,4.93,599.97,2,1,35.0,8.0,34.0,3.922636828,2.7200000000000037,5215.0,13,146,1,0,0,0,1,0,0,0,0,0,0,1,0,0,1,0
8.0,34.25,57.78,0.0,2.9,625.25,1,1,35.0,8.0,34.0,3.55352548,0.6400000000000036,5180.0,14,146,0,0,0,1,0,1,0,0,0,0,1,0,0,1,0,0
8.0,36.13,57.55,0.0,3.2,441.04,1,1,35.0,8.0,34.0,3.927684625000001,2.7200000000000037,5215.0,15,146,1,0,0,0,0,0,1,0,0,0,1,0,0,1,0,0
8.0,34.77,57.63,0.0,5.12,315.04,1,1,35.0,8.366666666666667,33.63333333333333,3.7632653770000015,30.300000000000004,5285.0,16,146,0,1,0,0,0,1,0,0,0,0,0,1,0,0,1,0
8.0,33.76,43.69,0.0,2.73,104.93,4,1,35.0,8.988333333333335,33.01166666666666,3.6219199079999997,0.0,5422.76,17,146,0,0,1,0,1,0,0,0,0,1,0,0,0,0,0,1
8.0,35.05,43.58,0.0,3.78,72.89,1,1,35.0,8.02,33.980000000000004,3.9197660599999993,30.300000000000004,5285.0,18,146,0,1,0,0,1,0,0,0,0,1,0,0,0,0,0,1
8.0,29.68,59.62,0.0,2.97,0.0,2,1,35.0,8.988333333333335,33.01166666666666,2.738600472,0.0,5422.76,19,146,0,0,1,0,1,0,0,0,0,0,1,0,0,1,0,0
8.0,30.24,63.36,0.0,2.96,16.81,1,1,35.0,8.02,33.980000000000004,2.7892007679999997,30.300000000000004,5285.0,20,146,0,1,0,0,0,0,1,0,0,0,1,0,0,1,0,0
8.0,32.07,58.3,0.0,1.24,0.17,3,1,35.0,8.0,34.0,3.07175424,2.7200000000000037,5215.0,21,146,1,0,0,0,0,0,0,1,1,0,0,0,1,0,0,0
8.0,32.0,53.95,0.0,1.05,0.0,2,1,35.0,8.0,34.0,3.0998367,0.0,5422.76,22,146,0,0,1,0,0,1,0,0,0,0,1,0,0,1,0,0
8.0,31.86,58.43,0.0,1.79,0.0,4,1,35.0,8.02,33.980000000000004,3.061109706,30.300000000000004,5285.0,23,146,0,1,0,0,0,0,0,1,0,0,1,0,0,1,0,0
8.0,27.92,60.97,0.0,3.46,0.0,1,1,35.0,8.02,33.980000000000004,2.467819388,29.130000000000003,5320.0,0,147,0,1,0,0,0,0,0,1,0,1,0,0,0,0,0,1
8.0,28.14,68.54,0.0,3.4,0.0,2,1,35.0,8.0,34.0,2.419121332,0.6400000000000036,5180.0,1,147,0,0,0,1,0,0,1,0,1,0,0,0,1,0,0,0
8.0,28.54,67.83,0.0,4.0,11.16,2,1,35.0,8.0,34.0,2.518904574,0.6400000000000036,5180.0,2,147,0,0,0,1,0,1,0,0,0,0,1,0,0,1,0,0
8.0,29.36,58.24,0.0,2.39,75.09,2,1,35.0,8.0,34.0,2.672402848,0.6400000000000036,5180.0,3,147,0,0,0,1,1,0,0,0,0,1,0,0,0,0,0,1
8.0,28.32,62.6,0.0,3.05,22.56,2,1,35.0,8.0,34.0,2.49253656,29.130000000000003,5320.0,4,147,0,1,0,0,0,1,0,0,0,0,0,1,0,0,1,0
8.0,29.87,63.63,0.0,3.05,30.1,2,1,35.0,8.0,34.0,2.729830987,0.0,5422.76,5,147,0,0,1,0,1,0,0,0,0,0,1,0,0,1,0,0
8.0,30.0,64.57,0.0,2.27,0.0,4,1,35.0,8.0,34.0,2.70181742,0.6400000000000036,5180.0,6,147,0,0,0,1,0,1,0,0,0,1,0,0,0,0,0,1
25.87,31.06,72.32,6.21,2.01,122.27,1,0,0.0,10.978333333333333,31.02166666666667,2.7782429839999994,8.930000000000003,5215.0,7,147,1,0,0,0,0,1,0,0,0,0,1,0,0,1,0,0
8.0,29.94,61.45,0.0,0.62,315.23,2,1,35.0,8.0,34.0,2.6437385900000003,29.130000000000003,5320.0,8,147,0,1,0,0,0,0,0,1,0,1,0,0,0,0,0,1
8.0,31.85,68.3,0.0,2.22,433.91,4,1,35.0,8.0,34.0,2.9681589000000006,27.270000000000003,5320.0,9,147,0,1,0,0,0,1,0,0,0,0,0,1,0,0,1,0
8.0,32.53,51.46,0.0,2.28,561.16,1,1,35.0,8.0,34.0,3.283944456,0.0,5422.76,10,147,0,0,1,0,0,0,0,1,0,0,1,0,0,1,0,0
8.0,32.36,55.25,0.0,3.76,610.56,3,1,35.0,8.0,34.0,3.2839002799999997,0.6400000000000036,5180.0,11,147,0,0,0,1,0,0,0,1,0,1,0,0,0,0,0,1
8.0,32.3,44.81,0.0,3.88,591.28,3,1,35.0,8.0,34.0,3.399583369999999,27.270000000000003,5320.0,12,147,0,1,0,0,0,0,0,1,0,1,0,0,0,0,0,1
8.0,34.54,59.03,0.0,2.57,672.2,1,1,35.0,8.0,34.0,3.575879334,0.6400000000000036,5180.0,13,147,0,0,0,1,1,0,0,0,0,0,0,1,0,0,1,0
8.0,34.92,65.11,0.0,4.88,557.99,3,1,35.0,10.978333333333333,31.02166666666667,3.688761704,8.930000000000003,5180.0,14,147,1,0,0,0,0,1,0,0,0,0,0,1,0,0,1,0
8.0,35.33,39.44,0.0,2.63,448.07,3,1,35.0,8.0,34.0,3.9668378139999994,0.6400000000000036,5180.0,15,147,0,0,0,1,1,0,0,0,0,1,0,0,0,0,0,1
8.0,35.61,58.43,0.0,3.64,286.33,3,1,35.0,8.0,34.0,3.8386675809999997,0.6400000000000036,5180.0,16,147,0,0,0,1,1,0,0,0,0,0,0,1,0,0,1,0
8.0,34.42,62.29,0.0,2.28,151.59,3,1,35.0,8.0,34.0,3.499908246,0.0,5425.0,17,147,0,0,1,0,1,0,0,0,0,0,1,0,0,1,0,0
8.0,32.93,63.09,0.0,1.03,0.0,4,1,35.0,8.0,34.0,3.157611659,0.6400000000000036,5180.0,18,147,0,0,0,1,0,0,0,1,0,0,1,0,0,1,0,0
8.0,30.98,52.45,0.0,1.89,0.0,2,1,35.0,8.0,34.0,2.98181259,27.270000000000003,5320.0,19,147,0,1,0,0,1,0,0,0,0,1,0,0,0,0,0,1
8.0,32.63,64.91,0.0,4.17,5.7,1,1,35.0,8.0,34.0,3.2403364710000004,0.0,5425.0,20,147,0,0,1,0,1,0,0,0,0,0,0,1,0,0,1,0
8.0,30.13,61.57,0.0,2.08,0.0,2,1,35.0,8.0,34.0,2.746759547,27.270000000000003,5320.0,21,147,0,1,0,0,1,0,0,0,0,1,0,0,0,0,0,1
12.84,28.66,66.81,0.0,1.84,26.2,4,1,35.0,8.806666666666667,33.193333333333335,2.4406319819999998,27.270000000000003,5320.0,22,147,0,1,0,0,0,0,0,1,1,0,0,0,1,0,0,0
10.96,28.2,62.16,0.0,2.4,0.0,2,1,35.0,9.299999999999999,32.7,2.4459072000000006,27.270000000000003,5320.0,23,147,0,1,0,0,0,0,0,1,0,0,1,0,0,1,0,0
8.0,26.8,66.82,0.0,1.93,4.02,4,1,35.0,9.299999999999999,32.7,2.1602044400000002,26.43,5320.0,0,148,0,1,0,0,1,0,0,0,0,1,0,0,0,0,0,1
8.0,26.71,72.0,0.0,3.83,3.02,4,1,35.0,9.299999999999999,32.7,2.1887972300000005,26.43,5320.0,1,148,0,1,0,0,0,0,0,1,0,0,1,0,0,1,0,0
9.47,26.52,62.95,0.0,4.66,13.47,1,1,35.0,8.245,33.755,2.2946556,0.0,5425.0,2,148,0,0,1,0,0,0,1,0,0,0,0,1,0,0,1,0
8.0,27.07,65.93,0.0,2.41,0.0,3,1,35.0,9.299999999999999,32.7,2.233746877,26.43,5320.0,3,148,0,1,0,0,0,0,1,0,0,0,0,1,0,0,1,0
8.0,28.89,71.24,0.0,3.05,31.47,4,1,35.0,9.299999999999999,32.7,2.489885442,9.56,5320.0,4,148,0,1,0,0,0,0,0,1,0,0,1,0,0,1,0,0
15.56,29.15,61.35,10.63,3.57,0.0,1,0,0.0,9.26,32.74,2.6637747750000003,11.270000000000005,5180.0,5,148,0,0,0,1,0,0,0,1,0,1,0,0,0,0,0,1
8.0,31.69,52.37,0.0,2.53,1.49,2,1,35.0,8.493333333333332,33.50666666666667,3.137565631,9.56,5320.0,6,148,0,1,0,0,1,0,0,0,0,0,1,0,0,1,0,0
8.0,32.15,65.11,1.41,1.35,126.06,4,1,35.0,8.0,34.0,3.013036515,10.97,5320.0,7,148,0,1,0,0,1,0,0,0,0,0,1,0,0,1,0,0
8.0,34.3,68.2,0.0,1.91,320.77,1,1,35.0,8.0,34.0,3.388428399999999,4.65,5320.0,8,148,0,1,0,0,1,0,0,0,0,1,0,0,0,0,0,1
8.0,33.24,68.03,0.0,2.89,490.8,4,1,35.0,8.0,34.0,3.2479923040000003,4.65,5320.0,9,148,0,1,0,0,0,0,1,0,0,0,0,1,0,0,1,0
8.0,34.18,63.26,7.55,2.87,582.36,1,0,0.0,10.978333333333333,31.02166666666667,3.4735571160000003,16.480000000000004,5180.0,10,148,1,0,0,0,0,0,0,1,0,1,0,0,0,0,0,1
8.0,33.47,42.42,0.0,0.25,664.9,1,1,35.0,9.26,32.74,3.4590949879999995,11.270000000000005,5145.0,11,148,0,0,0,1,0,0,1,0,0,0,1,0,0,1,0,0
8.0,36.07,52.29,0.0,1.88,639.39,3,1,35.0,10.978333333333333,31.02166666666667,3.9152307410000002,13.760000000000003,5180.0,12,148,1,0,0,0,0,0,1,0,0,0,1,0,0,1,0,0
8.0,34.25,54.11,0.0,1.52,659.66,1,1,35.0,10.978333333333333,31.02166666666667,3.5284608849999994,13.760000000000003,5180.0,13,148,1,0,0,0,0,0,0,1,0,0,0,1,0,0,1,0
8.0,33.16,59.38,0.0,3.46,538.69,3,1,35.0,8.0,34.0,3.3636361759999986,4.65,5355.0,14,148,0,1,0,0,0,1,0,0,0,1,0,0,0,0,0,1
8.0,37.52,67.4,0.0,1.56,443.57,2,1,35.0,9.26,32.74,3.9943240800000006,11.270000000000005,5180.0,15,148,0,0,0,1,1,0,0,0,0,0,0,1,0,0,1,0
11.04,32.96,51.67,0.0,1.85,329.55,3,1,35.0,8.506666666666668,33.49333333333333,3.3372771639999996,1.41,5355.0,16,148,0,1,0,0,0,0,1,0,0,1,0,0,0,0,0,1
8.0,34.85,73.41,0.0,1.8,197.98,4,1,35.0,10.978333333333333,31.02166666666667,3.421202355,13.760000000000003,5180.0,17,148,1,0,0,0,0,0,1,0,0,0,1,0,0,1,0,0
8.0,32.05,57.29,0.0,3.35,0.0,4,1,35.0,8.245,33.755,3.185334254999999,0.0,5425.0,18,148,0,0,1,0,0,0,1,0,0,0,1,0,0,1,0,0
8.0,34.09,52.96,0.0,3.56,24.33,1,1,35.0,9.26,32.74,3.614477518,11.270000000000005,5180.0,19,148,0,0,0,1,0,0,0,1,0,0,0,1,0,0,1,0
8.0,33.26,64.91,0.0,2.99,8.09,4,1,35.0,8.245,33.755,3.293197822,0.0,5425.0,20,148,0,0,1,0,0,0,0,1,0,0,0,1,0,0,1,0
8.0,31.13,67.17,0.0,3.73,11.79,4,1,35.0,8.0,34.0,2.9339146069999997,13.760000000000003,5180.0,21,148,1,0,0,0,0,0,1,0,0,0,0,1,0,0,1,0
8.0,31.24,65.16,0.0,3.88,0.0,3,1,35.0,8.245,33.755,2.982669407999999,0.0,5425.0,22,148,0,0,1,0,0,0,1,0,0,0,0,1,0,0,1,0
8.0,28.55,57.37,0.0,0.23,0.0,1,1,35.0,8.0,34.0,2.443479865,13.760000000000003,5215.0,23,148,1,0,0,0,0,0,1,0,0,0,0,1,0,0,1,0
8.0,31.31,64.07,0.0,3.11,0.0,3,1,35.0,9.26,32.74,2.968368559,11.270000000000005,5180.0,0,149,0,0,0,1,1,0,0,0,0,0,1,0,0,1,0,0
8.0,28.68,55.42,5.91,1.96,11.81,2,0,0.0,8.0,34.0,2.571544752,19.67,5215.0,1,149,1,0,0,0,0,0,0,1,0,0,0,1,0,0,1,0
8.0,26.07,59.16,0.0,0.89,0.0,1,1,35.0,8.245,33.755,2.078058754,0.0,5460.0,2,149,0,0,1,0,0,0,0,1,0,0,0,1,0,0,1,0
12.17,27.66,62.81,5.46,2.02,0.0,0,0,0.0,8.94,33.06,2.3363454819999996,5.46,5460.0,3,149,0,0,1,0,0,0,0,1,0,1,0,0,0,0,0,1
8.86,27.73,57.68,1.53,3.28,0.0,3,1,35.0,8.143333333333333,33.85666666666667,2.463838678,21.200000000000003,5180.0,4,149,1,0,0,0,0,0,0,1,0,0,0,1,0,0,1,0
8.0,28.22,70.4,0.0,4.15,26.1,1,1,35.0,8.695,33.305,2.44931828,5.46,5425.0,5,149,0,0,1,0,0,1,0,0,0,0,0,1,0,0,1,0
8.0,26.93,60.01,0.0,0.79,33.04,3,1,35.0,8.506666666666668,33.49333333333333,2.192654591,1.41,5355.0,6,149,0,1,0,0,1,0,0,0,0,0,1,0,0,1,0,0
8.0,30.97,59.28,0.0,3.14,97.89,4,1,35.0,8.695,33.305,2.9659861819999995,5.46,5425.0,7,149,0,0,1,0,1,0,0,0,1,0,0,0,1,0,0,0
8.0,29.34,55.97,0.0,4.76,327.65,4,1,35.0,8.506666666666668,33.49333333333333,2.8122635460000005,1.41,5355.0,8,149,0,1,0,0,0,1,0,0,0,0,0,1,0,0,1,0
8.0,28.67,69.93,0.0,4.6,446.42,4,1,35.0,8.506666666666668,33.49333333333333,2.5468594369999997,1.41,5355.0,9,149,0,1,0,0,0,0,1,0,0,1,0,0,0,0,0,1
8.0,32.9,54.61,0.0,0.0,605.51,4,1,35.0,8.695,33.305,3.19966179,5.46,5425.0,10,149,0,0,1,0,0,0,0,1,0,0,0,1,0,0,1,0
8.0,33.11,67.1,0.0,5.01,620.49,1,1,35.0,9.26,32.74,3.3417551999999997,11.270000000000005,5180.0,11,149,0,0,0,1,0,0,1,0,0,0,0,1,0,0,1,0
8.0,33.59,66.21,0.0,3.55,669.09,1,1,35.0,8.0,34.0,3.3651548930000006,11.270000000000005,5180.0,12,149,0,0,0,1,0,0,1,0,0,0,0,1,0,0,1,0
12.99,30.63,57.97,10.32,0.0,612.97,2,0,0.0,9.526666666666666,32.473333333333336,2.766123037,15.780000000000001,5460.0,13,149,0,0,1,0,1,0,0,0,0,0,0,1,0,0,1,0
8.0,34.14,58.49,0.0,1.48,538.87,4,1,35.0,9.526666666666666,32.473333333333336,3.453699442,15.780000000000001,5425.0,14,149,0,0,1,0,0,0,1,0,0,0,1,0,0,1,0,0
35.71,35.02,54.27,21.39,3.91,486.47,2,0,0.0,13.125,28.875,3.790635198000001,22.8,5355.0,15,149,0,1,0,0,0,0,0,1,0,0,0,1,0,0,1,0
8.0,33.93,62.27,0.0,2.83,362.74,1,1,35.0,8.0,34.0,3.4375752370000003,11.270000000000005,5180.0,16,149,0,0,0,1,0,0,1,0,0,0,0,1,0,0,1,0
8.0,34.83,56.37,0.0,1.71,123.82,4,1,35.0,13.125,28.875,3.6192834569999994,22.8,5320.0,17,149,0,1,0,0,0,0,0,1,0,0,0,1,0,0,1,0
8.0,35.51,54.27,0.0,2.48,39.99,1,1,35.0,8.0,34.0,3.812566879,11.270000000000005,5180.0,18,149,0,0,0,1,1,0,0,0,0,0,1,0,0,1,0,0
8.0,33.23,59.34,0.0,3.06,0.0,2,1,35.0,8.0,34.0,3.3567042239999996,11.270000000000005,5180.0,19,149,0,0,0,1,0,0,0,1,1,0,0,0,1,0,0,0
8.0,32.96,48.16,4.76,1.7,0.0,1,0,0.0,8.143333333333333,33.85666666666667,3.3707557120000002,25.960000000000004,5180.0,20,149,1,0,0,0,0,0,0,1,0,0,1,0,0,1,0,0
8.0,32.05,59.43,0.0,2.25,0.38,1,1,35.0,8.831666666666665,33.16833333333334,3.105798084999999,15.780000000000001,5460.0,21,149,0,0,1,0,0,0,0,1,0,0,0,1,0,0,1,0
8.0,27.89,67.83,0.0,3.48,17.75,2,1,35.0,8.0,34.0,2.392071309,11.270000000000005,5180.0,22,149,0,0,0,1,1,0,0,0,0,0,1,0,0,1,0,0
8.0,29.25,63.17,0.0,1.56,0.0,2,1,35.0,8.143333333333333,33.85666666666667,2.559694595,25.960000000000004,5145.0,23,149,1,0,0,0,0,0,1,0,0,0,0,1,0,0,1,0
8.0,29.5,68.66,0.0,0.77,0.0,2,1,35.0,8.143333333333333,33.85666666666667,2.50085286,25.960000000000004,5145.0,0,150,1,0,0,0,0,1,0,0,1,0,0,0,1,0,0,0
21.74,26.95,61.4,14.25,1.64,0.0,1,0,0.0,10.29,31.71,2.22386925,25.520000000000003,5180.0,1,150,0,0,0,1,0,0,1,0,0,1,0,0,0,0,0,1
8.0,26.28,61.36,0.0,1.33,0.0,2,1,35.0,10.29,31.71,2.108779296,24.880000000000003,5145.0,2,150,0,0,0,1,0,0,0,1,0,0,0,1,0,0,1,0
8.0,28.4,55.06,0.0,1.67,47.94,3,1,35.0,12.618333333333332,29.381666666666668,2.51621644,22.8,5320.0,3,150,0,1,0,0,1,0,0,0,0,1,0,0,0,0,0,1
8.0,25.78,62.13,1.32,0.33,0.42,1,1,35.0,10.29,31.71,1.9777786779999997,26.200000000000003,5145.0,4,150,0,0,0,1,0,0,0,1,0,1,0,0,0,0,0,1
8.0,27.01,77.75,0.0,2.68,25.71,3,1,35.0,10.29,31.71,2.116416805,26.200000000000003,5145.0,5,150,0,0,0,1,0,0,0,1,0,1,0,0,0,0,0,1
8.0,28.47,64.75,0.0,3.44,7.34,1,1,35.0,12.618333333333332,29.381666666666668,2.5127298949999997,22.8,5355.0,6,150,0,1,0,0,0,1,0,0,0,0,0,1,0,0,1,0
8.0,31.11,56.61,0.0,1.43,223.14,3,1,35.0,8.831666666666665,33.16833333333334,2.9343343569999996,15.780000000000001,5460.0,7,150,0,0,1,0,0,0,0,1,0,1,0,0,0,0,0,1
8.0,31.8,53.12,0.0,1.62,293.79,1,1,35.0,10.29,31.71,3.10275104,26.200000000000003,5145.0,8,150,0,0,0,1,0,0,0,1,0,0,0,1,0,0,1,0
8.0,34.05,47.17,0.0,2.18,456.54,4,1,35.0,12.618333333333332,29.381666666666668,3.6071069149999992,22.8,5355.0,9,150,0,1,0,0,1,0,0,0,0,0,1,0,0,1,0,0
8.0,32.09,54.12,0.0,1.31,508.0,2,1,35.0,8.831666666666665,33.16833333333334,3.1267204660000005,15.780000000000001,5460.0,10,150,0,0,1,0,0,0,1,0,0,1,0,0,0,0,0,1
8.0,32.84,64.65,0.0,3.58,656.25,1,1,35.0,8.143333333333333,33.85666666666667,3.2509490000000003,25.960000000000004,5145.0,11,150,1,0,0,0,0,0,0,1,0,1,0,0,0,0,0,1
8.0,35.72,54.03,0.0,1.33,688.99,1,1,35.0,8.143333333333333,33.85666666666667,3.7984014319999995,25.960000000000004,5145.0,12,150,1,0,0,0,0,0,1,0,0,0,1,0,0,1,0,0
8.0,34.14,51.58,0.0,1.77,658.4,2,1,35.0,10.29,31.71,3.5507476839999996,26.200000000000003,5145.0,13,150,0,0,0,1,0,1,0,0,0,1,0,0,0,0,0,1
8.0,34.57,52.01,0.0,1.48,558.55,4,1,35.0,12.618333333333332,29.381666666666668,3.611525419,22.8,5355.0,14,150,0,1,0,0,0,0,0,1,0,1,0,0,0,0,0,1
8.0,32.55,64.11,0.0,3.61,407.49,2,1,35.0,8.831666666666665,33.16833333333334,3.207526894999999,15.780000000000001,5460.0,15,150,0,0,1,0,0,0,0,1,0,0,0,1,0,0,1,0
8.0,35.37,56.73,0.0,2.12,321.98,2,1,35.0,8.0,34.0,3.7376758269999995,26.200000000000003,5145.0,16,150,0,0,0,1,0,1,0,0,0,1,0,0,0,0,0,1
8.0,36.61,51.92,0.0,4.79,144.51,4,1,35.0,8.0,34.0,4.171242773999999,25.960000000000004,5145.0,17,150,1,0,0,0,0,1,0,0,0,0,0,1,0,0,1,0
8.0,31.93,57.9,0.0,2.82,32.29,1,1,35.0,8.0,34.0,3.1308670600000004,22.8,5355.0,18,150,0,1,0,0,1,0,0,0,1,0,0,0,1,0,0,0
8.0,34.04,73.81,0.0,3.79,0.0,3,1,35.0,8.0,34.0,3.3681058879999997,15.780000000000001,5460.0,19,150,0,0,1,0,0,0,1,0,0,0,1,0,0,1,0,0
8.0,31.38,69.03,0.0,2.01,0.0,2,1,35.0,8.0,34.0,2.869191377999999,15.780000000000001,5460.0,20,150,0,0,1,0,0,0,0,1,1,0,0,0,1,0,0,0
8.0,27.79,73.65,0.0,1.27,76.09,4,1,35.0,8.0,34.0,2.2052042249999997,25.960000000000004,5145.0,21,150,1,0,0,0,0,0,1,0,0,1,0,0,0,0,0,1
8.0,28.13,50.83,0.0,2.36,27.98,3,1,35.0,8.0,34.0,2.5526620329999994,15.780000000000001,5460.0,22,150,0,0,1,0,0,1,0,0,0,0,0,1,0,0,1,0
8.0,27.21,62.78,0.0,1.59,37.66,2,1,35.0,8.0,34.0,2.2464434360000003,25.960000000000004,5145.0,23,150,1,0,0,0,0,0,0,1,0,0,0,1,0,0,1,0
8.0,27.58,59.02,0.0,0.0,0.0,2,1,35.0,8.0,34.0,2.2626195719999997,15.780000000000001,5460.0,0,151,0,0,1,0,0,1,0,0,0,0,1,0,0,1,0,0
8.0,28.28,66.78,0.0,3.62,0.0,4,1,35.0,8.0,34.0,2.470466368,25.960000000000004,5145.0,1,151,1,0,0,0,0,0,0,1,1,0,0,0,1,0,0,0
8.0,30.29,68.78,0.0,2.44,37.34,2,1,35.0,8.0,34.0,2.711531084,22.8,5355.0,2,151,0,1,0,0,1,0,0,0,0,1,0,0,0,0,0,1
10.99,25.51,67.48,4.02,1.56,52.22,1,0,0.0,8.498333333333333,33.501666666666665,1.9469391060000003,29.980000000000004,5180.0,3,151,1,0,0,0,1,0,0,0,0,1,0,0,0,0,0,1
8.0,27.33,57.63,2.82,2.85,0.0,0,0,0.0,8.0,34.0,2.381133033,29.020000000000003,5145.0,4,151,0,0,0,1,0,0,1,0,0,0,1,0,0,1,0,0
8.0,27.35,59.1,0.0,2.46,0.0,1,1,35.0,8.0,34.0,2.3494368000000003,22.8,5355.0,5,151,0,1,0,0,1,0,0,0,0,0,0,1,0,0,1,0
8.0,27.62,67.85,4.94,4.09,0.0,2,0,0.0,8.0,34.0,2.38104911,20.720000000000002,5495.0,6,151,0,0,1,0,1,0,0,0,0,0,1,0,0,1,0,0
8.0,30.63,66.14,0.0,2.92,185.08,4,1,35.0,8.498333333333333,33.501666666666665,2.8211182239999997,29.980000000000004,5145.0,7,151,1,0,0,0,0,0,0,1,0,0,0,1,0,0,1,0
8.0,31.52,61.37,0.0,2.21,363.02,3,1,35.0,8.498333333333333,33.501666666666665,2.989845988,29.980000000000004,5145.0,8,151,1,0,0,0,0,0,1,0,0,0,0,1,0,0,1,0
8.0,29.83,65.11,0.0,3.23,446.73,1,1,35.0,8.498333333333333,33.501666666666665,2.716073131,29.980000000000004,5145.0,9,151,1,0,0,0,0,1,0,0,0,0,0,1,0,0,1,0
8.0,33.55,59.11,0.0,2.36,549.92,1,1,35.0,8.498333333333333,33.501666666666665,3.382304094999999,29.980000000000004,5145.0,10,151,1,0,0,0,0,0,0,1,0,0,0,1,0,0,1,0
8.0,32.54,61.45,0.0,2.62,559.37,4,1,35.0,8.498333333333333,33.501666666666665,3.1870658900000004,23.770000000000003,5145.0,11,151,1,0,0,0,0,0,1,0,0,1,0,0,0,0,0,1
8.0,35.0,62.61,0.0,3.87,616.6,2,1,35.0,8.0,34.0,3.6835641599999995,23.770000000000003,5145.0,12,151,1,0,0,0,0,0,0,1,1,0,0,0,1,0,0,0
8.0,37.29,60.18,0.0,1.0,680.61,3,1,35.0,8.0,34.0,4.012381304000001,22.8,5355.0,13,151,0,1,0,0,1,0,0,0,0,0,0,1,0,0,1,0
8.0,36.21,56.79,0.0,1.36,580.16,1,1,35.0,8.0,34.0,3.8606524130000004,29.020000000000003,5110.0,14,151,0,0,0,1,0,0,1,0,0,1,0,0,0,0,0,1
8.0,35.65,56.74,0.0,1.9,492.04,3,1,35.0,8.0,34.0,3.78009956,20.720000000000002,5460.0,15,151,0,0,1,0,0,1,0,0,0,1,0,0,0,0,0,1
8.0,34.19,57.64,0.0,2.07,312.22,1,1,35.0,8.0,34.0,3.502595801999999,22.8,5355.0,16,151,0,1,0,0,0,0,1,0,0,0,0,1,0,0,1,0
8.0,34.45,52.58,0.0,3.79,158.68,3,1,35.0,8.0,34.0,3.697648600000001,20.720000000000002,5460.0,17,151,0,0,1,0,0,0,0,1,0,0,0,1,0,0,1,0
8.0,34.36,52.56,0.0,0.7,0.65,4,1,35.0,8.0,34.0,3.5265486719999997,20.720000000000002,5460.0,18,151,0,0,1,0,1,0,0,0,0,0,0,1,0,0,1,0
8.0,33.25,65.11,0.0,2.36,11.35,4,1,35.0,8.0,34.0,3.257559685,22.8,5355.0,19,151,0,1,0,0,0,0,0,1,0,1,0,0,0,0,0,1
8.0,31.37,55.51,0.0,1.74,48.16,4,1,35.0,8.0,34.0,3.0068965290000005,29.020000000000003,5145.0,20,151,0,0,0,1,0,0,0,1,0,0,1,0,0,1,0,0
8.0,30.81,66.65,0.0,4.44,0.0,3,1,35.0,8.0,34.0,2.9214834349999994,22.8,5355.0,21,151,0,1,0,0,0,0,1,0,0,1,0,0,0,0,0,1
8.0,27.54,63.21,1.55,3.46,0.0,3,1,35.0,8.0,34.0,2.3857597580000003,22.270000000000003,5460.0,22,151,0,0,1,0,0,1,0,0,0,1,0,0,0,0,0,1
8.0,27.59,69.27,0.0,2.69,0.0,1,1,35.0,8.0,34.0,2.291655211,22.270000000000003,5460.0,23,151,0,0,1,0,0,0,1,0,1,0,0,0,1,0,0,0
8.0,29.16,66.73,0.0,3.56,0.0,3,1,35.0,8.0,34.0,2.6067758960000003,29.020000000000003,5180.0,0,152,0,0,0,1,0,0,0,1,0,0,1,0,0,1,0,0
8.0,28.96,68.33,1.67,0.82,32.2,4,1,35.0,8.0,34.0,2.4207145960000003,17.890000000000004,5145.0,1,152,1,0,0,0,0,0,1,0,0,0,0,1,0,0,1,0
8.0,27.71,60.1,0.0,4.83,61.16,1,1,35.0,8.0,34.0,2.5129041000000005,29.020000000000003,5180.0,2,152,0,0,0,1,0,0,0,1,0,0,0,1,0,0,1,0
8.0,29.92,64.53,0.0,1.39,26.79,2,1,35.0,8.0,34.0,2.645144052,22.8,5355.0,3,152,0,1,0,0,0,0,0,1,0,0,0,1,0,0,1,0
8.0,28.86,67.68,0.0,3.91,8.06,4,1,35.0,8.0,34.0,2.5663692559999998,29.020000000000003,5180.0,4,152,0,0,0,1,0,0,1,0,1,0,0,0,1,0,0,0
8.0,28.39,52.03,0.0,3.06,64.87,2,1,35.0,8.0,34.0,2.616317319,18.39,5180.0,5,152,0,0,0,1,0,0,0,1,0,0,1,0,0,1,0,0
8.0,27.74,75.32,0.0,2.72,16.06,3,1,35.0,8.0,34.0,2.252626336,22.270000000000003,5460.0,6,152,0,0,1,0,0,0,1,0,0,0,0,1,0,0,1,0
8.0,32.69,75.31,0.0,3.86,196.33,4,1,35.0,8.0,34.0,3.1146391929999995,17.890000000000004,5145.0,7,152,1,0,0,0,0,1,0,0,0,0,0,1,0,0,1,0
8.0,32.72,66.05,0.0,3.6,329.93,4,1,35.0,8.0,34.0,3.21445854,22.8,5355.0,8,152,0,1,0,0,0,1,0,0,0,0,0,1,0,0,1,0
8.0,35.3,63.0,0.0,2.53,469.9,1,1,35.0,8.0,34.0,3.6682699999999993,18.39,5180.0,9,152,0,0,0,1,0,0,0,1,0,0,1,0,0,1,0,0
8.0,36.82,60.27,0.0,1.89,558.26,2,1,35.0,8.0,34.0,3.9629014180000004,18.39,5180.0,10,152,0,0,0,1,0,0,1,0,0,0,1,0,0,1,0,0
8.0,32.46,57.37,0.0,2.55,656.99,1,1,35.0,8.0,34.0,3.216625354,22.270000000000003,5460.0,11,152,0,0,1,0,0,0,0,1,0,0,1,0,0,1,0,0
8.0,33.1,58.35,0.0,2.28,611.81,4,1,35.0,8.0,34.0,3.30591355,17.890000000000004,5145.0,12,152,1,0,0,0,1,0,0,0,0,0,1,0,0,1,0,0
8.0,31.13,67.44,0.0,2.82,642.53,4,1,35.0,8.0,34.0,2.885376054,22.270000000000003,5495.0,13,152,0,0,1,0,0,0,0,1,0,0,1,0,0,1,0,0
8.0,36.94,49.23,0.0,3.62,533.06,4,1,35.0,8.0,34.0,4.2120043339999995,22.8,5355.0,14,152,0,1,0,0,0,0,0,1,0,1,0,0,0,0,0,1
8.0,36.41,49.04,0.0,2.96,477.46,1,1,35.0,8.0,34.0,4.076262597999999,17.890000000000004,5145.0,15,152,1,0,0,0,0,0,1,0,0,0,0,1,0,0,1,0
8.0,35.18,54.68,0.0,2.62,408.79,3,1,35.0,8.0,34.0,3.7515260479999997,17.890000000000004,5180.0,16,152,1,0,0,0,0,0,0,1,0,0,0,1,0,0,1,0
8.0,32.55,64.15,0.0,1.62,192.73,3,1,35.0,8.0,34.0,3.1075636749999993,18.39,5215.0,17,152,0,0,0,1,0,0,0,1,0,0,0,1,0,0,1,0
8.0,33.43,52.79,0.0,2.79,41.09,3,1,35.0,8.0,34.0,3.456504179,18.39,5215.0,18,152,0,0,0,1,0,0,0,1,0,1,0,0,0,0,0,1
8.0,32.88,57.72,0.0,0.36,31.59,1,1,35.0,8.0,34.0,3.177816912000001,22.270000000000003,5495.0,19,152,0,0,1,0,0,1,0,0,1,0,0,0,1,0,0,0
8.0,32.74,58.66,0.0,1.44,0.0,1,1,35.0,8.0,34.0,3.1958875080000007,18.39,5250.0,20,152,0,0,0,1,0,1,0,0,0,0,0,1,0,0,1,0
8.0,30.94,53.77,0.0,3.13,0.0,2,1,35.0,8.0,34.0,3.022163426,17.890000000000004,5180.0,21,152,1,0,0,0,0,1,0,0,0,1,0,0,0,0,0,1
8.0,30.56,44.07,0.0,3.46,15.68,2,1,35.0,8.0,34.0,3.0819458839999996,11.980000000000004,5180.0,22,152,1,0,0,0,0,1,0,0,0,0,0,1,0,0,1,0
8.0,28.55,55.57,0.0,2.38,0.0,4,1,35.0,8.0,34.0,2.570168765,10.450000000000003,5180.0,23,152,1,0,0,0,0,0,1,0,1,0,0,0,1,0,0,0
8.0,29.92,63.49,0.0,2.64,0.0,1,1,35.0,8.0,34.0,2.719058676,18.39,5285.0,0,153,0,0,0,1,1,0,0,0,1,0,0,0,1,0,0,0
8.0,28.69,66.05,0.0,2.84,0.0,4,1,35.0,8.0,34.0,2.503482795,5.690000000000004,5180.0,1,153,1,0,0,0,0,1,0,0,0,1,0,0,0,0,0,1
8.0,25.83,68.4,0.0,3.22,0.0,1,1,35.0,8.0,34.0,2.06662751,21.39,5390.0,2,153,0,1,0,0,1,0,0,0,0,0,0,1,0,0,1,0
8.0,29.83,66.0,0.0,2.16,0.0,3,1,35.0,8.0,34.0,2.6528232699999994,21.39,5390.0,3,153,0,1,0,0,0,1,0,0,0,0,0,1,0,0,1,0
8.0,29.98,57.23,0.0,1.22,46.81,3,1,35.0,8.0,34.0,2.7266987580000004,16.810000000000002,5495.0,4,153,0,0,1,0,0,0,1,0,0,0,0,1,0,0,1,0
8.0,29.48,56.13,0.0,2.86,0.0,2,1,35.0,8.0,34.0,2.7383930480000003,5.690000000000004,5180.0,5,153,1,0,0,0,0,0,1,0,0,1,0,0,0,0,0,1
8.0,30.03,64.2,0.0,4.75,9.5,1,1,35.0,8.0,34.0,2.8348124899999996,5.690000000000004,5180.0,6,153,1,0,0,0,0,0,1,0,0,0,0,1,0,0,1,0
8.0,33.06,57.67,0.0,1.29,208.96,1,1,35.0,8.0,34.0,3.2571805540000005,16.810000000000002,5495.0,7,153,0,0,1,0,0,0,0,1,1,0,0,0,1,0,0,0
8.0,29.16,68.62,0.0,2.25,324.05,2,1,35.0,8.0,34.0,2.520862384,5.690000000000004,5180.0,8,153,1,0,0,0,0,0,1,0,0,0,1,0,0,1,0,0
8.0,34.51,60.67,0.0,1.94,508.92,2,1,35.0,8.0,34.0,3.519062659,18.39,5285.0,9,153,0,0,0,1,0,0,0,1,0,0,1,0,0,1,0,0
8.0,32.89,68.27,0.0,5.3,547.96,1,1,35.0,8.0,34.0,3.303606981,16.810000000000002,5530.0,10,153,0,0,1,0,0,0,0,1,0,0,0,1,0,0,1,0
8.0,36.08,53.48,0.0,1.25,596.17,4,1,35.0,8.0,34.0,3.8709323679999996,16.810000000000002,5530.0,11,153,0,0,1,0,1,0,0,0,0,0,0,1,0,0,1,0
8.0,35.25,64.87,0.0,2.21,649.67,4,1,35.0,8.0,34.0,3.6200174449999993,5.690000000000004,5180.0,12,153,1,0,0,0,0,1,0,0,0,0,0,1,0,0,1,0
8.0,33.61,72.96,0.0,1.96,614.5,4,1,35.0,8.0,34.0,3.2094463019999995,6.49,5530.0,13,153,0,0,1,0,0,1,0,0,0,1,0,0,0,0,0,1
8.0,34.86,58.09,0.0,0.89,542.9,4,1,35.0,8.0,34.0,3.5630990179999995,18.39,5285.0,14,153,0,0,0,1,0,0,1,0,0,0,0,1,0,0,1,0
8.0,37.0,59.49,0.0,0.83,453.3,2,1,35.0,8.0,34.0,3.9551680399999998,18.39,5285.0,15,153,0,0,0,1,0,1,0,0,0,0,1,0,0,1,0,0
8.0,34.76,51.28,0.0,3.08,297.28,4,1,35.0,8.0,34.0,3.736153216,5.690000000000004,5180.0,16,153,1,0,0,0,1,0,0,0,0,0,1,0,0,1,0,0
8.0,33.5,65.05,0.0,3.25,138.91,1,1,35.0,8.0,34.0,3.3476400500000003,6.49,5530.0,17,153,0,0,1,0,0,1,0,0,0,1,0,0,0,0,0,1
8.0,32.67,67.37,0.0,1.73,0.0,3,1,35.0,8.0,34.0,3.096828573,5.690000000000004,5180.0,18,153,1,0,0,0,0,1,0,0,1,0,0,0,1,0,0,0
8.0,33.61,55.25,0.0,4.09,14.58,3,1,35.0,8.0,34.0,3.5253546549999997,21.39,5390.0,19,153,0,1,0,0,0,0,1,0,0,0,1,0,0,1,0,0
8.0,34.23,62.32,0.0,0.0,0.0,2,1,35.0,8.0,34.0,3.3504926619999997,6.49,5530.0,20,153,0,0,1,0,0,0,1,0,0,1,0,0,0,0,0,1
8.0,27.36,65.67,0.0,0.89,0.0,4,1,35.0,8.0,34.0,2.204227324,21.39,5390.0,21,153,0,1,0,0,0,1,0,0,0,0,1,0,0,1,0,0
8.0,33.81,61.29,0.0,1.41,0.0,2,1,35.0,8.0,34.0,3.3563177430000004,21.39,5390.0,22,153,0,1,0,0,1,0,0,0,1,0,0,0,1,0,0,0
8.0,29.09,68.02,0.0,2.39,7.2,3,1,35.0,8.0,34.0,2.5231939359999997,21.39,5390.0,23,153,0,1,0,0,0,0,1,0,0,1,0,0,0,0,0,1
8.0,29.06,65.99,0.0,1.86,23.43,2,1,35.0,8.0,34.0,2.5138016579999998,5.690000000000004,5215.0,0,154,1,0,0,0,0,0,1,0,0,0,1,0,0,1,0,0
23.09,27.13,62.92,10.32,2.16,26.29,0,0,0.0,10.515,31.485,2.2613780820000002,31.71,5390.0,1,154,0,1,0,0,0,0,1,0,0,0,1,0,0,1,0,0
8.0,27.64,69.32,4.33,2.98,7.5,1,0,0.0,8.0,34.0,2.313234496,10.020000000000003,5215.0,2,154,1,0,0,0,0,0,1,0,0,1,0,0,0,0,0,1
8.0,28.07,70.92,0.0,4.15,18.74,3,1,35.0,8.0,34.0,2.4206999780000005,6.49,5530.0,3,154,0,0,1,0,1,0,0,0,0,1,0,0,0,0,0,1
8.0,26.61,60.43,0.0,3.36,0.0,3,1,35.0,8.0,34.0,2.268775081,6.49,5530.0,4,154,0,0,1,0,0,1,0,0,0,0,0,1,0,0,1,0
8.0,27.61,63.5,0.0,2.47,15.95,1,1,35.0,8.0,34.0,2.3439581799999996,18.39,5285.0,5,154,0,0,0,1,0,0,1,0,0,1,0,0,0,0,0,1
8.0,31.43,48.08,0.0,2.3,15.41,2,1,35.0,8.0,34.0,3.1293824380000004,6.000000000000004,5180.0,6,154,1,0,0,0,0,0,1,0,0,0,1,0,0,1,0,0
8.0,28.29,67.06,0.0,3.72,142.7,3,1,35.0,8.0,34.0,2.474055088,6.000000000000004,5180.0,7,154,1,0,0,0,0,0,1,0,0,1,0,0,0,0,0,1
8.0,32.31,68.31,0.0,4.66,287.35,1,1,35.0,8.0,34.0,3.1695311870000005,6.000000000000004,5215.0,8,154,1,0,0,0,0,0,0,1,0,0,0,1,0,0,1,0
8.0,32.13,58.1,0.0,3.17,506.94,1,1,35.0,10.515,31.485,3.1810624800000005,31.71,5355.0,9,154,0,1,0,0,0,0,1,0,1,0,0,0,1,0,0,0
8.0,32.21,60.77,0.0,1.81,567.3,3,1,35.0,10.515,31.485,3.096396059000001,10.32,5355.0,10,154,0,1,0,0,1,0,0,0,0,1,0,0,0,0,0,1
8.0,37.44,54.11,0.0,2.71,664.66,1,1,35.0,8.0,34.0,4.2048485079999995,6.000000000000004,5215.0,11,154,1,0,0,0,0,1,0,0,0,0,1,0,0,1,0,0
8.0,33.68,55.97,0.0,3.1,611.5,3,1,35.0,8.0,34.0,3.480139532,4.140000000000003,5285.0,12,154,0,0,0,1,0,0,0,1,1,0,0,0,1,0,0,0
8.0,33.82,60.17,0.0,1.73,613.66,1,1,35.0,10.515,31.485,3.3874389780000005,10.32,5355.0,13,154,0,1,0,0,0,1,0,0,0,0,0,1,0,0,1,0
8.0,35.37,51.81,0.0,3.44,514.73,4,1,35.0,10.515,31.485,3.8638429989999996,10.32,5355.0,14,154,0,1,0,0,0,1,0,0,0,0,1,0,0,1,0,0
8.0,34.36,56.46,0.0,2.72,482.24,3,1,35.0,8.0,34.0,3.5807611519999996,4.140000000000003,5320.0,15,154,0,0,0,1,0,0,0,1,0,1,0,0,0,0,0,1
8.0,35.12,51.17,0.0,3.8,303.49,3,1,35.0,8.0,34.0,3.8418451479999995,2.820000000000003,5355.0,16,154,0,0,0,1,0,1,0,0,0,0,0,1,0,0,1,0
8.0,34.71,61.95,0.0,1.23,148.83,4,1,35.0,10.515,31.485,3.5053420950000005,10.32,5355.0,17,154,0,1,0,0,0,1,0,0,0,0,0,1,0,0,1,0
16.03,34.0,60.07,10.48,0.31,68.45,2,0,0.0,9.338333333333333,32.66166666666667,3.35058602,16.97,5530.0,18,154,0,0,1,0,1,0,0,0,0,0,0,1,0,0,1,0
8.0,32.5,56.58,0.0,1.93,23.32,1,1,35.0,8.0,34.0,3.2018509799999992,6.000000000000004,5215.0,19,154,1,0,0,0,0,0,0,1,1,0,0,0,1,0,0,0
8.0,30.6,61.38,0.0,2.43,22.89,4,1,35.0,8.0,34.0,2.844609840000001,10.32,5355.0,20,154,0,1,0,0,0,0,0,1,0,1,0,0,0,0,0,1
8.0,31.58,58.79,1.43,0.24,0.0,2,1,35.0,9.338333333333333,32.66166666666667,2.930965374,18.400000000000002,5530.0,21,154,0,0,1,0,0,0,1,0,0,1,0,0,0,0,0,1
8.0,29.48,70.02,0.0,1.67,0.0,3,1,35.0,9.338333333333333,32.66166666666667,2.5278476320000003,18.400000000000002,5530.0,22,154,0,0,1,0,0,0,0,1,0,1,0,0,0,0,0,1
8.0,28.08,60.05,0.0,3.94,33.97,4,1,35.0,8.0,34.0,2.5264423,6.000000000000004,5215.0,23,154,1,0,0,0,0,0,1,0,0,1,0,0,0,0,0,1
8.0,30.44,65.69,0.0,3.04,0.0,2,1,35.0,9.338333333333333,32.66166666666667,2.800535192000001,18.400000000000002,5565.0,0,155,0,0,1,0,0,1,0,0,1,0,0,0,1,0,0,0
8.0,27.64,58.55,4.07,2.57,0.0,0,0,0.0,9.338333333333333,32.66166666666667,2.4052939199999996,22.47,5565.0,1,155,0,0,1,0,0,0,0,1,0,0,0,1,0,0,1,0
8.0,29.33,67.84,0.0,1.13,0.0,4,1,35.0,9.338333333333333,32.66166666666667,2.5004638539999995,17.53,5530.0,2,155,0,0,1,0,0,0,1,0,0,0,0,1,0,0,1,0
8.0,29.67,69.13,0.0,3.9,0.0,2,1,35.0,8.0,34.0,2.679632017,2.820000000000003,5355.0,3,155,0,0,0,1,1,0,0,0,1,0,0,0,1,0,0,0
8.0,30.16,69.07,0.0,1.9,0.0,1,1,35.0,8.0,34.0,2.6599919240000003,10.32,5355.0,4,155,0,1,0,0,0,0,1,0,0,1,0,0,0,0,0,1
8.0,29.9,71.98,0.0,2.51,0.0,3,1,35.0,8.0,34.0,2.61613642,10.32,5355.0,5,155,0,1,0,0,0,0,1,0,0,0,0,1,0,0,1,0
8.0,29.69,63.9,0.0,2.89,0.0,4,1,35.0,8.0,34.0,2.6894891,10.32,5355.0,6,155,0,1,0,0,0,1,0,0,0,1,0,0,0,0,0,1
8.0,30.56,69.82,0.0,2.61,177.16,1,1,35.0,8.0,34.0,2.753033784,2.820000000000003,5390.0,7,155,0,0,0,1,0,0,0,1,0,0,0,1,0,0,1,0
8.0,31.32,71.91,0.0,4.19,362.32,4,1,35.0,8.0,34.0,2.935497904,2.820000000000003,5390.0,8,155,0,0,0,1,0,0,0,1,1,0,0,0,1,0,0,0
8.0,29.47,54.17,0.0,3.09,398.85,4,1,35.0,8.0,34.0,2.7695662129999996,6.000000000000004,5215.0,9,155,1,0,0,0,0,1,0,0,0,0,0,1,0,0,1,0
8.0,34.77,53.56,0.0,2.81,569.76,1,1,35.0,8.0,34.0,3.6969761540000006,10.32,5355.0,10,155,0,1,0,0,0,0,1,0,0,1,0,0,0,0,0,1
8.0,34.88,47.22,8.08,2.3,646.8,0,0,0.0,8.0,34.0,3.769063912,10.900000000000002,5390.0,11,155,0,0,0,1,0,0,1,0,0,1,0,0,0,0,0,1
8.0,36.39,63.91,0.0,2.92,665.63,3,1,35.0,8.0,34.0,3.884985363,17.53,5530.0,12,155,0,0,1,0,0,0,0,1,0,0,1,0,0,1,0,0
8.0,35.38,46.74,0.0,2.15,620.11,3,1,35.0,8.0,34.0,3.863273684000001,8.080000000000004,5355.0,13,155,0,0,0,1,1,0,0,0,0,0,0,1,0,0,1,0
8.0,36.69,43.79,0.0,2.63,542.02,3,1,35.0,8.0,34.0,4.180940697,17.53,5530.0,14,155,0,0,1,0,0,0,0,1,0,1,0,0,0,0,0,1
8.0,33.49,51.13,0.0,1.99,486.17,1,1,35.0,8.0,34.0,3.4470495590000008,8.080000000000005,5355.0,15,155,0,0,0,1,0,1,0,0,0,1,0,0,0,0,0,1
8.0,33.4,46.71,0.0,1.8,336.74,4,1,35.0,8.0,34.0,3.47312704,8.080000000000005,5355.0,16,155,0,0,0,1,0,0,1,0,0,0,0,1,0,0,1,0
8.0,30.8,62.86,0.0,1.3,101.93,2,1,35.0,8.0,34.0,2.8051749200000002,10.32,5355.0,17,155,0,1,0,0,0,1,0,0,1,0,0,0,1,0,0,0
8.0,33.49,51.22,0.0,2.07,0.0,2,1,35.0,8.0,34.0,3.449987856000001,4.3300000000000045,5215.0,18,155,1,0,0,0,0,0,0,1,0,0,0,1,0,0,1,0
8.0,31.57,48.52,0.0,2.0,1.94,1,1,35.0,8.0,34.0,3.1338556180000006,17.53,5530.0,19,155,0,0,1,0,0,0,0,1,1,0,0,0,1,0,0,0
8.0,30.33,61.04,0.0,4.6,0.0,1,1,35.0,8.0,34.0,2.9117939739999996,15.98,5530.0,20,155,0,0,1,0,0,0,1,0,0,0,1,0,0,1,0,0
8.0,31.16,60.8,0.0,3.59,0.0,1,1,35.0,8.0,34.0,3.0037086399999997,15.98,5565.0,21,155,0,0,1,0,0,1,0,0,0,0,0,1,0,0,1,0
8.0,29.05,49.27,0.0,2.24,17.2,4,1,35.0,8.0,34.0,2.711373865,4.3300000000000045,5215.0,22,155,1,0,0,0,0,0,0,1,0,1,0,0,0,0,0,1
8.0,26.71,59.24,0.0,1.89,0.0,4,1,35.0,8.0,34.0,2.2224251780000004,15.98,5565.0,23,155,0,0,1,0,0,0,1,0,0,1,0,0,0,0,0,1
8.0,32.08,59.41,0.0,3.14,8.15,1,1,35.0,8.0,34.0,3.1557706359999997,4.3300000000000045,5215.0,0,156,1,0,0,0,0,0,1,0,0,0,0,1,0,0,1,0
8.0,27.81,60.86,0.0,4.73,0.0,1,1,35.0,8.0,34.0,2.5154127719999995,4.3300000000000045,5215.0,1,156,1,0,0,0,0,0,0,1,0,1,0,0,0,0,0,1
13.76,26.1,62.41,2.79,3.36,0.0,1,0,0.0,8.959999999999999,33.04,2.1731632300000006,10.870000000000005,5355.0,2,156,0,0,0,1,0,1,0,0,1,0,0,0,1,0,0,0
8.0,26.86,72.37,0.0,0.34,21.55,1,1,35.0,8.959999999999999,33.04,2.0326353139999993,10.870000000000005,5320.0,3,156,0,0,0,1,0,0,0,1,0,1,0,0,0,0,0,1
8.0,28.0,78.22,7.34,3.44,41.09,0,0,0.0,8.0,34.0,2.29755052,17.66,5390.0,4,156,0,1,0,0,0,0,1,0,1,0,0,0,1,0,0,0
8.0,28.63,60.5,0.0,3.65,0.0,3,1,35.0,8.959999999999999,33.04,2.59379562,10.870000000000005,5320.0,5,156,0,0,0,1,0,0,0,1,0,0,0,1,0,0,1,0
8.0,31.68,51.0,0.0,5.04,33.36,4,1,35.0,8.0,34.0,3.27691032,17.66,5355.0,6,156,0,1,0,0,0,0,1,0,0,0,0,1,0,0,1,0
8.0,30.57,59.5,0.0,2.1,167.78,2,1,35.0,8.0,34.0,2.84399962,4.3300000000000045,5250.0,7,156,1,0,0,0,0,0,1,0,0,1,0,0,0,0,0,1
8.0,34.51,59.35,0.0,2.57,247.53,3,1,35.0,8.0,34.0,3.5664439749999994,15.98,5565.0,8,156,0,0,1,0,0,0,1,0,0,1,0,0,0,0,0,1
8.0,32.11,59.54,0.0,2.94,409.4,2,1,35.0,8.0,34.0,3.1495257079999996,4.3300000000000045,5250.0,9,156,1,0,0,0,0,0,1,0,0,1,0,0,0,0,0,1
8.0,34.37,62.38,0.0,1.48,584.21,2,1,35.0,8.0,34.0,3.4495868119999997,4.3300000000000045,5250.0,10,156,1,0,0,0,1,0,0,0,1,0,0,0,1,0,0,0
8.0,36.09,72.21,0.0,1.37,571.01,1,1,35.0,8.959999999999999,33.04,3.6467259430000007,10.870000000000005,5320.0,11,156,0,0,0,1,0,0,1,0,0,0,1,0,0,1,0,0
8.0,36.98,44.02,0.0,2.88,628.35,3,1,35.0,8.0,34.0,4.248632531999999,15.98,5565.0,12,156,0,0,1,0,1,0,0,0,1,0,0,0,1,0,0,0
8.0,37.56,52.0,0.0,0.55,625.0,4,1,35.0,8.959999999999999,33.04,4.14783408,10.870000000000005,5320.0,13,156,0,0,0,1,0,0,0,1,0,0,1,0,0,1,0,0
8.0,35.32,68.13,0.0,0.82,578.6,4,1,35.0,8.0,34.0,3.5238712320000003,15.98,5565.0,14,156,0,0,1,0,0,0,1,0,0,1,0,0,0,0,0,1
8.0,35.58,53.48,0.0,3.38,466.08,4,1,35.0,8.0,34.0,3.880703568,17.66,5355.0,15,156,0,1,0,0,0,0,0,1,0,1,0,0,0,0,0,1
8.0,31.47,65.95,0.0,3.0,379.9,4,1,35.0,8.0,34.0,2.9688598749999997,15.98,5565.0,16,156,0,0,1,0,0,0,1,0,0,0,0,1,0,0,1,0
8.0,34.26,62.61,0.0,3.9,139.68,2,1,35.0,8.0,34.0,3.5475442619999997,4.3300000000000045,5250.0,17,156,1,0,0,0,0,1,0,0,0,1,0,0,0,0,0,1
8.0,35.36,65.97,0.0,2.96,3.45,4,1,35.0,8.0,34.0,3.6647944839999997,4.3300000000000045,5250.0,18,156,1,0,0,0,1,0,0,0,0,1,0,0,0,0,0,1
8.0,34.11,71.71,6.72,2.41,15.84,1,0,0.0,8.959999999999999,33.04,3.3368280269999993,17.590000000000003,5320.0,19,156,0,0,0,1,0,1,0,0,0,0,0,1,0,0,1,0
8.0,31.6,62.65,0.0,3.95,24.94,2,1,35.0,8.0,34.0,3.0760627000000005,17.66,5355.0,20,156,0,1,0,0,0,1,0,0,0,0,1,0,0,1,0,0
8.0,33.24,46.79,0.0,1.89,36.79,3,1,35.0,8.0,34.0,3.4473329120000002,15.98,5565.0,21,156,0,0,1,0,0,0,0,1,1,0,0,0,1,0,0,0
8.0,29.15,57.38,0.0,2.0,0.0,2,1,35.0,8.0,34.0,2.62814482,17.590000000000003,5285.0,22,156,0,0,0,1,0,0,0,1,0,1,0,0,0,0,0,1
8.0,27.82,78.64,0.0,2.32,22.8,4,1,35.0,8.0,34.0,2.209903256,15.98,5565.0,23,156,0,0,1,0,0,1,0,0,0,1,0,0,0,0,0,1
8.0,27.59,53.63,6.11,2.94,0.0,2,0,0.0,8.0,34.0,2.4674321189999997,23.77,5355.0,0,157,0,1,0,0,0,0,0,1,0,0,1,0,0,1,0,0
8.0,26.21,68.11,0.0,2.32,0.0,1,1,35.0,8.0,34.0,2.0796249770000004,17.590000000000003,5320.0,1,157,0,0,0,1,0,0,0,1,0,1,0,0,0,0,0,1
8.0,28.69,45.04,0.0,0.62,17.54,4,1,35.0,8.0,34.0,2.617136422,15.98,5565.0,2,157,0,0,1,0,1,0,0,0,0,0,0,1,0,0,1,0
8.0,28.33,53.48,0.0,2.08,34.14,2,1,35.0,8.0,34.0,2.542367218,17.590000000000003,5320.0,3,157,0,0,0,1,1,0,0,0,0,1,0,0,0,0,0,1
8.0,29.21,68.44,0.0,2.36,19.96,4,1,35.0,8.0,34.0,2.536279018,17.590000000000003,5320.0,4,157,0,0,0,1,0,1,0,0,0,0,0,1,0,0,1,0
8.0,28.31,63.2,0.0,2.54,3.17,1,1,35.0,8.0,34.0,2.45910547,17.590000000000003,5320.0,5,157,0,0,0,1,0,0,1,0,0,1,0,0,0,0,0,1
8.0,29.67,59.23,0.0,1.86,0.0,3,1,35.0,8.0,34.0,2.685721207,4.3300000000000045,5250.0,6,157,1,0,0,0,1,0,0,0,0,1,0,0,0,0,0,1
8.0,27.46,57.93,0.0,3.01,187.44,1,1,35.0,8.0,34.0,2.4059913660000003,17.590000000000003,5320.0,7,157,0,0,0,1,0,0,0,1,0,0,1,0,0,1,0,0
8.0,32.32,45.76,0.0,0.47,401.62,2,1,35.0,8.0,34.0,3.221717344,17.590000000000003,5320.0,8,157,0,0,0,1,0,0,1,0,0,0,0,1,0,0,1,0
8.0,32.94,64.1,0.0,2.9,489.53,2,1,35.0,8.0,34.0,3.241104059999999,15.98,5565.0,9,157,0,0,1,0,0,0,1,0,0,0,0,1,0,0,1,0
8.0,32.11,57.93,0.0,4.55,576.27,4,1,35.0,8.0,34.0,3.248507381,23.77,5320.0,10,157,0,1,0,0,1,0,0,0,0,1,0,0,0,0,0,1
8.0,34.43,47.4,0.0,1.67,579.94,2,1,35.0,8.0,34.0,3.6501300100000003,15.98,5565.0,11,157,0,0,1,0,1,0,0,0,1,0,0,0,1,0,0,0
8.0,34.84,57.94,0.0,2.47,620.44,2,1,35.0,8.0,34.0,3.6401573120000004,4.3300000000000045,5250.0,12,157,1,0,0,0,0,1,0,0,0,0,0,1,0,0,1,0
8.0,38.27,59.05,6.54,2.1,616.51,2,0,0.0,8.0,34.0,4.278822765000001,10.870000000000005,5250.0,13,157,1,0,0,0,0,0,0,1,0,0,0,1,0,0,1,0
8.0,34.17,56.86,0.0,2.12,594.77,4,1,35.0,8.0,34.0,3.510721004,23.77,5320.0,14,157,0,1,0,0,0,0,1,0,0,1,0,0,0,0,0,1
8.0,36.12,57.51,0.0,1.17,426.83,2,1,35.0,8.0,34.0,3.824741904,10.870000000000005,5215.0,15,157,1,0,0,0,0,0,0,1,0,0,0,1,0,0,1,0
8.0,33.59,59.0,0.0,4.79,347.49,3,1,35.0,8.0,34.0,3.5123749300000005,23.77,5320.0,16,157,0,1,0,0,1,0,0,0,0,1,0,0,0,0,0,1
8.0,33.75,53.65,0.0,2.86,172.42,1,1,35.0,8.0,34.0,3.5084675249999995,10.870000000000005,5215.0,17,157,1,0,0,0,0,0,0,1,0,0,1,0,0,1,0,0
8.0,34.18,58.64,0.0,1.6,12.42,3,1,35.0,8.0,34.0,3.465291064,10.870000000000005,5215.0,18,157,1,0,0,0,0,0,0,1,0,1,0,0,0,0,0,1
8.0,32.48,64.76,0.0,1.46,0.0,1,1,35.0,8.0,34.0,3.0802065759999997,10.870000000000005,5215.0,19,157,1,0,0,0,0,1,0,0,0,0,0,1,0,0,1,0
8.0,31.75,67.44,0.0,2.47,0.0,1,1,35.0,8.0,34.0,2.97330879,15.98,5565.0,20,157,0,0,1,0,0,0,1,0,1,0,0,0,1,0,0,0
8.0,31.22,66.16,0.0,0.0,0.0,2,1,35.0,8.0,34.0,2.7740025839999993,15.98,5565.0,21,157,0,0,1,0,1,0,0,0,0,0,0,1,0,0,1,0
8.0,29.02,57.66,0.0,3.66,21.41,1,1,35.0,8.0,34.0,2.6871302439999996,6.5400000000000045,5215.0,22,157,1,0,0,0,0,0,0,1,0,1,0,0,0,0,0,1
8.0,30.26,65.85,0.0,1.78,0.0,3,1,35.0,8.0,34.0,2.7059871500000003,6.5400000000000045,5215.0,23,157,1,0,0,0,1,0,0,0,0,1,0,0,0,0,0,1
8.0,27.87,66.56,0.0,2.87,0.0,1,1,35.0,8.0,34.0,2.3718397739999997,17.590000000000003,5320.0,0,158,0,0,0,1,0,0,0,1,1,0,0,0,1,0,0,0
8.0,27.78,58.41,0.0,2.92,7.81,1,1,35.0,8.0,34.0,2.445953126,15.98,5565.0,1,158,0,0,1,0,0,0,0,1,0,0,0,1,0,0,1,0
8.0,28.33,59.68,0.0,3.56,119.82,4,1,35.0,8.0,34.0,2.5505858379999995,5.5,5565.0,2,158,0,0,1,0,0,0,1,0,0,0,0,1,0,0,1,0
8.0,28.27,67.74,0.0,2.99,0.0,3,1,35.0,8.0,34.0,2.4272376560000004,4.07,5565.0,3,158,0,0,1,0,0,0,0,1,0,0,0,1,0,0,1,0
8.0,29.3,71.8,0.0,3.29,57.89,1,1,35.0,8.0,34.0,2.5607596,6.5400000000000045,5215.0,4,158,1,0,0,0,0,1,0,0,0,0,1,0,0,1,0,0
8.0,29.44,49.37,0.0,3.62,0.0,4,1,35.0,8.0,34.0,2.843299956,23.77,5320.0,5,158,0,1,0,0,0,0,0,1,0,0,0,1,0,0,1,0
8.0,30.5,72.68,0.0,2.0,0.0,3,1,35.0,8.0,34.0,2.6808428799999997,4.07,5565.0,6,158,0,0,1,0,0,0,0,1,1,0,0,0,1,0,0,0
8.0,30.27,69.53,0.0,4.98,201.65,4,1,35.0,8.0,34.0,2.826950837,23.77,5320.0,7,158,0,1,0,0,0,1,0,0,0,0,0,1,0,0,1,0
8.0,30.19,62.84,0.0,2.82,325.54,3,1,35.0,8.0,34.0,2.779672562,6.5400000000000045,5250.0,8,158,1,0,0,0,0,0,0,1,0,0,0,1,0,0,1,0
8.0,30.69,59.37,0.0,2.37,437.13,4,1,35.0,8.0,34.0,2.879127831,17.590000000000003,5320.0,9,158,0,0,0,1,0,1,0,0,0,0,0,1,0,0,1,0
14.44,31.29,63.3,11.21,1.39,561.99,2,0,0.0,9.073333333333332,32.92666666666667,2.8876587200000006,28.800000000000004,5320.0,10,158,0,0,0,1,0,1,0,0,0,0,0,1,0,0,1,0
8.0,37.27,51.3,0.0,2.15,662.33,2,1,35.0,8.0,34.0,4.178384540000001,4.07,5565.0,11,158,0,0,1,0,0,0,0,1,0,0,0,1,0,0,1,0
8.0,31.94,58.81,0.0,2.88,725.02,1,1,35.0,8.0,34.0,3.1252017180000005,23.77,5320.0,12,158,0,1,0,0,0,1,0,0,1,0,0,0,1,0,0,0
8.0,37.45,45.32,0.0,2.51,665.14,4,1,35.0,8.0,34.0,4.30855485,23.77,5320.0,13,158,0,1,0,0,0,0,0,1,0,1,0,0,0,0,0,1
8.0,34.56,45.76,0.0,4.59,545.25,3,1,35.0,8.0,34.0,3.840413152,13.45,5355.0,14,158,0,1,0,0,0,0,1,0,0,1,0,0,0,0,0,1
8.0,37.44,71.98,0.0,1.93,451.47,4,1,35.0,9.073333333333332,32.92666666666667,3.9388065839999995,28.800000000000004,5285.0,15,158,0,0,0,1,0,0,0,1,1,0,0,0,1,0,0,0
8.0,31.95,60.48,0.0,3.22,317.11,1,1,35.0,9.073333333333332,32.92666666666667,3.1248363500000003,28.800000000000004,5285.0,16,158,0,0,0,1,1,0,0,0,0,0,1,0,0,1,0,0
8.0,34.27,59.61,0.0,1.05,137.88,2,1,35.0,8.0,34.0,3.4428141490000015,6.5400000000000045,5285.0,17,158,1,0,0,0,0,1,0,0,0,0,0,1,0,0,1,0
8.0,35.97,56.61,0.0,5.02,0.0,1,1,35.0,8.0,34.0,3.9993443389999994,13.45,5355.0,18,158,0,1,0,0,0,0,1,0,0,0,1,0,0,1,0,0
8.0,33.9,52.69,0.0,0.97,0.0,2,1,35.0,8.0,34.0,3.4530122100000002,13.45,5355.0,19,158,0,1,0,0,1,0,0,0,0,0,1,0,0,1,0,0
8.0,31.29,58.42,0.0,4.89,0.0,4,1,35.0,9.073333333333332,32.92666666666667,3.1177573360000004,28.800000000000004,5285.0,20,158,0,0,0,1,0,0,1,0,0,0,0,1,0,0,1,0
8.0,27.84,63.96,2.47,2.24,29.33,2,0,0.0,8.0,34.0,2.363019568,2.47,5565.0,21,158,0,0,1,0,1,0,0,0,0,0,0,1,0,0,1,0
8.0,27.81,61.98,0.0,0.0,14.73,2,1,35.0,8.0,34.0,2.267163636,13.45,5355.0,22,158,0,1,0,0,0,1,0,0,0,0,1,0,0,1,0,0
8.0,31.05,55.5,0.0,4.02,0.0,4,1,35.0,8.0,34.0,3.0660525,13.45,5355.0,23,158,0,1,0,0,1,0,0,0,0,0,0,1,0,0,1,0
8.0,27.84,66.69,0.0,2.5,5.17,2,1,35.0,8.0,34.0,2.3473622119999997,2.47,5530.0,0,159,0,0,1,0,1,0,0,0,0,0,0,1,0,0,1,0
8.0,27.85,64.64,0.0,1.86,0.0,3,1,35.0,8.0,34.0,2.33842307,6.5400000000000045,5285.0,1,159,1,0,0,0,1,0,0,0,0,1,0,0,0,0,0,1
8.0,28.25,65.75,0.0,3.17,0.0,2,1,35.0,9.073333333333332,32.92666666666667,2.454207625,28.800000000000004,5285.0,2,159,0,0,0,1,0,0,0,1,0,1,0,0,0,0,0,1
8.0,26.0,69.73,0.0,3.2,24.07,1,1,35.0,8.0,34.0,2.07677998,2.47,5530.0,3,159,0,0,1,0,0,1,0,0,0,0,1,0,0,1,0,0
8.0,28.97,61.23,0.0,2.9,16.49,4,1,35.0,8.0,34.0,2.602674637,6.5400000000000045,5285.0,4,159,1,0,0,0,1,0,0,0,0,1,0,0,0,0,0,1
8.0,28.36,61.73,0.0,3.76,0.0,4,1,35.0,8.0,34.0,2.5435494159999994,13.45,5355.0,5,159,0,1,0,0,0,1,0,0,0,0,1,0,0,1,0,0
8.0,30.26,71.77,0.0,2.7,10.9,2,1,35.0,8.0,34.0,2.686548654,13.45,5355.0,6,159,0,1,0,0,0,0,0,1,0,1,0,0,0,0,0,1
8.0,29.92,55.06,0.0,3.18,165.63,4,1,35.0,8.0,34.0,2.8385829840000003,13.45,5390.0,7,159,0,1,0,0,1,0,0,0,0,1,0,0,0,0,0,1
8.0,29.46,48.91,0.0,1.77,290.1,2,1,35.0,9.073333333333332,32.92666666666667,2.7591011620000003,20.720000000000006,5285.0,8,159,0,0,0,1,0,0,0,1,0,1,0,0,0,0,0,1
8.0,32.22,63.72,0.0,3.32,453.77,3,1,35.0,8.0,34.0,3.1397090079999996,6.5400000000000045,5285.0,9,159,1,0,0,0,0,0,1,0,0,0,1,0,0,1,0,0
8.0,34.78,53.37,0.0,1.78,578.04,2,1,35.0,8.0,34.0,3.649659762,20.720000000000006,5285.0,10,159,0,0,0,1,0,0,1,0,0,0,1,0,0,1,0,0
8.0,35.24,49.86,0.0,1.05,638.57,2,1,35.0,8.0,34.0,3.743245968000001,13.45,5390.0,11,159,0,1,0,0,0,0,0,1,0,0,1,0,0,1,0,0
8.0,35.33,63.53,0.0,2.15,590.76,4,1,35.0,8.0,34.0,3.648460422999999,13.45,5390.0,12,159,0,1,0,0,0,1,0,0,0,1,0,0,0,0,0,1
8.0,37.03,54.96,0.0,2.07,633.67,1,1,35.0,8.0,34.0,4.080221206,20.720000000000006,5285.0,13,159,0,0,0,1,0,0,0,1,0,1,0,0,0,0,0,1
8.0,35.52,48.34,0.0,3.51,563.81,2,1,35.0,8.0,34.0,3.9387082960000006,13.45,5390.0,14,159,0,1,0,0,0,1,0,0,0,0,0,1,0,0,1,0
8.0,35.77,70.53,0.0,0.66,393.18,4,1,35.0,8.0,34.0,3.5712502870000007,13.45,5390.0,15,159,0,1,0,0,1,0,0,0,0,0,1,0,0,1,0,0
8.0,34.57,46.67,0.0,3.71,296.72,2,1,35.0,8.0,34.0,3.787346253,6.5400000000000045,5285.0,16,159,1,0,0,0,0,0,1,0,1,0,0,0,1,0,0,0
8.0,36.09,56.12,0.0,1.65,185.44,4,1,35.0,8.0,34.0,3.8601566660000004,6.5400000000000045,5320.0,17,159,1,0,0,0,0,1,0,0,0,0,0,1,0,0,1,0
8.0,34.26,44.97,0.0,0.0,48.47,2,1,35.0,8.0,34.0,3.563762094,6.11,5390.0,18,159,0,1,0,0,0,0,0,1,0,0,0,1,0,0,1,0
8.0,32.02,61.88,0.0,0.95,0.0,3,1,35.0,8.0,34.0,3.0074855520000003,2.47,5530.0,19,159,0,0,1,0,1,0,0,0,0,1,0,0,0,0,0,1
8.0,29.59,57.44,0.0,2.03,34.28,4,1,35.0,8.0,34.0,2.7006424620000002,6.5400000000000045,5320.0,20,159,1,0,0,0,1,0,0,0,0,1,0,0,0,0,0,1
8.0,32.44,65.38,0.0,2.93,0.0,3,1,35.0,8.0,34.0,3.1395279039999995,2.47,5530.0,21,159,0,0,1,0,0,0,0,1,0,0,0,1,0,0,1,0
8.0,28.71,62.51,0.0,2.24,48.91,4,1,35.0,8.0,34.0,2.514506607000001,2.47,5530.0,22,159,0,0,1,0,0,1,0,0,1,0,0,0,1,0,0,0
8.0,29.1,71.77,0.0,0.95,0.0,1,1,35.0,8.0,34.0,2.4123340100000004,6.11,5425.0,23,159,0,1,0,0,0,0,1,0,0,0,0,1,0,0,1,0
8.0,31.92,57.06,0.0,1.47,0.0,4,1,35.0,8.0,34.0,3.071228184,2.47,5530.0,0,160,0,0,1,0,0,0,1,0,0,0,0,1,0,0,1,0
8.0,29.19,51.02,0.0,0.97,12.41,3,1,35.0,8.0,34.0,2.6518587760000005,20.720000000000006,5285.0,1,160,0,0,0,1,0,1,0,0,1,0,0,0,1,0,0,0
8.0,30.27,63.05,0.0,2.71,0.0,4,1,35.0,8.0,34.0,2.785094365,6.5400000000000045,5320.0,2,160,1,0,0,0,0,0,1,0,0,1,0,0,0,0,0,1
8.0,27.18,62.09,0.0,2.29,18.06,2,1,35.0,8.0,34.0,2.284033834,17.930000000000007,5285.0,3,160,0,0,0,1,0,1,0,0,0,0,0,1,0,0,1,0
8.0,29.99,48.87,7.49,3.14,0.0,0,0,0.0,8.0,34.0,2.9162464509999997,13.600000000000001,5425.0,4,160,0,1,0,0,0,0,0,1,0,0,0,1,0,0,1,0
8.0,29.06,54.96,0.0,0.28,0.0,4,1,35.0,8.0,34.0,2.5536807919999998,13.600000000000001,5390.0,5,160,0,1,0,0,0,0,1,0,0,0,0,1,0,0,1,0
8.0,30.4,56.12,0.0,1.76,0.0,2,1,35.0,8.0,34.0,2.8359976799999997,6.5400000000000045,5320.0,6,160,1,0,0,0,1,0,0,0,0,1,0,0,0,0,0,1
8.0,33.85,69.41,0.0,4.83,174.92,2,1,35.0,8.0,34.0,3.4381546550000004,7.49,5390.0,7,160,0,1,0,0,0,0,0,1,0,0,1,0,0,1,0,0
8.0,31.43,65.41,0.0,3.17,362.33,3,1,35.0,8.0,34.0,2.9766565810000003,6.5400000000000045,5320.0,8,160,1,0,0,0,0,1,0,0,0,0,0,1,0,0,1,0
8.5,32.91,56.83,0.0,2.04,471.22,1,1,35.0,8.083333333333334,33.916666666666664,3.277566690999999,17.930000000000007,5285.0,9,160,0,0,0,1,0,0,0,1,0,0,0,1,0,0,1,0
8.0,32.5,62.9,6.9,1.22,599.68,0,0,0.0,8.0,34.0,3.0932348999999997,9.370000000000001,5530.0,10,160,0,0,1,0,1,0,0,0,0,1,0,0,0,0,0,1
8.0,36.01,42.51,0.0,3.73,596.56,1,1,35.0,8.0,34.0,4.117089117,6.5400000000000045,5320.0,11,160,1,0,0,0,0,1,0,0,1,0,0,0,1,0,0,0
8.0,34.47,54.07,0.0,4.24,675.47,3,1,35.0,8.0,34.0,3.705982923,6.5400000000000045,5320.0,12,160,1,0,0,0,0,0,1,0,0,0,1,0,0,1,0,0
8.0,37.25,58.61,0.0,1.02,653.91,4,1,35.0,8.0,34.0,4.025318234999999,7.49,5390.0,13,160,0,1,0,0,0,0,0,1,0,0,1,0,0,1,0,0
8.0,33.38,60.06,0.0,1.14,505.83,4,1,35.0,8.083333333333334,33.916666666666664,3.2793030360000004,17.930000000000007,5285.0,14,160,0,0,0,1,0,0,1,0,0,1,0,0,0,0,0,1
8.0,36.54,52.59,0.0,2.73,498.1,4,1,35.0,8.0,34.0,4.046061942000001,7.49,5390.0,15,160,0,1,0,0,1,0,0,0,0,0,1,0,0,1,0,0
8.0,34.35,57.85,0.0,2.85,336.46,2,1,35.0,8.083333333333334,33.916666666666664,3.5687289250000007,17.930000000000007,5285.0,16,160,0,0,0,1,0,0,1,0,0,0,0,1,0,0,1,0
8.0,35.77,59.35,0.0,2.98,158.38,4,1,35.0,8.0,34.0,3.8250001850000004,6.5400000000000045,5320.0,17,160,1,0,0,0,0,0,1,0,0,0,0,1,0,0,1,0
8.0,33.83,58.47,0.0,4.61,0.0,3,1,35.0,8.0,34.0,3.5534532669999996,7.49,5390.0,18,160,0,1,0,0,0,1,0,0,1,0,0,0,1,0,0,0
8.0,32.08,65.96,0.0,1.23,0.0,2,1,35.0,8.0,34.0,2.9851264159999995,6.5400000000000045,5355.0,19,160,1,0,0,0,0,0,1,0,1,0,0,0,1,0,0,0
8.0,31.27,62.81,10.26,2.45,22.08,0,0,0.0,8.0,34.0,2.9427835289999997,17.75,5390.0,20,160,0,1,0,0,0,0,1,0,0,0,0,1,0,0,1,0
8.0,29.54,65.55,2.24,3.27,10.57,1,0,0.0,8.0,34.0,2.66615277,8.780000000000005,5355.0,21,160,1,0,0,0,0,0,1,0,0,1,0,0,0,0,0,1
8.0,31.11,65.11,0.0,3.25,20.4,1,1,35.0,8.083333333333334,33.916666666666664,2.929715307,17.930000000000007,5285.0,22,160,0,0,0,1,0,0,0,1,0,1,0,0,0,0,0,1
8.0,27.45,69.43,0.0,1.62,2.76,3,1,35.0,8.083333333333334,33.916666666666664,2.2152660249999996,11.210000000000004,5285.0,23,160,0,0,0,1,0,1,0,0,0,0,0,1,0,0,1,0
8.0,28.01,75.38,0.0,1.67,7.2,3,1,35.0,8.083333333333334,33.916666666666664,2.240491336,11.210000000000004,5285.0,0,161,0,0,0,1,1,0,0,0,0,1,0,0,0,0,0,1
8.0,28.53,58.07,0.0,1.85,0.0,1,1,35.0,8.0,34.0,2.5138401569999997,9.370000000000001,5495.0,1,161,0,0,1,0,1,0,0,0,0,0,0,1,0,0,1,0
8.0,30.3,50.22,0.0,4.44,37.69,1,1,35.0,8.0,34.0,3.01850514,2.2400000000000047,5320.0,2,161,1,0,0,0,1,0,0,0,0,0,0,1,0,0,1,0
8.0,28.0,62.22,0.0,1.23,21.22,1,1,35.0,8.0,34.0,2.35559452,9.370000000000001,5495.0,3,161,0,0,1,0,0,0,1,0,0,0,0,1,0,0,1,0
8.0,28.05,61.58,0.0,2.01,6.05,4,1,35.0,8.0,34.0,2.4091208600000003,11.210000000000004,5320.0,4,161,0,0,0,1,0,0,1,0,0,1,0,0,0,0,0,1
8.0,29.46,72.25,0.0,3.33,0.0,2,1,35.0,8.0,34.0,2.5834000300000004,9.370000000000001,5495.0,5,161,0,0,1,0,0,1,0,0,0,1,0,0,0,0,0,1
8.0,26.77,56.28,0.0,1.09,0.0,2,1,35.0,8.0,34.0,2.221787562,11.210000000000004,5320.0,6,161,0,0,0,1,1,0,0,0,0,1,0,0,0,0,0,1
8.0,29.04,61.81,0.0,2.71,98.77,2,1,35.0,8.0,34.0,2.598145788,9.370000000000001,5530.0,7,161,0,0,1,0,0,1,0,0,1,0,0,0,1,0,0,0
8.0,31.31,63.39,0.0,0.12,312.11,3,1,35.0,8.0,34.0,2.8265493629999994,2.2400000000000047,5320.0,8,161,1,0,0,0,0,0,1,0,0,0,0,1,0,0,1,0
8.0,31.84,60.83,0.0,2.63,504.02,2,1,35.0,8.0,34.0,3.0722282039999995,17.75,5355.0,9,161,0,1,0,0,0,1,0,0,0,0,1,0,0,1,0,0
8.0,31.47,59.22,0.0,2.46,538.25,4,1,35.0,8.0,34.0,3.018124908,2.2400000000000047,5320.0,10,161,1,0,0,0,0,1,0,0,1,0,0,0,1,0,0,0
8.0,35.99,59.32,0.0,2.6,604.56,2,1,35.0,8.0,34.0,3.848685586,17.75,5355.0,11,161,0,1,0,0,1,0,0,0,0,0,0,1,0,0,1,0
8.0,35.73,64.57,0.0,1.36,615.97,4,1,35.0,8.0,34.0,3.672062487,17.75,5355.0,12,161,0,1,0,0,0,1,0,0,1,0,0,0,1,0,0,0
8.0,35.95,67.59,0.0,2.67,582.69,3,1,35.0,8.0,34.0,3.7422373750000006,9.370000000000001,5530.0,13,161,0,0,1,0,0,0,1,0,0,0,0,1,0,0,1,0
8.0,34.83,57.96,0.0,2.35,530.93,3,1,35.0,8.0,34.0,3.632036666,9.370000000000001,5530.0,14,161,0,0,1,0,0,0,0,1,0,1,0,0,0,0,0,1
8.0,35.86,51.2,0.0,3.96,469.37,4,1,35.0,8.0,34.0,3.9918693199999993,2.2400000000000047,5320.0,15,161,1,0,0,0,0,0,1,0,0,0,0,1,0,0,1,0
8.0,36.11,67.45,0.0,3.17,307.79,4,1,35.0,8.0,34.0,3.7995544449999996,9.370000000000001,5530.0,16,161,0,0,1,0,0,0,1,0,0,1,0,0,0,0,0,1
8.0,34.31,50.61,0.67,0.66,149.43,4,1,35.0,8.0,34.0,3.538580397,18.42,5355.0,17,161,0,1,0,0,1,0,0,0,0,0,1,0,0,1,0,0
8.0,34.54,70.5,1.16,1.4,0.0,4,1,35.0,8.0,34.0,3.3793011799999997,10.530000000000001,5530.0,18,161,0,0,1,0,0,0,1,0,0,0,0,1,0,0,1,0
8.0,31.72,69.64,0.0,1.66,8.29,2,1,35.0,8.0,34.0,2.902609376,10.530000000000001,5530.0,19,161,0,0,1,0,0,0,1,0,1,0,0,0,1,0,0,0
8.0,32.02,70.41,0.0,2.62,13.66,4,1,35.0,8.0,34.0,2.993243694000001,2.2400000000000047,5320.0,20,161,1,0,0,0,0,0,1,0,0,0,1,0,0,1,0,0
8.0,32.55,64.35,0.0,2.2,0.0,2,1,35.0,8.0,34.0,3.1342475749999994,2.2400000000000047,5355.0,21,161,1,0,0,0,0,1,0,0,0,1,0,0,0,0,0,1
8.0,31.72,45.43,0.0,2.19,0.0,2,1,35.0,8.0,34.0,3.204851592,18.42,5355.0,22,161,0,1,0,0,0,0,1,0,0,0,1,0,0,1,0,0
8.0,31.04,53.5,0.0,5.78,0.0,1,1,35.0,8.0,34.0,3.1748090799999997,2.2400000000000047,5355.0,23,161,1,0,0,0,0,0,0,1,0,0,0,1,0,0,1,0
8.0,28.86,64.66,0.0,1.78,15.36,2,1,35.0,8.0,34.0,2.4922792919999996,2.2400000000000047,5355.0,0,162,1,0,0,0,1,0,0,0,0,1,0,0,0,0,0,1
8.0,28.08,58.4,0.0,4.07,4.47,3,1,35.0,8.0,34.0,2.5503537599999997,11.210000000000004,5320.0,1,162,0,0,0,1,0,0,1,0,0,0,1,0,0,1,0,0
8.0,27.23,61.61,0.0,2.22,28.8,4,1,35.0,8.0,34.0,2.2930952610000004,2.2400000000000047,5355.0,2,162,1,0,0,0,0,0,1,0,0,0,0,1,0,0,1,0
8.0,25.32,69.63,0.0,0.0,0.0,1,1,35.0,8.0,34.0,1.8205738320000002,11.210000000000004,5320.0,3,162,0,0,0,1,0,0,0,1,0,0,1,0,0,1,0,0
8.0,26.42,63.28,0.0,2.63,14.53,3,1,35.0,8.0,34.0,2.174976952,18.42,5355.0,4,162,0,1,0,0,0,1,0,0,0,1,0,0,0,0,0,1
8.0,28.82,54.01,6.98,3.74,71.8,2,0,0.0,8.0,34.0,2.698125694,9.220000000000006,5390.0,5,162,1,0,0,0,0,1,0,0,0,0,1,0,0,1,0,0
8.0,29.74,68.01,0.0,3.16,1.67,4,1,35.0,8.0,34.0,2.6661961379999997,18.42,5355.0,6,162,0,1,0,0,1,0,0,0,0,0,0,1,0,0,1,0
8.0,32.98,62.82,0.0,2.71,171.33,2,1,35.0,8.0,34.0,3.2536662119999993,18.42,5355.0,7,162,0,1,0,0,0,0,0,1,0,0,0,1,0,0,1,0
8.0,33.87,56.76,0.0,2.43,343.17,2,1,35.0,8.0,34.0,3.4721031539999996,11.210000000000004,5320.0,8,162,0,0,0,1,1,0,0,0,0,0,0,1,0,0,1,0
8.0,31.9,65.06,0.0,1.81,440.53,3,1,35.0,8.0,34.0,2.99328814,10.530000000000001,5565.0,9,162,0,0,1,0,0,1,0,0,0,0,1,0,0,1,0,0
8.0,35.13,58.16,0.0,3.48,529.78,3,1,35.0,8.0,34.0,3.7426570460000006,9.220000000000006,5390.0,10,162,1,0,0,0,0,0,1,0,1,0,0,0,1,0,0,0
8.0,34.01,67.71,0.0,1.88,629.88,2,1,35.0,8.0,34.0,3.3398809569999997,9.220000000000006,5390.0,11,162,1,0,0,0,0,0,0,1,1,0,0,0,1,0,0,0
8.0,36.39,57.55,0.0,1.63,592.11,3,1,35.0,8.0,34.0,3.8997544950000003,9.220000000000006,5390.0,12,162,1,0,0,0,0,0,1,0,0,0,1,0,0,1,0,0
8.0,36.97,65.29,0.0,2.89,641.71,1,1,35.0,8.0,34.0,3.9791832109999996,18.42,5355.0,13,162,0,1,0,0,1,0,0,0,0,0,0,1,0,0,1,0
8.0,37.76,42.27,0.0,2.04,582.67,2,1,35.0,8.0,34.0,4.387115004000001,18.42,5355.0,14,162,0,1,0,0,0,0,1,0,0,1,0,0,0,0,0,1
8.0,35.02,60.8,0.0,3.94,403.49,4,1,35.0,8.0,34.0,3.712804840000001,18.42,5355.0,15,162,0,1,0,0,0,0,1,0,0,0,0,1,0,0,1,0
8.0,36.88,53.31,0.0,2.96,330.71,2,1,35.0,8.0,34.0,4.115728436,11.210000000000004,5320.0,16,162,0,0,0,1,0,1,0,0,0,1,0,0,0,0,0,1
8.0,31.92,54.05,0.0,1.47,160.66,2,1,35.0,8.0,34.0,3.1056493400000003,18.42,5355.0,17,162,0,1,0,0,1,0,0,0,0,0,0,1,0,0,1,0
35.18,35.84,65.04,28.85,1.03,51.73,0,0,0.0,12.530000000000001,29.47,3.670740992,38.07000000000001,5390.0,18,162,1,0,0,0,0,1,0,0,0,0,0,1,0,0,1,0
8.0,32.9,65.51,0.0,1.71,45.84,2,1,35.0,8.0,34.0,3.1580568899999997,10.530000000000001,5565.0,19,162,0,0,1,0,0,1,0,0,0,1,0,0,0,0,0,1
8.0,31.89,46.04,0.0,5.21,29.46,2,1,35.0,8.0,34.0,3.378935082,18.42,5355.0,20,162,0,1,0,0,0,0,0,1,0,0,0,1,0,0,1,0
8.0,27.81,68.36,0.0,2.11,42.37,4,1,35.0,8.0,34.0,2.3057355219999995,10.530000000000001,5565.0,21,162,0,0,1,0,1,0,0,0,0,0,0,1,0,0,1,0
8.0,29.32,66.31,0.0,3.31,0.0,4,1,35.0,8.0,34.0,2.6244430640000007,18.42,5355.0,22,162,0,1,0,0,0,0,0,1,0,0,0,1,0,0,1,0
8.0,31.1,55.66,0.0,0.83,9.1,2,1,35.0,8.0,34.0,2.913308980000001,18.42,5390.0,23,162,0,1,0,0,0,0,0,1,0,1,0,0,0,0,0,1
8.0,27.82,57.5,0.0,1.1,0.0,1,1,35.0,8.0,34.0,2.37071682,18.42,5390.0,0,163,0,1,0,0,1,0,0,0,0,0,0,1,0,0,1,0
8.0,29.13,51.17,0.0,2.17,0.0,3,1,35.0,8.0,34.0,2.7004392069999996,11.210000000000004,5320.0,1,163,0,0,0,1,0,0,0,1,0,0,0,1,0,0,1,0
8.0,27.97,60.86,0.0,4.44,2.89,1,1,35.0,12.530000000000001,29.47,2.525750564,38.07000000000001,5355.0,2,163,1,0,0,0,0,0,0,1,0,0,0,1,0,0,1,0
8.0,29.65,60.64,0.0,0.85,0.0,3,1,35.0,8.0,34.0,2.61655811,11.210000000000004,5320.0,3,163,0,0,0,1,0,1,0,0,0,0,0,1,0,0,1,0
8.0,28.74,68.18,0.0,1.64,0.0,2,1,35.0,8.0,34.0,2.4285747239999993,10.530000000000001,5565.0,4,163,0,0,1,0,0,0,1,0,0,1,0,0,0,0,0,1
8.0,27.69,65.33,0.0,3.48,0.0,4,1,35.0,8.0,34.0,2.387593439,18.42,5390.0,5,163,0,1,0,0,0,0,0,1,0,0,0,1,0,0,1,0
8.0,30.0,54.18,0.0,4.31,2.13,2,1,35.0,12.530000000000001,29.47,2.91804508,38.07000000000001,5355.0,6,163,1,0,0,0,0,1,0,0,0,0,1,0,0,1,0,0
8.0,33.29,60.64,0.0,2.92,199.31,4,1,35.0,8.0,34.0,3.345245582,0.0,5355.0,7,163,0,0,0,1,0,1,0,0,0,1,0,0,0,0,0,1
9.49,32.67,57.69,7.57,3.21,304.54,2,0,0.0,12.778333333333334,29.221666666666664,3.283194981,45.64000000000001,5355.0,8,163,1,0,0,0,0,1,0,0,0,0,1,0,0,1,0,0
8.0,32.78,52.83,0.0,1.32,414.83,1,1,35.0,8.0,34.0,3.2648359979999997,10.93,5390.0,9,163,0,1,0,0,0,0,0,1,0,1,0,0,0,0,0,1
8.0,37.3,44.63,0.0,0.81,586.65,2,1,35.0,8.0,34.0,4.2019330099999985,10.530000000000001,5565.0,10,163,0,0,1,0,0,1,0,0,0,0,0,1,0,0,1,0
8.0,36.49,60.78,0.0,1.03,657.83,3,1,35.0,8.0,34.0,3.8489552040000006,0.0,5355.0,11,163,0,0,0,1,1,0,0,0,0,0,1,0,0,1,0,0
8.0,36.61,59.44,0.0,1.35,662.53,1,1,35.0,12.778333333333334,29.221666666666664,3.9051352379999993,45.64000000000001,5320.0,12,163,1,0,0,0,0,0,0,1,0,0,1,0,0,1,0,0
8.0,36.26,60.49,0.0,2.67,587.99,3,1,35.0,8.0,34.0,3.889875318,0.0,5355.0,13,163,0,0,0,1,0,0,0,1,0,1,0,0,0,0,0,1
8.0,37.01,50.89,0.0,0.94,558.31,3,1,35.0,12.778333333333334,29.221666666666664,4.071057023,45.64000000000001,5320.0,14,163,1,0,0,0,0,0,0,1,0,0,0,1,0,0,1,0
8.0,36.93,57.26,0.0,2.7,469.6,1,1,35.0,8.0,34.0,4.062928316000001,10.93,5390.0,15,163,0,1,0,0,0,0,1,0,0,0,0,1,0,0,1,0
8.0,32.11,50.28,0.0,2.02,287.61,4,1,35.0,8.0,34.0,3.2098240259999997,0.0,5355.0,16,163,0,0,0,1,0,0,0,1,0,1,0,0,0,0,0,1
8.0,35.34,50.42,0.0,1.72,141.48,4,1,35.0,8.0,34.0,3.789082156,0.0,5355.0,17,163,0,0,0,1,0,1,0,0,0,0,0,1,0,0,1,0
8.0,33.68,58.89,0.0,3.46,0.0,2,1,35.0,8.248333333333333,33.751666666666665,3.4635655640000005,45.64000000000001,5320.0,18,163,1,0,0,0,1,0,0,0,0,1,0,0,0,0,0,1
8.0,32.21,61.67,0.0,1.25,41.4,2,1,35.0,8.0,34.0,3.058043989,0.0,5355.0,19,163,0,0,0,1,0,0,0,1,0,0,0,1,0,0,1,0
8.0,31.63,48.9,0.0,4.12,7.88,2,1,35.0,8.0,34.0,3.24604386,10.93,5425.0,20,163,0,1,0,0,0,1,0,0,0,1,0,0,0,0,0,1
8.0,28.55,55.36,0.0,3.4,0.0,3,1,35.0,8.0,34.0,2.6234074700000005,0.0,5355.0,21,163,0,0,0,1,0,0,0,1,0,0,0,1,0,0,1,0
8.0,27.21,61.27,0.0,1.21,0.0,3,1,35.0,8.0,34.0,2.2430754090000002,10.93,5425.0,22,163,0,1,0,0,0,0,0,1,0,0,0,1,0,0,1,0
8.0,30.96,67.54,0.0,3.84,0.0,2,1,35.0,8.0,34.0,2.9066544880000005,0.0,5355.0,23,163,0,0,0,1,0,1,0,0,1,0,0,0,1,0,0,0
8.0,29.17,56.57,0.0,1.07,0.0,3,1,35.0,8.0,34.0,2.5936329030000005,10.93,5425.0,0,164,0,1,0,0,0,0,1,0,0,0,1,0,0,1,0,0
8.0,24.45,67.02,0.0,3.95,25.28,1,1,35.0,8.248333333333333,33.751666666666665,1.9221618999999996,45.64000000000001,5320.0,1,164,1,0,0,0,1,0,0,0,0,1,0,0,0,0,0,1
8.0,27.07,65.66,0.0,2.8,0.0,2,1,35.0,8.0,34.0,2.2560333040000007,0.0,5355.0,2,164,0,0,0,1,0,0,1,0,0,0,1,0,0,1,0,0
8.0,29.39,60.34,0.0,0.51,46.02,2,1,35.0,8.0,34.0,2.560490172,10.93,5460.0,3,164,0,1,0,0,0,0,0,1,0,1,0,0,0,0,0,1
8.0,28.05,65.03,0.0,0.85,76.62,2,1,35.0,8.0,34.0,2.314738885,0.67,5460.0,4,164,0,1,0,0,0,0,1,0,0,1,0,0,0,0,0,1
8.0,30.98,51.4,0.0,1.91,5.69,1,1,35.0,8.0,34.0,2.99459296,0.0,5355.0,5,164,0,0,0,1,0,0,0,1,0,1,0,0,0,0,0,1
8.0,31.51,55.8,0.0,3.44,0.0,1,1,35.0,8.0,34.0,3.11279909,0.67,5460.0,6,164,0,1,0,0,1,0,0,0,0,0,1,0,0,1,0,0
8.0,28.87,72.55,0.0,2.2,208.95,4,1,35.0,8.248333333333333,33.751666666666665,2.4301757150000003,45.64000000000001,5320.0,7,164,1,0,0,0,0,1,0,0,0,0,1,0,0,1,0,0
8.0,31.72,70.76,1.67,2.17,334.73,2,1,35.0,8.0,34.0,2.9153530239999994,1.6700000000000035,5355.0,8,164,0,0,0,1,0,0,1,0,0,1,0,0,0,0,0,1
8.0,32.3,65.66,0.0,2.45,441.21,3,1,35.0,8.0,34.0,3.0878288199999995,45.64000000000001,5320.0,9,164,1,0,0,0,0,0,1,0,1,0,0,0,1,0,0,0
8.0,31.85,67.82,3.72,0.01,528.9,0,0,0.0,8.0,34.0,2.8631402600000007,14.25,5565.0,10,164,0,0,1,0,0,1,0,0,0,1,0,0,0,0,0,1
8.0,32.58,46.75,0.0,3.39,613.65,1,1,35.0,8.0,34.0,3.4029639699999996,14.25,5530.0,11,164,0,0,1,0,0,1,0,0,0,0,0,1,0,0,1,0
8.0,34.19,51.6,0.0,4.01,656.74,2,1,35.0,8.0,34.0,3.6718203099999993,43.400000000000006,5320.0,12,164,1,0,0,0,0,0,0,1,1,0,0,0,1,0,0,0
8.0,34.84,55.55,0.0,3.35,659.19,2,1,35.0,8.0,34.0,3.7130935200000006,43.400000000000006,5320.0,13,164,1,0,0,0,0,0,0,1,0,1,0,0,0,0,0,1
8.0,36.36,73.42,0.0,1.89,572.86,3,1,35.0,8.0,34.0,3.7092142239999997,43.400000000000006,5355.0,14,164,1,0,0,0,0,0,0,1,0,0,1,0,0,1,0,0
8.0,37.37,53.51,0.0,1.34,475.51,4,1,35.0,8.0,34.0,4.129922929,0.67,5460.0,15,164,0,1,0,0,0,0,1,0,0,0,0,1,0,0,1,0
8.0,36.17,61.88,0.0,1.1,313.32,3,1,35.0,8.0,34.0,3.776695642,43.400000000000006,5355.0,16,164,1,0,0,0,0,0,1,0,1,0,0,0,1,0,0,0
8.0,35.89,59.54,0.0,1.04,198.15,3,1,35.0,8.0,34.0,3.748706832,43.400000000000006,5355.0,17,164,1,0,0,0,0,0,0,1,0,0,1,0,0,1,0,0
8.0,33.54,61.26,0.0,5.12,0.0,1,1,35.0,8.0,34.0,3.4930999480000002,43.400000000000006,5355.0,18,164,1,0,0,0,0,0,1,0,0,0,0,1,0,0,1,0
8.0,33.88,58.33,0.0,2.31,64.33,2,1,35.0,8.0,34.0,3.4492786080000006,0.67,5495.0,19,164,0,1,0,0,0,0,1,0,1,0,0,0,1,0,0,0
8.0,31.72,51.83,0.0,3.49,0.0,3,1,35.0,8.0,34.0,3.1969581519999997,43.400000000000006,5355.0,20,164,1,0,0,0,0,0,0,1,0,1,0,0,0,0,0,1
8.0,30.24,42.5,0.0,3.42,13.82,3,1,35.0,8.0,34.0,3.0426870799999994,43.400000000000006,5355.0,21,164,1,0,0,0,1,0,0,0,0,0,1,0,0,1,0,0
8.0,32.78,68.35,0.0,2.57,76.63,3,1,35.0,8.0,34.0,3.1467856299999997,0.0,5495.0,22,164,0,1,0,0,0,1,0,0,0,1,0,0,0,0,0,1
8.0,25.61,60.79,0.0,1.28,36.47,2,1,35.0,8.0,34.0,2.0140336329999995,1.6700000000000035,5355.0,23,164,0,0,0,1,0,0,1,0,0,1,0,0,0,0,0,1
8.0,25.68,51.99,0.0,3.02,26.09,2,1,35.0,8.0,34.0,2.1991819240000003,43.400000000000006,5355.0,0,165,1,0,0,0,0,0,1,0,0,0,0,1,0,0,1,0
8.0,28.66,65.73,0.0,1.1,10.39,2,1,35.0,8.0,34.0,2.415172646,11.780000000000001,5530.0,1,165,0,0,1,0,0,0,1,0,0,0,0,1,0,0,1,0
8.0,27.56,66.49,0.0,3.12,1.85,2,1,35.0,8.0,34.0,2.337602808,43.400000000000006,5355.0,2,165,1,0,0,0,1,0,0,0,0,1,0,0,0,0,0,1
8.0,25.93,70.23,0.0,1.16,0.0,1,1,35.0,8.0,34.0,1.9596471530000001,36.42000000000001,5355.0,3,165,1,0,0,0,0,1,0,0,0,0,1,0,0,1,0,0
8.0,26.91,71.88,0.0,1.88,0.0,3,1,35.0,8.0,34.0,2.122072426,36.42000000000001,5355.0,4,165,1,0,0,0,0,0,1,0,0,0,0,1,0,0,1,0
8.0,27.74,56.98,0.0,1.87,0.0,3,1,35.0,8.0,34.0,2.402223164,11.780000000000001,5530.0,5,165,0,0,1,0,1,0,0,0,0,0,0,1,0,0,1,0
8.0,31.29,54.44,0.0,4.08,22.42,4,1,35.0,8.0,34.0,3.1221943220000004,1.6700000000000035,5355.0,6,165,0,0,0,1,1,0,0,0,0,0,0,1,0,0,1,0
8.0,32.74,57.18,0.0,0.0,114.4,1,1,35.0,8.0,34.0,3.1410913240000005,1.6700000000000035,5355.0,7,165,0,0,0,1,1,0,0,0,1,0,0,0,1,0,0,0
8.0,34.41,63.82,0.0,5.2,347.8,2,1,35.0,8.0,34.0,3.6256863239999992,0.0,5495.0,8,165,0,1,0,0,0,0,0,1,0,0,0,1,0,0,1,0
8.0,30.61,46.4,0.0,1.43,448.8,2,1,35.0,8.0,34.0,2.9630777099999994,36.42000000000001,5390.0,9,165,1,0,0,0,0,0,0,1,1,0,0,0,1,0,0,0
8.0,31.9,60.97,0.0,2.25,529.47,4,1,35.0,8.0,34.0,3.0620409299999998,0.0,5495.0,10,165,0,1,0,0,0,1,0,0,0,0,1,0,0,1,0,0
8.0,32.63,66.02,0.0,2.9,677.05,4,1,35.0,8.0,34.0,3.1639616920000004,11.780000000000001,5530.0,11,165,0,0,1,0,0,0,1,0,0,0,0,1,0,0,1,0
8.0,37.35,61.96,0.0,2.79,599.28,2,1,35.0,8.0,34.0,4.091229130000001,1.6700000000000035,5355.0,12,165,0,0,0,1,0,1,0,0,0,1,0,0,0,0,0,1
8.0,36.44,61.41,0.0,3.41,604.54,2,1,35.0,8.0,34.0,3.950360848,0.0,5495.0,13,165,0,1,0,0,0,1,0,0,0,1,0,0,0,0,0,1
8.0,36.07,64.18,9.79,3.13,542.87,0,0,0.0,8.0,34.0,3.8304124520000005,21.57,5530.0,14,165,0,0,1,0,0,0,1,0,0,0,1,0,0,1,0,0
8.0,36.16,37.44,0.0,4.84,464.85,2,1,35.0,8.0,34.0,4.265084927999999,0.0,5530.0,15,165,0,1,0,0,0,0,1,0,0,0,1,0,0,1,0,0
8.0,35.33,68.63,0.0,3.28,303.56,1,1,35.0,8.0,34.0,3.6426389329999997,36.42000000000001,5390.0,16,165,1,0,0,0,0,0,1,0,0,0,0,1,0,0,1,0
8.0,33.1,61.43,0.0,2.26,219.39,2,1,35.0,8.0,34.0,3.2688559900000005,21.57,5495.0,17,165,0,0,1,0,0,0,0,1,1,0,0,0,1,0,0,0
17.57,34.72,67.16,16.26,1.74,0.0,2,0,0.0,9.595,32.405,3.4697711839999994,23.83000000000001,5390.0,18,165,1,0,0,0,0,1,0,0,0,1,0,0,0,0,0,1
8.0,32.71,51.21,0.0,1.71,142.99,1,1,35.0,8.0,34.0,3.2905968970000004,1.6700000000000035,5390.0,19,165,0,0,0,1,0,1,0,0,1,0,0,0,1,0,0,0
8.0,30.15,49.2,0.0,3.95,0.0,4,1,35.0,9.595,32.405,2.97999055,23.83000000000001,5355.0,20,165,1,0,0,0,0,0,1,0,0,0,0,1,0,0,1,0
8.0,31.78,72.68,0.0,4.51,103.46,3,1,35.0,9.595,32.405,3.020701408,23.83000000000001,5355.0,21,165,1,0,0,0,0,1,0,0,1,0,0,0,1,0,0,0
8.0,29.32,55.66,0.0,3.6,38.26,3,1,35.0,8.0,34.0,2.7543635040000005,0.0,5530.0,22,165,0,1,0,0,0,0,1,0,0,0,1,0,0,1,0,0
8.0,29.47,59.85,0.0,0.0,0.0,3,1,35.0,8.0,34.0,2.5533126849999994,0.0,5530.0,23,165,0,1,0,0,0,1,0,0,1,0,0,0,1,0,0,0
8.0,28.32,66.64,0.0,0.0,7.93,2,1,35.0,8.0,34.0,2.297181856,1.6700000000000035,5390.0,0,166,0,0,0,1,0,0,0,1,0,1,0,0,0,0,0,1
8.0,29.44,67.46,0.0,2.39,0.0,2,1,35.0,8.0,34.0,2.5852484880000004,1.6700000000000035,5390.0,1,166,0,0,0,1,0,1,0,0,0,0,0,1,0,0,1,0
8.0,28.3,70.51,0.0,2.2,12.15,4,1,35.0,9.595,32.405,2.36303147,16.26000000000001,5355.0,2,166,1,0,0,0,0,1,0,0,0,1,0,0,0,0,0,1
8.0,26.78,65.74,0.0,2.42,0.0,2,1,35.0,8.0,34.0,2.1928020040000002,21.57,5530.0,3,166,0,0,1,0,0,0,0,1,0,0,0,1,0,0,1,0
8.0,28.99,55.03,0.0,3.9,24.81,3,1,35.0,8.0,34.0,2.7226004789999996,0.0,5530.0,4,166,0,1,0,0,0,1,0,0,0,0,1,0,0,1,0,0
8.0,29.67,66.81,0.0,3.84,6.37,3,1,35.0,8.0,34.0,2.7019620090000003,1.6700000000000035,5390.0,5,166,0,0,0,1,1,0,0,0,0,1,0,0,0,0,0,1
8.0,30.73,66.07,0.0,2.61,0.0,1,1,35.0,8.0,34.0,2.823085137,1.6700000000000035,5390.0,6,166,0,0,0,1,0,0,0,1,0,0,0,1,0,0,1,0
8.0,32.49,46.91,0.0,0.57,183.18,4,1,35.0,8.0,34.0,3.243926933000001,0.0,5530.0,7,166,0,1,0,0,0,1,0,0,0,0,0,1,0,0,1,0
8.0,31.04,70.7,0.0,0.92,337.79,1,1,35.0,9.595,32.405,2.73859804,16.26000000000001,5355.0,8,166,1,0,0,0,1,0,0,0,0,0,1,0,0,1,0,0
8.0,34.0,40.99,0.0,2.48,434.52,2,1,35.0,9.595,32.405,3.6864051399999997,16.26000000000001,5355.0,9,166,1,0,0,0,1,0,0,0,0,1,0,0,0,0,0,1
8.0,31.38,67.74,0.0,2.9,547.95,4,1,35.0,8.0,34.0,2.928283084,21.57,5530.0,10,166,0,0,1,0,0,0,1,0,0,0,0,1,0,0,1,0
8.0,34.62,53.47,2.38,0.94,645.79,2,0,0.0,8.0,34.0,3.576328518,4.050000000000003,5390.0,11,166,0,0,0,1,0,1,0,0,0,0,0,1,0,0,1,0
8.0,35.02,62.52,0.0,3.19,688.18,4,1,35.0,8.0,34.0,3.6544092480000003,0.0,5530.0,12,166,0,1,0,0,1,0,0,0,1,0,0,0,1,0,0,0
8.0,38.0,58.77,0.0,0.3,622.87,4,1,35.0,8.0,34.0,4.137665819999999,14.67,5530.0,13,166,0,0,1,0,0,1,0,0,1,0,0,0,1,0,0,0
8.0,35.73,56.75,0.0,0.0,595.49,3,1,35.0,8.0,34.0,3.7003415449999997,0.0,5565.0,14,166,0,1,0,0,0,0,0,1,1,0,0,0,1,0,0,0
8.0,36.74,59.36,6.35,1.35,500.47,0,0,0.0,8.0,34.0,3.931615368000001,22.610000000000007,5355.0,15,166,1,0,0,0,0,0,0,1,1,0,0,0,1,0,0,0
8.0,32.79,58.76,0.0,4.05,370.61,1,1,35.0,8.0,34.0,3.3341322980000005,22.610000000000007,5355.0,16,166,1,0,0,0,0,1,0,0,0,0,0,1,0,0,1,0
8.0,34.27,63.18,0.0,4.23,182.83,3,1,35.0,8.0,34.0,3.5590594720000013,4.050000000000003,5390.0,17,166,0,0,0,1,0,0,1,0,0,0,1,0,0,1,0,0
8.0,32.7,74.74,0.0,0.49,0.0,2,1,35.0,8.0,34.0,2.9544999000000005,22.610000000000007,5355.0,18,166,1,0,0,0,0,0,0,1,0,0,1,0,0,1,0,0
8.0,36.72,46.84,0.0,0.58,31.2,3,1,35.0,8.0,34.0,4.0461862559999995,0.0,5565.0,19,166,0,1,0,0,0,0,1,0,0,0,1,0,0,1,0,0
8.0,30.97,38.51,0.0,3.31,0.0,3,1,35.0,8.0,34.0,3.207465349,14.67,5530.0,20,166,0,0,1,0,0,1,0,0,0,1,0,0,0,0,0,1
8.0,31.04,57.86,0.0,1.87,17.73,1,1,35.0,8.0,34.0,2.930332328,0.0,5565.0,21,166,0,1,0,0,0,0,1,0,0,1,0,0,0,0,0,1
8.0,30.16,58.09,0.0,4.04,0.0,2,1,35.0,8.0,34.0,2.888110108,22.610000000000007,5390.0,22,166,1,0,0,0,1,0,0,0,0,0,0,1,0,0,1,0
8.0,26.75,61.55,0.0,3.29,0.0,4,1,35.0,8.0,34.0,2.2747666749999995,22.610000000000007,5390.0,23,166,1,0,0,0,0,1,0,0,0,1,0,0,0,0,0,1
8.0,27.73,56.93,0.0,3.5,0.0,2,1,35.0,8.0,34.0,2.482692603,4.050000000000003,5390.0,0,167,0,0,0,1,1,0,0,0,0,0,0,1,0,0,1,0
8.0,28.72,68.73,0.0,1.41,0.0,4,1,35.0,8.0,34.0,2.4080416119999994,14.67,5530.0,1,167,0,0,1,0,1,0,0,0,0,1,0,0,0,0,0,1
8.0,28.11,53.44,0.0,2.93,0.0,3,1,35.0,8.0,34.0,2.5504302379999997,14.67,5530.0,2,167,0,0,1,0,0,0,0,1,0,0,1,0,0,1,0,0
8.0,24.66,69.02,0.0,4.82,0.0,2,1,35.0,8.0,34.0,1.9752107640000003,0.0,5565.0,3,167,0,1,0,0,0,1,0,0,0,0,1,0,0,1,0,0
8.0,27.66,67.94,0.0,2.57,19.82,4,1,35.0,8.0,34.0,2.310207228,14.67,5530.0,4,167,0,0,1,0,0,0,0,1,0,0,0,1,0,0,1,0
8.0,30.68,63.27,0.0,2.35,0.0,3,1,35.0,8.0,34.0,2.8329569120000007,14.67,5565.0,5,167,0,0,1,0,1,0,0,0,0,1,0,0,0,0,0,1
8.0,30.86,64.32,0.0,1.88,0.0,3,1,35.0,8.0,34.0,2.827932904,4.050000000000003,5390.0,6,167,0,0,0,1,0,0,0,1,1,0,0,0,1,0,0,0
8.0,32.77,66.03,0.0,0.48,168.34,2,1,35.0,8.0,34.0,3.0675099370000005,4.050000000000003,5390.0,7,167,0,0,0,1,0,1,0,0,1,0,0,0,1,0,0,0
8.0,30.5,61.57,0.0,1.08,388.43,4,1,35.0,8.0,34.0,2.7582638699999995,0.0,5565.0,8,167,0,1,0,0,1,0,0,0,1,0,0,0,1,0,0,0
8.0,34.94,55.23,1.5,1.33,435.4,2,1,35.0,8.0,34.0,3.634840933999999,16.17,5565.0,9,167,0,0,1,0,0,0,0,1,0,0,0,1,0,0,1,0
8.0,33.91,61.88,0.0,0.43,514.54,3,1,35.0,8.0,34.0,3.318560625999999,22.610000000000007,5390.0,10,167,1,0,0,0,1,0,0,0,0,1,0,0,0,0,0,1
8.0,37.2,60.05,0.0,0.55,581.94,4,1,35.0,8.0,34.0,3.9736675000000004,16.17,5565.0,11,167,0,0,1,0,0,0,0,1,0,0,0,1,0,0,1,0
8.0,35.45,63.47,7.31,0.0,619.88,1,0,0.0,8.0,34.0,3.5643899250000004,7.31,5565.0,12,167,0,1,0,0,0,0,1,0,1,0,0,0,1,0,0,0
8.0,32.77,47.4,0.0,1.46,604.86,3,1,35.0,8.0,34.0,3.3331973300000004,4.050000000000003,5390.0,13,167,0,0,0,1,0,0,1,0,0,0,1,0,0,1,0,0
8.0,37.25,54.51,0.0,3.21,643.58,1,1,35.0,8.0,34.0,4.186730384999999,22.610000000000007,5390.0,14,167,1,0,0,0,0,0,1,0,0,1,0,0,0,0,0,1
8.0,35.18,50.0,0.0,2.02,493.46,2,1,35.0,8.0,34.0,3.77855372,22.610000000000007,5390.0,15,167,1,0,0,0,0,1,0,0,0,0,0,1,0,0,1,0
8.0,34.88,61.62,0.0,2.03,313.97,2,1,35.0,8.0,34.0,3.5810877520000006,15.01,5565.0,16,167,0,0,1,0,1,0,0,0,0,1,0,0,0,0,0,1
8.0,32.63,64.59,0.0,3.32,233.08,4,1,35.0,8.0,34.0,3.2015481190000004,4.050000000000003,5390.0,17,167,0,0,0,1,0,0,1,0,0,1,0,0,0,0,0,1
8.0,36.41,54.55,1.77,4.43,0.0,4,1,35.0,8.0,34.0,4.081062264999999,9.08,5530.0,18,167,0,1,0,0,0,1,0,0,0,1,0,0,0,0,0,1
8.0,32.23,54.71,0.0,5.13,0.0,2,1,35.0,8.0,34.0,3.335631371,15.01,5565.0,19,167,0,0,1,0,1,0,0,0,0,1,0,0,0,0,0,1
8.0,34.34,62.31,0.0,2.57,0.0,2,1,35.0,8.0,34.0,3.499387498,4.050000000000003,5390.0,20,167,0,0,0,1,0,1,0,0,0,0,1,0,0,1,0,0
8.0,30.3,60.43,0.0,2.06,35.94,1,1,35.0,8.0,34.0,2.7865519100000005,4.050000000000003,5425.0,21,167,0,0,0,1,0,0,0,1,0,0,0,1,0,0,1,0
8.0,28.59,72.72,0.0,1.9,0.0,2,1,35.0,8.0,34.0,2.369566646,15.01,5565.0,22,167,0,0,1,0,1,0,0,0,0,1,0,0,0,0,0,1
8.0,31.13,73.11,0.0,3.11,52.76,1,1,35.0,8.0,34.0,2.836066441,22.610000000000007,5390.0,23,167,1,0,0,0,0,0,0,1,1,0,0,0,1,0,0,0
8.0,28.41,69.87,4.41,2.21,15.19,0,0,0.0,8.0,34.0,2.3874007090000005,13.49,5530.0,0,168,0,1,0,0,0,1,0,0,0,0,1,0,0,1,0,0
8.0,28.03,64.81,0.0,2.22,31.81,4,1,35.0,8.0,34.0,2.382458541,13.49,5495.0,1,168,0,1,0,0,0,1,0,0,0,0,0,1,0,0,1,0
8.0,26.07,77.53,0.0,2.3,0.0,3,1,35.0,8.0,34.0,1.963203617,15.01,5565.0,2,168,0,0,1,0,0,1,0,0,0,0,0,1,0,0,1,0
8.0,27.44,65.34,0.0,1.27,0.0,2,1,35.0,8.0,34.0,2.238811112,4.050000000000003,5425.0,3,168,0,0,0,1,0,0,0,1,0,0,1,0,0,1,0,0
8.0,29.17,58.91,0.0,0.0,0.0,2,1,35.0,8.0,34.0,2.5148536490000004,22.610000000000007,5390.0,4,168,1,0,0,0,0,0,0,1,0,1,0,0,0,0,0,1
8.0,27.21,59.1,4.61,1.6,0.0,1,0,0.0,8.0,34.0,2.2850399,19.62,5565.0,5,168,0,0,1,0,0,1,0,0,0,0,0,1,0,0,1,0
8.0,29.18,57.33,0.0,4.15,0.0,4,1,35.0,8.0,34.0,2.741042138,19.62,5530.0,6,168,0,0,1,0,0,0,0,1,0,0,0,1,0,0,1,0
8.0,30.32,61.3,0.0,4.09,211.64,3,1,35.0,8.0,34.0,2.88175244,13.49,5495.0,7,168,0,1,0,0,0,0,1,0,0,0,0,1,0,0,1,0
8.0,32.09,63.17,0.0,3.53,318.03,3,1,35.0,8.0,34.0,3.133874431,19.62,5530.0,8,168,0,0,1,0,0,1,0,0,0,0,1,0,0,1,0,0
8.0,35.24,47.5,0.0,1.81,481.16,3,1,35.0,8.0,34.0,3.8100360800000006,13.49,5495.0,9,168,0,1,0,0,0,1,0,0,0,0,0,1,0,0,1,0
8.0,33.54,55.63,0.0,1.45,545.69,3,1,35.0,8.0,34.0,3.3760801139999996,13.49,5495.0,10,168,0,1,0,0,0,0,0,1,0,0,0,1,0,0,1,0
8.0,33.78,60.07,0.0,4.35,656.72,2,1,35.0,8.0,34.0,3.512322082,22.610000000000007,5390.0,11,168,1,0,0,0,0,0,1,0,0,1,0,0,0,0,0,1
8.0,39.57,58.45,0.0,1.1,581.22,4,1,35.0,8.0,34.0,4.5050474750000005,13.49,5495.0,12,168,0,1,0,0,1,0,0,0,0,0,0,1,0,0,1,0
8.0,35.2,57.26,0.0,2.45,626.14,4,1,35.0,8.0,34.0,3.7153806000000005,13.49,5495.0,13,168,0,1,0,0,0,0,1,0,1,0,0,0,1,0,0,0
8.0,35.7,58.75,0.0,4.43,580.44,2,1,35.0,8.0,34.0,3.89146625,22.610000000000007,5390.0,14,168,1,0,0,0,0,0,0,1,0,0,1,0,0,1,0,0
8.0,35.31,48.68,0.0,2.55,480.09,2,1,35.0,8.0,34.0,3.8460816259999997,15.900000000000002,5530.0,15,168,0,0,1,0,0,0,0,1,1,0,0,0,1,0,0,0
8.0,35.04,51.19,0.0,2.05,313.88,4,1,35.0,8.0,34.0,3.738858972,15.900000000000002,5530.0,16,168,0,0,1,0,0,0,1,0,0,0,1,0,0,1,0,0
8.0,34.93,57.23,0.0,3.79,108.35,1,1,35.0,8.0,34.0,3.7316957530000003,13.49,5495.0,17,168,0,1,0,0,1,0,0,0,0,0,1,0,0,1,0,0
8.0,35.37,60.88,0.0,2.49,35.4,2,1,35.0,8.0,34.0,3.7054250619999993,13.49,5495.0,18,168,0,1,0,0,0,0,1,0,1,0,0,0,1,0,0,0
8.0,33.63,60.32,0.0,2.64,0.0,4,1,35.0,8.0,34.0,3.396539822000001,15.900000000000002,5530.0,19,168,0,0,1,0,0,0,0,1,0,1,0,0,0,0,0,1
8.0,33.6,52.78,0.0,4.22,0.0,3,1,35.0,8.0,34.0,3.5592268400000004,22.610000000000007,5390.0,20,168,1,0,0,0,0,0,1,0,0,1,0,0,0,0,0,1
8.0,32.52,57.93,0.0,0.0,77.67,1,1,35.0,8.0,34.0,3.093276072000001,15.900000000000002,5530.0,21,168,0,0,1,0,0,0,0,1,0,1,0,0,0,0,0,1
8.0,30.3,71.94,0.0,2.83,3.38,2,1,35.0,8.0,34.0,2.6977167800000004,22.610000000000007,5390.0,22,168,1,0,0,0,0,0,0,1,0,1,0,0,0,0,0,1
8.0,29.72,65.63,0.0,1.48,0.0,4,1,35.0,8.0,34.0,2.604967472,22.610000000000007,5390.0,23,168,1,0,0,0,1,0,0,0,1,0,0,0,1,0,0,0
8.0,30.19,60.31,0.0,2.15,0.0,3,1,35.0,8.0,34.0,2.7740979429999997,15.900000000000002,5530.0,0,169,0,0,1,0,0,1,0,0,1,0,0,0,1,0,0,0
8.0,26.46,57.25,7.43,2.54,22.58,2,0,0.0,8.0,34.0,2.2377815300000004,13.540000000000003,5530.0,1,169,0,0,1,0,0,0,0,1,0,1,0,0,0,0,0,1
8.0,31.74,55.21,0.0,1.59,0.0,4,1,35.0,8.0,34.0,3.066945298,13.540000000000003,5495.0,2,169,0,0,1,0,0,0,1,0,1,0,0,0,1,0,0,0
8.0,27.36,63.76,0.0,2.67,17.91,4,1,35.0,8.0,34.0,2.313066112,13.49,5495.0,3,169,0,1,0,0,0,0,0,1,0,0,0,1,0,0,1,0
8.0,28.0,65.13,0.0,2.86,38.55,3,1,35.0,8.0,34.0,2.40644058,22.610000000000007,5390.0,4,169,1,0,0,0,0,0,0,1,0,1,0,0,0,0,0,1
8.0,27.35,67.68,0.0,2.64,0.0,1,1,35.0,8.0,34.0,2.2693377900000002,22.610000000000007,5390.0,5,169,1,0,0,0,0,1,0,0,0,0,0,1,0,0,1,0
8.0,28.22,65.74,0.0,2.53,34.57,2,1,35.0,8.0,34.0,2.417642516,13.540000000000003,5495.0,6,169,0,0,1,0,0,0,1,0,0,0,1,0,0,1,0,0
8.0,32.42,57.07,0.0,2.26,165.82,1,1,35.0,8.0,34.0,3.198511778,13.540000000000003,5495.0,7,169,0,0,1,0,0,1,0,0,0,0,1,0,0,1,0,0
8.0,35.4,53.7,1.63,2.28,300.94,2,1,35.0,8.0,34.0,3.7884708,15.170000000000002,5495.0,8,169,0,0,1,0,1,0,0,0,0,0,1,0,0,1,0,0
8.0,32.18,65.11,0.0,2.5,401.36,1,1,35.0,8.0,34.0,3.075754226,22.610000000000007,5390.0,9,169,1,0,0,0,0,0,0,1,1,0,0,0,1,0,0,0
8.0,34.51,54.09,1.37,1.27,572.55,3,1,35.0,8.0,34.0,3.5647286129999998,5.4200000000000035,5425.0,10,169,0,0,0,1,1,0,0,0,0,0,0,1,0,0,1,0
8.0,35.15,48.44,0.0,3.92,638.21,2,1,35.0,8.0,34.0,3.88681621,13.49,5495.0,11,169,0,1,0,0,0,0,1,0,0,0,1,0,0,1,0,0
8.0,36.96,44.56,0.0,2.29,684.35,4,1,35.0,8.0,34.0,4.208313791999999,15.170000000000002,5495.0,12,169,0,0,1,0,0,0,0,1,0,0,0,1,0,0,1,0
8.0,39.19,51.78,0.0,1.92,658.83,4,1,35.0,8.0,34.0,4.554190924,13.49,5495.0,13,169,0,1,0,0,1,0,0,0,0,1,0,0,0,0,0,1
8.0,38.28,61.56,0.0,2.88,635.27,1,1,35.0,8.0,34.0,4.287482016,15.170000000000002,5495.0,14,169,0,0,1,0,0,0,0,1,0,1,0,0,0,0,0,1
8.0,35.5,53.17,0.0,2.26,439.28,2,1,35.0,8.0,34.0,3.8131339699999995,13.49,5495.0,15,169,0,1,0,0,0,1,0,0,0,0,0,1,0,0,1,0
8.0,36.25,66.94,0.0,3.89,337.46,2,1,35.0,8.0,34.0,3.86875414,15.170000000000002,5495.0,16,169,0,0,1,0,0,1,0,0,0,0,0,1,0,0,1,0
8.0,35.76,56.94,0.0,3.47,144.17,1,1,35.0,8.0,34.0,3.8772704080000002,15.170000000000002,5495.0,17,169,0,0,1,0,0,0,0,1,0,1,0,0,0,0,0,1
8.0,33.96,66.2,0.0,2.51,32.55,3,1,35.0,8.0,34.0,3.3802723200000004,15.170000000000002,5495.0,18,169,0,0,1,0,1,0,0,0,0,0,0,1,0,0,1,0
8.0,31.39,55.19,4.7,3.53,0.0,0,0,0.0,8.0,34.0,3.1034673269999997,18.37,5495.0,19,169,0,0,1,0,0,0,0,1,0,0,1,0,0,1,0,0
8.0,30.8,55.77,0.0,2.68,31.98,4,1,35.0,8.0,34.0,2.95342694,5.4200000000000035,5425.0,20,169,0,0,0,1,1,0,0,0,0,1,0,0,0,0,0,1
8.0,32.68,60.09,0.0,1.02,0.0,2,1,35.0,8.0,34.0,3.1476097840000006,5.4200000000000035,5425.0,21,169,0,0,0,1,0,0,0,1,1,0,0,0,1,0,0,0
8.0,31.87,63.48,0.0,3.47,26.83,2,1,35.0,8.0,34.0,3.0891588020000005,13.49,5495.0,22,169,0,1,0,0,0,0,0,1,0,1,0,0,0,0,0,1
8.0,28.85,61.26,0.0,0.12,42.23,1,1,35.0,8.0,34.0,2.4441715800000003,18.37,5460.0,23,169,0,0,1,0,0,0,1,0,0,0,0,1,0,0,1,0
9.4,28.93,64.51,7.64,0.0,0.0,1,0,0.0,8.233333333333334,33.766666666666666,2.416020441,13.060000000000002,5425.0,0,170,0,0,0,1,1,0,0,0,0,0,0,1,0,0,1,0
8.0,29.93,65.78,0.0,3.24,0.0,4,1,35.0,8.0,34.0,2.725559208,6.350000000000007,5390.0,1,170,1,0,0,0,0,0,0,1,0,0,1,0,0,1,0,0
8.0,25.44,55.3,0.0,2.93,8.22,2,1,35.0,8.0,34.0,2.1265893200000003,13.49,5495.0,2,170,0,1,0,0,1,0,0,0,0,1,0,0,0,0,0,1
8.0,27.46,61.24,4.91,2.85,4.5,2,0,0.0,8.0,34.0,2.363534928,11.260000000000007,5390.0,3,170,1,0,0,0,0,0,0,1,0,1,0,0,0,0,0,1
8.0,31.56,56.72,0.0,4.07,0.0,4,1,35.0,8.0,34.0,3.1425128639999995,13.49,5495.0,4,170,0,1,0,0,0,0,1,0,0,0,1,0,0,1,0,0
8.0,29.62,58.61,0.0,2.37,0.0,2,1,35.0,8.0,34.0,2.709799094,13.49,5495.0,5,170,0,1,0,0,0,0,1,0,0,1,0,0,0,0,0,1
8.0,28.3,65.8,0.0,1.95,0.0,3,1,35.0,8.0,34.0,2.4004716,11.260000000000007,5390.0,6,170,1,0,0,0,0,0,0,1,0,0,0,1,0,0,1,0
8.0,31.14,57.16,0.0,3.36,179.82,4,1,35.0,8.0,34.0,3.029776288,11.260000000000007,5390.0,7,170,1,0,0,0,1,0,0,0,0,0,0,1,0,0,1,0
8.0,33.53,44.74,0.0,1.54,291.25,3,1,35.0,8.233333333333334,33.766666666666666,3.507322304,11.390000000000004,5425.0,8,170,0,0,0,1,0,0,1,0,0,0,0,1,0,0,1,0
8.0,29.21,60.57,0.0,2.11,472.43,3,1,35.0,8.0,34.0,2.6088718190000004,18.37,5460.0,9,170,0,0,1,0,0,1,0,0,0,0,0,1,0,0,1,0
8.0,34.26,50.74,1.57,2.7,542.81,3,1,35.0,8.233333333333334,33.766666666666666,3.6296732680000003,12.960000000000003,5425.0,10,170,0,0,0,1,0,1,0,0,0,0,0,1,0,0,1,0
12.49,34.27,61.66,14.93,2.8,613.06,2,0,0.0,8.748333333333333,33.251666666666665,3.505763144000001,33.3,5460.0,11,170,0,0,1,0,0,0,1,0,0,1,0,0,0,0,0,1
8.0,33.0,64.84,0.0,2.0,692.55,3,1,35.0,8.0,34.0,3.1981294399999993,11.260000000000007,5390.0,12,170,1,0,0,0,0,1,0,0,0,0,0,1,0,0,1,0
8.0,35.98,41.59,0.0,1.81,661.26,4,1,35.0,8.0,34.0,4.026566773999999,13.49,5495.0,13,170,0,1,0,0,1,0,0,0,0,1,0,0,0,0,0,1
8.0,35.79,51.55,0.0,1.06,528.03,2,1,35.0,8.0,34.0,3.828978195,13.49,5495.0,14,170,0,1,0,0,0,1,0,0,0,0,1,0,0,1,0,0
8.0,35.83,59.41,4.68,1.46,429.07,1,0,0.0,8.233333333333334,33.766666666666666,3.7597782609999997,17.640000000000004,5425.0,15,170,0,0,0,1,0,0,1,0,0,0,1,0,0,1,0,0
8.0,34.94,47.79,0.0,4.58,352.22,1,1,35.0,8.233333333333334,33.766666666666666,3.8875896219999992,17.640000000000004,5390.0,16,170,0,0,0,1,0,1,0,0,0,0,0,1,0,0,1,0
8.0,33.29,64.44,0.0,2.08,118.05,1,1,35.0,8.233333333333334,33.766666666666666,3.258592922,17.640000000000004,5390.0,17,170,0,0,0,1,0,1,0,0,0,0,1,0,0,1,0,0
8.0,31.82,67.49,0.0,2.63,50.89,2,1,35.0,8.748333333333333,33.251666666666665,2.9927529460000004,33.3,5425.0,18,170,0,0,1,0,0,0,1,0,0,0,1,0,0,1,0,0
8.0,32.0,58.87,0.0,0.61,4.73,4,1,35.0,8.0,34.0,3.02148302,13.49,5495.0,19,170,0,1,0,0,0,1,0,0,1,0,0,0,1,0,0,0
8.0,33.29,53.55,0.0,5.48,0.0,1,1,35.0,8.0,34.0,3.556558045,17.640000000000004,5390.0,20,170,0,0,0,1,0,0,1,0,0,0,0,1,0,0,1,0
8.0,31.31,44.38,0.0,1.37,0.37,3,1,35.0,8.0,34.0,3.103773016,11.260000000000007,5390.0,21,170,1,0,0,0,0,1,0,0,0,0,0,1,0,0,1,0
8.0,29.89,67.38,0.0,0.99,47.64,4,1,35.0,8.0,34.0,2.588973424,13.49,5495.0,22,170,0,1,0,0,1,0,0,0,0,1,0,0,0,0,0,1
8.0,27.61,77.53,0.0,2.33,0.0,4,1,35.0,8.0,34.0,2.190424651,17.640000000000004,5390.0,23,170,0,0,0,1,1,0,0,0,0,1,0,0,0,0,0,1
8.0,27.97,75.79,0.0,1.33,35.92,4,1,35.0,8.0,34.0,2.2130809609999997,17.640000000000004,5390.0,0,171,0,0,0,1,1,0,0,0,0,1,0,0,0,0,0,1
8.0,29.24,60.84,0.0,2.84,41.81,1,1,35.0,8.748333333333333,33.251666666666665,2.6472939519999996,33.3,5425.0,1,171,0,0,1,0,0,1,0,0,0,1,0,0,0,0,0,1
8.0,28.76,54.95,0.0,0.59,0.0,1,1,35.0,8.0,34.0,2.5209023200000003,17.640000000000004,5425.0,2,171,0,0,0,1,0,1,0,0,0,0,0,1,0,0,1,0
8.0,27.42,69.53,0.0,3.76,0.0,4,1,35.0,8.0,34.0,2.3166908020000005,17.640000000000004,5425.0,3,171,0,0,0,1,0,0,0,1,0,0,0,1,0,0,1,0
8.0,24.62,65.02,0.0,3.53,4.78,1,1,35.0,8.0,34.0,1.9442007880000003,4.910000000000007,5390.0,4,171,1,0,0,0,0,0,1,0,0,0,1,0,0,1,0,0
8.0,28.16,66.42,0.0,2.26,25.67,4,1,35.0,8.0,34.0,2.387624744,4.910000000000007,5390.0,5,171,1,0,0,0,0,0,0,1,0,0,1,0,0,1,0,0
8.0,29.28,64.3,5.37,0.41,0.0,1,0,0.0,8.748333333333333,33.251666666666665,2.4947894,34.06,5425.0,6,171,0,0,1,0,0,0,0,1,0,1,0,0,0,0,0,1
8.0,29.6,62.57,4.23,1.43,167.72,0,0,0.0,8.0,34.0,2.6163538600000003,19.490000000000006,5425.0,7,171,0,0,0,1,1,0,0,0,0,0,0,1,0,0,1,0
8.0,31.38,67.7,0.0,2.48,321.5,4,1,35.0,8.0,34.0,2.90773554,19.490000000000006,5390.0,8,171,0,0,0,1,1,0,0,0,1,0,0,0,1,0,0,0
8.0,34.26,65.65,4.96,0.95,483.38,2,0,0.0,8.0,34.0,3.3636439099999995,24.450000000000003,5390.0,9,171,0,0,0,1,0,0,1,0,0,0,0,1,0,0,1,0
8.0,33.94,54.79,0.0,1.14,656.56,1,1,35.0,8.0,34.0,3.443915921999999,4.910000000000007,5390.0,10,171,1,0,0,0,0,0,0,1,0,0,0,1,0,0,1,0
8.0,36.31,50.09,0.0,3.66,602.17,2,1,35.0,8.0,34.0,4.078503353,13.49,5495.0,11,171,0,1,0,0,0,1,0,0,0,0,0,1,0,0,1,0
8.0,33.2,41.55,0.0,2.59,652.76,1,1,35.0,8.748333333333333,33.251666666666665,3.5364785000000003,34.06,5390.0,12,171,0,0,1,0,0,0,1,0,0,0,1,0,0,1,0,0
8.0,35.41,54.85,0.0,2.55,601.22,2,1,35.0,8.748333333333333,33.251666666666665,3.789811274999999,34.06,5390.0,13,171,0,0,1,0,1,0,0,0,0,1,0,0,0,0,0,1
8.0,33.09,51.47,0.0,3.03,545.81,2,1,35.0,8.0,34.0,3.4221443210000007,24.450000000000003,5390.0,14,171,0,0,0,1,1,0,0,0,0,0,0,1,0,0,1,0
8.0,35.22,60.36,0.0,2.2,421.96,2,1,35.0,8.0,34.0,3.668872063999999,4.910000000000007,5390.0,15,171,1,0,0,0,0,0,1,0,0,0,0,1,0,0,1,0
8.0,33.9,56.13,0.0,2.33,271.43,2,1,35.0,8.0,34.0,3.4801071699999997,4.910000000000007,5390.0,16,171,1,0,0,0,0,0,0,1,0,0,0,1,0,0,1,0
8.0,36.75,54.61,0.0,2.95,209.63,1,1,35.0,8.0,34.0,4.073174385,6.180000000000001,5495.0,17,171,0,1,0,0,0,0,0,1,0,1,0,0,0,0,0,1
8.0,34.61,63.59,0.0,3.37,12.46,3,1,35.0,8.0,34.0,3.573960292999999,24.450000000000003,5390.0,18,171,0,0,0,1,0,0,0,1,0,1,0,0,0,0,0,1
8.0,34.56,60.73,0.0,3.0,3.25,4,1,35.0,8.0,34.0,3.580632436,34.06,5390.0,19,171,0,0,1,0,0,0,1,0,1,0,0,0,1,0,0,0
8.0,31.36,59.7,0.0,4.15,0.0,2,1,35.0,8.0,34.0,3.07829652,4.41,5495.0,20,171,0,1,0,0,0,0,0,1,0,0,1,0,0,1,0,0
8.0,29.44,73.86,0.0,2.43,0.0,1,1,35.0,8.0,34.0,2.517711208,24.450000000000003,5425.0,21,171,0,0,0,1,0,0,0,1,0,0,0,1,0,0,1,0
8.0,28.42,68.03,0.0,0.78,0.0,4,1,35.0,8.0,34.0,2.3370168020000004,0.0,5530.0,22,171,0,1,0,0,0,0,0,1,0,0,0,1,0,0,1,0
8.0,29.57,59.03,0.0,3.71,0.0,4,1,35.0,8.0,34.0,2.7640433170000005,0.0,5530.0,23,171,0,1,0,0,0,0,0,1,0,0,1,0,0,1,0,0
8.0,31.25,58.0,0.0,2.11,11.68,2,1,35.0,8.0,34.0,2.9766417499999998,0.0,5530.0,0,172,0,1,0,0,0,1,0,0,0,0,0,1,0,0,1,0
8.0,28.75,68.12,0.9,1.48,0.0,2,1,35.0,8.0,34.0,2.4227919699999996,34.96,5390.0,1,172,0,0,1,0,0,0,0,1,1,0,0,0,1,0,0,0
8.0,27.44,65.07,0.0,3.25,0.0,3,1,35.0,8.0,34.0,2.340620516,0.0,5565.0,2,172,0,1,0,0,1,0,0,0,0,1,0,0,0,0,0,1
8.0,27.85,55.47,0.0,2.84,0.0,4,1,35.0,8.0,34.0,2.483703485,24.450000000000003,5460.0,3,172,0,0,0,1,0,0,0,1,0,0,0,1,0,0,1,0
8.0,28.49,69.07,4.16,0.87,28.52,0,0,0.0,8.0,34.0,2.3413772609999994,9.070000000000007,5390.0,4,172,1,0,0,0,0,0,0,1,1,0,0,0,1,0,0,0
8.0,32.21,68.63,0.0,3.2,7.06,2,1,35.0,8.0,34.0,3.0754879810000006,34.96,5390.0,5,172,0,0,1,0,0,0,0,1,1,0,0,0,1,0,0,0
8.0,31.85,68.39,0.0,4.65,0.0,4,1,35.0,8.0,34.0,3.0886311450000004,0.0,5565.0,6,172,0,1,0,0,0,1,0,0,1,0,0,0,1,0,0,0
8.0,31.35,71.32,0.0,2.79,193.55,1,1,35.0,8.0,34.0,2.8772238100000007,34.96,5390.0,7,172,0,0,1,0,0,0,0,1,0,1,0,0,0,0,0,1
8.0,32.16,74.35,0.0,2.09,344.01,1,1,35.0,8.0,34.0,2.9456002999999993,0.0,5565.0,8,172,0,1,0,0,0,0,1,0,0,0,0,1,0,0,1,0
8.0,33.48,70.92,0.0,0.4,466.17,4,1,35.0,8.0,34.0,3.132306272,24.450000000000003,5460.0,9,172,0,0,0,1,0,0,0,1,0,1,0,0,0,0,0,1
8.0,34.74,60.19,0.0,4.86,620.51,4,1,35.0,8.0,34.0,3.7137030820000008,34.96,5390.0,10,172,0,0,1,0,1,0,0,0,0,0,1,0,0,1,0,0
8.0,34.21,56.77,0.0,1.78,628.69,2,1,35.0,8.0,34.0,3.502203059,27.53,5390.0,11,172,0,0,1,0,0,0,0,1,0,0,0,1,0,0,1,0
8.0,34.2,45.43,0.0,0.71,665.08,4,1,35.0,8.0,34.0,3.5824772,0.0,5600.0,12,172,0,1,0,0,0,0,1,0,0,0,0,1,0,0,1,0
8.0,37.41,55.75,0.0,2.53,644.28,2,1,35.0,8.0,34.0,4.169003804999999,0.0,5600.0,13,172,0,1,0,0,1,0,0,0,0,0,0,1,0,0,1,0
8.0,36.03,60.41,0.0,3.61,593.63,1,1,35.0,8.0,34.0,3.8934081009999995,0.0,5600.0,14,172,0,1,0,0,0,0,0,1,0,0,0,1,0,0,1,0
8.0,37.29,56.08,0.0,3.88,451.82,2,1,35.0,8.0,34.0,4.2083311740000005,0.0,5600.0,15,172,0,1,0,0,0,0,0,1,0,0,0,1,0,0,1,0
8.0,37.93,42.04,0.0,1.59,302.43,3,1,35.0,8.0,34.0,4.402464954000001,9.070000000000007,5355.0,16,172,1,0,0,0,1,0,0,0,0,0,1,0,0,1,0,0
8.0,35.61,55.11,0.0,2.28,202.29,3,1,35.0,8.0,34.0,3.8114514569999995,24.450000000000003,5460.0,17,172,0,0,0,1,0,0,0,1,0,0,0,1,0,0,1,0
8.0,34.54,62.49,0.0,2.4,32.25,2,1,35.0,8.0,34.0,3.525727162,24.450000000000003,5460.0,18,172,0,0,0,1,0,0,0,1,0,1,0,0,0,0,0,1
8.0,37.83,48.15,0.0,3.57,44.62,3,1,35.0,8.0,34.0,4.402736234999999,27.53,5390.0,19,172,0,0,1,0,0,0,1,0,0,1,0,0,0,0,0,1
8.0,32.31,60.91,0.0,3.11,14.54,1,1,35.0,8.0,34.0,3.177318407,23.080000000000005,5460.0,20,172,0,0,0,1,0,0,0,1,0,0,1,0,0,1,0,0
8.0,29.33,65.16,0.0,2.72,0.0,1,1,35.0,8.0,34.0,2.609014786,9.070000000000007,5355.0,21,172,1,0,0,0,1,0,0,0,0,0,0,1,0,0,1,0
8.0,29.58,69.76,0.0,3.5,5.74,1,1,35.0,8.0,34.0,2.6382482959999995,0.0,5600.0,22,172,0,1,0,0,0,1,0,0,0,0,0,1,0,0,1,0
8.0,31.5,72.39,0.0,0.77,1.18,4,1,35.0,8.0,34.0,2.7894547899999997,0.0,5600.0,23,172,0,1,0,0,0,1,0,0,0,0,1,0,0,1,0,0
8.0,26.59,61.68,0.0,2.91,43.03,3,1,35.0,8.0,34.0,2.230524934,9.070000000000007,5355.0,0,173,1,0,0,0,0,0,0,1,0,0,0,1,0,0,1,0
8.0,27.0,65.28,0.0,2.67,37.05,1,1,35.0,8.0,34.0,2.24293488,27.53,5390.0,1,173,0,0,1,0,0,1,0,0,0,1,0,0,0,0,0,1
8.0,29.66,63.38,0.0,2.34,21.45,1,1,35.0,8.0,34.0,2.662782876,0.0,5600.0,2,173,0,1,0,0,0,1,0,0,0,1,0,0,0,0,0,1
8.0,27.73,67.97,0.0,2.1,0.0,4,1,35.0,8.0,34.0,2.297082827,23.080000000000005,5460.0,3,173,0,0,0,1,0,0,0,1,0,1,0,0,0,0,0,1
8.0,28.37,66.67,0.0,2.56,0.0,3,1,35.0,8.0,34.0,2.4326632730000006,9.070000000000007,5355.0,4,173,1,0,0,0,1,0,0,0,0,0,0,1,0,0,1,0
13.66,30.78,70.95,11.86,1.72,0.0,0,0,0.0,8.943333333333333,33.056666666666665,2.7324197900000002,20.930000000000007,5355.0,5,173,1,0,0,0,0,1,0,0,0,0,0,1,0,0,1,0
8.0,28.92,46.14,0.88,5.67,0.0,2,1,35.0,8.0,34.0,2.895325536,23.960000000000004,5460.0,6,173,0,0,0,1,0,1,0,0,0,1,0,0,0,0,0,1
8.0,28.76,65.52,0.0,4.03,174.07,2,1,35.0,8.0,34.0,2.5797103040000007,16.320000000000004,5460.0,7,173,0,0,0,1,0,0,0,1,0,1,0,0,0,0,0,1
8.0,29.91,65.08,0.0,3.71,376.81,1,1,35.0,8.0,34.0,2.7534716660000003,16.320000000000004,5460.0,8,173,0,0,0,1,0,0,0,1,0,1,0,0,0,0,0,1
8.0,33.9,56.83,0.0,1.76,486.89,3,1,35.0,8.0,34.0,3.44328347,27.53,5390.0,9,173,0,0,1,0,0,1,0,0,0,1,0,0,0,0,0,1
8.0,34.39,42.24,0.0,1.25,530.75,3,1,35.0,8.0,34.0,3.683536142,14.750000000000005,5460.0,10,173,0,0,0,1,0,1,0,0,0,0,1,0,0,1,0,0
8.0,33.79,58.14,0.0,2.15,598.85,3,1,35.0,8.943333333333333,33.056666666666665,3.427048232,20.930000000000007,5320.0,11,173,1,0,0,0,0,0,1,0,0,0,1,0,0,1,0,0
8.0,33.72,53.65,0.0,2.54,617.84,4,1,35.0,8.943333333333333,33.056666666666665,3.4869540799999994,20.930000000000007,5320.0,12,173,1,0,0,0,0,0,0,1,0,1,0,0,0,0,0,1
8.0,35.45,68.98,0.0,0.66,623.76,3,1,35.0,8.0,34.0,3.5299062,10.070000000000004,5460.0,13,173,0,0,0,1,1,0,0,0,1,0,0,0,1,0,0,0
8.0,37.67,58.09,0.0,2.98,591.11,4,1,35.0,8.0,34.0,4.2138582410000005,0.0,5600.0,14,173,0,1,0,0,0,0,0,1,0,0,0,1,0,0,1,0
8.0,34.61,52.35,0.0,3.7,493.36,3,1,35.0,8.0,34.0,3.7259506249999994,25.9,5390.0,15,173,0,0,1,0,0,0,1,0,0,1,0,0,0,0,0,1
8.0,34.47,43.66,0.0,0.0,311.83,1,1,35.0,8.0,34.0,3.6191329839999997,0.0,5600.0,16,173,0,1,0,0,0,1,0,0,0,1,0,0,0,0,0,1
8.0,33.04,63.3,3.33,1.32,167.18,0,0,0.0,8.0,34.0,3.18925372,29.23,5390.0,17,173,0,0,1,0,0,0,0,1,0,0,0,1,0,0,1,0
8.0,33.45,63.72,0.0,3.87,58.6,4,1,35.0,8.0,34.0,3.3853192500000002,29.230000000000004,5355.0,18,173,0,0,1,0,0,0,0,1,0,1,0,0,0,0,0,1
8.0,33.54,57.26,0.0,2.85,0.0,3,1,35.0,8.0,34.0,3.4268327480000003,10.070000000000004,5460.0,19,173,0,0,0,1,0,0,0,1,0,0,0,1,0,0,1,0
8.0,35.17,61.69,0.0,1.36,22.33,1,1,35.0,8.0,34.0,3.601220831,10.070000000000004,5460.0,20,173,0,0,0,1,1,0,0,0,0,0,0,1,0,0,1,0
8.0,31.29,58.13,0.0,3.28,18.55,1,1,35.0,8.0,34.0,3.040531639,29.230000000000004,5355.0,21,173,0,0,1,0,0,0,1,0,0,0,1,0,0,1,0,0
8.0,29.92,69.14,0.0,1.69,0.0,1,1,35.0,8.0,34.0,2.609546536,29.230000000000004,5355.0,22,173,0,0,1,0,0,1,0,0,0,0,0,1,0,0,1,0
8.0,30.46,68.18,5.13,2.12,0.0,0,0,0.0,8.943333333333333,33.056666666666665,2.7302147160000003,26.060000000000006,5320.0,23,173,1,0,0,0,1,0,0,0,0,1,0,0,0,0,0,1
8.0,29.57,50.47,0.0,1.03,14.71,2,1,35.0,8.0,34.0,2.723305373,10.070000000000004,5460.0,0,174,0,0,0,1,0,1,0,0,0,1,0,0,0,0,0,1
8.0,27.26,54.02,0.0,2.42,0.0,2,1,35.0,8.0,34.0,2.3863194040000004,10.070000000000004,5460.0,1,174,0,0,0,1,0,0,1,0,0,1,0,0,0,0,0,1
8.0,31.44,74.66,0.0,3.62,0.0,4,1,35.0,8.0,34.0,2.8961034480000007,0.0,5600.0,2,174,0,1,0,0,0,0,1,0,0,0,0,1,0,0,1,0
8.0,28.09,69.65,0.0,1.83,0.0,4,1,35.0,8.0,34.0,2.321180375,0.0,5600.0,3,174,0,1,0,0,0,0,1,0,0,1,0,0,0,0,0,1
8.0,28.88,53.66,6.89,3.17,65.18,0,0,0.0,8.943333333333333,33.056666666666665,2.683057096,32.95,5285.0,4,174,1,0,0,0,0,1,0,0,0,0,0,1,0,0,1,0
8.0,29.99,50.62,0.0,2.34,0.0,4,1,35.0,8.0,34.0,2.8570109759999998,29.230000000000004,5355.0,5,174,0,0,1,0,1,0,0,0,0,1,0,0,0,0,0,1
26.71,30.51,62.65,18.71,3.69,7.05,0,0,0.0,11.118333333333332,30.881666666666668,2.878434685,18.71,5600.0,6,174,0,1,0,0,0,1,0,0,0,0,0,1,0,0,1,0
8.0,33.24,51.01,0.0,1.84,195.72,1,1,35.0,11.118333333333332,30.881666666666668,3.3952934880000005,18.71,5565.0,7,174,0,1,0,0,0,0,1,0,0,0,1,0,0,1,0,0
8.0,31.11,58.5,0.0,4.27,317.6,4,1,35.0,8.0,34.0,3.0550731799999995,24.53,5355.0,8,174,0,0,1,0,0,0,1,0,0,1,0,0,0,0,0,1
8.0,34.2,57.91,4.32,3.22,460.87,1,0,0.0,8.0,34.0,3.5587164000000002,28.85,5355.0,9,174,0,0,1,0,1,0,0,0,0,0,0,1,0,0,1,0
8.0,34.24,57.58,0.0,2.69,580.51,2,1,35.0,8.943333333333333,33.056666666666665,3.5435675440000005,32.95,5250.0,10,174,1,0,0,0,0,0,0,1,0,0,0,1,0,0,1,0
8.0,36.29,64.45,0.0,2.74,598.17,3,1,35.0,11.118333333333332,30.881666666666668,3.849926915,18.71,5565.0,11,174,0,1,0,0,1,0,0,0,0,0,0,1,0,0,1,0
8.0,35.13,70.34,0.0,1.84,596.22,1,1,35.0,8.0,34.0,3.512378944000001,32.95,5250.0,12,174,1,0,0,0,0,0,0,1,0,1,0,0,0,0,0,1
8.0,35.33,53.98,0.0,1.76,602.28,3,1,35.0,8.0,34.0,3.7456604679999996,32.95,5285.0,13,174,1,0,0,0,0,1,0,0,0,1,0,0,0,0,0,1
8.0,37.09,48.01,0.0,2.71,623.41,2,1,35.0,8.0,34.0,4.211889383000001,28.85,5320.0,14,174,0,0,1,0,1,0,0,0,0,1,0,0,0,0,0,1
8.0,36.39,59.21,0.0,0.96,439.49,2,1,35.0,11.118333333333332,30.881666666666668,3.845564753,18.71,5565.0,15,174,0,1,0,0,0,0,1,0,0,0,1,0,0,1,0,0
8.0,34.22,69.64,0.0,1.68,329.57,4,1,35.0,8.0,34.0,3.345071376,32.95,5285.0,16,174,1,0,0,0,0,0,0,1,0,0,0,1,0,0,1,0
8.0,36.84,53.31,0.0,1.28,121.83,4,1,35.0,8.0,34.0,4.023799048000001,28.040000000000006,5320.0,17,174,1,0,0,0,1,0,0,0,0,1,0,0,0,0,0,1
8.0,35.09,63.48,0.0,3.09,46.98,2,1,35.0,8.0,34.0,3.650878074000001,13.92,5320.0,18,174,0,0,1,0,0,0,1,0,0,0,0,1,0,0,1,0
8.0,32.92,53.41,0.0,3.1,0.0,1,1,35.0,8.0,34.0,3.372255824,13.92,5320.0,19,174,0,0,1,0,0,0,1,0,0,1,0,0,0,0,0,1
8.0,31.29,60.72,0.0,3.92,0.0,3,1,35.0,8.0,34.0,3.0432887260000006,28.040000000000006,5320.0,20,174,1,0,0,0,0,0,1,0,0,1,0,0,0,0,0,1
8.0,31.5,52.26,0.0,2.0,0.0,4,1,35.0,8.0,34.0,3.07920886,13.92,5320.0,21,174,0,0,1,0,0,0,1,0,0,1,0,0,0,0,0,1
8.0,30.98,60.89,0.0,1.43,87.96,4,1,35.0,8.0,34.0,2.864120854,8.55,5320.0,22,174,0,0,1,0,0,1,0,0,1,0,0,0,1,0,0,0
8.0,26.77,63.37,0.0,0.64,15.45,2,1,35.0,8.0,34.0,2.126607263,8.55,5320.0,23,174,0,0,1,0,0,0,0,1,0,0,0,1,0,0,1,0
8.0,29.08,66.59,0.0,2.73,0.0,3,1,35.0,8.0,34.0,2.5540219039999994,8.55,5320.0,0,175,0,0,1,0,0,0,1,0,0,0,0,1,0,0,1,0
8.0,29.1,74.77,0.0,4.08,0.0,1,1,35.0,8.0,34.0,2.5364730100000004,28.040000000000006,5320.0,1,175,1,0,0,0,1,0,0,0,0,0,1,0,0,1,0,0
8.0,24.45,63.31,1.25,2.31,47.35,2,1,35.0,8.0,34.0,1.8762138249999998,9.8,5320.0,2,175,0,0,1,0,0,0,0,1,0,1,0,0,0,0,0,1
8.0,28.41,48.87,0.0,2.43,0.0,3,1,35.0,8.0,34.0,2.621595009,8.9,5320.0,3,175,0,0,1,0,0,0,1,0,0,0,0,1,0,0,1,0
8.0,29.56,60.54,0.0,2.39,0.0,4,1,35.0,8.0,34.0,2.679961568,28.040000000000006,5320.0,4,175,1,0,0,0,0,1,0,0,0,0,0,1,0,0,1,0
15.97,30.03,63.67,13.05,2.7,0.0,0,0,0.0,9.328333333333333,32.67166666666667,2.738142967,21.950000000000003,5320.0,5,175,0,0,1,0,1,0,0,0,0,0,0,1,0,0,1,0
8.0,31.19,62.06,0.0,3.6,51.28,4,1,35.0,11.118333333333332,30.881666666666668,2.9951221680000004,18.71,5565.0,6,175,0,1,0,0,0,1,0,0,0,0,1,0,0,1,0,0
8.0,30.46,60.13,0.0,4.7,166.76,2,1,35.0,8.0,34.0,2.9485681060000006,10.070000000000004,5460.0,7,175,0,0,0,1,1,0,0,0,0,0,1,0,0,1,0,0
8.0,30.42,71.68,0.0,3.0,271.73,3,1,35.0,11.118333333333332,30.881666666666668,2.728786312,18.71,5565.0,8,175,0,1,0,0,0,0,0,1,0,0,1,0,0,1,0,0
8.0,30.32,62.3,0.0,3.08,452.47,3,1,35.0,8.0,34.0,2.82018484,28.040000000000006,5320.0,9,175,1,0,0,0,0,0,1,0,0,0,1,0,0,1,0,0
8.0,35.62,56.37,0.0,2.11,533.81,3,1,35.0,9.328333333333333,32.67166666666667,3.789391278,21.950000000000003,5285.0,10,175,0,0,1,0,1,0,0,0,0,0,0,1,0,0,1,0
8.0,35.87,51.46,2.79,2.27,640.44,0,0,0.0,8.0,34.0,3.9061012839999996,21.5,5565.0,11,175,0,1,0,0,1,0,0,0,0,0,0,1,0,0,1,0
8.0,37.2,43.61,0.66,2.25,636.48,3,1,35.0,8.0,34.0,4.2666335,22.16,5530.0,12,175,0,1,0,0,0,1,0,0,0,1,0,0,0,0,0,1
8.0,34.76,60.1,0.0,1.96,572.93,1,1,35.0,8.0,34.0,3.5735300000000003,10.070000000000004,5460.0,13,175,0,0,0,1,0,0,1,0,0,1,0,0,0,0,0,1
8.0,37.19,57.57,0.0,2.55,560.03,4,1,35.0,9.328333333333333,32.67166666666667,4.103051540999999,21.950000000000003,5285.0,14,175,0,0,1,0,0,0,1,0,0,0,0,1,0,0,1,0
8.0,33.59,51.31,0.0,3.15,457.63,3,1,35.0,9.328333333333333,32.67166666666667,3.5212684230000004,21.950000000000003,5285.0,15,175,0,0,1,0,0,0,0,1,0,1,0,0,0,0,0,1
8.0,34.14,57.97,0.0,2.48,281.13,2,1,35.0,8.0,34.0,3.509911466,28.040000000000006,5320.0,16,175,1,0,0,0,1,0,0,0,0,0,0,1,0,0,1,0
8.0,35.0,56.59,0.0,2.06,99.63,2,1,35.0,8.0,34.0,3.66617104,22.16,5530.0,17,175,0,1,0,0,1,0,0,0,0,0,0,1,0,0,1,0
8.0,34.98,53.25,0.0,2.55,9.89,1,1,35.0,8.0,34.0,3.7274390699999995,28.040000000000006,5355.0,18,175,1,0,0,0,0,0,1,0,0,0,0,1,0,0,1,0
8.0,35.54,51.62,0.0,1.25,0.0,1,1,35.0,9.328333333333333,32.67166666666667,3.789333796,21.950000000000003,5285.0,19,175,0,0,1,0,0,0,0,1,0,0,1,0,0,1,0,0
8.0,31.62,63.14,0.0,3.36,0.0,2,1,35.0,8.0,34.0,3.0444317960000005,28.040000000000006,5355.0,20,175,1,0,0,0,0,0,1,0,0,1,0,0,0,0,0,1
8.0,29.65,60.3,0.0,1.9,26.1,1,1,35.0,8.0,34.0,2.6727687,22.16,5530.0,21,175,0,1,0,0,0,0,0,1,0,1,0,0,0,0,0,1
8.0,28.61,58.58,0.0,1.01,0.0,3,1,35.0,8.0,34.0,2.4791167359999995,10.070000000000004,5460.0,22,175,0,0,0,1,0,1,0,0,0,0,1,0,0,1,0,0
8.0,28.12,57.07,0.0,2.95,2.11,2,1,35.0,8.0,34.0,2.514671408,22.16,5530.0,23,175,0,1,0,0,0,1,0,0,0,0,1,0,0,1,0,0
8.0,31.84,59.22,0.0,3.01,23.19,1,1,35.0,8.0,34.0,3.109609896,28.040000000000006,5390.0,0,176,1,0,0,0,0,0,0,1,0,0,0,1,0,0,1,0
8.0,29.24,68.68,0.0,1.37,0.0,3,1,35.0,8.0,34.0,2.488971424,28.040000000000006,5390.0,1,176,1,0,0,0,0,1,0,0,0,0,1,0,0,1,0,0
8.0,29.64,63.33,0.0,3.15,0.0,3,1,35.0,9.328333333333333,32.67166666666667,2.700573384,21.950000000000003,5285.0,2,176,0,0,1,0,1,0,0,0,0,0,0,1,0,0,1,0
8.0,27.75,61.74,0.0,3.16,0.0,2,1,35.0,8.0,34.0,2.4184096399999997,22.16,5530.0,3,176,0,1,0,0,0,0,0,1,0,1,0,0,0,0,0,1
8.0,28.51,64.95,0.0,4.77,0.0,3,1,35.0,8.0,34.0,2.583383695,21.950000000000003,5285.0,4,176,0,0,1,0,0,0,1,0,1,0,0,0,1,0,0,0
8.0,30.19,71.0,0.0,2.12,0.0,4,1,35.0,8.0,34.0,2.6546049300000005,5.840000000000003,5460.0,5,176,0,0,0,1,0,0,1,0,0,0,0,1,0,0,1,0
8.0,29.21,65.66,0.0,2.33,13.0,3,1,35.0,8.0,34.0,2.5648372120000005,5.840000000000003,5460.0,6,176,0,0,0,1,0,0,0,1,0,1,0,0,0,0,0,1
9.91,30.5,63.02,12.63,1.67,168.34,0,0,0.0,8.318333333333333,33.681666666666665,2.77165582,13.510000000000005,5460.0,7,176,0,0,0,1,0,0,1,0,1,0,0,0,1,0,0,0
8.0,30.96,65.3,0.0,2.99,302.5,3,1,35.0,8.0,34.0,2.8892756400000006,22.16,5530.0,8,176,0,1,0,0,0,1,0,0,0,1,0,0,0,0,0,1
8.0,32.34,58.62,0.0,2.39,494.11,4,1,35.0,8.0,34.0,3.172995916,23.880000000000006,5390.0,9,176,1,0,0,0,0,0,0,1,0,1,0,0,0,0,0,1
8.0,34.05,59.65,0.0,3.59,544.65,3,1,35.0,8.0,34.0,3.528776674999999,22.16,5530.0,10,176,0,1,0,0,0,0,0,1,0,1,0,0,0,0,0,1
8.0,33.57,55.32,0.0,1.88,679.65,2,1,35.0,8.0,34.0,3.406717738,23.880000000000006,5390.0,11,176,1,0,0,0,1,0,0,0,1,0,0,0,1,0,0,0
8.0,35.87,46.05,0.0,2.97,640.59,1,1,35.0,8.0,34.0,4.007882864999999,21.950000000000003,5285.0,12,176,0,0,1,0,0,0,1,0,1,0,0,0,1,0,0,0
8.0,36.26,58.99,0.0,2.11,594.44,3,1,35.0,8.0,34.0,3.880526018,23.880000000000006,5390.0,13,176,1,0,0,0,0,1,0,0,0,0,0,1,0,0,1,0
8.0,35.7,59.46,0.0,0.19,530.56,4,1,35.0,8.0,34.0,3.6707297000000003,23.880000000000006,5390.0,14,176,1,0,0,0,0,1,0,0,0,0,1,0,0,1,0,0
8.0,34.6,55.91,0.0,3.15,462.81,3,1,35.0,8.318333333333333,33.681666666666665,3.6536646800000008,13.510000000000003,5425.0,15,176,0,0,0,1,1,0,0,0,0,0,1,0,0,1,0,0
8.0,35.59,64.37,0.0,0.3,287.53,3,1,35.0,8.0,34.0,3.5949009410000006,18.619999999999997,5285.0,16,176,0,0,1,0,0,1,0,0,0,0,0,1,0,0,1,0
8.0,34.04,53.31,0.0,2.21,173.29,1,1,35.0,8.0,34.0,3.533531488,18.619999999999997,5285.0,17,176,0,0,1,0,1,0,0,0,0,1,0,0,0,0,0,1
8.0,34.04,45.97,0.0,2.23,0.0,4,1,35.0,8.0,34.0,3.6220477759999996,23.880000000000006,5390.0,18,176,1,0,0,0,0,1,0,0,0,1,0,0,0,0,0,1
8.0,34.66,53.0,0.0,2.39,0.0,2,1,35.0,8.0,34.0,3.662018879999999,22.16,5530.0,19,176,0,1,0,0,0,0,1,0,0,0,1,0,0,1,0,0
8.0,30.09,50.74,0.0,2.46,0.0,4,1,35.0,8.0,34.0,2.8784373519999997,22.16,5530.0,20,176,0,1,0,0,0,0,1,0,1,0,0,0,1,0,0,0
8.0,34.2,60.61,0.0,2.44,35.16,3,1,35.0,8.0,34.0,3.4874244,12.020000000000007,5390.0,21,176,1,0,0,0,0,0,1,0,0,1,0,0,0,0,0,1
8.0,29.86,56.44,4.31,2.84,0.0,0,0,0.0,8.318333333333333,33.681666666666665,2.796509488,17.820000000000004,5425.0,22,176,0,0,0,1,0,0,1,0,0,1,0,0,0,0,0,1
8.0,29.76,68.68,0.0,2.27,6.44,2,1,35.0,8.0,34.0,2.6176100960000004,12.020000000000007,5390.0,23,176,1,0,0,0,0,0,0,1,0,0,0,1,0,0,1,0
8.0,27.37,70.45,0.0,5.54,15.55,2,1,35.0,8.318333333333333,33.681666666666665,2.3885845750000003,17.820000000000004,5390.0,0,177,0,0,0,1,0,0,1,0,1,0,0,0,1,0,0,0
8.0,29.81,55.28,0.0,1.99,0.0,2,1,35.0,8.0,34.0,2.758451846,22.16,5530.0,1,177,0,1,0,0,0,0,1,0,1,0,0,0,1,0,0,0
8.0,27.77,57.73,0.0,0.93,18.3,2,1,35.0,8.0,34.0,2.352027567,18.619999999999997,5285.0,2,177,0,0,1,0,0,0,0,1,0,0,0,1,0,0,1,0
8.0,27.51,67.34,0.0,0.71,28.54,3,1,35.0,8.0,34.0,2.200629288,12.020000000000007,5425.0,3,177,1,0,0,0,0,0,0,1,0,1,0,0,0,0,0,1
8.0,27.63,70.35,0.0,3.19,33.82,1,1,35.0,8.0,34.0,2.3114509549999998,18.619999999999997,5285.0,4,177,0,0,1,0,0,1,0,0,0,1,0,0,0,0,0,1
8.0,28.73,48.53,0.0,0.49,0.0,3,1,35.0,8.0,34.0,2.5797926630000005,22.16,5565.0,5,177,0,1,0,0,0,1,0,0,0,0,0,1,0,0,1,0
8.0,30.59,63.1,0.0,0.95,0.0,1,1,35.0,8.0,34.0,2.74979116,22.16,5565.0,6,177,0,1,0,0,1,0,0,0,0,0,1,0,0,1,0,0
8.0,31.18,45.27,0.0,0.78,166.33,3,1,35.0,8.318333333333333,33.681666666666665,3.041567062,17.820000000000004,5390.0,7,177,0,0,0,1,0,0,1,0,0,0,0,1,0,0,1,0
8.0,31.9,56.24,0.0,2.95,321.11,2,1,35.0,8.0,34.0,3.1511095599999996,6.890000000000007,5425.0,8,177,1,0,0,0,1,0,0,0,0,0,1,0,0,1,0,0
8.0,31.93,67.71,0.0,4.0,460.3,3,1,35.0,8.0,34.0,3.0776612610000003,18.619999999999997,5320.0,9,177,0,0,1,0,0,1,0,0,1,0,0,0,1,0,0,0
8.0,32.81,80.42,7.23,1.27,550.44,0,0,0.0,8.0,34.0,2.9465695039999997,25.85,5320.0,10,177,0,0,1,0,0,0,0,1,0,0,1,0,0,1,0,0
8.0,34.1,56.65,0.0,2.91,634.36,4,1,35.0,8.0,34.0,3.539785950000001,22.16,5565.0,11,177,0,1,0,0,1,0,0,0,0,0,1,0,0,1,0,0
8.0,36.12,47.98,0.0,0.0,560.61,4,1,35.0,8.318333333333333,33.681666666666665,3.8844291519999996,17.820000000000004,5390.0,12,177,0,0,0,1,0,0,0,1,0,0,1,0,0,1,0,0
8.0,36.82,52.55,0.0,1.51,650.88,3,1,35.0,8.0,34.0,4.04088469,22.16,5565.0,13,177,0,1,0,0,0,1,0,0,0,0,1,0,0,1,0,0
8.0,37.16,56.34,0.0,3.12,614.43,1,1,35.0,8.0,34.0,4.141138607999999,17.820000000000004,5390.0,14,177,0,0,0,1,0,1,0,0,0,0,0,1,0,0,1,0
8.0,35.82,52.25,0.0,2.03,440.26,3,1,35.0,8.0,34.0,3.87465897,22.16,5565.0,15,177,0,1,0,0,0,0,1,0,0,1,0,0,0,0,0,1
17.56,36.0,50.33,11.94,3.59,332.08,0,0,0.0,9.593333333333334,32.406666666666666,4.011356579999999,33.47,5285.0,16,177,0,0,1,0,0,1,0,0,0,1,0,0,0,0,0,1
8.0,34.54,54.98,0.0,0.0,227.06,1,1,35.0,9.593333333333334,32.406666666666666,3.496134044,33.47,5250.0,17,177,0,0,1,0,0,0,1,0,0,0,0,1,0,0,1,0
8.0,31.35,63.29,0.0,1.52,1.17,3,1,35.0,8.0,34.0,2.9044989450000003,17.820000000000004,5390.0,18,177,0,0,0,1,0,0,0,1,0,0,1,0,0,1,0,0
8.0,32.67,58.28,0.0,2.94,10.69,1,1,35.0,8.0,34.0,3.262846202,22.16,5565.0,19,177,0,1,0,0,0,0,0,1,0,0,0,1,0,0,1,0
8.0,31.4,54.31,0.0,2.93,64.46,1,1,35.0,9.593333333333334,32.406666666666666,3.08515204,33.47,5285.0,20,177,0,0,1,0,0,0,0,1,0,0,0,1,0,0,1,0
8.0,29.37,57.42,0.0,3.02,71.27,3,1,35.0,9.593333333333334,32.406666666666666,2.714425348,33.47,5285.0,21,177,0,0,1,0,0,0,0,1,0,0,1,0,0,1,0,0
8.0,29.11,59.42,0.0,2.65,0.0,2,1,35.0,9.593333333333334,32.406666666666666,2.6321650239999994,33.47,5285.0,22,177,0,0,1,0,0,1,0,0,0,0,0,1,0,0,1,0
8.0,29.34,55.14,0.0,1.03,0.0,3,1,35.0,8.0,34.0,2.634762572,22.16,5565.0,23,177,0,1,0,0,0,0,1,0,0,0,0,1,0,0,1,0
8.0,26.78,59.22,0.0,1.47,31.28,2,1,35.0,8.0,34.0,2.212154172,17.820000000000004,5390.0,0,178,0,0,0,1,0,0,1,0,0,0,0,1,0,0,1,0
8.0,27.02,68.49,0.0,5.18,17.4,2,1,35.0,9.593333333333334,32.406666666666666,2.338347706,33.47,5285.0,1,178,0,0,1,0,0,1,0,0,0,1,0,0,0,0,0,1
8.0,30.27,59.77,0.0,0.89,24.71,1,1,35.0,8.0,34.0,2.730358373,33.47,5285.0,2,178,0,0,1,0,0,0,0,1,0,0,1,0,0,1,0,0
8.0,25.68,52.78,0.0,0.7,0.0,3,1,35.0,8.0,34.0,2.0752816080000005,33.47,5285.0,3,178,0,0,1,0,0,0,0,1,1,0,0,0,1,0,0,0
8.0,28.21,70.21,2.05,3.22,0.0,0,0,0.0,8.0,34.0,2.4032835470000005,19.870000000000005,5390.0,4,178,0,0,0,1,0,1,0,0,0,1,0,0,0,0,0,1
8.0,27.37,66.62,0.0,1.13,62.45,1,1,35.0,8.0,34.0,2.2078748279999996,32.22,5285.0,5,178,0,0,1,0,1,0,0,0,0,1,0,0,0,0,0,1
8.0,28.82,52.86,0.0,4.55,27.09,1,1,35.0,8.0,34.0,2.750956684,32.22,5285.0,6,178,0,0,1,0,0,0,1,0,0,1,0,0,0,0,0,1
8.0,30.61,58.55,0.0,5.68,180.61,4,1,35.0,8.0,34.0,3.0402959649999994,19.17,5285.0,7,178,0,0,1,0,0,0,0,1,0,1,0,0,0,0,0,1
8.0,30.46,55.68,0.0,2.11,281.52,4,1,35.0,8.0,34.0,2.8684622160000006,19.17,5285.0,8,178,0,0,1,0,0,1,0,0,0,0,1,0,0,1,0,0
8.0,33.84,63.26,0.0,2.77,445.09,2,1,35.0,8.0,34.0,3.4063928080000005,3.45,5565.0,9,178,0,1,0,0,1,0,0,0,0,0,0,1,0,0,1,0
8.0,35.97,54.22,0.0,0.21,582.85,4,1,35.0,8.0,34.0,3.7884017079999994,0.0,5425.0,10,178,1,0,0,0,0,0,1,0,0,0,0,1,0,0,1,0
8.0,36.04,56.26,12.22,3.64,579.44,1,0,0.0,8.0,34.0,3.9482264480000007,15.670000000000002,5565.0,11,178,0,1,0,0,0,0,0,1,0,1,0,0,0,0,0,1
8.0,36.95,54.72,0.0,0.0,625.32,3,1,35.0,8.0,34.0,3.9638671500000004,15.67,5530.0,12,178,0,1,0,0,0,0,0,1,0,0,0,1,0,0,1,0
8.0,33.74,48.25,0.0,0.79,640.99,4,1,35.0,8.0,34.0,3.4671419300000004,15.67,5530.0,13,178,0,1,0,0,0,1,0,0,0,1,0,0,0,0,0,1
8.0,35.58,66.97,0.0,2.54,583.56,3,1,35.0,8.0,34.0,3.673081442,19.17,5320.0,14,178,0,0,1,0,1,0,0,0,1,0,0,0,1,0,0,0
8.0,36.51,61.03,0.0,3.06,441.31,3,1,35.0,8.0,34.0,3.9512295909999993,18.990000000000002,5355.0,15,178,0,0,0,1,0,1,0,0,0,0,0,1,0,0,1,0
8.0,36.72,50.99,0.0,0.62,359.38,1,1,35.0,8.0,34.0,3.9961469159999994,0.0,5425.0,16,178,1,0,0,0,0,0,1,0,0,0,1,0,0,1,0,0
8.0,37.4,57.02,9.64,1.75,201.47,1,0,0.0,8.0,34.0,4.111878080000001,28.630000000000003,5355.0,17,178,0,0,0,1,0,1,0,0,1,0,0,0,1,0,0,0
8.0,35.55,63.98,0.0,0.41,0.0,2,1,35.0,8.0,34.0,3.5975961599999993,19.17,5320.0,18,178,0,0,1,0,1,0,0,0,0,1,0,0,0,0,0,1
8.0,34.33,58.53,0.0,2.02,57.33,1,1,35.0,8.0,34.0,3.5153638229999995,28.630000000000003,5320.0,19,178,0,0,0,1,0,0,1,0,0,1,0,0,0,0,0,1
8.0,35.9,67.78,0.0,1.44,40.82,3,1,35.0,8.0,34.0,3.66885822,15.67,5530.0,20,178,0,1,0,0,1,0,0,0,1,0,0,0,1,0,0,0
8.0,31.06,81.18,0.0,1.64,7.23,1,1,35.0,8.0,34.0,2.6601760759999995,0.0,5425.0,21,178,1,0,0,0,0,0,1,0,0,0,0,1,0,0,1,0
8.0,29.51,61.11,0.0,3.18,0.0,4,1,35.0,8.0,34.0,2.705115387,28.630000000000003,5320.0,22,178,0,0,0,1,0,0,1,0,0,0,0,1,0,0,1,0
8.0,29.38,58.02,0.0,2.74,27.63,4,1,35.0,8.0,34.0,2.695543092,0.0,5425.0,23,178,1,0,0,0,0,1,0,0,0,1,0,0,0,0,0,1
8.0,27.09,57.0,0.0,3.07,18.68,3,1,35.0,8.0,34.0,2.3619533300000004,28.630000000000003,5320.0,0,179,0,0,0,1,0,0,1,0,0,0,0,1,0,0,1,0
8.0,28.17,47.57,0.0,2.24,0.0,4,1,35.0,8.0,34.0,2.587479903,19.17,5320.0,1,179,0,0,1,0,1,0,0,0,0,1,0,0,0,0,0,1
8.0,25.34,74.07,0.0,3.26,56.22,4,1,35.0,8.0,34.0,1.9423481260000002,15.67,5530.0,2,179,0,1,0,0,0,0,1,0,0,0,0,1,0,0,1,0
8.0,27.27,61.31,0.0,2.36,0.0,4,1,35.0,8.0,34.0,2.309289879,28.630000000000003,5355.0,3,179,0,0,0,1,0,0,1,0,1,0,0,0,1,0,0,0
8.0,28.29,69.09,0.0,1.81,0.0,1,1,35.0,8.0,34.0,2.3570356670000003,12.879999999999999,5530.0,4,179,0,1,0,0,0,0,1,0,1,0,0,0,1,0,0,0
8.0,30.52,68.72,0.0,3.08,15.67,4,1,35.0,8.0,34.0,2.7821441279999997,28.630000000000003,5355.0,5,179,0,0,0,1,0,0,1,0,0,0,0,1,0,0,1,0
8.0,31.6,52.76,0.0,1.89,0.0,1,1,35.0,8.0,34.0,3.0854328800000004,0.0,5425.0,6,179,1,0,0,0,0,0,1,0,0,0,0,1,0,0,1,0
8.0,29.45,55.53,0.0,2.0,192.72,1,1,35.0,8.0,34.0,2.697006475,28.630000000000003,5355.0,7,179,0,0,0,1,0,1,0,0,0,0,1,0,0,1,0,0
8.0,35.04,69.78,0.0,3.68,276.19,4,1,35.0,8.0,34.0,3.5944309839999997,19.17,5320.0,8,179,0,0,1,0,0,0,1,0,1,0,0,0,1,0,0,0
8.0,33.19,58.56,0.0,3.57,450.71,4,1,35.0,8.0,34.0,3.3841495179999996,28.630000000000003,5355.0,9,179,0,0,0,1,0,0,1,0,0,1,0,0,0,0,0,1
8.0,34.29,53.55,0.0,2.04,603.18,3,1,35.0,8.0,34.0,3.568615545,12.22,5530.0,10,179,0,1,0,0,0,1,0,0,0,1,0,0,0,0,0,1
8.0,32.33,52.42,0.0,3.45,575.57,1,1,35.0,8.0,34.0,3.2957193119999992,19.17,5320.0,11,179,0,0,1,0,0,0,0,1,0,1,0,0,0,0,0,1
8.0,34.46,57.04,0.0,0.87,641.58,2,1,35.0,8.0,34.0,3.4999136880000004,12.22,5530.0,12,179,0,1,0,0,0,1,0,0,0,1,0,0,0,0,0,1
8.0,37.37,66.26,0.0,2.05,609.27,3,1,35.0,8.0,34.0,4.0036369039999995,28.630000000000003,5355.0,13,179,0,0,0,1,0,0,1,0,1,0,0,0,1,0,0,0
8.0,36.18,61.45,0.0,1.5,575.63,3,1,35.0,8.0,34.0,3.80396539,0.0,5425.0,14,179,1,0,0,0,0,0,1,0,0,1,0,0,0,0,0,1
8.0,35.95,58.11,0.0,2.4,473.38,3,1,35.0,8.0,34.0,3.8459338750000005,28.630000000000003,5355.0,15,179,0,0,0,1,0,1,0,0,0,0,0,1,0,0,1,0
8.0,35.73,68.13,0.0,3.28,328.4,1,1,35.0,8.0,34.0,3.724232123,28.630000000000003,5355.0,16,179,0,0,0,1,0,1,0,0,0,1,0,0,0,0,0,1
8.0,32.59,69.3,0.0,3.07,158.09,3,1,35.0,8.0,34.0,3.1274170200000007,19.17,5320.0,17,179,0,0,1,0,1,0,0,0,0,0,0,1,0,0,1,0
8.0,33.78,60.91,0.0,2.9,2.21,1,1,35.0,8.0,34.0,3.4298568259999995,12.22,5530.0,18,179,0,1,0,0,0,0,1,0,0,1,0,0,0,0,0,1
8.0,35.08,76.97,0.0,2.56,0.0,2,1,35.0,8.0,34.0,3.4584299919999997,28.630000000000003,5355.0,19,179,0,0,0,1,0,0,1,0,0,1,0,0,0,0,0,1
8.0,33.56,57.02,0.0,2.21,0.0,1,1,35.0,8.0,34.0,3.4013098240000006,19.17,5320.0,20,179,0,0,1,0,0,1,0,0,0,1,0,0,0,0,0,1
8.0,30.71,68.72,0.0,3.84,50.99,4,1,35.0,8.0,34.0,2.851677174,12.22,5530.0,21,179,0,1,0,0,0,1,0,0,0,0,0,1,0,0,1,0
8.0,32.27,57.03,0.0,0.54,0.0,2,1,35.0,8.0,34.0,3.086482287000001,28.630000000000003,5355.0,22,179,0,0,0,1,0,1,0,0,0,1,0,0,0,0,0,1
8.0,27.21,70.15,0.0,1.6,11.96,3,1,35.0,8.0,34.0,2.1706469850000003,16.0,5355.0,23,179,0,0,0,1,0,1,0,0,0,1,0,0,0,0,0,1
8.0,26.99,62.27,0.0,2.89,0.0,1,1,35.0,8.0,34.0,2.283441971,19.17,5320.0,0,180,0,0,1,0,0,1,0,0,0,1,0,0,0,0,0,1
8.0,30.84,64.16,0.0,4.23,68.42,4,1,35.0,8.0,34.0,2.943861728,16.0,5355.0,1,180,0,0,0,1,0,0,0,1,0,0,0,1,0,0,1,0
8.0,28.78,79.31,0.0,1.98,3.12,2,1,35.0,8.0,34.0,2.3326367660000003,12.22,5530.0,2,180,0,1,0,0,0,1,0,0,0,0,0,1,0,0,1,0
8.0,27.61,70.17,0.0,2.09,0.0,2,1,35.0,8.0,34.0,2.255294699,12.22,5530.0,3,180,0,1,0,0,0,0,0,1,0,0,0,1,0,0,1,0
8.0,28.36,66.25,0.0,0.85,0.0,2,1,35.0,8.0,34.0,2.3500614799999995,19.17,5320.0,4,180,0,0,1,0,0,0,1,0,0,1,0,0,0,0,0,1
8.0,27.87,57.88,0.0,1.75,0.0,2,1,35.0,8.0,34.0,2.407015362,0.0,5425.0,5,180,1,0,0,0,0,1,0,0,0,0,0,1,0,0,1,0
8.0,30.32,62.66,0.0,3.25,0.0,2,1,35.0,8.0,34.0,2.8247005040000004,12.22,5530.0,6,180,0,1,0,0,0,0,1,0,0,1,0,0,0,0,0,1
8.0,31.17,53.61,0.0,4.3,189.78,4,1,35.0,8.0,34.0,3.1218934789999997,12.22,5530.0,7,180,0,1,0,0,0,0,1,0,0,1,0,0,0,0,0,1
8.0,31.94,66.26,0.0,2.05,372.64,1,1,35.0,8.0,34.0,2.9984722280000002,0.0,5425.0,8,180,1,0,0,0,1,0,0,0,0,1,0,0,0,0,0,1
8.0,31.21,66.67,0.0,1.44,497.44,4,1,35.0,8.0,34.0,2.838560589,11.690000000000003,5390.0,9,180,0,0,0,1,0,1,0,0,0,1,0,0,0,0,0,1
8.0,34.31,56.9,0.0,2.48,559.25,2,1,35.0,8.0,34.0,3.5541928600000006,0.0,5425.0,10,180,1,0,0,0,0,0,1,0,0,1,0,0,0,0,0,1
8.0,33.94,70.09,0.0,0.46,647.8,1,1,35.0,8.0,34.0,3.2278428619999993,11.690000000000001,5390.0,11,180,0,0,0,1,1,0,0,0,0,1,0,0,0,0,0,1
8.0,33.89,69.14,0.0,3.88,678.3,4,1,35.0,8.0,34.0,3.4010957119999996,11.690000000000001,5390.0,12,180,0,0,0,1,0,0,1,0,0,0,0,1,0,0,1,0
8.0,37.67,56.51,8.81,0.92,706.59,0,0,0.0,8.0,34.0,4.131016039000001,8.810000000000008,5425.0,13,180,1,0,0,0,0,1,0,0,0,0,1,0,0,1,0,0
8.0,39.16,58.23,6.4,2.78,541.78,0,0,0.0,8.0,34.0,4.506413695999999,15.210000000000008,5390.0,14,180,1,0,0,0,0,0,0,1,0,0,1,0,0,1,0,0
8.0,38.69,50.53,3.88,2.76,512.45,2,0,0.0,8.0,34.0,4.508354498999999,15.57,5390.0,15,180,0,0,0,1,0,0,1,0,0,1,0,0,0,0,0,1
8.0,36.35,54.62,0.0,3.15,286.78,1,1,35.0,8.0,34.0,4.004445960000001,19.17,5320.0,16,180,0,0,1,0,0,0,1,0,0,0,1,0,0,1,0,0
8.0,34.34,50.58,0.0,2.71,209.53,4,1,35.0,8.0,34.0,3.6470560040000004,12.22,5565.0,17,180,0,1,0,0,0,0,0,1,0,0,1,0,0,1,0,0
8.0,33.8,55.21,0.0,2.4,0.0,2,1,35.0,8.0,34.0,3.476151719999999,15.57,5355.0,18,180,0,0,0,1,0,0,1,0,0,1,0,0,0,0,0,1
8.0,33.55,58.03,0.0,2.91,0.0,2,1,35.0,8.0,34.0,3.4225594349999993,19.17,5320.0,19,180,0,0,1,0,0,0,0,1,0,1,0,0,0,0,0,1
8.0,31.28,48.95,0.0,3.4,0.0,1,1,35.0,8.0,34.0,3.14844434,15.57,5355.0,20,180,0,0,0,1,0,1,0,0,0,1,0,0,0,0,0,1
8.0,32.85,63.36,0.0,4.56,0.0,2,1,35.0,8.0,34.0,3.3167484300000005,11.94,5320.0,21,180,0,0,1,0,0,0,0,1,0,0,0,1,0,0,1,0
8.0,26.86,71.27,0.0,1.08,14.91,3,1,35.0,8.0,34.0,2.0809342939999995,15.57,5355.0,22,180,0,0,0,1,0,0,0,1,1,0,0,0,1,0,0,0
8.0,28.64,62.63,0.0,0.19,42.93,1,1,35.0,8.0,34.0,2.399632124,12.22,5565.0,23,180,0,1,0,0,1,0,0,0,0,0,0,1,0,0,1,0
8.0,29.63,43.02,0.0,0.54,0.0,4,1,35.0,8.0,34.0,2.790006192,15.210000000000008,5355.0,0,181,1,0,0,0,0,1,0,0,0,0,1,0,0,1,0,0
8.0,26.76,62.42,0.0,0.22,0.0,2,1,35.0,8.0,34.0,2.1138487840000004,0.0,5320.0,1,181,0,0,1,0,1,0,0,0,0,0,0,1,0,0,1,0
8.0,27.53,53.82,0.0,0.96,0.0,4,1,35.0,8.0,34.0,2.3571283320000003,0.0,5320.0,2,181,0,0,1,0,0,0,1,0,0,0,1,0,0,1,0,0
8.0,28.91,58.2,0.0,0.81,31.68,2,1,35.0,8.0,34.0,2.52112797,0.0,5320.0,3,181,0,0,1,0,0,0,0,1,0,1,0,0,0,0,0,1
8.0,30.7,71.2,0.0,1.9,49.71,3,1,35.0,8.0,34.0,2.725349,13.520000000000003,5390.0,4,181,0,0,0,1,0,1,0,0,0,1,0,0,0,0,0,1
8.0,27.12,46.86,0.0,3.43,0.0,4,1,35.0,8.0,34.0,2.489291144,0.0,5320.0,5,181,0,0,1,0,0,1,0,0,0,0,0,1,0,0,1,0
8.0,27.84,57.62,0.0,3.15,0.0,3,1,35.0,8.0,34.0,2.4750718160000003,13.520000000000003,5390.0,6,181,0,0,0,1,0,0,0,1,0,1,0,0,0,0,0,1
8.0,29.43,67.86,0.0,1.65,111.7,4,1,35.0,8.0,34.0,2.542295076,0.0,5320.0,7,181,0,0,1,0,1,0,0,0,0,0,0,1,0,0,1,0
8.0,29.58,57.02,0.0,1.76,393.21,3,1,35.0,8.0,34.0,2.6900811719999997,12.22,5565.0,8,181,0,1,0,0,0,1,0,0,0,0,0,1,0,0,1,0
8.0,30.72,55.57,0.0,4.81,505.78,2,1,35.0,8.0,34.0,3.0485901479999993,3.8800000000000017,5390.0,9,181,0,0,0,1,0,1,0,0,1,0,0,0,1,0,0,0
8.0,32.43,73.88,0.0,3.11,493.67,4,1,35.0,8.0,34.0,3.048577218,12.22,5565.0,10,181,0,1,0,0,0,0,1,0,0,0,0,1,0,0,1,0
8.0,36.57,59.0,0.0,2.61,650.79,4,1,35.0,8.0,34.0,3.9658141700000002,0.0,5320.0,11,181,0,0,1,0,0,1,0,0,0,0,0,1,0,0,1,0
8.0,34.88,64.23,0.0,2.55,611.08,4,1,35.0,8.0,34.0,3.5754639480000003,3.8800000000000017,5390.0,12,181,0,0,0,1,0,0,0,1,0,1,0,0,0,0,0,1
8.0,35.8,60.42,0.0,2.05,610.05,4,1,35.0,8.0,34.0,3.7710662399999992,3.8800000000000017,5390.0,13,181,0,0,0,1,1,0,0,0,0,0,0,1,0,0,1,0
8.0,34.45,59.17,0.0,4.8,519.22,1,1,35.0,8.0,34.0,3.6689532750000007,3.8800000000000017,5390.0,14,181,0,0,0,1,0,0,1,0,0,0,0,1,0,0,1,0
8.0,36.7,65.09,0.0,2.17,389.59,4,1,35.0,8.0,34.0,3.8929418499999997,0.0,5320.0,15,181,0,0,1,0,0,0,0,1,0,0,1,0,0,1,0,0
8.0,38.17,68.41,0.0,2.58,323.4,1,1,35.0,8.0,34.0,4.162013499,3.8800000000000017,5390.0,16,181,0,0,0,1,0,0,0,1,0,1,0,0,0,0,0,1
8.0,33.38,47.11,0.96,0.42,234.57,2,1,35.0,8.0,34.0,3.3957426660000007,0.96,5355.0,17,181,0,0,1,0,0,1,0,0,0,0,1,0,0,1,0,0
8.0,36.47,56.17,0.0,1.64,0.0,4,1,35.0,8.0,34.0,3.933102312999999,15.210000000000008,5355.0,18,181,1,0,0,0,1,0,0,0,0,1,0,0,0,0,0,1
8.0,33.47,58.52,0.0,1.74,31.2,3,1,35.0,8.0,34.0,3.3437421779999994,15.210000000000008,5355.0,19,181,1,0,0,0,1,0,0,0,1,0,0,0,1,0,0,0
8.0,31.91,57.06,0.0,2.98,36.69,1,1,35.0,8.0,34.0,3.1449819320000003,12.22,5565.0,20,181,0,1,0,0,0,1,0,0,0,0,1,0,0,1,0,0
8.0,31.45,67.31,8.15,1.47,25.26,1,0,0.0,8.0,34.0,2.8735447250000004,9.11,5355.0,21,181,0,0,1,0,1,0,0,0,0,0,1,0,0,1,0,0
8.0,30.47,63.02,4.61,2.46,69.88,1,0,0.0,8.0,34.0,2.8061555279999997,13.720000000000002,5320.0,22,181,0,0,1,0,0,1,0,0,0,1,0,0,0,0,0,1
8.0,31.84,73.6,0.0,1.67,33.43,4,1,35.0,8.0,34.0,2.87843056,13.720000000000002,5285.0,23,181,0,0,1,0,0,0,1,0,0,1,0,0,0,0,0,1
8.0,29.18,69.96,0.0,1.08,63.16,4,1,35.0,8.0,34.0,2.451069936,13.720000000000002,5320.0,0,182,0,0,1,0,0,1,0,0,0,0,0,1,0,0,1,0
8.0,28.81,72.1,0.0,1.03,0.0,3,1,35.0,8.0,34.0,2.3670847999999998,15.210000000000008,5355.0,1,182,1,0,0,0,0,0,0,1,0,1,0,0,0,0,0,1
8.0,27.23,55.42,0.0,2.19,26.09,2,1,35.0,8.0,34.0,2.355704472,12.22,5565.0,2,182,0,1,0,0,0,0,0,1,0,1,0,0,0,0,0,1
8.0,29.26,56.55,0.0,2.52,52.88,1,1,35.0,8.0,34.0,2.6809579900000005,12.22,5565.0,3,182,0,1,0,0,0,0,1,0,0,1,0,0,0,0,0,1
8.0,26.96,58.96,0.0,2.17,0.0,3,1,35.0,8.0,34.0,2.276996672,3.8800000000000017,5390.0,4,182,0,0,0,1,0,0,0,1,0,0,0,1,0,0,1,0
8.0,29.2,71.5,0.0,1.4,0.0,2,1,35.0,8.0,34.0,2.4536049999999996,13.720000000000002,5320.0,5,182,0,0,1,0,1,0,0,0,1,0,0,0,1,0,0,0
8.0,34.19,51.48,0.0,2.23,0.0,2,1,35.0,8.0,34.0,3.5842552339999996,15.210000000000008,5355.0,6,182,1,0,0,0,1,0,0,0,0,0,0,1,0,0,1,0
8.0,27.07,57.38,0.0,2.01,142.87,3,1,35.0,8.0,34.0,2.301983732,15.210000000000008,5355.0,7,182,1,0,0,0,0,0,1,0,0,0,0,1,0,0,1,0
8.0,32.21,51.98,0.0,1.15,344.64,2,1,35.0,8.0,34.0,3.1645012760000006,15.210000000000008,5355.0,8,182,1,0,0,0,0,1,0,0,0,0,0,1,0,0,1,0
8.0,33.31,78.23,0.0,2.5,439.79,1,1,35.0,8.0,34.0,3.121073311,13.720000000000002,5320.0,9,182,0,0,1,0,0,0,1,0,0,0,1,0,0,1,0,0
8.0,33.52,57.79,0.0,4.57,563.03,4,1,35.0,8.0,34.0,3.502936676000001,13.720000000000002,5320.0,10,182,0,0,1,0,0,0,0,1,0,0,0,1,0,0,1,0
8.0,34.39,61.8,0.0,2.22,606.7,2,1,35.0,8.0,34.0,3.49724377,3.8800000000000017,5390.0,11,182,0,0,0,1,0,0,1,0,0,0,0,1,0,0,1,0
8.0,35.46,49.24,0.0,0.65,645.5,3,1,35.0,8.0,34.0,3.7730989280000005,3.8800000000000017,5390.0,12,182,0,0,0,1,0,0,0,1,0,0,0,1,0,0,1,0
8.0,35.35,64.04,0.0,4.16,625.53,3,1,35.0,8.0,34.0,3.7465037700000003,13.720000000000002,5320.0,13,182,0,0,1,0,0,0,1,0,0,1,0,0,0,0,0,1
8.0,36.2,44.23,0.0,3.91,540.78,1,1,35.0,8.0,34.0,4.1422034,15.210000000000008,5355.0,14,182,1,0,0,0,0,0,0,1,0,1,0,0,0,0,0,1
8.0,35.0,50.75,0.0,4.12,488.36,4,1,35.0,8.0,34.0,3.840092,3.8800000000000017,5390.0,15,182,0,0,0,1,0,0,0,1,0,1,0,0,0,0,0,1
8.0,38.36,49.79,0.0,2.35,373.31,4,1,35.0,8.0,34.0,4.429257007999999,12.22,5565.0,16,182,0,1,0,0,0,0,0,1,0,0,1,0,0,1,0,0
8.0,34.31,59.68,0.0,1.46,128.02,3,1,35.0,8.0,34.0,3.4698737260000003,3.8800000000000017,5390.0,17,182,0,0,0,1,1,0,0,0,0,0,1,0,0,1,0,0
8.0,34.72,52.27,0.0,1.33,7.61,4,1,35.0,8.0,34.0,3.6291364279999994,13.720000000000002,5320.0,18,182,0,0,1,0,0,0,0,1,0,0,1,0,0,1,0,0
8.0,31.9,70.75,0.0,3.77,0.0,3,1,35.0,8.0,34.0,3.02624575,3.8800000000000017,5390.0,19,182,0,0,0,1,0,0,1,0,0,0,1,0,0,1,0,0
8.0,33.26,62.51,0.0,4.33,0.0,2,1,35.0,8.0,34.0,3.388382942,15.210000000000008,5355.0,20,182,1,0,0,0,0,0,1,0,0,0,0,1,0,0,1,0
8.0,31.93,55.23,0.0,1.3,36.28,1,1,35.0,8.0,34.0,3.0854062530000004,3.8800000000000017,5390.0,21,182,0,0,0,1,0,0,1,0,0,1,0,0,0,0,0,1
8.0,30.49,68.19,0.0,0.0,70.26,4,1,35.0,8.0,34.0,2.629066957,12.22,5565.0,22,182,0,1,0,0,0,0,1,0,0,0,0,1,0,0,1,0
8.0,27.49,60.85,0.0,2.38,0.0,3,1,35.0,8.0,34.0,2.3486946349999993,12.22,5565.0,23,182,0,1,0,0,0,0,0,1,0,0,1,0,0,1,0,0
8.0,27.24,59.67,0.0,1.31,64.17,2,1,35.0,8.0,34.0,2.2692126159999995,3.8800000000000017,5390.0,0,183,0,0,0,1,0,1,0,0,0,0,0,1,0,0,1,0
8.0,30.5,67.47,0.0,1.55,0.0,4,1,35.0,8.0,34.0,2.71622077,15.210000000000008,5355.0,1,183,1,0,0,0,0,1,0,0,0,0,0,1,0,0,1,0
8.0,26.69,47.08,0.0,2.11,0.0,3,1,35.0,8.0,34.0,2.3548521140000003,15.210000000000008,5390.0,2,183,1,0,0,0,0,1,0,0,1,0,0,0,1,0,0,0
8.0,28.93,67.6,0.0,2.89,58.37,2,1,35.0,8.0,34.0,2.5273094300000003,0.0,5565.0,3,183,0,1,0,0,0,1,0,0,0,1,0,0,0,0,0,1
8.0,26.96,59.04,0.0,1.46,0.0,1,1,35.0,8.0,34.0,2.2406730880000003,0.0,5565.0,4,183,0,1,0,0,0,0,1,0,0,1,0,0,0,0,0,1
8.0,30.52,56.18,0.0,2.56,32.08,4,1,35.0,8.0,34.0,2.895508672,3.8800000000000017,5390.0,5,183,0,0,0,1,0,0,1,0,1,0,0,0,1,0,0,0
8.0,28.81,76.26,0.0,2.25,0.0,1,1,35.0,8.0,34.0,2.383488351999999,13.720000000000002,5320.0,6,183,0,0,1,0,0,0,0,1,0,1,0,0,0,0,0,1
8.0,29.36,58.4,0.0,0.0,143.01,2,1,35.0,8.0,34.0,2.55116736,15.210000000000008,5390.0,7,183,1,0,0,0,0,0,1,0,0,0,0,1,0,0,1,0
8.0,30.77,67.68,0.0,3.05,307.19,3,1,35.0,8.0,34.0,2.833787422,13.720000000000002,5320.0,8,183,0,0,1,0,0,0,0,1,0,0,1,0,0,1,0,0
8.0,32.04,61.92,0.0,1.86,383.73,3,1,35.0,8.0,34.0,3.0560079360000003,13.720000000000002,5320.0,9,183,0,0,1,0,0,0,1,0,1,0,0,0,1,0,0,0
8.0,34.44,60.73,0.0,0.88,607.05,3,1,35.0,8.0,34.0,3.4523517839999993,0.0,5600.0,10,183,0,1,0,0,0,1,0,0,1,0,0,0,1,0,0,0
8.0,34.77,56.03,0.0,1.53,635.77,4,1,35.0,8.0,34.0,3.603111137000001,3.8800000000000017,5390.0,11,183,0,0,0,1,0,0,0,1,0,1,0,0,0,0,0,1
8.0,33.66,56.55,0.0,2.64,644.82,3,1,35.0,8.0,34.0,3.4466157899999987,3.8800000000000017,5390.0,12,183,0,0,0,1,0,0,0,1,0,1,0,0,0,0,0,1
8.0,35.66,67.77,0.0,2.46,603.6,4,1,35.0,8.0,34.0,3.674395913999999,0.0,5600.0,13,183,0,1,0,0,0,1,0,0,0,0,1,0,0,1,0,0
8.0,34.12,64.82,0.0,3.17,573.83,3,1,35.0,8.0,34.0,3.4589194080000003,13.720000000000002,5320.0,14,183,0,0,1,0,0,0,1,0,0,1,0,0,0,0,0,1
8.0,36.67,52.77,0.0,2.92,490.54,2,1,35.0,8.0,34.0,4.0789464330000005,15.210000000000008,5390.0,15,183,1,0,0,0,1,0,0,0,0,0,1,0,0,1,0,0
8.0,36.54,49.05,0.0,0.99,315.39,2,1,35.0,8.0,34.0,4.00330557,13.720000000000002,5320.0,16,183,0,0,1,0,1,0,0,0,0,0,0,1,0,0,1,0
8.0,34.63,53.81,0.0,0.0,201.96,2,1,35.0,8.0,34.0,3.527107661000001,15.210000000000008,5390.0,17,183,1,0,0,0,1,0,0,0,0,0,0,1,0,0,1,0
8.0,34.24,65.07,0.0,2.55,9.63,2,1,35.0,8.0,34.0,3.4469182360000006,13.720000000000002,5320.0,18,183,0,0,1,0,0,0,1,0,0,0,1,0,0,1,0,0
8.0,35.5,65.45,0.0,3.16,0.0,4,1,35.0,8.0,34.0,3.7075934499999996,0.0,5600.0,19,183,0,1,0,0,0,0,0,1,1,0,0,0,1,0,0,0
8.0,31.6,64.2,0.0,2.16,31.93,1,1,35.0,8.0,34.0,2.9689516000000005,13.720000000000002,5320.0,20,183,0,0,1,0,0,1,0,0,0,0,1,0,0,1,0,0
8.0,29.39,50.77,0.0,3.19,0.0,2,1,35.0,8.0,34.0,2.798360081,15.210000000000008,5390.0,21,183,1,0,0,0,0,1,0,0,1,0,0,0,1,0,0,0
8.0,30.71,66.31,3.9,1.2,0.0,1,0,0.0,8.0,34.0,2.7465662670000004,3.9,5600.0,22,183,0,1,0,0,0,1,0,0,0,1,0,0,0,0,0,1
8.0,27.31,72.88,0.0,1.98,0.0,1,1,35.0,8.0,34.0,2.176342566,3.8800000000000017,5390.0,23,183,0,0,0,1,0,0,1,0,0,0,0,1,0,0,1,0
8.0,28.03,64.39,2.26,1.3,1.23,2,0,0.0,8.0,34.0,2.3408857189999996,6.16,5600.0,0,184,0,1,0,0,0,0,0,1,0,1,0,0,0,0,0,1
8.0,27.05,77.82,0.0,3.24,0.0,2,1,35.0,8.0,34.0,2.14959054,6.16,5565.0,1,184,0,1,0,0,0,0,0,1,0,0,1,0,0,1,0,0
8.0,26.76,54.95,0.0,1.31,41.65,2,1,35.0,8.0,34.0,2.2449073200000003,15.210000000000008,5390.0,2,184,1,0,0,0,0,0,0,1,1,0,0,0,1,0,0,0
8.0,27.57,68.34,1.88,4.87,17.52,3,1,35.0,8.0,34.0,2.4073223360000005,17.090000000000007,5390.0,3,184,1,0,0,0,0,0,0,1,0,0,0,1,0,0,1,0
8.0,29.69,54.7,0.0,1.8,0.0,1,1,35.0,8.0,34.0,2.73547794,13.720000000000002,5320.0,4,184,0,0,1,0,1,0,0,0,0,0,0,1,0,0,1,0
8.0,30.64,68.5,0.0,3.36,0.0,3,1,35.0,8.0,34.0,2.81849148,13.720000000000002,5320.0,5,184,0,0,1,0,0,0,0,1,0,0,0,1,0,0,1,0
8.0,31.2,64.93,0.0,1.81,2.82,2,1,35.0,8.0,34.0,2.8749789,6.16,5565.0,6,184,0,1,0,0,0,1,0,0,0,0,0,1,0,0,1,0
8.0,31.28,73.19,0.0,4.01,186.64,1,1,35.0,8.0,34.0,2.9053135240000003,17.090000000000007,5390.0,7,184,1,0,0,0,1,0,0,0,0,0,1,0,0,1,0,0
8.0,31.42,63.96,0.0,3.96,326.84,4,1,35.0,8.0,34.0,3.030866944,13.720000000000002,5320.0,8,184,0,0,1,0,0,0,1,0,1,0,0,0,1,0,0,0
8.0,29.31,59.33,0.0,2.01,454.21,3,1,35.0,8.0,34.0,2.6334680809999993,6.16,5565.0,9,184,0,1,0,0,0,0,1,0,0,0,0,1,0,0,1,0
8.0,34.36,54.67,0.0,2.73,516.22,2,1,35.0,8.0,34.0,3.6027354239999996,13.720000000000002,5320.0,10,184,0,0,1,0,0,1,0,0,0,0,0,1,0,0,1,0
8.0,31.22,58.87,0.0,3.93,603.01,3,1,35.0,8.0,34.0,3.0526944179999993,3.8800000000000017,5390.0,11,184,0,0,0,1,0,0,1,0,0,0,0,1,0,0,1,0
8.0,32.39,56.12,0.0,2.77,659.7,3,1,35.0,8.0,34.0,3.229671986,13.720000000000002,5320.0,12,184,0,0,1,0,0,0,1,0,0,0,0,1,0,0,1,0
8.0,35.43,66.69,0.0,1.3,634.43,3,1,35.0,8.0,34.0,3.5861804690000003,0.0,5390.0,13,184,0,0,0,1,1,0,0,0,0,1,0,0,0,0,0,1
8.0,36.2,65.57,0.0,2.48,510.93,3,1,35.0,8.0,34.0,3.805660600000001,13.720000000000002,5320.0,14,184,0,0,1,0,0,1,0,0,0,1,0,0,0,0,0,1
8.0,35.0,47.13,0.0,1.5,439.95,2,1,35.0,8.0,34.0,3.75305328,6.16,5565.0,15,184,0,1,0,0,1,0,0,0,0,0,1,0,0,1,0,0
8.0,37.58,55.81,0.0,2.58,292.46,3,1,35.0,8.0,34.0,4.204840625999999,13.720000000000002,5320.0,16,184,0,0,1,0,1,0,0,0,0,0,0,1,0,0,1,0
8.0,35.33,57.77,0.0,1.46,215.99,4,1,35.0,8.0,34.0,3.6843470469999993,12.760000000000002,5320.0,17,184,0,0,1,0,0,0,1,0,0,1,0,0,0,0,0,1
8.0,33.43,53.38,0.0,2.85,8.79,1,1,35.0,8.0,34.0,3.452552268,6.16,5565.0,18,184,0,1,0,0,0,1,0,0,0,0,1,0,0,1,0,0
8.0,34.92,60.73,0.0,0.25,15.06,4,1,35.0,8.0,34.0,3.510371832,17.090000000000007,5390.0,19,184,1,0,0,0,0,1,0,0,0,0,1,0,0,1,0,0
8.0,34.16,68.5,0.0,1.05,0.0,2,1,35.0,8.0,34.0,3.3162634799999995,4.610000000000002,5320.0,20,184,0,0,1,0,0,1,0,0,0,0,1,0,0,1,0,0
8.0,31.54,66.61,0.0,1.45,0.0,1,1,35.0,8.0,34.0,2.8958186779999995,17.090000000000007,5390.0,21,184,1,0,0,0,0,1,0,0,0,0,0,1,0,0,1,0
8.0,28.65,72.11,1.08,2.21,0.0,3,1,35.0,8.0,34.0,2.400935565,1.0800000000000018,5320.0,22,184,0,0,1,0,0,1,0,0,0,0,1,0,0,1,0,0
8.0,28.15,58.05,0.0,0.59,17.25,4,1,35.0,8.0,34.0,2.391031325,1.0800000000000018,5320.0,23,184,0,0,1,0,1,0,0,0,0,0,1,0,0,1,0,0
8.0,26.14,64.94,8.22,1.34,0.0,0,0,0.0,8.0,34.0,2.052464052,9.300000000000002,5355.0,0,185,0,0,1,0,0,0,1,0,0,0,1,0,0,1,0,0
8.0,27.85,57.96,0.0,3.33,17.61,3,1,35.0,8.0,34.0,2.4820597300000005,6.16,5565.0,1,185,0,1,0,0,0,1,0,0,0,1,0,0,0,0,0,1
8.0,26.2,66.31,0.0,3.48,5.0,2,1,35.0,8.0,34.0,2.1543828,17.090000000000007,5390.0,2,185,1,0,0,0,0,0,1,0,0,0,1,0,0,1,0,0
8.0,27.42,65.97,5.96,0.0,10.34,2,0,0.0,8.0,34.0,2.165716938,12.12,5565.0,3,185,0,1,0,0,0,1,0,0,0,0,0,1,0,0,1,0
8.0,28.7,69.36,0.0,1.7,12.13,2,1,35.0,8.0,34.0,2.4126598,17.090000000000007,5390.0,4,185,1,0,0,0,0,1,0,0,0,1,0,0,0,0,0,1
8.0,25.97,74.02,0.0,3.93,0.0,4,1,35.0,8.0,34.0,2.0657591279999994,0.0,5390.0,5,185,0,0,0,1,0,1,0,0,0,1,0,0,0,0,0,1
8.0,27.88,68.12,0.0,2.86,0.0,2,1,35.0,8.0,34.0,2.3564883519999995,0.0,5390.0,6,185,0,0,0,1,0,0,1,0,0,1,0,0,0,0,0,1
8.0,29.98,55.59,0.0,2.89,200.04,1,1,35.0,8.0,34.0,2.828221374,9.300000000000002,5320.0,7,185,0,0,1,0,0,0,1,0,0,1,0,0,0,0,0,1
8.0,31.7,50.78,0.0,3.08,388.92,1,1,35.0,8.0,34.0,3.1849146999999998,9.300000000000002,5320.0,8,185,0,0,1,0,0,0,1,0,0,0,0,1,0,0,1,0
8.0,32.07,63.58,4.33,1.25,491.75,0,0,0.0,8.0,34.0,3.0116921120000004,4.330000000000002,5425.0,9,185,0,0,0,1,0,0,0,1,0,0,0,1,0,0,1,0
8.0,33.37,69.41,0.0,2.66,465.3,3,1,35.0,8.0,34.0,3.243455439,9.300000000000002,5320.0,10,185,0,0,1,0,0,0,0,1,0,0,0,1,0,0,1,0
8.0,33.55,58.59,0.0,2.97,601.32,4,1,35.0,8.0,34.0,3.418945554999999,9.300000000000002,5320.0,11,185,0,0,1,0,1,0,0,0,0,1,0,0,0,0,0,1
8.0,33.07,48.45,0.76,2.53,654.02,1,1,35.0,8.0,34.0,3.4288532250000006,5.090000000000002,5390.0,12,185,0,0,0,1,0,0,1,0,0,1,0,0,0,0,0,1
8.0,34.84,72.32,0.0,1.93,589.41,1,1,35.0,8.0,34.0,3.4390557760000005,5.090000000000002,5390.0,13,185,0,0,0,1,1,0,0,0,0,0,1,0,0,1,0,0
8.0,35.46,60.66,9.61,2.34,522.84,2,0,0.0,8.0,34.0,3.7177062120000004,14.700000000000001,5390.0,14,185,0,0,0,1,0,0,0,1,0,0,1,0,0,1,0,0
8.0,35.18,58.66,0.0,1.03,444.96,4,1,35.0,8.0,34.0,3.623528156,12.12,5530.0,15,185,0,1,0,0,0,1,0,0,0,1,0,0,0,0,0,1
8.0,35.41,49.1,0.0,3.14,337.09,2,1,35.0,8.0,34.0,3.889681499999999,14.700000000000001,5390.0,16,185,0,0,0,1,0,1,0,0,0,0,0,1,0,0,1,0
8.0,35.23,57.53,0.0,0.68,189.85,3,1,35.0,8.0,34.0,3.629280212999999,12.12,5530.0,17,185,0,1,0,0,0,1,0,0,0,1,0,0,0,0,0,1
8.0,34.8,62.57,4.9,1.42,0.0,2,0,0.0,8.0,34.0,3.52413214,13.180000000000007,5390.0,18,185,1,0,0,0,0,1,0,0,0,0,1,0,0,1,0,0
8.0,31.86,63.63,0.0,3.22,0.0,1,1,35.0,8.0,34.0,3.0732163459999997,14.700000000000001,5390.0,19,185,0,0,0,1,0,1,0,0,0,1,0,0,0,0,0,1
8.0,29.41,57.31,0.0,2.75,0.0,2,1,35.0,8.0,34.0,2.7086368570000006,6.780000000000007,5355.0,20,185,1,0,0,0,1,0,0,0,0,0,1,0,0,1,0,0
8.0,32.65,59.08,0.0,1.82,17.75,1,1,35.0,8.0,34.0,3.19400797,14.700000000000001,5390.0,21,185,0,0,0,1,0,1,0,0,0,0,1,0,0,1,0,0
8.0,30.36,57.0,0.0,0.35,15.4,4,1,35.0,8.0,34.0,2.74903888,9.300000000000002,5320.0,22,185,0,0,1,0,0,0,0,1,0,0,0,1,0,0,1,0
8.0,27.52,75.24,0.0,2.34,31.75,1,1,35.0,8.0,34.0,2.201303056,9.300000000000002,5320.0,23,185,0,0,1,0,0,0,0,1,0,1,0,0,0,0,0,1
8.0,28.7,68.91,0.0,1.64,4.54,1,1,35.0,8.0,34.0,2.4144725499999997,9.300000000000002,5355.0,0,186,0,0,1,0,0,1,0,0,0,1,0,0,0,0,0,1
8.0,29.48,58.34,0.0,2.98,0.0,4,1,35.0,8.0,34.0,2.7203606240000004,9.300000000000002,5355.0,1,186,0,0,1,0,0,0,1,0,0,0,0,1,0,0,1,0
8.0,30.34,53.15,0.0,1.78,0.0,1,1,35.0,8.0,34.0,2.85981805,6.780000000000007,5355.0,2,186,1,0,0,0,0,0,1,0,0,0,0,1,0,0,1,0
8.0,28.26,64.94,0.0,0.3,29.99,2,1,35.0,8.0,34.0,2.3208465080000003,9.300000000000002,5355.0,3,186,0,0,1,0,0,1,0,0,0,0,0,1,0,0,1,0
8.0,29.87,58.26,0.0,0.74,0.0,3,1,35.0,8.0,34.0,2.673208204,6.780000000000007,5355.0,4,186,1,0,0,0,0,0,1,0,0,0,0,1,0,0,1,0
8.0,27.1,60.99,0.0,1.89,0.0,3,1,35.0,8.0,34.0,2.2632732700000004,9.300000000000002,5355.0,5,186,0,0,1,0,0,1,0,0,0,1,0,0,0,0,0,1
8.0,29.69,53.9,0.0,2.53,9.98,4,1,35.0,8.0,34.0,2.7807161000000002,9.300000000000002,5355.0,6,186,0,0,1,0,0,1,0,0,0,0,0,1,0,0,1,0
8.0,30.21,54.36,0.0,1.0,238.36,4,1,35.0,8.0,34.0,2.785619402,12.12,5530.0,7,186,0,1,0,0,0,1,0,0,0,0,0,1,0,0,1,0
8.0,32.26,60.93,0.0,1.49,303.96,4,1,35.0,8.0,34.0,3.0873160459999998,6.780000000000007,5355.0,8,186,1,0,0,0,0,1,0,0,0,1,0,0,0,0,0,1
8.0,35.2,55.58,0.0,3.35,455.36,4,1,35.0,8.0,34.0,3.7808598,14.700000000000001,5390.0,9,186,0,0,0,1,1,0,0,0,0,0,0,1,0,0,1,0
8.0,34.12,75.78,0.0,3.73,621.98,3,1,35.0,8.0,34.0,3.356039472,14.700000000000001,5390.0,10,186,0,0,0,1,0,1,0,0,0,0,1,0,0,1,0,0
8.0,33.17,63.23,0.0,2.73,607.26,4,1,35.0,8.0,34.0,3.283800657,9.300000000000002,5355.0,11,186,0,0,1,0,1,0,0,0,0,0,0,1,0,0,1,0
8.0,33.31,50.89,0.0,2.06,687.61,3,1,35.0,8.0,34.0,3.4204632130000006,9.300000000000002,5355.0,12,186,0,0,1,0,0,0,0,1,1,0,0,0,1,0,0,0
8.0,38.08,44.39,0.0,1.65,641.59,3,1,35.0,8.0,34.0,4.406175884,6.780000000000007,5355.0,13,186,1,0,0,0,0,1,0,0,0,0,1,0,0,1,0,0
8.0,36.51,59.18,0.0,3.05,555.18,4,1,35.0,8.0,34.0,3.9738384959999995,6.780000000000007,5355.0,14,186,1,0,0,0,0,1,0,0,0,0,1,0,0,1,0,0
8.0,36.28,53.8,0.0,2.02,475.43,1,1,35.0,8.0,34.0,3.9444656,12.12,5530.0,15,186,0,1,0,0,0,0,1,0,0,1,0,0,0,0,0,1
8.0,34.69,67.17,0.0,3.5,319.84,2,1,35.0,8.0,34.0,3.5520963709999993,6.780000000000007,5390.0,16,186,1,0,0,0,0,0,1,0,0,1,0,0,0,0,0,1
8.0,34.97,59.59,0.0,3.57,247.26,2,1,35.0,8.0,34.0,3.699594081,12.12,5530.0,17,186,0,1,0,0,0,1,0,0,0,0,0,1,0,0,1,0
8.0,32.26,45.91,0.0,2.89,0.0,3,1,35.0,8.0,34.0,3.3302533219999995,12.12,5530.0,18,186,0,1,0,0,0,0,1,0,0,1,0,0,0,0,0,1
8.0,33.36,51.78,3.79,1.8,0.0,0,0,0.0,8.0,34.0,3.4061195759999996,10.570000000000007,5390.0,19,186,1,0,0,0,1,0,0,0,0,0,0,1,0,0,1,0
8.0,29.98,56.89,0.0,1.9,0.0,2,1,35.0,8.0,34.0,2.7644351540000005,12.12,5530.0,20,186,0,1,0,0,0,0,1,0,0,1,0,0,0,0,0,1
8.0,30.17,64.56,0.0,0.43,0.0,4,1,35.0,8.0,34.0,2.6378893340000005,9.300000000000002,5355.0,21,186,0,0,1,0,0,0,0,1,0,0,0,1,0,0,1,0
8.0,28.78,55.21,0.0,2.34,37.81,4,1,35.0,8.0,34.0,2.608829706,10.570000000000007,5355.0,22,186,1,0,0,0,0,1,0,0,0,1,0,0,0,0,0,1
8.0,24.03,67.45,0.0,2.3,0.0,4,1,35.0,8.0,34.0,1.7779725649999998,10.570000000000007,5355.0,23,186,1,0,0,0,0,0,1,0,0,0,0,1,0,0,1,0
8.0,27.72,54.07,0.0,0.75,17.22,2,1,35.0,8.0,34.0,2.3735818479999997,9.300000000000002,5355.0,0,187,0,0,1,0,0,0,0,1,0,0,0,1,0,0,1,0
8.0,26.5,64.45,0.0,5.24,8.1,2,1,35.0,8.0,34.0,2.30540395,12.12,5530.0,1,187,0,1,0,0,0,1,0,0,1,0,0,0,1,0,0,0
8.0,27.39,66.28,0.0,3.07,29.35,3,1,35.0,8.0,34.0,2.311439994,14.700000000000001,5425.0,2,187,0,0,0,1,0,0,1,0,0,1,0,0,0,0,0,1
8.0,27.85,73.55,0.0,1.39,0.0,2,1,35.0,8.0,34.0,2.2213725250000005,14.700000000000001,5425.0,3,187,0,0,0,1,0,0,0,1,0,0,0,1,0,0,1,0
8.0,30.9,62.6,0.0,4.87,11.28,3,1,35.0,8.0,34.0,3.0034264,14.700000000000001,5425.0,4,187,0,0,0,1,0,1,0,0,0,1,0,0,0,0,0,1
8.0,29.34,56.41,0.0,1.8,0.0,2,1,35.0,8.0,34.0,2.659492978,10.570000000000007,5355.0,5,187,1,0,0,0,0,1,0,0,0,0,0,1,0,0,1,0
8.0,30.21,71.88,0.0,3.4,0.0,1,1,35.0,8.0,34.0,2.7121583060000005,9.300000000000002,5355.0,6,187,0,0,1,0,0,1,0,0,0,1,0,0,0,0,0,1
8.0,31.42,59.19,0.0,2.51,224.2,2,1,35.0,8.0,34.0,3.0123662060000003,14.700000000000001,5425.0,7,187,0,0,0,1,0,0,1,0,0,0,0,1,0,0,1,0
8.0,33.02,64.6,0.0,1.85,298.32,4,1,35.0,8.0,34.0,3.1969921600000006,9.300000000000002,5355.0,8,187,0,0,1,0,0,0,0,1,0,0,1,0,0,1,0,0
8.0,33.42,54.57,0.0,2.0,442.87,1,1,35.0,8.0,34.0,3.394209178,12.12,5530.0,9,187,0,1,0,0,1,0,0,0,0,0,0,1,0,0,1,0
8.0,34.13,58.93,2.13,4.12,532.93,0,0,0.0,8.0,34.0,3.5785990430000005,16.830000000000002,5425.0,10,187,0,0,0,1,0,1,0,0,1,0,0,0,1,0,0,0
8.0,35.6,51.51,0.0,3.45,641.92,4,1,35.0,8.0,34.0,3.9122461800000004,9.300000000000002,5355.0,11,187,0,0,1,0,0,0,0,1,0,0,0,1,0,0,1,0
8.0,31.53,62.63,0.0,2.25,633.26,2,1,35.0,8.0,34.0,2.979268553,16.830000000000002,5390.0,12,187,0,0,0,1,1,0,0,0,1,0,0,0,1,0,0,0
8.0,38.71,60.26,0.0,0.0,680.89,3,1,35.0,8.0,34.0,4.248037532,9.300000000000002,5355.0,13,187,0,0,1,0,0,0,0,1,0,1,0,0,0,0,0,1
8.0,38.09,51.66,0.0,2.77,581.6,4,1,35.0,8.0,34.0,4.370781428,16.830000000000002,5390.0,14,187,0,0,0,1,0,1,0,0,0,0,0,1,0,0,1,0
8.0,35.9,53.03,3.67,0.9,449.93,0,0,0.0,8.0,34.0,3.82403547,14.240000000000007,5355.0,15,187,1,0,0,0,0,1,0,0,0,0,1,0,0,1,0,0
8.0,33.05,61.66,0.0,3.05,293.16,4,1,35.0,8.0,34.0,3.2967182199999994,9.300000000000002,5355.0,16,187,0,0,1,0,1,0,0,0,0,1,0,0,0,0,0,1
8.0,36.35,50.74,0.0,1.54,164.36,1,1,35.0,8.0,34.0,3.972269420000001,9.300000000000002,5355.0,17,187,0,0,1,0,1,0,0,0,0,0,0,1,0,0,1,0
8.0,32.67,48.84,0.0,1.67,18.2,4,1,35.0,8.0,34.0,3.3089266659999996,16.830000000000002,5390.0,18,187,0,0,0,1,0,0,0,1,0,0,0,1,0,0,1,0
8.0,33.54,61.24,0.0,1.63,0.0,2,1,35.0,8.0,34.0,3.318836112,12.12,5530.0,19,187,0,1,0,0,0,1,0,0,0,0,0,1,0,0,1,0
8.0,29.78,61.02,0.57,3.62,0.0,1,1,35.0,8.0,34.0,2.772178252,8.790000000000003,5390.0,20,187,0,0,1,0,0,0,1,0,0,0,0,1,0,0,1,0
8.0,34.01,57.49,0.0,0.28,0.0,2,1,35.0,8.0,34.0,3.3816655429999996,8.790000000000003,5390.0,21,187,0,0,1,0,0,1,0,0,0,0,0,1,0,0,1,0
8.0,27.54,67.21,0.0,3.29,78.51,3,1,35.0,8.0,34.0,2.3355469579999997,14.240000000000007,5320.0,22,187,1,0,0,0,0,1,0,0,1,0,0,0,1,0,0,0
8.0,28.98,67.04,0.0,2.81,0.0,1,1,35.0,8.0,34.0,2.5372639439999998,0.5700000000000017,5390.0,23,187,0,0,1,0,0,0,0,1,0,0,0,1,0,0,1,0
8.0,25.02,64.46,0.0,2.31,0.0,2,1,35.0,8.0,34.0,1.9447789639999997,14.240000000000007,5320.0,0,188,1,0,0,0,0,0,0,1,0,0,1,0,0,1,0,0
8.0,27.74,55.55,0.0,1.86,0.0,1,1,35.0,8.0,34.0,2.41670127,0.5700000000000017,5390.0,1,188,0,0,1,0,0,0,0,1,0,1,0,0,0,0,0,1
8.0,27.03,59.5,0.0,2.98,0.0,3,1,35.0,8.0,34.0,2.32253772,12.12,5530.0,2,188,0,1,0,0,0,0,0,1,0,0,1,0,0,1,0,0
8.0,29.51,66.09,1.36,1.87,68.07,3,1,35.0,8.0,34.0,2.5854265130000007,13.479999999999999,5530.0,3,188,0,1,0,0,0,0,0,1,0,0,0,1,0,0,1,0
8.0,27.57,64.5,0.0,1.86,0.0,1,1,35.0,8.0,34.0,2.2968931200000005,14.240000000000007,5320.0,4,188,1,0,0,0,1,0,0,0,0,0,1,0,0,1,0,0
8.0,30.55,57.31,0.0,2.48,0.0,3,1,35.0,8.0,34.0,2.8839968950000006,0.5700000000000017,5390.0,5,188,0,0,1,0,0,0,1,0,0,0,0,1,0,0,1,0
8.0,28.13,57.6,0.0,4.46,29.56,2,1,35.0,8.0,34.0,2.5861444299999996,0.5700000000000017,5425.0,6,188,0,0,1,0,0,1,0,0,0,0,0,1,0,0,1,0
8.0,30.21,65.76,0.0,0.58,200.35,3,1,35.0,8.0,34.0,2.6387371820000003,14.240000000000007,5320.0,7,188,1,0,0,0,1,0,0,0,0,0,1,0,0,1,0,0
8.0,31.28,59.03,0.0,3.0,348.07,1,1,35.0,8.0,34.0,3.014657268,0.5700000000000017,5425.0,8,188,0,0,1,0,0,1,0,0,1,0,0,0,1,0,0,0
8.0,33.45,64.11,0.0,2.23,466.62,4,1,35.0,8.0,34.0,3.298722125,0.5700000000000017,5425.0,9,188,0,0,1,0,0,0,1,0,0,0,0,1,0,0,1,0
8.0,34.22,64.38,0.0,2.14,524.26,3,1,35.0,8.0,34.0,3.431005172,13.479999999999999,5530.0,10,188,0,1,0,0,1,0,0,0,0,0,1,0,0,1,0,0
8.0,35.58,54.94,0.0,0.57,601.57,4,1,35.0,8.0,34.0,3.722278564,0.5700000000000017,5425.0,11,188,0,0,1,0,0,1,0,0,0,1,0,0,0,0,0,1
8.0,35.53,63.82,0.0,0.29,594.32,1,1,35.0,8.0,34.0,3.5897645320000002,14.240000000000007,5320.0,12,188,1,0,0,0,0,1,0,0,0,1,0,0,0,0,0,1
8.0,36.53,57.35,0.0,2.81,620.01,4,1,35.0,8.0,34.0,3.988612405,12.360000000000007,5320.0,13,188,1,0,0,0,1,0,0,0,0,0,0,1,0,0,1,0
8.0,34.32,60.02,2.65,0.88,548.05,0,0,0.0,8.0,34.0,3.438648568,19.48,5390.0,14,188,0,0,0,1,0,1,0,0,1,0,0,0,1,0,0,0
8.0,36.12,41.39,0.0,3.62,441.12,1,1,35.0,8.0,34.0,4.147155696,19.48,5355.0,15,188,0,0,0,1,0,0,1,0,0,0,1,0,0,1,0,0
8.0,37.55,48.77,0.0,1.18,334.77,1,1,35.0,8.0,34.0,4.2184362649999985,13.479999999999999,5530.0,16,188,0,1,0,0,1,0,0,0,0,0,0,1,0,0,1,0
8.0,31.98,53.6,0.0,3.06,145.23,2,1,35.0,8.0,34.0,3.20083028,0.5700000000000017,5425.0,17,188,0,0,1,0,0,0,1,0,0,0,0,1,0,0,1,0
8.0,34.4,55.85,0.0,1.71,0.0,4,1,35.0,8.0,34.0,3.5450288999999997,0.5700000000000017,5425.0,18,188,0,0,1,0,1,0,0,0,0,0,0,1,0,0,1,0
8.0,33.72,59.42,0.0,1.65,0.0,4,1,35.0,8.0,34.0,3.3740818879999996,12.360000000000007,5320.0,19,188,1,0,0,0,0,0,0,1,0,0,1,0,0,1,0,0
8.0,33.86,59.6,0.0,1.3,0.0,1,1,35.0,8.0,34.0,3.3800221999999995,0.5700000000000017,5425.0,20,188,0,0,1,0,0,0,0,1,0,1,0,0,0,0,0,1
8.0,31.72,62.22,0.0,2.92,12.76,4,1,35.0,8.0,34.0,3.050120207999999,19.48,5390.0,21,188,0,0,0,1,0,0,1,0,0,0,0,1,0,0,1,0
8.0,29.82,56.95,0.0,3.26,0.0,1,1,35.0,8.0,34.0,2.80531475,0.5700000000000017,5425.0,22,188,0,0,1,0,0,0,0,1,0,0,1,0,0,1,0,0
8.0,29.49,66.85,0.0,2.02,15.86,4,1,35.0,8.0,34.0,2.581431435,12.360000000000007,5320.0,23,188,1,0,0,0,1,0,0,0,1,0,0,0,1,0,0,0
8.0,27.06,76.61,0.0,3.11,9.25,1,1,35.0,8.0,34.0,2.157050022,13.479999999999999,5565.0,0,189,0,1,0,0,0,0,0,1,0,0,1,0,0,1,0,0
8.0,27.18,61.38,0.0,2.42,14.65,3,1,35.0,8.0,34.0,2.2978790680000003,19.48,5390.0,1,189,0,0,0,1,0,1,0,0,1,0,0,0,1,0,0,0
8.0,25.63,60.45,0.0,0.8,4.66,3,1,35.0,8.0,34.0,1.9963260649999999,19.48,5390.0,2,189,0,0,0,1,0,0,0,1,0,0,0,1,0,0,1,0
8.0,30.0,56.81,0.0,2.85,12.65,4,1,35.0,8.0,34.0,2.81613086,19.48,5390.0,3,189,0,0,0,1,1,0,0,0,1,0,0,0,1,0,0,0
8.0,28.84,63.13,0.0,2.04,0.0,3,1,35.0,8.0,34.0,2.518516344,0.5700000000000017,5425.0,4,189,0,0,1,0,0,0,1,0,0,0,1,0,0,1,0,0
8.0,27.43,59.98,0.0,0.0,15.52,1,1,35.0,8.0,34.0,2.2295495280000006,9.579999999999998,5565.0,5,189,0,1,0,0,0,0,0,1,0,0,1,0,0,1,0,0
8.0,30.04,49.46,0.0,1.93,40.06,4,1,35.0,8.0,34.0,2.857643008,12.360000000000007,5320.0,6,189,1,0,0,0,0,0,0,1,0,1,0,0,0,0,0,1
8.0,32.33,49.54,0.0,0.37,150.89,2,1,35.0,8.0,34.0,3.174925423999999,0.5700000000000017,5425.0,7,189,0,0,1,0,0,1,0,0,0,0,0,1,0,0,1,0
8.0,33.12,66.25,0.0,0.92,308.93,4,1,35.0,8.0,34.0,3.1489884199999993,19.48,5390.0,8,189,0,0,0,1,1,0,0,0,0,0,0,1,0,0,1,0
8.0,31.27,69.55,13.94,2.1,481.69,1,0,0.0,8.0,34.0,2.8492152149999996,26.300000000000004,5320.0,9,189,1,0,0,0,1,0,0,0,0,0,0,1,0,0,1,0
8.0,28.93,73.66,0.0,2.31,543.53,4,1,35.0,8.0,34.0,2.433177156,26.300000000000004,5285.0,10,189,1,0,0,0,0,0,1,0,0,0,0,1,0,0,1,0
8.0,35.05,59.14,7.41,1.4,602.68,0,0,0.0,8.0,34.0,3.6116264799999986,22.560000000000002,5390.0,11,189,0,0,0,1,0,0,1,0,1,0,0,0,1,0,0,0
8.0,33.76,51.65,0.0,3.03,664.78,4,1,35.0,8.0,34.0,3.5425238599999997,21.799999999999997,5355.0,12,189,0,0,0,1,0,0,0,1,0,1,0,0,0,0,0,1
8.0,36.43,53.39,0.0,2.26,612.79,4,1,35.0,8.0,34.0,3.990949339,0.5700000000000017,5425.0,13,189,0,0,1,0,0,0,1,0,0,1,0,0,0,0,0,1
8.0,37.05,45.52,0.0,1.89,605.68,4,1,35.0,8.0,34.0,4.1942851899999996,7.319999999999999,5565.0,14,189,0,1,0,0,0,1,0,0,0,0,1,0,0,1,0,0
8.0,37.16,45.16,0.0,2.45,443.3,1,1,35.0,8.0,34.0,4.248962751999999,7.32,5565.0,15,189,0,1,0,0,0,0,0,1,0,1,0,0,0,0,0,1
8.0,37.71,57.22,0.0,3.85,296.33,3,1,35.0,8.0,34.0,4.276503924,0.5700000000000017,5425.0,16,189,0,0,1,0,0,1,0,0,0,0,0,1,0,0,1,0
8.0,36.31,60.32,0.0,0.0,168.06,3,1,35.0,8.0,34.0,3.768187934,21.400000000000006,5285.0,17,189,1,0,0,0,1,0,0,0,0,1,0,0,0,0,0,1
8.0,36.25,70.31,0.0,3.96,15.24,4,1,35.0,8.0,34.0,3.830359985,7.32,5565.0,18,189,0,1,0,0,0,0,0,1,0,0,0,1,0,0,1,0
8.0,34.73,57.23,0.0,1.66,11.21,4,1,35.0,8.0,34.0,3.587596733,7.32,5565.0,19,189,0,1,0,0,0,0,0,1,0,1,0,0,0,0,0,1
8.0,33.83,49.03,0.0,1.47,18.86,1,1,35.0,8.0,34.0,3.508552323,21.400000000000006,5285.0,20,189,1,0,0,0,0,0,0,1,0,1,0,0,0,0,0,1
8.0,30.53,60.32,0.0,1.92,0.0,4,1,35.0,8.0,34.0,2.819173182,21.799999999999997,5355.0,21,189,0,0,0,1,0,0,0,1,0,0,0,1,0,0,1,0
8.0,27.7,61.47,0.0,1.34,39.74,2,1,35.0,8.0,34.0,2.3225214499999995,7.32,5600.0,22,189,0,1,0,0,0,0,0,1,0,0,0,1,0,0,1,0
8.0,32.52,56.14,0.0,1.15,0.0,4,1,35.0,8.0,34.0,3.171492816000001,21.400000000000006,5285.0,23,189,1,0,0,0,0,1,0,0,0,0,1,0,0,1,0,0
8.0,28.22,65.43,0.0,3.42,0.0,4,1,35.0,8.0,34.0,2.4654237419999996,7.32,5600.0,0,190,0,1,0,0,0,0,0,1,0,1,0,0,0,0,0,1
8.0,29.57,53.45,0.0,2.59,1.34,3,1,35.0,8.0,34.0,2.7688379750000003,21.400000000000006,5285.0,1,190,1,0,0,0,0,1,0,0,0,1,0,0,0,0,0,1
8.0,26.76,65.11,0.0,0.1,0.0,3,1,35.0,8.0,34.0,2.080279512,12.190000000000001,5355.0,2,190,0,0,0,1,1,0,0,0,0,1,0,0,0,0,0,1
8.0,29.17,66.83,0.0,3.21,0.0,3,1,35.0,8.0,34.0,2.5897930970000003,12.190000000000001,5355.0,3,190,0,0,0,1,1,0,0,0,0,1,0,0,0,0,0,1
8.0,24.46,75.97,0.0,3.03,0.0,3,1,35.0,8.0,34.0,1.790549874,21.400000000000006,5285.0,4,190,1,0,0,0,0,1,0,0,1,0,0,0,1,0,0,0
8.0,28.14,65.26,0.0,0.62,0.0,4,1,35.0,8.0,34.0,2.314778468,21.400000000000006,5285.0,5,190,1,0,0,0,0,0,0,1,0,0,1,0,0,1,0,0
8.0,29.44,69.35,0.0,2.62,16.21,4,1,35.0,8.0,34.0,2.5762132600000003,12.190000000000001,5355.0,6,190,0,0,0,1,0,0,0,1,0,0,1,0,0,1,0,0
8.0,31.25,57.5,11.45,3.14,149.49,0,0,0.0,8.0,34.0,3.0337824999999996,32.85000000000001,5320.0,7,190,1,0,0,0,0,0,0,1,1,0,0,0,1,0,0,0
8.0,33.19,56.91,0.0,0.47,294.24,4,1,35.0,8.0,34.0,3.2485002229999993,0.5700000000000017,5425.0,8,190,0,0,1,0,1,0,0,0,0,0,0,1,0,0,1,0
8.0,30.98,70.25,0.0,2.74,443.49,3,1,35.0,8.0,34.0,2.82460727,12.190000000000001,5355.0,9,190,0,0,0,1,1,0,0,0,0,1,0,0,0,0,0,1
8.0,34.58,48.34,0.0,1.59,601.55,3,1,35.0,8.0,34.0,3.6631196039999994,32.85000000000001,5285.0,10,190,1,0,0,0,0,0,1,0,0,1,0,0,0,0,0,1
8.0,36.26,53.77,0.0,3.05,666.2,4,1,35.0,8.0,34.0,3.9924304539999995,12.190000000000001,5355.0,11,190,0,0,0,1,0,0,1,0,0,0,0,1,0,0,1,0
8.0,38.57,62.64,0.0,1.28,633.27,4,1,35.0,8.0,34.0,4.252505206,29.06000000000001,5285.0,12,190,1,0,0,0,0,0,1,0,0,1,0,0,0,0,0,1
8.0,36.51,54.91,0.0,3.65,645.64,2,1,35.0,8.0,34.0,4.0571763469999995,12.190000000000001,5355.0,13,190,0,0,0,1,0,0,1,0,0,1,0,0,0,0,0,1
8.0,34.9,55.68,0.0,2.11,562.27,1,1,35.0,8.0,34.0,3.66083172,7.32,5600.0,14,190,0,1,0,0,1,0,0,0,0,1,0,0,0,0,0,1
8.0,33.54,56.91,10.09,1.66,504.56,1,0,0.0,8.0,34.0,3.371465618,11.45,5600.0,15,190,0,1,0,0,0,0,0,1,0,0,0,1,0,0,1,0
8.0,37.79,56.18,0.0,1.53,331.7,3,1,35.0,8.0,34.0,4.189915404,11.45,5565.0,16,190,0,1,0,0,0,0,1,0,1,0,0,0,1,0,0,0
8.0,35.52,64.79,0.0,3.45,161.18,2,1,35.0,8.0,34.0,3.7339720760000006,29.06000000000001,5285.0,17,190,1,0,0,0,0,0,1,0,0,0,0,1,0,0,1,0
8.0,33.55,65.23,0.0,1.53,56.0,1,1,35.0,8.0,34.0,3.268523834999999,29.06000000000001,5285.0,18,190,1,0,0,0,0,0,0,1,0,0,1,0,0,1,0,0
8.0,30.19,61.53,0.0,3.67,0.0,1,1,35.0,8.0,34.0,2.836631949,11.45,5565.0,19,190,0,1,0,0,0,0,1,0,0,1,0,0,0,0,0,1
8.0,30.19,69.09,0.0,2.66,11.17,2,1,35.0,8.0,34.0,2.7026869369999997,11.45,5565.0,20,190,0,1,0,0,1,0,0,0,0,0,0,1,0,0,1,0
8.0,31.5,62.79,0.0,0.74,47.81,3,1,35.0,8.0,34.0,2.8968091899999995,12.190000000000001,5355.0,21,190,0,0,0,1,0,0,0,1,0,0,1,0,0,1,0,0
8.0,30.12,67.52,8.02,2.43,23.32,0,0,0.0,8.0,34.0,2.6970274880000007,20.21,5355.0,22,190,0,0,0,1,0,1,0,0,0,0,0,1,0,0,1,0
8.0,25.84,57.73,0.0,2.46,0.0,4,1,35.0,8.0,34.0,2.1371649240000004,29.06000000000001,5285.0,23,190,1,0,0,0,0,0,1,0,0,1,0,0,0,0,0,1
8.0,29.03,74.55,0.0,0.7,0.0,3,1,35.0,8.0,34.0,2.3588216750000006,0.5700000000000017,5425.0,0,191,0,0,1,0,0,0,0,1,1,0,0,0,1,0,0,0
8.0,25.33,66.88,4.44,2.41,0.0,2,0,0.0,8.0,34.0,1.9697677579999997,5.0100000000000025,5425.0,1,191,0,0,1,0,0,0,0,1,0,1,0,0,0,0,0,1
8.0,29.57,42.7,0.0,3.05,51.9,3,1,35.0,8.0,34.0,2.9089603,11.45,5565.0,2,191,0,1,0,0,0,0,0,1,0,1,0,0,0,0,0,1
8.0,27.99,74.82,11.49,3.75,0.0,0,0,0.0,8.0,34.0,2.347341036,22.939999999999998,5565.0,3,191,0,1,0,0,0,0,0,1,0,0,1,0,0,1,0,0
8.0,27.38,63.73,0.0,3.7,24.97,1,1,35.0,8.0,34.0,2.3679213979999996,20.21,5320.0,4,191,0,0,0,1,0,0,1,0,0,0,0,1,0,0,1,0
8.0,30.2,58.67,8.98,5.27,0.0,1,0,0.0,8.0,34.0,2.9498632,13.990000000000002,5390.0,5,191,0,0,1,0,1,0,0,0,0,0,0,1,0,0,1,0
8.0,30.07,57.3,0.0,2.4,89.5,4,1,35.0,8.0,34.0,2.79985834,25.390000000000008,5285.0,6,191,1,0,0,0,0,1,0,0,0,0,0,1,0,0,1,0
8.0,32.49,62.68,0.0,3.06,120.88,4,1,35.0,8.0,34.0,3.1860200740000004,25.390000000000008,5285.0,7,191,1,0,0,0,1,0,0,0,0,0,1,0,0,1,0,0
8.0,31.66,54.05,0.0,1.67,326.49,4,1,35.0,8.0,34.0,3.0702162900000003,13.990000000000002,5390.0,8,191,0,0,1,0,0,0,1,0,1,0,0,0,1,0,0,0
8.0,32.79,55.33,0.0,4.66,502.04,1,1,35.0,8.0,34.0,3.404542749,22.939999999999998,5530.0,9,191,0,1,0,0,0,1,0,0,0,1,0,0,0,0,0,1
8.0,33.11,55.24,0.0,1.33,538.31,2,1,35.0,8.0,34.0,3.2966274979999994,25.390000000000008,5285.0,10,191,1,0,0,0,0,1,0,0,0,1,0,0,0,0,0,1
8.0,34.76,55.74,0.0,4.61,647.58,3,1,35.0,8.0,34.0,3.7587371680000006,22.939999999999998,5530.0,11,191,0,1,0,0,0,0,0,1,0,0,0,1,0,0,1,0
8.0,37.55,51.95,0.0,4.45,640.14,2,1,35.0,8.0,34.0,4.341453274999999,13.990000000000002,5390.0,12,191,0,0,1,0,0,0,1,0,0,0,0,1,0,0,1,0
8.0,34.65,63.85,0.0,1.46,641.44,1,1,35.0,8.0,34.0,3.482748275,20.21,5320.0,13,191,0,0,0,1,0,0,1,0,1,0,0,0,1,0,0,0
8.0,36.51,58.29,0.0,3.64,600.74,3,1,35.0,8.0,34.0,4.014455753,25.390000000000008,5285.0,14,191,1,0,0,0,0,1,0,0,0,1,0,0,0,0,0,1
8.0,34.09,61.08,0.0,2.95,444.63,2,1,35.0,8.0,34.0,3.4870677540000004,18.080000000000002,5320.0,15,191,0,0,0,1,0,0,1,0,0,0,1,0,0,1,0,0
8.0,31.91,64.35,0.0,1.91,377.39,2,1,35.0,8.0,34.0,3.008133175,22.939999999999998,5530.0,16,191,0,1,0,0,0,0,0,1,0,0,0,1,0,0,1,0
8.0,34.68,57.2,0.0,2.24,180.57,2,1,35.0,8.0,34.0,3.6075878400000003,22.939999999999998,5530.0,17,191,0,1,0,0,1,0,0,0,0,0,1,0,0,1,0,0
8.0,34.1,51.18,0.0,2.72,68.2,3,1,35.0,8.0,34.0,3.5955813400000007,13.990000000000002,5390.0,18,191,0,0,1,0,0,0,0,1,0,0,0,1,0,0,1,0
8.0,32.41,65.11,0.0,2.83,0.0,1,1,35.0,8.0,34.0,3.1323942169999994,13.420000000000002,5390.0,19,191,0,0,1,0,1,0,0,0,0,0,0,1,0,0,1,0
8.0,29.3,68.65,0.0,4.19,0.0,3,1,35.0,8.0,34.0,2.6398835500000004,22.939999999999998,5530.0,20,191,0,1,0,0,1,0,0,0,0,0,1,0,0,1,0,0
8.0,30.96,72.12,0.0,3.09,0.0,1,1,35.0,8.0,34.0,2.8177907040000005,18.080000000000002,5320.0,21,191,0,0,0,1,1,0,0,0,0,0,1,0,0,1,0,0
8.0,29.94,68.89,0.0,1.48,0.0,4,1,35.0,8.0,34.0,2.605045902,22.939999999999998,5530.0,22,191,0,1,0,0,0,1,0,0,0,0,0,1,0,0,1,0
8.0,27.38,60.47,0.0,3.29,32.41,2,1,35.0,8.0,34.0,2.3812973619999998,25.390000000000008,5320.0,23,191,1,0,0,0,0,0,0,1,0,1,0,0,0,0,0,1
8.0,26.0,48.36,0.0,0.3,0.0,4,1,35.0,8.0,34.0,2.1470613600000004,25.390000000000008,5320.0,0,192,1,0,0,0,0,1,0,0,0,0,1,0,0,1,0,0
8.0,27.25,55.19,0.0,1.94,0.0,1,1,35.0,8.0,34.0,2.348657565,25.390000000000008,5320.0,1,192,1,0,0,0,0,1,0,0,0,1,0,0,0,0,0,1
8.0,28.47,65.11,0.0,2.05,0.0,3,1,35.0,8.0,34.0,2.4393987389999996,21.58,5530.0,2,192,0,1,0,0,0,1,0,0,0,1,0,0,0,0,0,1
8.0,28.26,62.28,0.0,3.19,0.0,4,1,35.0,8.0,34.0,2.4935260160000006,13.420000000000002,5390.0,3,192,0,0,1,0,0,0,0,1,0,0,0,1,0,0,1,0
8.0,26.71,61.29,0.0,4.52,32.33,1,1,35.0,8.0,34.0,2.3329387130000003,25.390000000000008,5320.0,4,192,1,0,0,0,0,0,0,1,1,0,0,0,1,0,0,0
8.0,28.87,45.03,0.0,2.66,16.0,4,1,35.0,8.0,34.0,2.7485781470000004,13.420000000000002,5390.0,5,192,0,0,1,0,0,0,1,0,0,1,0,0,0,0,0,1
8.0,30.83,60.85,0.0,1.97,0.0,4,1,35.0,8.0,34.0,2.8662035049999997,25.390000000000008,5355.0,6,192,1,0,0,0,0,0,1,0,0,1,0,0,0,0,0,1
8.0,28.7,55.07,0.0,1.56,155.45,4,1,35.0,8.0,34.0,2.5584913499999997,21.58,5530.0,7,192,0,1,0,0,0,1,0,0,0,0,0,1,0,0,1,0
8.0,31.59,55.26,0.0,3.4,316.64,3,1,35.0,8.0,34.0,3.130792208,21.58,5530.0,8,192,0,1,0,0,1,0,0,0,0,0,0,1,0,0,1,0
8.0,34.54,63.92,5.54,2.17,521.96,2,0,0.0,8.0,34.0,3.4970125359999997,30.930000000000007,5355.0,9,192,1,0,0,0,0,1,0,0,0,0,0,1,0,0,1,0
8.0,31.58,53.13,0.0,1.8,554.73,1,1,35.0,8.0,34.0,3.073248257999999,16.99000000000001,5320.0,10,192,1,0,0,0,0,1,0,0,0,1,0,0,0,0,0,1
8.0,36.06,50.22,0.0,3.54,657.87,2,1,35.0,8.0,34.0,4.021925364,21.58,5530.0,11,192,0,1,0,0,0,0,0,1,0,0,0,1,0,0,1,0
8.0,37.39,56.99,0.0,3.8,638.47,4,1,35.0,8.0,34.0,4.212760467000001,18.080000000000002,5320.0,12,192,0,0,0,1,0,0,1,0,0,0,0,1,0,0,1,0
8.0,35.03,63.69,0.0,1.25,686.74,2,1,35.0,8.0,34.0,3.545069449,21.58,5530.0,13,192,0,1,0,0,0,0,1,0,1,0,0,0,1,0,0,0
8.0,34.98,54.8,0.0,0.6,520.24,1,1,35.0,8.0,34.0,3.6111229999999996,18.080000000000002,5320.0,14,192,0,0,0,1,0,0,0,1,0,0,1,0,0,1,0,0
8.0,36.91,66.34,0.0,2.28,487.87,2,1,35.0,8.0,34.0,3.9237199079999985,16.99000000000001,5355.0,15,192,1,0,0,0,0,0,0,1,0,1,0,0,0,0,0,1
8.0,34.68,48.91,0.0,1.03,298.42,4,1,35.0,8.0,34.0,3.647151456,15.430000000000001,5320.0,16,192,0,0,0,1,0,0,1,0,0,0,0,1,0,0,1,0
8.0,30.79,50.79,0.0,0.87,245.7,4,1,35.0,8.0,34.0,2.916884227,15.430000000000001,5320.0,17,192,0,0,0,1,0,0,0,1,0,0,0,1,0,0,1,0
8.0,33.35,48.15,0.0,1.15,24.41,4,1,35.0,8.0,34.0,3.4145000750000007,13.420000000000002,5390.0,18,192,0,0,1,0,0,1,0,0,0,0,0,1,0,0,1,0
8.0,33.24,47.45,0.0,3.66,0.0,3,1,35.0,8.0,34.0,3.52808504,15.430000000000001,5320.0,19,192,0,0,0,1,0,0,0,1,0,1,0,0,0,0,0,1
8.0,32.61,61.87,0.0,3.18,0.0,1,1,35.0,8.0,34.0,3.2225618889999996,21.58,5530.0,20,192,0,1,0,0,0,0,0,1,0,1,0,0,0,0,0,1
8.0,29.14,55.44,0.0,5.35,23.98,1,1,35.0,8.0,34.0,2.8149713519999997,13.420000000000002,5390.0,21,192,0,0,1,0,0,0,0,1,0,1,0,0,0,0,0,1
8.0,29.09,52.46,0.0,1.63,23.02,4,1,35.0,8.0,34.0,2.6530038680000003,21.58,5530.0,22,192,0,1,0,0,0,1,0,0,0,1,0,0,0,0,0,1
8.0,30.13,64.15,0.0,4.0,20.41,1,1,35.0,8.0,34.0,2.814317885,13.420000000000002,5425.0,23,192,0,0,1,0,0,1,0,0,1,0,0,0,1,0,0,0
8.0,27.89,69.05,0.0,2.99,5.48,4,1,35.0,8.0,34.0,2.3547506950000003,15.430000000000001,5320.0,0,193,0,0,0,1,0,0,1,0,0,0,0,1,0,0,1,0
8.0,25.29,72.72,0.0,1.73,0.0,3,1,35.0,8.0,34.0,1.872209926,13.420000000000002,5425.0,1,193,0,0,1,0,0,0,0,1,1,0,0,0,1,0,0,0
8.0,29.3,68.29,0.0,2.22,38.04,1,1,35.0,8.0,34.0,2.54528343,21.58,5530.0,2,193,0,1,0,0,1,0,0,0,0,0,0,1,0,0,1,0
8.0,27.26,57.36,0.0,1.73,0.0,4,1,35.0,8.0,34.0,2.3172043120000003,13.420000000000002,5425.0,3,193,0,0,1,0,0,1,0,0,0,0,0,1,0,0,1,0
8.0,29.62,63.84,0.0,2.71,1.87,4,1,35.0,8.0,34.0,2.669757576,15.430000000000001,5320.0,4,193,0,0,0,1,0,1,0,0,0,1,0,0,0,0,0,1
8.0,26.52,67.86,0.0,3.58,0.0,3,1,35.0,8.0,34.0,2.190605024,16.99000000000001,5355.0,5,193,1,0,0,0,0,0,1,0,0,0,0,1,0,0,1,0
8.0,29.26,58.86,0.0,1.96,0.0,4,1,35.0,8.0,34.0,2.627955012,16.99000000000001,5355.0,6,193,1,0,0,0,1,0,0,0,0,1,0,0,0,0,0,1
8.0,31.18,61.81,0.0,3.42,152.17,1,1,35.0,8.0,34.0,2.9872373459999997,13.420000000000002,5425.0,7,193,0,0,1,0,1,0,0,0,0,0,0,1,0,0,1,0
8.0,31.32,51.79,0.0,3.93,299.27,4,1,35.0,8.0,34.0,3.149805616,13.420000000000002,5425.0,8,193,0,0,1,0,0,0,1,0,0,0,0,1,0,0,1,0
8.0,30.71,56.64,0.0,4.19,478.86,3,1,35.0,8.0,34.0,3.003957358,16.99000000000001,5355.0,9,193,1,0,0,0,0,1,0,0,0,1,0,0,0,0,0,1
8.0,29.87,64.31,0.0,0.99,511.25,3,1,35.0,8.0,34.0,2.6193753990000004,16.99000000000001,5355.0,10,193,1,0,0,0,0,0,0,1,1,0,0,0,1,0,0,0
8.0,36.56,66.91,0.0,2.34,642.94,3,1,35.0,8.0,34.0,3.8514613320000004,15.430000000000001,5320.0,11,193,0,0,0,1,0,1,0,0,0,0,0,1,0,0,1,0
8.0,35.28,65.43,0.0,3.25,627.8,4,1,35.0,8.0,34.0,3.670827908,16.99000000000001,5355.0,12,193,1,0,0,0,0,0,1,0,0,0,0,1,0,0,1,0
8.0,37.06,60.58,0.0,1.1,628.92,4,1,35.0,8.0,34.0,3.966770356,15.430000000000001,5320.0,13,193,0,0,0,1,0,0,0,1,0,1,0,0,0,0,0,1
8.0,36.84,56.69,0.0,0.83,557.08,4,1,35.0,8.0,34.0,3.9588219120000008,8.020000000000001,5320.0,14,193,0,0,0,1,1,0,0,0,0,0,0,1,0,0,1,0
8.0,36.2,56.11,0.0,2.37,442.15,2,1,35.0,8.0,34.0,3.9176538000000005,21.58,5530.0,15,193,0,1,0,0,1,0,0,0,0,0,1,0,0,1,0,0
8.0,34.43,47.92,0.0,1.9,367.46,4,1,35.0,8.0,34.0,3.655383302,13.420000000000002,5425.0,16,193,0,0,1,0,0,0,1,0,0,0,1,0,0,1,0,0
8.0,35.01,51.74,2.64,2.19,155.25,1,0,0.0,8.0,34.0,3.733470068,16.060000000000002,5425.0,17,193,0,0,1,0,1,0,0,0,0,0,1,0,0,1,0,0
8.0,35.59,51.5,0.0,1.83,24.62,2,1,35.0,8.0,34.0,3.8294406800000007,21.58,5530.0,18,193,0,1,0,0,0,0,1,0,0,0,0,1,0,0,1,0
8.0,32.61,63.54,0.0,4.99,25.07,2,1,35.0,8.0,34.0,3.2936994079999997,21.58,5530.0,19,193,0,1,0,0,0,0,1,0,0,1,0,0,0,0,0,1
8.0,34.3,64.78,0.0,1.85,0.0,4,1,35.0,8.0,34.0,3.4264102599999986,8.020000000000001,5320.0,20,193,0,0,0,1,1,0,0,0,1,0,0,0,1,0,0,0
8.0,28.16,68.23,2.2,3.1,0.0,0,0,0.0,8.0,34.0,2.410491596,18.26,5390.0,21,193,0,0,1,0,0,0,1,0,0,0,1,0,0,1,0,0
8.0,27.04,72.25,0.0,3.02,0.0,4,1,35.0,8.0,34.0,2.19456058,21.58,5530.0,22,193,0,1,0,0,0,0,1,0,0,1,0,0,0,0,0,1
8.0,30.1,62.03,0.0,0.37,44.76,4,1,35.0,8.0,34.0,2.651232490000001,18.26,5355.0,23,193,0,0,1,0,0,1,0,0,0,0,0,1,0,0,1,0
8.0,26.7,57.36,0.0,4.16,17.24,3,1,35.0,8.0,34.0,2.3536654,18.26,5355.0,0,194,0,0,1,0,0,0,0,1,0,0,0,1,0,0,1,0
8.0,30.6,60.77,0.0,3.15,4.86,4,1,35.0,8.0,34.0,2.887400360000001,11.49,5530.0,1,194,0,1,0,0,0,0,1,0,0,0,1,0,0,1,0,0
8.0,29.4,57.01,0.0,2.59,0.0,2,1,35.0,8.0,34.0,2.70226344,11.49,5530.0,2,194,0,1,0,0,0,0,1,0,0,0,1,0,0,1,0,0
8.0,29.91,66.28,0.0,3.67,60.61,4,1,35.0,8.0,34.0,2.738303706,8.020000000000001,5320.0,3,194,0,0,0,1,0,1,0,0,0,1,0,0,0,0,0,1
8.0,29.26,59.68,0.0,2.34,0.0,1,1,35.0,8.0,34.0,2.638079496,8.020000000000001,5320.0,4,194,0,0,0,1,0,0,0,1,0,1,0,0,0,0,0,1
8.0,27.18,63.16,0.0,3.46,4.89,4,1,35.0,8.0,34.0,2.3314642560000003,18.26,5390.0,5,194,0,0,1,0,0,0,0,1,0,1,0,0,0,0,0,1
8.0,26.91,68.93,0.0,0.15,17.56,1,1,35.0,8.0,34.0,2.065908161,16.99000000000001,5355.0,6,194,1,0,0,0,0,1,0,0,0,0,1,0,0,1,0,0
8.0,32.6,54.33,0.0,3.38,122.53,3,1,35.0,8.0,34.0,3.3181986400000003,8.020000000000001,5320.0,7,194,0,0,0,1,0,0,0,1,0,1,0,0,0,0,0,1
8.0,29.14,69.03,0.0,2.62,298.45,2,1,35.0,8.0,34.0,2.5317509940000003,8.020000000000001,5320.0,8,194,0,0,0,1,0,0,1,0,0,0,0,1,0,0,1,0
8.0,34.81,48.32,0.0,2.64,443.61,2,1,35.0,8.0,34.0,3.759427934,11.49,5530.0,9,194,0,1,0,0,0,1,0,0,0,1,0,0,0,0,0,1
8.0,34.4,60.23,0.0,1.39,593.08,2,1,35.0,8.0,34.0,3.47644262,8.020000000000001,5320.0,10,194,0,0,0,1,0,1,0,0,0,0,1,0,0,1,0,0
8.0,34.11,57.68,0.0,2.14,612.53,4,1,35.0,8.0,34.0,3.4908364059999997,11.49,5530.0,11,194,0,1,0,0,0,0,0,1,0,0,0,1,0,0,1,0
8.0,35.52,62.97,0.0,2.1,599.73,3,1,35.0,8.0,34.0,3.6887918280000007,11.49,5530.0,12,194,0,1,0,0,1,0,0,0,0,0,0,1,0,0,1,0
8.0,35.96,47.21,0.0,1.03,574.22,2,1,35.0,8.0,34.0,3.9141398720000002,18.26,5390.0,13,194,0,0,1,0,0,1,0,0,1,0,0,0,1,0,0,0
8.0,35.09,46.81,3.67,2.83,536.07,0,0,0.0,8.0,34.0,3.8406636230000006,9.210000000000008,5355.0,14,194,1,0,0,0,0,0,1,0,0,0,0,1,0,0,1,0
8.0,37.4,60.93,0.0,4.29,407.47,3,1,35.0,8.0,34.0,4.18923672,0.0,5530.0,15,194,0,1,0,0,0,1,0,0,0,1,0,0,0,0,0,1
8.0,36.95,53.31,0.0,0.69,351.9,1,1,35.0,8.0,34.0,4.016122575000001,18.26,5390.0,16,194,0,0,1,0,0,1,0,0,0,0,0,1,0,0,1,0
8.0,34.46,57.4,7.04,2.99,196.51,2,0,0.0,8.0,34.0,3.6015865600000003,25.300000000000004,5425.0,17,194,0,0,1,0,0,1,0,0,0,1,0,0,0,0,0,1
8.0,32.49,54.99,0.0,1.9,0.25,2,1,35.0,8.0,34.0,3.2169679970000002,20.86,5390.0,18,194,0,0,1,0,0,1,0,0,1,0,0,0,1,0,0,0
8.0,34.39,64.48,0.0,1.76,0.0,4,1,35.0,8.0,34.0,3.4420738539999998,8.020000000000001,5320.0,19,194,0,0,0,1,0,1,0,0,0,0,1,0,0,1,0,0
8.0,28.36,65.01,0.0,2.49,25.96,2,1,35.0,8.0,34.0,2.4452263119999995,11.88,5390.0,20,194,0,0,1,0,1,0,0,0,0,0,1,0,0,1,0,0
8.0,31.02,62.46,0.0,2.51,24.51,3,1,35.0,8.0,34.0,2.9072733640000004,0.0,5530.0,21,194,0,1,0,0,0,1,0,0,0,1,0,0,0,0,0,1
8.0,30.5,53.01,0.0,2.62,0.0,1,1,35.0,8.0,34.0,2.9303569099999995,0.0,5530.0,22,194,0,1,0,0,1,0,0,0,0,1,0,0,0,0,0,1
8.0,27.32,67.25,16.19,1.04,0.0,0,0,0.0,8.0,34.0,2.18926672,16.19,5530.0,23,194,0,1,0,0,0,1,0,0,1,0,0,0,1,0,0,0
8.0,29.34,55.18,0.0,3.71,24.73,3,1,35.0,8.0,34.0,2.7683288839999998,16.19,5495.0,0,195,0,1,0,0,1,0,0,0,0,0,1,0,0,1,0,0
8.0,27.44,59.04,0.0,2.5,9.47,4,1,35.0,8.0,34.0,2.3658638720000003,9.210000000000008,5320.0,1,195,1,0,0,0,1,0,0,0,0,1,0,0,0,0,0,1
8.0,26.52,54.82,0.0,3.11,21.29,2,1,35.0,8.0,34.0,2.300029568,11.88,5425.0,2,195,0,0,1,0,0,0,0,1,1,0,0,0,1,0,0,0
8.0,28.92,61.37,0.0,3.86,0.0,1,1,35.0,8.0,34.0,2.641170048,11.88,5425.0,3,195,0,0,1,0,0,0,0,1,0,0,1,0,0,1,0,0
8.0,26.25,72.05,0.0,0.09,0.0,4,1,35.0,8.0,34.0,1.934044175,8.020000000000001,5320.0,4,195,0,0,0,1,0,1,0,0,1,0,0,0,1,0,0,0
8.0,29.82,63.33,7.94,3.16,16.24,1,0,0.0,8.0,34.0,2.7304371620000003,17.150000000000006,5320.0,5,195,1,0,0,0,0,0,1,0,0,1,0,0,0,0,0,1
8.0,26.37,61.41,0.0,2.2,0.0,1,1,35.0,8.0,34.0,2.165084339,16.19,5495.0,6,195,0,1,0,0,0,1,0,0,0,0,0,1,0,0,1,0
8.0,30.73,61.78,0.0,3.62,115.03,2,1,35.0,8.0,34.0,2.9214696879999997,11.88,5425.0,7,195,0,0,1,0,0,1,0,0,0,1,0,0,0,0,0,1
8.0,31.41,61.2,0.0,1.44,301.66,4,1,35.0,8.0,34.0,2.9343980700000003,11.88,5425.0,8,195,0,0,1,0,1,0,0,0,1,0,0,0,1,0,0,0
8.0,31.57,60.81,0.0,3.52,452.44,2,1,35.0,8.0,34.0,3.0703014390000005,8.020000000000001,5320.0,9,195,0,0,0,1,0,0,1,0,1,0,0,0,1,0,0,0
8.0,33.93,59.7,0.0,1.13,622.46,4,1,35.0,8.0,34.0,3.38315284,11.88,5425.0,10,195,0,0,1,0,0,1,0,0,0,1,0,0,0,0,0,1
8.0,34.05,51.08,0.0,2.88,598.51,4,1,35.0,8.0,34.0,3.595478209999999,16.19,5495.0,11,195,0,1,0,0,0,0,0,1,0,0,1,0,0,1,0,0
8.0,36.39,57.24,0.0,2.74,647.84,4,1,35.0,8.0,34.0,3.959118242,17.150000000000006,5285.0,12,195,1,0,0,0,0,0,1,0,0,0,0,1,0,0,1,0
8.0,36.04,44.48,0.0,2.21,699.35,2,1,35.0,8.0,34.0,4.022600544,11.88,5425.0,13,195,0,0,1,0,0,0,0,1,0,1,0,0,0,0,0,1
8.0,36.02,60.81,0.0,1.16,524.65,4,1,35.0,8.0,34.0,3.7640290540000008,16.19,5495.0,14,195,0,1,0,0,0,0,1,0,0,1,0,0,0,0,0,1
8.0,35.64,49.37,0.0,1.96,482.74,4,1,35.0,8.0,34.0,3.871767136,17.150000000000006,5285.0,15,195,1,0,0,0,0,0,1,0,0,0,1,0,0,1,0,0
8.0,34.1,66.57,0.0,3.51,300.12,2,1,35.0,8.0,34.0,3.4513709100000005,16.19,5495.0,16,195,0,1,0,0,0,1,0,0,0,0,0,1,0,0,1,0
8.0,33.72,41.51,0.0,4.19,182.29,2,1,35.0,8.0,34.0,3.7133082239999995,0.0,5320.0,17,195,0,0,0,1,0,1,0,0,0,1,0,0,0,0,0,1
8.0,33.71,70.35,0.0,4.74,81.71,1,1,35.0,8.0,34.0,3.3972672750000004,0.0,5320.0,18,195,0,0,0,1,0,0,1,0,0,0,1,0,0,1,0,0
8.0,32.12,48.43,0.0,3.03,27.7,2,1,35.0,8.0,34.0,3.283336032,11.88,5425.0,19,195,0,0,1,0,0,0,0,1,0,0,0,1,0,0,1,0
8.0,33.01,50.79,0.0,2.7,5.32,2,1,35.0,8.0,34.0,3.399100453,17.150000000000006,5285.0,20,195,1,0,0,0,0,0,0,1,0,0,0,1,0,0,1,0
8.0,30.45,63.34,0.0,2.94,0.0,4,1,35.0,8.0,34.0,2.8232730999999998,17.150000000000006,5285.0,21,195,1,0,0,0,1,0,0,0,0,0,1,0,0,1,0,0
8.0,29.9,66.01,0.0,4.71,0.0,3,1,35.0,8.0,34.0,2.79163329,17.150000000000006,5285.0,22,195,1,0,0,0,1,0,0,0,0,0,0,1,0,0,1,0
8.0,26.41,62.49,0.0,3.02,0.0,1,1,35.0,8.0,34.0,2.201030963,16.19,5495.0,23,195,0,1,0,0,0,0,1,0,0,0,0,1,0,0,1,0
8.0,29.24,68.46,0.0,2.5,0.0,2,1,35.0,8.0,34.0,2.5478516479999995,11.88,5425.0,0,196,0,0,1,0,0,0,0,1,0,0,0,1,0,0,1,0
8.0,26.55,58.78,0.0,2.07,0.0,1,1,35.0,8.0,34.0,2.21214736,16.19,5495.0,1,196,0,1,0,0,0,0,1,0,0,0,1,0,0,1,0,0
8.0,25.72,62.23,0.0,2.21,0.0,1,1,35.0,8.0,34.0,2.062071712,17.150000000000006,5285.0,2,196,1,0,0,0,0,1,0,0,0,0,1,0,0,1,0,0
8.0,29.89,59.57,0.0,2.86,0.0,1,1,35.0,8.0,34.0,2.7681389709999995,16.19,5530.0,3,196,0,1,0,0,0,0,1,0,0,1,0,0,0,0,0,1
8.0,28.87,58.74,0.0,1.5,39.18,4,1,35.0,8.0,34.0,2.5434136360000004,17.150000000000006,5285.0,4,196,1,0,0,0,0,0,0,1,0,1,0,0,0,0,0,1
8.0,29.92,48.12,0.0,1.65,0.0,1,1,35.0,8.0,34.0,2.8382536480000002,17.150000000000006,5285.0,5,196,1,0,0,0,0,0,1,0,0,0,0,1,0,0,1,0
8.0,29.97,61.45,0.0,2.32,6.71,1,1,35.0,8.0,34.0,2.7336765749999996,0.0,5320.0,6,196,0,0,0,1,0,0,0,1,1,0,0,0,1,0,0,0
8.0,30.11,60.71,0.0,1.86,108.69,3,1,35.0,8.0,34.0,2.741929527,11.88,5425.0,7,196,0,0,1,0,0,0,1,0,0,0,0,1,0,0,1,0
8.0,30.87,68.45,0.0,3.12,296.99,3,1,35.0,8.0,34.0,2.8453825249999998,16.19,5530.0,8,196,0,1,0,0,0,0,0,1,0,0,0,1,0,0,1,0
8.0,33.49,49.81,0.0,3.21,373.96,1,1,35.0,8.0,34.0,3.5236212030000003,17.150000000000006,5285.0,9,196,1,0,0,0,0,1,0,0,1,0,0,0,1,0,0,0
8.0,34.98,53.14,0.0,2.72,641.11,3,1,35.0,8.0,34.0,3.737274404,16.19,5565.0,10,196,0,1,0,0,0,0,1,0,0,1,0,0,0,0,0,1
8.0,34.01,66.82,0.0,2.99,634.78,3,1,35.0,8.0,34.0,3.405986464,16.19,5565.0,11,196,0,1,0,0,0,0,0,1,0,0,0,1,0,0,1,0
8.0,37.86,57.37,0.0,2.54,655.82,4,1,35.0,8.0,34.0,4.2393222139999995,0.0,5320.0,12,196,0,0,0,1,0,1,0,0,1,0,0,0,1,0,0,0
8.0,34.85,61.56,2.56,0.0,646.58,0,0,0.0,8.0,34.0,3.4746999300000008,2.560000000000002,5320.0,13,196,0,0,0,1,0,0,1,0,0,0,0,1,0,0,1,0
8.0,33.19,62.22,0.0,1.35,651.55,4,1,35.0,8.0,34.0,3.2302261359999993,17.150000000000006,5285.0,14,196,1,0,0,0,0,1,0,0,0,0,0,1,0,0,1,0
8.0,32.57,62.75,0.0,3.25,444.38,3,1,35.0,8.0,34.0,3.2088020450000005,2.560000000000002,5320.0,15,196,0,0,0,1,1,0,0,0,0,0,0,1,0,0,1,0
8.0,32.22,72.57,0.0,1.39,290.67,3,1,35.0,8.0,34.0,2.941393298,16.19,5565.0,16,196,0,1,0,0,0,0,0,1,0,0,0,1,0,0,1,0
8.0,33.49,59.45,0.0,3.43,238.24,3,1,35.0,8.0,34.0,3.4209010150000005,16.19,5565.0,17,196,0,1,0,0,1,0,0,0,0,0,0,1,0,0,1,0
8.0,32.94,52.17,1.67,3.49,0.0,3,1,35.0,8.0,34.0,3.4098295459999997,13.55,5425.0,18,196,0,0,1,0,0,1,0,0,0,1,0,0,0,0,0,1
8.0,33.34,63.4,0.0,2.08,45.43,2,1,35.0,8.0,34.0,3.2797940000000008,16.19,5565.0,19,196,0,1,0,0,0,1,0,0,0,1,0,0,0,0,0,1
8.0,31.24,56.64,0.0,1.69,0.0,1,1,35.0,8.0,34.0,2.9692681919999995,2.560000000000002,5320.0,20,196,0,0,0,1,0,0,1,0,0,0,1,0,0,1,0,0
8.0,31.51,59.62,0.0,2.41,15.17,4,1,35.0,8.0,34.0,3.017975324,16.19,5565.0,21,196,0,1,0,0,0,0,1,0,0,1,0,0,0,0,0,1
8.0,29.35,64.71,2.5,2.35,0.0,1,0,0.0,8.0,34.0,2.5986131550000007,19.650000000000006,5285.0,22,196,1,0,0,0,0,0,0,1,0,1,0,0,0,0,0,1
8.0,28.48,57.07,0.0,3.15,90.78,1,1,35.0,8.0,34.0,2.581549212,2.560000000000002,5320.0,23,196,0,0,0,1,1,0,0,0,0,0,1,0,0,1,0,0
8.0,26.9,60.51,0.0,0.0,0.0,4,1,35.0,8.0,34.0,2.1434856899999994,19.650000000000006,5285.0,0,197,1,0,0,0,0,1,0,0,0,1,0,0,0,0,0,1
8.0,29.5,65.33,0.0,1.52,0.0,4,1,35.0,8.0,34.0,2.57457993,16.19,5565.0,1,197,0,1,0,0,0,0,1,0,0,1,0,0,0,0,0,1
8.0,24.93,61.82,0.0,1.19,19.19,1,1,35.0,8.0,34.0,1.902034692,13.55,5425.0,2,197,0,0,1,0,0,0,1,0,0,0,0,1,0,0,1,0
8.0,27.82,70.16,0.0,0.0,0.0,2,1,35.0,8.0,34.0,2.1828805040000003,14.110000000000008,5285.0,3,197,1,0,0,0,0,0,0,1,0,0,0,1,0,0,1,0
8.0,27.49,56.7,0.0,1.81,14.86,4,1,35.0,8.0,34.0,2.36342394,2.560000000000002,5320.0,4,197,0,0,0,1,0,0,0,1,0,0,0,1,0,0,1,0
8.0,29.57,55.02,0.0,0.6,0.0,4,1,35.0,8.0,34.0,2.652232668,13.55,5425.0,5,197,0,0,1,0,0,1,0,0,0,0,0,1,0,0,1,0
8.0,29.2,75.59,0.0,1.94,5.1,2,1,35.0,8.0,34.0,2.4363921,13.55,5425.0,6,197,0,0,1,0,0,0,1,0,0,0,1,0,0,1,0,0
8.0,30.2,50.72,0.0,1.81,147.12,3,1,35.0,8.0,34.0,2.8646312,2.560000000000002,5320.0,7,197,0,0,0,1,0,1,0,0,1,0,0,0,1,0,0,0
8.0,30.83,60.75,0.0,2.94,297.58,2,1,35.0,8.0,34.0,2.9158219949999995,2.560000000000002,5320.0,8,197,0,0,0,1,0,1,0,0,0,1,0,0,0,0,0,1
8.0,34.35,71.08,0.0,2.1,426.67,1,1,35.0,8.0,34.0,3.3725416900000003,13.55,5460.0,9,197,0,0,1,0,0,1,0,0,0,0,1,0,0,1,0,0
8.0,33.23,58.82,0.0,0.37,593.92,1,1,35.0,8.0,34.0,3.228307412,16.19,5565.0,10,197,0,1,0,0,1,0,0,0,0,1,0,0,0,0,0,1
8.0,37.01,65.42,3.84,2.82,615.59,0,0,0.0,8.0,34.0,3.981887484,17.950000000000006,5285.0,11,197,1,0,0,0,0,0,0,1,1,0,0,0,1,0,0,0
8.0,35.1,62.09,0.0,5.3,643.56,1,1,35.0,8.0,34.0,3.780167970000001,2.560000000000002,5320.0,12,197,0,0,0,1,0,1,0,0,0,0,0,1,0,0,1,0
8.0,35.12,57.45,0.0,3.69,642.8,1,1,35.0,8.0,34.0,3.7599074999999997,2.560000000000002,5320.0,13,197,0,0,0,1,0,1,0,0,0,0,0,1,0,0,1,0
8.0,35.01,56.68,0.0,3.22,602.82,2,1,35.0,8.0,34.0,3.724967346,10.91,5460.0,14,197,0,0,1,0,0,0,0,1,0,0,1,0,0,1,0,0
8.0,35.94,42.02,0.0,2.17,427.31,4,1,35.0,8.0,34.0,4.031380275999999,16.19,5565.0,15,197,0,1,0,0,0,0,0,1,0,1,0,0,0,0,0,1
8.0,33.81,56.32,5.66,1.81,332.72,1,0,0.0,8.0,34.0,3.4353131340000007,23.610000000000007,5250.0,16,197,1,0,0,0,0,0,0,1,0,1,0,0,0,0,0,1
8.0,34.27,59.81,4.38,1.73,136.39,0,0,0.0,8.0,34.0,3.474418929000001,6.940000000000001,5320.0,17,197,0,0,0,1,0,0,0,1,0,1,0,0,0,0,0,1
8.0,33.24,60.63,0.0,2.69,0.0,3,1,35.0,8.0,34.0,3.3248623840000002,6.940000000000002,5285.0,18,197,0,0,0,1,0,0,1,0,0,1,0,0,0,0,0,1
8.0,32.75,76.66,0.0,1.04,37.28,1,1,35.0,8.0,34.0,2.9683912599999998,16.19,5565.0,19,197,0,1,0,0,0,0,0,1,0,1,0,0,0,0,0,1
8.0,31.75,62.17,0.0,2.66,0.0,1,1,35.0,8.0,34.0,3.042868345,8.71,5460.0,20,197,0,0,1,0,0,1,0,0,1,0,0,0,1,0,0,0
14.07,30.79,65.38,9.71,1.6,0.0,1,0,0.0,9.011666666666665,32.98833333333334,2.790330764,18.42,5460.0,21,197,0,0,1,0,0,0,0,1,0,0,0,1,0,0,1,0
8.0,29.37,70.26,0.0,0.34,0.0,2,1,35.0,8.0,34.0,2.441122904,16.19,5565.0,22,197,0,1,0,0,0,0,0,1,1,0,0,0,1,0,0,0
8.0,30.75,64.78,0.0,1.59,13.32,3,1,35.0,8.0,34.0,2.7898328799999996,6.940000000000002,5285.0,23,197,0,0,0,1,0,0,1,0,0,1,0,0,0,0,0,1
8.0,28.34,62.33,0.0,3.9,42.69,3,1,35.0,8.0,34.0,2.5410390539999996,16.19,5565.0,0,198,0,1,0,0,0,0,0,1,0,0,1,0,0,1,0,0
8.0,31.21,60.06,0.0,2.57,0.0,2,1,35.0,8.0,34.0,2.969570492,23.610000000000007,5215.0,1,198,1,0,0,0,1,0,0,0,0,1,0,0,0,0,0,1
8.0,27.24,61.35,0.0,0.0,49.54,4,1,35.0,8.0,34.0,2.1863091599999995,6.940000000000002,5285.0,2,198,0,0,0,1,0,0,1,0,0,1,0,0,0,0,0,1
8.0,28.74,65.72,0.0,1.59,18.23,4,1,35.0,8.0,34.0,2.4524070559999998,23.610000000000007,5215.0,3,198,1,0,0,0,0,0,0,1,0,0,1,0,0,1,0,0
8.0,26.61,63.12,9.24,3.48,0.0,2,0,0.0,8.0,34.0,2.247298614,16.180000000000003,5285.0,4,198,0,0,0,1,0,0,0,1,0,0,0,1,0,0,1,0
8.0,30.44,65.62,0.0,2.04,0.0,1,1,35.0,9.011666666666665,32.98833333333334,2.751311856,18.42,5425.0,5,198,0,0,1,0,0,0,1,0,1,0,0,0,1,0,0,0
8.0,28.11,56.05,0.0,3.03,0.0,1,1,35.0,8.0,34.0,2.527870465,16.18,5285.0,6,198,0,0,0,1,0,1,0,0,0,0,1,0,0,1,0,0
8.0,30.82,61.98,0.0,1.93,204.11,1,1,35.0,9.011666666666665,32.98833333333334,2.849879772,18.42,5425.0,7,198,0,0,1,0,0,1,0,0,0,0,1,0,0,1,0,0
8.0,30.77,71.85,3.81,2.62,325.92,2,0,0.0,8.0,34.0,2.7657039350000003,20.0,5565.0,8,198,0,1,0,0,0,0,1,0,0,1,0,0,0,0,0,1
8.0,32.88,57.72,0.0,2.44,453.29,1,1,35.0,9.011666666666665,32.98833333333334,3.281816912000001,18.42,5460.0,9,198,0,0,1,0,0,1,0,0,0,0,0,1,0,0,1,0
8.0,32.81,72.25,0.0,1.62,528.91,3,1,35.0,9.011666666666665,32.98833333333334,3.059170755,18.42,5460.0,10,198,0,0,1,0,0,0,1,0,0,0,1,0,0,1,0,0
8.0,32.81,60.5,0.0,3.09,653.56,4,1,35.0,8.0,34.0,3.26944428,23.610000000000007,5250.0,11,198,1,0,0,0,1,0,0,0,0,1,0,0,0,0,0,1
8.0,34.22,57.83,0.0,4.24,644.76,1,1,35.0,9.011666666666665,32.98833333333334,3.6143733019999997,11.38,5460.0,12,198,0,0,1,0,0,1,0,0,0,1,0,0,0,0,0,1
8.0,37.34,56.54,0.0,2.86,619.57,1,1,35.0,8.0,34.0,4.161481892,11.38,5460.0,13,198,0,0,1,0,0,0,1,0,0,0,0,1,0,0,1,0
8.0,35.87,54.73,0.0,2.52,559.58,1,1,35.0,8.0,34.0,3.8782360769999995,11.38,5460.0,14,198,0,0,1,0,0,1,0,0,0,1,0,0,0,0,0,1
8.0,33.1,45.26,0.0,1.39,437.04,4,1,35.0,8.0,34.0,3.4146581800000004,11.38,5460.0,15,198,0,0,1,0,1,0,0,0,0,0,1,0,0,1,0,0
8.0,36.27,62.74,0.0,3.53,296.46,4,1,35.0,8.0,34.0,3.9068325560000003,23.610000000000007,5250.0,16,198,1,0,0,0,0,0,1,0,0,0,1,0,0,1,0,0
8.0,32.66,74.82,0.0,1.79,115.05,4,1,35.0,8.0,34.0,3.011608323999999,11.38,5460.0,17,198,0,0,1,0,1,0,0,0,0,1,0,0,0,0,0,1
8.0,34.28,61.54,0.0,3.07,0.0,3,1,35.0,8.0,34.0,3.522544784,16.18,5285.0,18,198,0,0,0,1,1,0,0,0,0,1,0,0,0,0,0,1
8.0,33.03,62.96,0.0,3.31,0.0,3,1,35.0,8.0,34.0,3.2909452060000004,11.38,5460.0,19,198,0,0,1,0,0,0,0,1,0,1,0,0,0,0,0,1
8.0,32.09,58.65,0.0,3.59,17.0,1,1,35.0,8.0,34.0,3.188740075,16.18,5285.0,20,198,0,0,0,1,0,1,0,0,0,1,0,0,0,0,0,1
8.0,32.91,67.38,0.0,3.61,0.0,2,1,35.0,8.0,34.0,3.233018875999999,11.38,5460.0,21,198,0,0,1,0,0,1,0,0,0,0,0,1,0,0,1,0
8.0,27.92,62.99,0.0,3.56,0.0,4,1,35.0,8.0,34.0,2.451577876,20.0,5530.0,22,198,0,1,0,0,0,0,1,0,1,0,0,0,1,0,0,0
8.0,29.25,64.07,0.0,0.89,0.0,2,1,35.0,8.0,34.0,2.516455245,3.81,5530.0,23,198,0,1,0,0,0,0,1,0,0,0,0,1,0,0,1,0
8.0,29.53,51.02,0.0,1.37,0.0,1,1,35.0,8.0,34.0,2.7277076520000003,16.18,5320.0,0,199,0,0,0,1,1,0,0,0,0,1,0,0,0,0,0,1
8.0,26.28,60.87,0.0,0.75,0.0,1,1,35.0,8.0,34.0,2.084747112,16.18,5320.0,1,199,0,0,0,1,0,1,0,0,1,0,0,0,1,0,0,0
8.0,25.99,67.38,0.0,0.67,7.76,3,1,35.0,8.0,34.0,1.972503684,3.81,5530.0,2,199,0,1,0,0,0,0,1,0,1,0,0,0,1,0,0,0
8.0,26.81,70.5,2.11,4.23,66.12,1,0,0.0,8.0,34.0,2.2389352799999998,25.720000000000006,5250.0,3,199,1,0,0,0,0,0,0,1,0,0,1,0,0,1,0,0
8.0,28.13,69.64,0.0,1.22,31.85,2,1,35.0,8.0,34.0,2.2969550739999995,25.720000000000006,5215.0,4,199,1,0,0,0,0,0,1,0,0,1,0,0,0,0,0,1
8.0,26.16,53.62,0.0,1.05,44.8,2,1,35.0,8.0,34.0,2.1553441840000005,3.81,5530.0,5,199,0,1,0,0,1,0,0,0,1,0,0,0,1,0,0,0
8.0,29.93,51.31,0.0,2.33,0.0,3,1,35.0,8.0,34.0,2.838909421,11.38,5460.0,6,199,0,0,1,0,0,1,0,0,0,0,0,1,0,0,1,0
8.0,27.96,67.32,0.0,1.5,161.53,2,1,35.0,8.0,34.0,2.3092045440000004,22.050000000000008,5215.0,7,199,1,0,0,0,0,0,0,1,0,1,0,0,0,0,0,1
8.0,33.04,53.94,0.0,5.11,318.07,4,1,35.0,8.0,34.0,3.4882020720000004,16.18,5320.0,8,199,0,0,0,1,1,0,0,0,0,0,0,1,0,0,1,0
8.0,32.91,65.53,0.0,2.07,509.61,2,1,35.0,8.0,34.0,3.177595980999999,16.18,5320.0,9,199,0,0,0,1,1,0,0,0,0,1,0,0,0,0,0,1
8.0,35.97,45.41,0.0,2.93,595.01,1,1,35.0,8.0,34.0,4.033355858999999,3.81,5530.0,10,199,0,1,0,0,0,0,1,0,0,0,0,1,0,0,1,0
8.0,34.94,56.96,0.0,1.46,622.11,1,1,35.0,8.0,34.0,3.620355687999999,3.81,5530.0,11,199,0,1,0,0,0,0,0,1,0,0,0,1,0,0,1,0
8.0,34.11,58.07,0.0,0.41,569.91,2,1,35.0,8.0,34.0,3.3996800789999995,11.38,5495.0,12,199,0,0,1,0,0,1,0,0,0,1,0,0,0,0,0,1
8.0,33.77,61.95,0.0,1.53,587.29,1,1,35.0,8.0,34.0,3.347198325000001,3.81,5530.0,13,199,0,1,0,0,0,0,0,1,1,0,0,0,1,0,0,0
8.0,35.46,50.01,0.0,1.54,585.07,1,1,35.0,8.0,34.0,3.8081665820000006,22.050000000000008,5215.0,14,199,1,0,0,0,0,0,1,0,0,1,0,0,0,0,0,1
8.0,34.92,43.89,0.0,1.53,448.39,2,1,35.0,8.0,34.0,3.778566936,3.81,5530.0,15,199,0,1,0,0,0,1,0,0,0,0,0,1,0,0,1,0
8.0,36.35,57.72,0.0,0.48,321.14,4,1,35.0,8.0,34.0,3.8323370100000007,3.81,5530.0,16,199,0,1,0,0,1,0,0,0,1,0,0,0,1,0,0,0
8.0,32.54,63.25,0.0,2.56,189.71,4,1,35.0,8.0,34.0,3.1632251300000003,3.81,5530.0,17,199,0,1,0,0,0,0,1,0,0,0,0,1,0,0,1,0
8.0,36.14,63.74,0.0,2.0,39.61,4,1,35.0,8.0,34.0,3.7928294919999996,11.38,5495.0,18,199,0,0,1,0,1,0,0,0,0,0,1,0,0,1,0,0
8.0,34.05,55.85,0.0,0.55,0.0,4,1,35.0,8.0,34.0,3.422093574999999,16.18,5320.0,19,199,0,0,0,1,1,0,0,0,0,0,0,1,0,0,1,0
8.0,30.8,66.39,0.0,2.53,20.71,3,1,35.0,8.0,34.0,2.8272165800000004,3.81,5530.0,20,199,0,1,0,0,0,0,0,1,0,0,0,1,0,0,1,0
8.0,32.77,62.79,0.0,3.31,56.4,1,1,35.0,8.0,34.0,3.246694701000001,16.18,5320.0,21,199,0,0,0,1,0,0,0,1,0,0,0,1,0,0,1,0
8.0,27.93,72.51,0.0,3.84,49.98,3,1,35.0,8.0,34.0,2.3669965410000002,11.38,5495.0,22,199,0,0,1,0,0,1,0,0,0,1,0,0,0,0,0,1
8.0,28.58,62.34,0.0,0.0,0.0,3,1,35.0,8.0,34.0,2.3837372039999996,3.81,5530.0,23,199,0,1,0,0,0,1,0,0,0,0,0,1,0,0,1,0
8.0,25.66,52.96,3.23,1.52,10.32,2,0,0.0,8.0,34.0,2.111544712,14.610000000000001,5495.0,0,200,0,0,1,0,0,0,1,0,0,0,1,0,0,1,0,0
8.0,29.95,61.17,0.0,0.76,26.28,2,1,35.0,8.0,34.0,2.6554592249999995,14.110000000000007,5215.0,1,200,1,0,0,0,0,1,0,0,0,1,0,0,0,0,0,1
8.0,24.57,66.56,0.0,1.62,0.71,4,1,35.0,8.0,34.0,1.8267372140000002,3.81,5530.0,2,200,0,1,0,0,0,1,0,0,0,1,0,0,0,0,0,1
8.0,25.02,69.21,0.0,4.07,0.0,3,1,35.0,8.0,34.0,1.985998114,3.81,5530.0,3,200,0,1,0,0,0,1,0,0,0,1,0,0,0,0,0,1
8.0,26.62,53.57,0.0,1.53,0.0,3,1,35.0,8.0,34.0,2.248855658,16.18,5320.0,4,200,0,0,0,1,0,1,0,0,1,0,0,0,1,0,0,0
8.0,30.2,59.26,0.0,1.83,0.0,1,1,35.0,8.0,34.0,2.7713496,14.110000000000007,5215.0,5,200,1,0,0,0,0,0,0,1,0,0,1,0,0,1,0,0
8.0,30.47,67.3,4.43,1.41,0.0,1,0,0.0,8.0,34.0,2.7061385399999995,17.37,5460.0,6,200,0,0,1,0,0,0,0,1,0,0,1,0,0,1,0,0
8.0,30.19,60.72,0.0,4.35,124.08,3,1,35.0,8.0,34.0,2.8795724860000003,13.620000000000001,5320.0,7,200,0,0,0,1,0,0,0,1,0,0,0,1,0,0,1,0
8.0,32.57,57.41,0.0,0.0,328.83,3,1,35.0,8.0,34.0,3.1081664790000003,13.620000000000001,5355.0,8,200,0,0,0,1,1,0,0,0,0,1,0,0,0,0,0,1
13.14,31.9,73.42,16.05,1.73,489.95,0,0,0.0,8.856666666666667,33.14333333333333,2.89372498,33.42,5425.0,9,200,0,0,1,0,1,0,0,0,0,0,0,1,0,0,1,0
8.0,33.67,51.17,0.0,1.36,548.24,1,1,35.0,8.0,34.0,3.4481326930000002,14.110000000000007,5215.0,10,200,1,0,0,0,0,1,0,0,0,1,0,0,0,0,0,1
8.0,36.35,65.16,0.81,0.33,550.72,3,1,35.0,8.0,34.0,3.732175530000001,4.62,5530.0,11,200,0,1,0,0,0,0,0,1,0,1,0,0,0,0,0,1
8.0,34.13,65.44,0.0,3.72,645.86,3,1,35.0,8.856666666666667,33.14333333333333,3.480844254000001,33.42,5390.0,12,200,0,0,1,0,0,1,0,0,0,0,1,0,0,1,0,0
8.0,33.75,57.02,0.0,0.24,637.44,1,1,35.0,8.0,34.0,3.33751112,14.110000000000007,5215.0,13,200,1,0,0,0,0,0,0,1,0,0,0,1,0,0,1,0
8.0,35.75,56.77,0.0,1.85,570.14,2,1,35.0,8.0,34.0,3.796441045,4.62,5530.0,14,200,0,1,0,0,0,0,1,0,0,1,0,0,0,0,0,1
8.0,36.01,56.53,0.0,2.31,434.38,3,1,35.0,8.0,34.0,3.872573391,13.620000000000001,5355.0,15,200,0,0,0,1,0,0,0,1,0,1,0,0,0,0,0,1
8.0,34.67,59.14,0.0,1.5,282.83,2,1,35.0,8.0,34.0,3.5453028360000003,13.620000000000001,5390.0,16,200,0,0,0,1,1,0,0,0,0,0,0,1,0,0,1,0
8.0,35.37,53.14,5.87,0.32,199.26,0,0,0.0,8.856666666666667,33.14333333333333,3.6915782959999994,39.29,5390.0,17,200,0,0,1,0,0,0,0,1,0,1,0,0,0,0,0,1
8.0,32.74,56.41,0.0,2.2,12.31,1,1,35.0,8.856666666666667,33.14333333333333,3.260041958000001,39.29,5355.0,18,200,0,0,1,0,0,1,0,0,0,1,0,0,0,0,0,1
8.0,32.27,57.3,0.0,1.49,0.0,3,1,35.0,8.0,34.0,3.1308729400000006,4.62,5530.0,19,200,0,1,0,0,1,0,0,0,0,1,0,0,0,0,0,1
8.0,31.6,58.06,0.0,3.37,0.0,1,1,35.0,8.0,34.0,3.0992142800000004,14.110000000000007,5215.0,20,200,1,0,0,0,0,1,0,0,0,0,1,0,0,1,0,0
8.0,30.44,59.08,0.0,3.02,7.79,4,1,35.0,8.0,34.0,2.8728744640000006,4.62,5530.0,21,200,0,1,0,0,0,0,0,1,1,0,0,0,1,0,0,0
8.0,31.46,44.75,3.48,4.73,0.0,2,0,0.0,8.856666666666667,33.14333333333333,3.29384653,42.77,5355.0,22,200,0,0,1,0,1,0,0,0,0,0,0,1,0,0,1,0
8.0,28.77,63.27,0.0,2.53,13.39,1,1,35.0,8.0,34.0,2.5303921729999996,14.110000000000007,5215.0,23,200,1,0,0,0,0,1,0,0,0,0,0,1,0,0,1,0
8.0,27.05,60.26,0.0,3.11,5.52,4,1,35.0,8.0,34.0,2.32423072,14.110000000000007,5215.0,0,201,1,0,0,0,0,0,1,0,0,0,0,1,0,0,1,0
8.0,27.9,50.21,0.0,1.97,72.69,2,1,35.0,8.0,34.0,2.50331169,14.110000000000007,5215.0,1,201,1,0,0,0,0,1,0,0,0,0,0,1,0,0,1,0
8.0,28.49,60.36,0.0,4.45,0.0,1,1,35.0,8.0,34.0,2.613110018,4.62,5530.0,2,201,0,1,0,0,1,0,0,0,0,0,1,0,0,1,0,0
8.0,28.27,60.32,0.0,2.41,70.03,3,1,35.0,8.0,34.0,2.4768607179999997,13.620000000000001,5390.0,3,201,0,0,0,1,0,0,1,0,0,0,0,1,0,0,1,0
8.0,28.59,71.66,7.57,2.28,2.87,2,0,0.0,8.0,34.0,2.3998765279999996,21.680000000000007,5215.0,4,201,1,0,0,0,0,0,1,0,0,1,0,0,0,0,0,1
8.0,25.9,61.11,0.0,3.05,0.0,2,1,35.0,8.0,34.0,2.14149239,13.620000000000001,5390.0,5,201,0,0,0,1,0,0,1,0,0,0,0,1,0,0,1,0
8.0,25.23,65.11,0.0,1.63,0.0,3,1,35.0,8.856666666666667,33.14333333333333,1.9341007110000001,42.77,5320.0,6,201,0,0,1,0,0,0,0,1,0,0,0,1,0,0,1,0
8.0,31.85,69.8,0.0,1.8,137.54,2,1,35.0,8.0,34.0,2.9300296500000003,13.620000000000001,5390.0,7,201,0,0,0,1,0,1,0,0,0,0,1,0,0,1,0,0
8.0,31.63,55.9,0.0,3.05,340.02,4,1,35.0,8.0,34.0,3.1129615599999996,33.06,5320.0,8,201,0,0,1,0,0,0,0,1,0,1,0,0,0,0,0,1
8.0,31.98,59.69,0.0,3.28,464.14,3,1,35.0,8.0,34.0,3.1421034340000005,13.620000000000001,5390.0,9,201,0,0,0,1,0,0,1,0,0,0,0,1,0,0,1,0
8.0,34.02,70.49,0.0,3.12,498.56,3,1,35.0,8.0,34.0,3.370565606000001,4.62,5530.0,10,201,0,1,0,0,0,0,1,0,0,0,1,0,0,1,0,0
8.0,36.69,57.85,0.0,2.3,663.56,3,1,35.0,8.0,34.0,3.988230935,4.62,5530.0,11,201,0,1,0,0,0,0,1,0,0,1,0,0,0,0,0,1
8.0,36.56,58.97,0.0,2.72,701.69,3,1,35.0,8.0,34.0,3.9697335640000007,21.680000000000007,5180.0,12,201,1,0,0,0,0,0,1,0,0,0,0,1,0,0,1,0
8.0,36.28,53.72,0.0,3.55,563.14,2,1,35.0,8.0,34.0,4.021960672,21.680000000000007,5180.0,13,201,1,0,0,0,0,1,0,0,0,1,0,0,0,0,0,1
8.0,33.64,63.49,0.0,1.09,598.34,1,1,35.0,8.0,34.0,3.2833527919999996,19.180000000000007,5180.0,14,201,1,0,0,0,0,0,1,0,0,1,0,0,0,0,0,1
8.0,33.7,58.36,0.0,2.4,518.53,2,1,35.0,8.0,34.0,3.4204908000000005,33.06,5320.0,15,201,0,0,1,0,0,0,0,1,0,0,0,1,0,0,1,0
8.0,30.86,48.09,0.0,0.0,262.14,2,1,35.0,8.0,34.0,2.9155758179999998,13.620000000000001,5390.0,16,201,0,0,0,1,1,0,0,0,0,0,1,0,0,1,0,0
8.0,34.75,55.31,0.0,3.29,151.88,2,1,35.0,8.0,34.0,3.6960544349999997,33.06,5355.0,17,201,0,0,1,0,1,0,0,0,0,1,0,0,0,0,0,1
8.0,34.64,49.61,0.0,1.46,0.0,2,1,35.0,8.0,34.0,3.652643548,19.180000000000007,5180.0,18,201,1,0,0,0,0,0,1,0,0,1,0,0,0,0,0,1
8.0,33.79,59.35,0.0,1.49,34.09,4,1,35.0,8.0,34.0,3.379690735,9.240000000000002,5390.0,19,201,0,0,0,1,0,0,1,0,0,0,1,0,0,1,0,0
8.0,31.99,53.59,0.0,2.25,0.0,4,1,35.0,8.0,34.0,3.162202227,19.180000000000007,5215.0,20,201,1,0,0,0,0,0,0,1,0,1,0,0,0,0,0,1
8.0,29.71,65.18,8.2,3.14,0.0,1,0,0.0,8.0,34.0,2.6912594160000003,23.540000000000006,5215.0,21,201,1,0,0,0,0,0,0,1,0,0,0,1,0,0,1,0
8.0,28.13,63.41,0.0,5.27,14.74,2,1,35.0,8.0,34.0,2.565268171,9.240000000000002,5390.0,22,201,0,0,0,1,0,0,1,0,1,0,0,0,1,0,0,0
8.0,26.91,55.34,0.0,0.54,54.59,2,1,35.0,8.0,34.0,2.225158208,9.240000000000002,5390.0,23,201,0,0,0,1,1,0,0,0,0,0,0,1,0,0,1,0
8.0,27.2,60.4,0.0,1.38,0.0,3,1,35.0,8.0,34.0,2.25906,33.06,5390.0,0,202,0,0,1,0,0,1,0,0,0,0,0,1,0,0,1,0
8.0,25.57,69.48,0.0,2.67,0.0,3,1,35.0,8.0,34.0,1.9910631220000001,33.06,5390.0,1,202,0,0,1,0,0,0,1,0,0,0,0,1,0,0,1,0
8.0,29.54,70.0,0.0,1.53,0.0,1,1,35.0,8.0,34.0,2.5307002800000005,4.62,5530.0,2,202,0,1,0,0,1,0,0,0,0,1,0,0,0,0,0,1
8.0,25.09,59.21,0.0,3.4,23.04,3,1,35.0,8.0,34.0,2.060964343,17.880000000000006,5180.0,3,202,1,0,0,0,0,0,1,0,0,0,0,1,0,0,1,0
8.0,27.15,56.2,0.0,2.2,0.0,2,1,35.0,8.0,34.0,2.3358790499999995,9.240000000000002,5390.0,4,202,0,0,0,1,0,0,0,1,0,0,0,1,0,0,1,0
8.0,25.17,79.12,0.0,3.46,0.0,2,1,35.0,8.0,34.0,1.8786253980000003,33.06,5390.0,5,202,0,0,1,0,0,0,1,0,0,1,0,0,0,0,0,1
8.0,29.35,62.05,0.0,2.1,0.0,3,1,35.0,8.0,34.0,2.6149595250000006,33.06,5390.0,6,202,0,0,1,0,0,0,0,1,0,0,0,1,0,0,1,0
8.0,29.87,62.35,0.0,3.05,126.13,1,1,35.0,8.0,34.0,2.7438650350000002,4.62,5530.0,7,202,0,1,0,0,1,0,0,0,0,1,0,0,0,0,0,1
8.0,30.37,56.13,0.0,1.25,256.94,4,1,35.0,8.0,34.0,2.8053527870000003,33.06,5390.0,8,202,0,0,1,0,0,0,1,0,0,1,0,0,0,0,0,1
8.0,30.54,62.67,0.0,4.72,441.59,4,1,35.0,8.0,34.0,2.9347206860000004,0.81,5530.0,9,202,0,1,0,0,0,1,0,0,0,0,0,1,0,0,1,0
8.0,32.91,71.28,0.0,0.36,600.67,1,1,35.0,8.0,34.0,3.025032005999999,0.0,5390.0,10,202,0,0,0,1,0,0,1,0,1,0,0,0,1,0,0,0
8.0,32.92,61.05,0.0,1.55,558.43,4,1,35.0,8.0,34.0,3.2056306400000003,17.880000000000006,5180.0,11,202,1,0,0,0,1,0,0,0,0,1,0,0,0,0,0,1
8.0,34.16,65.72,0.0,0.7,669.0,3,1,35.0,8.0,34.0,3.3319867039999997,0.81,5530.0,12,202,0,1,0,0,0,1,0,0,1,0,0,0,1,0,0,0
8.0,37.7,55.64,0.0,3.36,605.14,4,1,35.0,8.0,34.0,4.2701604,0.81,5530.0,13,202,0,1,0,0,0,0,1,0,0,1,0,0,0,0,0,1
8.0,35.16,50.29,0.0,3.05,525.7,1,1,35.0,8.0,34.0,3.822696847999999,0.0,5390.0,14,202,0,0,0,1,0,0,0,1,0,1,0,0,0,0,0,1
8.0,35.57,52.36,0.0,0.94,471.66,1,1,35.0,8.0,34.0,3.7705288340000007,0.0,5390.0,15,202,0,0,0,1,1,0,0,0,0,1,0,0,0,0,0,1
8.0,33.67,50.84,0.0,3.6,370.87,1,1,35.0,8.0,34.0,3.5640392660000004,0.0,5390.0,16,202,0,0,0,1,0,0,1,0,0,0,0,1,0,0,1,0
8.0,32.56,61.08,0.0,1.56,220.66,3,1,35.0,8.0,34.0,3.141882256,0.81,5530.0,17,202,0,1,0,0,0,0,1,0,0,0,1,0,0,1,0,0
8.0,32.87,67.87,0.0,2.86,9.93,2,1,35.0,8.0,34.0,3.1827389029999997,0.81,5530.0,18,202,0,1,0,0,1,0,0,0,1,0,0,0,1,0,0,0
8.0,35.7,58.17,0.0,3.15,0.0,4,1,35.0,8.0,34.0,3.8346031500000004,0.81,5565.0,19,202,0,1,0,0,0,0,0,1,0,0,1,0,0,1,0,0
8.0,30.47,59.07,0.0,2.11,13.7,3,1,35.0,8.0,34.0,2.832508823,0.0,5390.0,20,202,0,0,0,1,0,0,1,0,0,0,1,0,0,1,0,0
8.0,30.41,55.74,0.0,3.49,86.69,4,1,35.0,8.0,34.0,2.928390188,0.0,5390.0,21,202,0,0,0,1,0,0,1,0,0,0,0,1,0,0,1,0
8.0,27.66,65.96,0.0,2.23,0.0,2,1,35.0,8.0,34.0,2.313909712,0.0,5390.0,22,202,0,0,0,1,0,0,1,0,0,0,0,1,0,0,1,0
8.0,23.94,57.78,0.0,2.81,39.72,1,1,35.0,8.0,34.0,1.8840883240000001,0.81,5565.0,23,202,0,1,0,0,0,0,1,0,0,0,0,1,0,0,1,0
8.0,26.19,56.71,0.0,2.07,0.0,4,1,35.0,8.0,34.0,2.1795508630000002,0.81,5565.0,0,203,0,1,0,0,0,0,0,1,0,0,1,0,0,1,0,0
8.0,30.54,67.47,0.0,0.16,0.0,1,1,35.0,8.0,34.0,2.653353326,0.0,5390.0,1,203,0,0,0,1,0,0,0,1,0,0,0,1,0,0,1,0
8.0,27.73,61.47,0.0,2.25,61.91,4,1,35.0,8.0,34.0,2.3726501769999997,0.0,5390.0,2,203,0,0,0,1,0,0,0,1,0,0,1,0,0,1,0,0
8.0,29.43,59.97,0.0,1.35,0.09,3,1,35.0,8.0,34.0,2.6130033569999997,17.880000000000006,5180.0,3,203,1,0,0,0,0,0,0,1,0,1,0,0,0,0,0,1
8.0,26.85,62.94,0.0,4.07,7.86,3,1,35.0,8.0,34.0,2.3144984200000005,0.81,5565.0,4,203,0,1,0,0,1,0,0,0,0,1,0,0,0,0,0,1
8.0,24.47,71.1,0.0,0.76,19.14,1,1,35.0,8.0,34.0,1.7257565599999998,0.81,5565.0,5,203,0,1,0,0,0,1,0,0,0,1,0,0,0,0,0,1
8.0,27.17,65.02,0.0,3.87,0.0,2,1,35.0,8.0,34.0,2.331211908,0.81,5565.0,6,203,0,1,0,0,0,0,1,0,0,0,0,1,0,0,1,0
8.0,30.39,56.08,0.0,2.19,152.89,1,1,35.0,8.0,34.0,2.856262534,17.880000000000006,5180.0,7,203,1,0,0,0,0,0,1,0,0,0,0,1,0,0,1,0
8.0,31.19,55.7,0.0,2.89,302.53,3,1,35.0,8.0,34.0,3.03128474,0.0,5390.0,8,203,0,0,0,1,0,1,0,0,0,0,1,0,0,1,0,0
8.0,31.85,58.75,0.0,0.74,471.25,2,1,35.0,8.0,34.0,3.003215125,17.880000000000006,5180.0,9,203,1,0,0,0,0,0,0,1,0,0,0,1,0,0,1,0
8.0,32.04,62.08,0.0,2.03,575.75,1,1,35.0,8.0,34.0,3.0626738240000004,33.06,5390.0,10,203,0,0,1,0,0,0,0,1,0,0,1,0,0,1,0,0
8.0,35.07,57.29,0.01,1.6,606.83,1,1,35.0,8.0,34.0,3.6478949410000006,0.010000000000001777,5390.0,11,203,0,0,0,1,0,1,0,0,0,0,1,0,0,1,0,0
8.0,33.55,57.89,0.0,4.92,720.97,3,1,35.0,8.0,34.0,3.524712904999999,0.81,5600.0,12,203,0,1,0,0,0,0,1,0,1,0,0,0,1,0,0,0
8.0,35.16,57.8,0.0,1.57,626.89,3,1,35.0,8.0,34.0,3.657219039999999,0.010000000000001777,5390.0,13,203,0,0,0,1,0,1,0,0,0,1,0,0,0,0,0,1
8.0,35.13,57.24,4.1,3.78,566.51,1,0,0.0,8.0,34.0,3.7688570340000007,4.110000000000001,5390.0,14,203,0,0,0,1,1,0,0,0,0,0,0,1,0,0,1,0
8.0,34.15,52.82,5.57,3.8,506.64,1,0,0.0,8.0,34.0,3.63929298,21.340000000000007,5180.0,15,203,1,0,0,0,1,0,0,0,0,1,0,0,0,0,0,1
8.0,32.98,66.97,0.0,3.77,294.38,4,1,35.0,8.0,34.0,3.2581967019999993,4.110000000000001,5355.0,16,203,0,0,0,1,0,0,0,1,0,0,1,0,0,1,0,0
8.0,33.02,55.81,0.0,1.69,150.0,1,1,35.0,8.0,34.0,3.2917349540000007,21.340000000000007,5145.0,17,203,1,0,0,0,0,0,0,1,0,0,1,0,0,1,0,0
8.0,35.65,57.99,0.0,4.57,9.99,4,1,35.0,8.0,34.0,3.898232685,33.06,5390.0,18,203,0,0,1,0,0,0,0,1,0,0,1,0,0,1,0,0
8.0,33.54,44.35,0.0,4.81,0.0,4,1,35.0,8.0,34.0,3.67727661,33.06,5390.0,19,203,0,0,1,0,0,1,0,0,0,0,0,1,0,0,1,0
8.0,32.37,58.2,0.0,2.84,0.0,1,1,35.0,8.0,34.0,3.2056310499999996,4.110000000000001,5390.0,20,203,0,0,0,1,1,0,0,0,0,1,0,0,0,0,0,1
8.0,28.62,55.01,6.86,1.84,71.78,2,0,0.0,8.0,34.0,2.560323154,28.200000000000006,5145.0,21,203,1,0,0,0,1,0,0,0,0,0,0,1,0,0,1,0
8.0,26.68,57.4,0.0,1.37,64.01,3,1,35.0,8.0,34.0,2.21074576,0.81,5600.0,22,203,0,1,0,0,0,0,1,0,0,0,1,0,0,1,0,0
8.0,29.65,78.83,12.95,2.97,31.4,0,0,0.0,8.0,34.0,2.524041545,17.060000000000002,5390.0,23,203,0,0,0,1,1,0,0,0,0,0,0,1,0,0,1,0
8.0,28.66,64.42,1.71,2.48,41.4,3,1,35.0,8.0,34.0,2.498171044,2.52,5600.0,0,204,0,1,0,0,0,0,1,0,0,0,0,1,0,0,1,0
8.0,27.1,72.5,0.0,2.62,17.27,1,1,35.0,8.0,34.0,2.1809095000000003,28.200000000000006,5145.0,1,204,1,0,0,0,1,0,0,0,1,0,0,0,1,0,0,0
8.0,26.21,70.62,0.0,0.78,0.0,2,1,35.0,8.0,34.0,1.977218004,2.52,5600.0,2,204,0,1,0,0,0,0,1,0,0,0,0,1,0,0,1,0
8.0,24.7,72.72,0.0,2.44,57.53,3,1,35.0,8.0,34.0,1.8255869999999996,28.200000000000006,5145.0,3,204,1,0,0,0,0,0,0,1,0,0,0,1,0,0,1,0
8.0,28.6,61.33,0.0,3.77,0.0,2,1,35.0,8.0,34.0,2.58617824,33.06,5390.0,4,204,0,0,1,0,0,0,0,1,1,0,0,0,1,0,0,0
8.0,29.71,73.07,0.0,3.38,33.9,2,1,35.0,8.0,34.0,2.6170430190000005,33.06,5390.0,5,204,0,0,1,0,1,0,0,0,0,0,1,0,0,1,0,0
8.0,27.74,69.33,0.0,1.9,0.0,4,1,35.0,8.0,34.0,2.274366794,28.200000000000006,5145.0,6,204,1,0,0,0,0,0,1,0,0,1,0,0,0,0,0,1
8.0,28.58,63.02,0.0,2.27,152.52,4,1,35.0,8.0,34.0,2.4899833719999998,17.060000000000002,5390.0,7,204,0,0,0,1,0,0,1,0,0,0,0,1,0,0,1,0
8.0,32.62,61.34,0.0,0.64,343.85,2,1,35.0,8.0,34.0,3.103475476,33.06,5390.0,8,204,0,0,1,0,0,0,1,0,0,0,1,0,0,1,0,0
8.0,30.83,59.98,0.0,1.6,530.81,1,1,35.0,8.0,34.0,2.857434368,17.060000000000002,5390.0,9,204,0,0,0,1,0,0,1,0,0,0,0,1,0,0,1,0
8.0,35.43,57.62,0.0,1.99,612.92,4,1,35.0,8.0,34.0,3.731723572,33.06,5390.0,10,204,0,0,1,0,1,0,0,0,0,1,0,0,0,0,0,1
8.0,33.43,58.55,0.0,3.16,639.71,3,1,35.0,8.0,34.0,3.407134675,1.71,5600.0,11,204,0,1,0,0,0,0,0,1,0,0,0,1,0,0,1,0
8.0,33.65,61.35,0.0,1.55,652.2,3,1,35.0,8.0,34.0,3.3334875250000007,1.71,5600.0,12,204,0,1,0,0,0,0,0,1,0,1,0,0,0,0,0,1
8.0,34.69,70.03,0.0,1.16,655.2,1,1,35.0,8.0,34.0,3.400568448999999,1.71,5600.0,13,204,0,1,0,0,0,1,0,0,0,0,0,1,0,0,1,0
8.0,34.18,49.82,0.0,3.31,610.7,3,1,35.0,8.0,34.0,3.6562376920000004,28.200000000000006,5145.0,14,204,1,0,0,0,0,0,1,0,0,0,0,1,0,0,1,0
8.0,36.32,64.54,0.0,1.89,398.0,4,1,35.0,8.0,34.0,3.812100216,28.200000000000006,5145.0,15,204,1,0,0,0,0,0,0,1,0,1,0,0,0,0,0,1
8.0,35.55,54.58,0.0,1.39,320.55,1,1,35.0,8.0,34.0,3.7619388599999994,33.06,5390.0,16,204,0,0,1,0,0,0,0,1,0,1,0,0,0,0,0,1
8.0,35.22,66.31,0.0,3.37,131.4,2,1,35.0,8.0,34.0,3.654814193999999,29.830000000000002,5390.0,17,204,0,0,1,0,0,0,0,1,0,1,0,0,0,0,0,1
8.0,33.04,56.83,0.0,2.95,0.0,2,1,35.0,8.0,34.0,3.3464087240000002,17.060000000000002,5390.0,18,204,0,0,0,1,0,0,0,1,0,0,0,1,0,0,1,0
8.0,31.11,63.6,10.1,2.15,0.0,1,0,0.0,8.0,34.0,2.8917017499999997,38.30000000000001,5180.0,19,204,1,0,0,0,0,0,0,1,0,1,0,0,0,0,0,1
8.0,30.75,59.89,0.0,1.98,0.0,1,1,35.0,8.0,34.0,2.8639370649999996,1.71,5600.0,20,204,0,1,0,0,0,0,0,1,0,1,0,0,0,0,0,1
8.0,29.09,50.22,0.0,2.86,0.0,3,1,35.0,8.0,34.0,2.7386615959999996,1.71,5600.0,21,204,0,1,0,0,0,1,0,0,1,0,0,0,1,0,0,0
8.0,30.96,73.0,0.0,3.05,0.0,1,1,35.0,8.0,34.0,2.80592168,25.400000000000002,5390.0,22,204,0,0,1,0,1,0,0,0,1,0,0,0,1,0,0,0
8.0,29.44,55.45,0.0,2.65,20.53,2,1,35.0,8.0,34.0,2.7287395400000003,9.35,5390.0,23,204,0,0,1,0,1,0,0,0,0,0,0,1,0,0,1,0
8.0,27.09,64.52,0.0,2.54,0.0,3,1,35.0,8.0,34.0,2.257811586,17.060000000000002,5390.0,0,205,0,0,0,1,0,0,1,0,0,0,0,1,0,0,1,0
8.0,25.43,57.89,0.0,1.67,0.0,1,1,35.0,8.0,34.0,2.036384989,38.30000000000001,5145.0,1,205,1,0,0,0,0,0,1,0,0,0,0,1,0,0,1,0
8.0,29.0,53.04,0.0,1.74,13.85,4,1,35.0,8.0,34.0,2.6376374399999998,17.060000000000002,5390.0,2,205,0,0,0,1,1,0,0,0,1,0,0,0,1,0,0,0
8.0,27.03,62.54,0.0,2.19,10.04,2,1,35.0,8.0,34.0,2.251692584,38.30000000000001,5145.0,3,205,1,0,0,0,0,1,0,0,0,1,0,0,0,0,0,1
8.0,27.03,59.82,0.0,1.25,59.58,4,1,35.0,8.0,34.0,2.232738232,9.35,5390.0,4,205,0,0,1,0,0,0,1,0,0,1,0,0,0,0,0,1
8.0,30.18,53.27,0.0,1.11,32.71,2,1,35.0,8.0,34.0,2.798127962,38.30000000000001,5180.0,5,205,1,0,0,0,0,0,0,1,0,0,1,0,0,1,0,0
8.0,27.92,63.01,0.0,2.29,0.0,1,1,35.0,8.0,34.0,2.387867564,30.730000000000008,5215.0,6,205,1,0,0,0,0,0,1,0,0,1,0,0,0,0,0,1
8.0,29.17,51.89,0.0,3.59,144.76,2,1,35.0,8.0,34.0,2.7701914110000003,30.730000000000008,5215.0,7,205,1,0,0,0,0,0,1,0,0,0,0,1,0,0,1,0
8.0,30.34,62.21,0.0,0.0,351.13,3,1,35.0,8.0,34.0,2.670503918,1.71,5600.0,8,205,0,1,0,0,0,0,1,0,0,0,1,0,0,1,0,0
8.0,29.75,60.91,0.0,1.93,428.59,1,1,35.0,8.0,34.0,2.6839665349999993,30.730000000000008,5215.0,9,205,1,0,0,0,0,0,0,1,0,1,0,0,0,0,0,1
8.0,33.16,41.71,0.0,2.73,551.56,2,1,35.0,8.0,34.0,3.534242711999999,3.48,5390.0,10,205,0,0,1,0,1,0,0,0,0,1,0,0,0,0,0,1
8.0,32.37,56.04,0.0,3.69,567.99,4,1,35.0,8.0,34.0,3.273055506,17.060000000000002,5390.0,11,205,0,0,0,1,0,1,0,0,0,0,0,1,0,0,1,0
8.0,33.3,62.24,0.0,4.56,604.27,4,1,35.0,8.0,34.0,3.4102422799999994,17.060000000000002,5390.0,12,205,0,0,0,1,0,1,0,0,0,1,0,0,0,0,0,1
8.0,33.49,51.36,0.0,2.09,671.93,3,1,35.0,8.0,34.0,3.4493363180000007,30.730000000000008,5215.0,13,205,1,0,0,0,0,0,0,1,0,1,0,0,0,0,0,1
8.0,33.81,62.14,0.0,4.77,568.77,1,1,35.0,8.0,34.0,3.5142279880000005,17.060000000000002,5425.0,14,205,0,0,0,1,0,1,0,0,0,1,0,0,0,0,0,1
8.0,33.29,61.99,0.0,2.95,437.6,3,1,35.0,8.0,34.0,3.330882137,30.730000000000008,5215.0,15,205,1,0,0,0,0,1,0,0,0,0,1,0,0,1,0,0
8.0,34.52,50.86,0.0,3.38,307.9,4,1,35.0,8.0,34.0,3.710969824000001,1.71,5600.0,16,205,0,1,0,0,0,0,0,1,0,0,1,0,0,1,0,0
8.0,33.28,58.89,0.0,1.12,228.27,2,1,35.0,8.0,34.0,3.274004244,30.730000000000008,5215.0,17,205,1,0,0,0,0,1,0,0,0,0,1,0,0,1,0,0
8.0,32.76,65.17,0.0,2.94,0.0,3,1,35.0,8.0,34.0,3.198745984,17.060000000000002,5425.0,18,205,0,0,0,1,0,1,0,0,0,1,0,0,0,0,0,1
8.0,35.25,51.26,0.0,3.48,16.57,2,1,35.0,8.0,34.0,3.84957986,1.71,5600.0,19,205,0,1,0,0,1,0,0,0,0,0,1,0,0,1,0,0
8.0,30.45,59.8,0.0,1.57,30.5,2,1,35.0,8.0,34.0,2.79405825,1.71,5600.0,20,205,0,1,0,0,0,0,0,1,0,0,1,0,0,1,0,0
8.0,30.56,69.2,0.0,0.0,50.57,3,1,35.0,8.0,34.0,2.6294299199999998,3.48,5390.0,21,205,0,0,1,0,1,0,0,0,1,0,0,0,1,0,0,0
8.0,29.77,55.78,0.0,2.58,0.0,4,1,35.0,8.0,34.0,2.775870912,17.060000000000002,5460.0,22,205,0,0,0,1,0,0,1,0,0,1,0,0,0,0,0,1
8.0,27.76,66.6,0.0,2.14,0.0,4,1,35.0,8.0,34.0,2.3180268000000006,22.53000000000001,5215.0,23,205,1,0,0,0,0,0,0,1,0,0,0,1,0,0,1,0
8.0,27.56,56.0,0.0,4.01,0.0,1,1,35.0,8.0,34.0,2.49154288,17.060000000000002,5460.0,0,206,0,0,0,1,0,0,0,1,0,0,0,1,0,0,1,0
8.0,26.78,63.05,0.0,1.75,25.59,2,1,35.0,8.0,34.0,2.18688365,17.060000000000002,5460.0,1,206,0,0,0,1,0,0,0,1,0,0,0,1,0,0,1,0
8.0,26.91,67.2,0.0,1.55,69.72,4,1,35.0,8.0,34.0,2.1536982699999996,22.53000000000001,5215.0,2,206,1,0,0,0,0,0,1,0,0,1,0,0,0,0,0,1
8.0,25.87,48.07,0.0,0.99,26.8,3,1,35.0,8.0,34.0,2.1650887830000003,22.53000000000001,5215.0,3,206,1,0,0,0,0,0,1,0,1,0,0,0,1,0,0,0
8.0,26.41,60.74,0.0,1.64,0.0,3,1,35.0,8.0,34.0,2.1498254879999994,0.0,5390.0,4,206,0,0,1,0,0,1,0,0,0,0,0,1,0,0,1,0
8.0,27.81,66.36,0.0,5.6,41.57,3,1,35.0,8.0,34.0,2.5012161219999998,1.71,5600.0,5,206,0,1,0,0,0,0,0,1,1,0,0,0,1,0,0,0
8.0,25.65,66.66,0.0,0.5,0.0,2,1,35.0,8.0,34.0,1.92216604,0.0,5390.0,6,206,0,0,1,0,1,0,0,0,0,1,0,0,0,0,0,1
8.0,31.82,56.49,0.0,0.8,139.12,3,1,35.0,8.0,34.0,3.026791546,22.53000000000001,5215.0,7,206,1,0,0,0,0,0,0,1,0,0,1,0,0,1,0,0
8.0,33.85,50.79,0.0,2.33,313.4,4,1,35.0,8.0,34.0,3.5343509450000004,1.71,5600.0,8,206,0,1,0,0,0,1,0,0,0,0,1,0,0,1,0,0
8.0,31.9,64.48,0.0,4.77,439.28,1,1,35.0,8.0,34.0,3.1479181200000004,1.71,5600.0,9,206,0,1,0,0,1,0,0,0,0,0,0,1,0,0,1,0
8.0,33.61,56.46,0.0,3.29,538.35,1,1,35.0,8.0,34.0,3.4710472519999995,1.71,5600.0,10,206,0,1,0,0,1,0,0,0,0,0,0,1,0,0,1,0
8.0,35.06,61.37,0.0,4.26,670.61,4,1,35.0,8.0,34.0,3.729400494,22.53000000000001,5215.0,11,206,1,0,0,0,0,1,0,0,0,0,1,0,0,1,0,0
8.0,32.09,62.59,0.0,1.94,631.95,1,1,35.0,8.0,34.0,3.0610297570000005,17.060000000000002,5460.0,12,206,0,0,0,1,0,1,0,0,1,0,0,0,1,0,0,0
8.0,35.87,53.77,0.0,0.73,572.3,2,1,35.0,8.0,34.0,3.8005864129999996,17.060000000000002,5460.0,13,206,0,0,0,1,0,0,0,1,0,0,1,0,0,1,0,0
8.0,33.97,65.93,10.66,1.86,583.42,1,0,0.0,8.0,34.0,3.3528067669999992,10.66,5390.0,14,206,0,0,1,0,0,0,0,1,0,1,0,0,0,0,0,1
8.0,37.91,51.11,0.0,2.25,426.21,2,1,35.0,8.0,34.0,4.3151342669999995,22.53000000000001,5215.0,15,206,1,0,0,0,0,0,1,0,0,1,0,0,0,0,0,1
8.0,33.79,66.9,0.0,2.41,292.72,1,1,35.0,8.0,34.0,3.3361047,17.060000000000002,5460.0,16,206,0,0,0,1,0,0,0,1,1,0,0,0,1,0,0,0
8.0,34.8,67.01,0.0,2.14,192.78,2,1,35.0,8.0,34.0,3.5064170199999993,16.960000000000008,5215.0,17,206,1,0,0,0,0,0,1,0,1,0,0,0,1,0,0,0
8.0,32.34,67.08,0.0,3.11,0.0,1,1,35.0,8.0,34.0,3.1114335040000003,10.66,5355.0,18,206,0,0,1,0,0,0,0,1,0,1,0,0,0,0,0,1
8.0,34.94,56.38,0.0,1.55,0.0,4,1,35.0,8.0,34.0,3.6318912039999995,10.66,5355.0,19,206,0,0,1,0,1,0,0,0,0,0,0,1,0,0,1,0
8.0,29.84,79.56,0.0,1.29,1.48,3,1,35.0,8.0,34.0,2.462373648,16.960000000000008,5215.0,20,206,1,0,0,0,1,0,0,0,0,0,1,0,0,1,0,0
8.0,31.32,61.6,0.0,0.95,0.0,3,1,35.0,8.0,34.0,2.8899761600000002,10.66,5355.0,21,206,0,0,1,0,1,0,0,0,0,1,0,0,0,0,0,1
8.0,29.55,63.65,0.0,2.65,0.0,4,1,35.0,8.0,34.0,2.6574624250000003,17.060000000000002,5460.0,22,206,0,0,0,1,0,1,0,0,0,0,0,1,0,0,1,0
8.0,28.39,62.73,0.0,2.53,0.0,1,1,35.0,8.0,34.0,2.476143729,17.060000000000002,5460.0,23,206,0,0,0,1,0,0,0,1,0,0,0,1,0,0,1,0
8.0,27.41,55.76,0.0,3.71,0.0,3,1,35.0,8.0,34.0,2.4558648219999997,1.71,5600.0,0,207,0,1,0,0,0,0,0,1,0,1,0,0,0,0,0,1
8.0,25.67,74.13,0.0,4.26,56.47,1,1,35.0,8.0,34.0,2.038353117,10.100000000000009,5215.0,1,207,1,0,0,0,0,1,0,0,0,0,0,1,0,0,1,0
8.0,22.65,63.47,0.0,0.95,22.04,4,1,35.0,8.0,34.0,1.5642496049999999,10.66,5355.0,2,207,0,0,1,0,0,1,0,0,0,1,0,0,0,0,0,1
8.0,28.28,69.41,0.0,2.43,0.0,3,1,35.0,8.0,34.0,2.383092576,10.100000000000009,5215.0,3,207,1,0,0,0,0,0,1,0,0,1,0,0,0,0,0,1
8.0,26.33,72.65,0.0,2.15,16.46,1,1,35.0,8.0,34.0,2.042578435,10.66,5355.0,4,207,0,0,1,0,0,0,1,0,0,0,1,0,0,1,0,0
8.0,29.46,66.26,0.0,0.56,21.96,4,1,35.0,8.0,34.0,2.5100101320000006,10.66,5355.0,5,207,0,0,1,0,0,0,1,0,0,0,0,1,0,0,1,0
8.0,29.06,57.51,0.0,1.77,0.0,3,1,35.0,8.0,34.0,2.6006974019999993,10.66,5355.0,6,207,0,0,1,0,0,0,0,1,0,0,0,1,0,0,1,0
8.0,31.3,58.17,0.0,4.28,212.23,3,1,35.0,8.0,34.0,3.09179519,1.71,5600.0,7,207,0,1,0,0,0,0,1,0,0,0,1,0,0,1,0,0
8.0,31.74,65.11,0.0,1.64,330.71,1,1,35.0,8.0,34.0,2.956642718,17.060000000000002,5460.0,8,207,0,0,0,1,0,0,1,0,0,1,0,0,0,0,0,1
8.0,27.87,62.49,0.0,1.44,448.69,3,1,35.0,8.0,34.0,2.343091461,1.71,5635.0,9,207,0,1,0,0,0,1,0,0,0,1,0,0,0,0,0,1
8.0,33.45,64.46,0.0,2.34,618.58,2,1,35.0,8.0,34.0,3.3000965000000004,10.66,5355.0,10,207,0,0,1,0,1,0,0,0,0,1,0,0,0,0,0,1
8.0,32.85,57.66,0.0,3.49,555.46,2,1,35.0,8.0,34.0,3.329650580000001,1.71,5635.0,11,207,0,1,0,0,0,0,1,0,0,0,1,0,0,1,0,0
8.0,35.74,52.87,0.0,2.03,608.85,1,1,35.0,8.0,34.0,3.851543326000001,1.71,5635.0,12,207,0,1,0,0,0,1,0,0,0,0,0,1,0,0,1,0
8.0,35.28,55.29,0.0,2.55,650.31,1,1,35.0,8.0,34.0,3.759621084,10.66,5355.0,13,207,0,0,1,0,1,0,0,0,0,0,0,1,0,0,1,0
8.0,35.44,65.76,0.0,0.0,586.51,4,1,35.0,8.0,34.0,3.5344545279999995,17.049999999999997,5460.0,14,207,0,0,0,1,0,0,0,1,0,0,1,0,0,1,0,0
8.0,33.99,58.03,0.0,3.09,517.26,2,1,35.0,8.0,34.0,3.5120508790000007,17.049999999999997,5460.0,15,207,0,0,0,1,0,1,0,0,0,0,0,1,0,0,1,0
8.0,32.63,72.5,0.0,2.67,246.04,2,1,35.0,8.0,34.0,3.0773008200000005,10.66,5355.0,16,207,0,0,1,0,0,0,1,0,0,0,1,0,0,1,0,0
8.0,32.71,55.44,0.0,3.46,198.29,3,1,35.0,8.0,34.0,3.3289557180000005,10.100000000000009,5215.0,17,207,1,0,0,0,0,1,0,0,0,0,0,1,0,0,1,0
8.0,29.83,63.25,0.0,0.16,0.0,2,1,35.0,8.0,34.0,2.5829492449999996,12.950000000000001,5460.0,18,207,0,0,0,1,0,0,0,1,0,0,0,1,0,0,1,0
8.0,30.68,58.02,0.0,2.04,14.66,3,1,35.0,8.0,34.0,2.875996512,1.71,5635.0,19,207,0,1,0,0,1,0,0,0,1,0,0,0,1,0,0,0
8.0,28.34,77.45,0.0,3.56,0.0,1,1,35.0,8.0,34.0,2.3635825899999996,12.950000000000001,5460.0,20,207,0,0,0,1,1,0,0,0,0,0,1,0,0,1,0,0
8.0,27.34,64.99,0.0,1.73,29.75,1,1,35.0,8.0,34.0,2.250254302,1.71,5635.0,21,207,0,1,0,0,0,0,0,1,0,1,0,0,0,0,0,1
8.0,28.71,77.53,0.0,2.46,0.0,3,1,35.0,8.0,34.0,2.364833161,1.71,5635.0,22,207,0,1,0,0,0,0,0,1,0,0,0,1,0,0,1,0
8.0,28.5,59.86,0.0,1.91,35.39,1,1,35.0,8.0,34.0,2.4930158599999994,10.66,5390.0,23,207,0,0,1,0,0,0,0,1,1,0,0,0,1,0,0,0
8.0,26.94,74.74,0.0,1.94,0.0,4,1,35.0,8.0,34.0,2.100090332,1.71,5635.0,0,208,0,1,0,0,0,1,0,0,0,0,0,1,0,0,1,0
8.0,25.84,65.75,0.0,3.8,0.0,2,1,35.0,8.0,34.0,2.12366658,12.950000000000001,5460.0,1,208,0,0,0,1,0,1,0,0,0,0,0,1,0,0,1,0
8.0,25.03,71.43,0.0,0.69,6.75,3,1,35.0,8.0,34.0,1.796530483,0.0,5460.0,2,208,0,0,0,1,0,0,0,1,0,1,0,0,0,0,0,1
8.0,26.11,56.17,0.0,2.34,58.68,4,1,35.0,8.0,34.0,2.1866495489999997,10.66,5425.0,3,208,0,0,1,0,1,0,0,0,0,0,0,1,0,0,1,0
8.0,25.75,67.44,2.94,2.7,29.15,0,0,0.0,8.0,34.0,2.03873599,2.9400000000000017,5460.0,4,208,0,0,0,1,0,0,1,0,0,0,0,1,0,0,1,0
8.0,27.53,56.09,0.0,3.53,7.15,2,1,35.0,8.0,34.0,2.461961539,2.9400000000000017,5425.0,5,208,0,0,0,1,0,0,1,0,1,0,0,0,1,0,0,0
8.0,26.17,66.46,0.0,2.25,22.39,4,1,35.0,8.0,34.0,2.086981644,2.9400000000000017,5425.0,6,208,0,0,0,1,0,0,1,0,0,1,0,0,0,0,0,1
8.0,30.47,50.6,0.0,3.56,206.25,3,1,35.0,8.0,34.0,2.9990436099999993,2.9400000000000017,5460.0,7,208,0,0,0,1,0,0,1,0,0,1,0,0,0,0,0,1
8.0,29.6,61.26,5.38,2.33,338.11,2,0,0.0,8.0,34.0,2.6756354800000004,15.480000000000008,5215.0,8,208,1,0,0,0,0,0,1,0,0,1,0,0,0,0,0,1
8.0,32.05,67.63,0.0,2.54,423.74,2,1,35.0,8.0,34.0,3.0262809849999996,0.0,5635.0,9,208,0,1,0,0,0,0,0,1,0,1,0,0,0,0,0,1
8.0,33.78,62.41,0.0,2.5,584.91,1,1,35.0,8.0,34.0,3.3920617259999997,2.9400000000000017,5460.0,10,208,0,0,0,1,0,0,1,0,0,0,1,0,0,1,0,0
8.0,33.77,49.94,0.0,3.19,626.86,1,1,35.0,8.0,34.0,3.5726501360000005,15.480000000000008,5180.0,11,208,1,0,0,0,1,0,0,0,0,1,0,0,0,0,0,1
8.0,35.11,44.22,0.0,3.05,637.65,3,1,35.0,8.0,34.0,3.887014784,2.9400000000000017,5460.0,12,208,0,0,0,1,0,0,1,0,0,0,1,0,0,1,0,0
8.0,31.22,64.11,0.0,1.06,600.37,1,1,35.0,8.0,34.0,2.850115513999999,2.9400000000000017,5460.0,13,208,0,0,0,1,1,0,0,0,0,1,0,0,0,0,0,1
8.0,33.71,69.7,0.0,2.66,583.19,4,1,35.0,8.0,34.0,3.3009680200000004,0.0,5635.0,14,208,0,1,0,0,0,1,0,0,1,0,0,0,1,0,0,0
8.0,35.97,50.08,11.81,3.05,477.54,0,0,0.0,8.0,34.0,3.9816015019999993,22.47,5425.0,15,208,0,0,1,0,0,1,0,0,0,0,1,0,0,1,0,0
8.0,34.68,72.54,0.0,4.15,291.56,2,1,35.0,8.0,34.0,3.517927904,0.0,5635.0,16,208,0,1,0,0,0,0,1,0,0,1,0,0,0,0,0,1
8.0,36.05,56.71,0.0,1.19,129.52,2,1,35.0,8.0,34.0,3.822091044999999,0.0,5635.0,17,208,0,1,0,0,0,1,0,0,0,1,0,0,0,0,0,1
8.0,35.01,43.88,0.0,3.05,66.21,1,1,35.0,8.0,34.0,3.871939986,2.9400000000000017,5460.0,18,208,0,0,0,1,0,0,0,1,0,0,0,1,0,0,1,0
8.0,31.94,49.12,0.0,1.98,30.12,2,1,35.0,8.0,34.0,3.1910572560000006,2.9400000000000017,5460.0,19,208,0,0,0,1,0,0,0,1,0,0,0,1,0,0,1,0
8.0,30.07,66.93,0.0,2.63,3.04,4,1,35.0,8.0,34.0,2.705331077,2.9400000000000017,5460.0,20,208,0,0,0,1,0,0,0,1,0,0,1,0,0,1,0,0
8.0,27.98,64.12,0.0,1.11,21.22,3,1,35.0,8.0,34.0,2.3264809919999996,2.9400000000000017,5460.0,21,208,0,0,0,1,0,0,0,1,0,0,0,1,0,0,1,0
8.0,27.74,73.79,0.0,2.38,0.0,4,1,35.0,8.0,34.0,2.251651862,15.480000000000008,5180.0,22,208,1,0,0,0,1,0,0,0,1,0,0,0,1,0,0,0
8.0,27.01,55.6,0.0,2.78,0.0,4,1,35.0,8.0,34.0,2.34970135,5.380000000000007,5180.0,23,208,1,0,0,0,1,0,0,0,0,0,0,1,0,0,1,0
8.0,26.02,65.62,0.0,1.24,0.75,3,1,35.0,8.0,34.0,2.023093988,2.9400000000000017,5460.0,0,209,0,0,0,1,0,1,0,0,0,1,0,0,0,0,0,1
8.0,25.13,65.54,0.0,4.14,33.75,4,1,35.0,8.0,34.0,2.041175664,5.380000000000007,5180.0,1,209,1,0,0,0,0,0,0,1,0,0,1,0,0,1,0,0
8.0,26.97,63.02,0.0,0.55,0.0,2,1,35.0,8.0,34.0,2.1557046279999996,5.380000000000007,5180.0,2,209,1,0,0,0,1,0,0,0,0,1,0,0,0,0,0,1
8.0,29.05,59.68,0.0,3.05,0.0,2,1,35.0,8.0,34.0,2.63970091,0.0,5635.0,3,209,0,1,0,0,0,1,0,0,0,0,1,0,0,1,0,0
8.0,28.31,60.42,4.47,0.0,0.0,0,0,0.0,8.0,34.0,2.361588204,9.850000000000007,5180.0,4,209,1,0,0,0,0,0,1,0,0,0,0,1,0,0,1,0
8.0,27.06,65.18,0.0,2.09,29.86,2,1,35.0,8.0,34.0,2.2239824759999993,2.9400000000000017,5460.0,5,209,0,0,0,1,0,0,1,0,0,0,0,1,0,0,1,0
8.0,29.89,63.81,0.0,2.98,0.0,1,1,35.0,8.0,34.0,2.727631683,9.850000000000007,5145.0,6,209,1,0,0,0,0,1,0,0,0,0,0,1,0,0,1,0
8.0,29.85,63.48,0.0,3.26,136.16,3,1,35.0,8.0,34.0,2.7387016900000005,22.47,5390.0,7,209,0,0,1,0,0,0,0,1,0,0,0,1,0,0,1,0
